TIF,回答場所,回答数,旅行全体満足度合計,旅行全体満足度回答数,商品サービス満足度合計,商品サービス満足度回答数,推奨度合計,推奨度回答数,推奨者,中立者,非推奨者,10歳未満,10代,20代,30代,40代,50代,60代,70代,80代,90代,100代,男性,女性,その他/無回答,北海道,青森県,岩手県,宮城県,秋田県,山形県,福島県,茨城県,栃木県,群馬県,埼玉県,千葉県,東京都,神奈川県,新潟県,富山県,石川県,福井県,山梨県,長野県,岐阜県,静岡県,愛知県,三重県,滋賀県,京都府,大阪府,兵庫県,奈良県,和歌山県,鳥取県,島根県,岡山県,広島県,山口県,徳島県,香川県,愛媛県,高知県,福岡県,佐賀県,長崎県,熊本県,大分県,宮崎県,鹿児島県,沖縄県,日帰り,1泊,2泊,3泊,4泊以上,自分ひとり,恋人,友人,夫婦2人,団体旅行,親戚,親,職場の同僚,小学生以下連れの家族,中学生以下連れの家族,高校生連れの家族,災害支援,宿でのんびり過ごす,温泉や露天風呂,地元の美味しいものを食べる,花見や紅葉などの自然鑑賞,名所、旧跡の観光,テーマパーク（遊園地、動物園、博物館など）,買い物、アウトレット,お祭りやイベントへの参加・見物,スポーツ観戦や芸能鑑賞（コンサート等）,アウトドア（海水浴、釣り、登山など）,まちあるき、都市散策,各種体験（手作り、果物狩りなど）,スキー・スノボ、マリンスポーツ,その他スポーツ（ゴルフ、テニスなど）,ドライブ・ツーリング,友人・親戚を尋ねる,出張など仕事関係,その他の目的,Facebook,Google,Googleマップ,Instagram,TikTok,X（旧Twitter）,YouTube,SNS広告,ブログ,まとめサイト,インターネット・アプリ,デジタルニュース,宿泊予約Webサイト,宿泊施設,TV・ラジオ番組やCM,ラブライブのスタンプラリー,新聞・雑誌・ガイドブック,旅行会社,友人・知人,地元の人,観光パンフレット・ポスター,観光案内所,観光展・物産展,観光連盟やDMOのHP,その他,300万円未満,300～599万円,600～999万円,"1,000～1,999万円","2,000万円以上",分からない/無回答
富山,上市町,165,718.0,165,0,0,1374.0,165,80,65,20,0,2,12,17,28,41,49,16,0,0,0,66,96,3,2,0,0,0,0,0,0,1,3,2,2,7,14,5,15,42,12,2,1,9,5,1,10,2,1,3,10,8,0,1,0,0,0,4,0,0,0,0,0,1,0,1,0,0,0,1,0,33,83,26,8,15,0,0,0,0,0,0,0,0,0,0,0,0,62,92,105,30,0,0,0,6,0,11,8,8,0,1,12,0,1,1,2,34,34,33,3,15,18,10,0,5,0,0,45,47,0,0,42,14,32,0,0,0,5,69,2,30,46,46,21,1,21
富山,不明,92,404.0,92,0,0,775.0,92,48,30,14,1,2,3,10,14,27,25,9,1,0,0,39,52,1,2,0,0,0,0,0,0,1,2,1,2,1,11,2,4,28,9,2,0,1,1,2,4,1,2,2,4,1,2,0,0,0,1,1,0,0,0,0,1,0,0,0,0,1,3,0,0,36,26,22,4,4,0,0,0,0,0,0,0,0,0,0,0,0,31,38,58,14,0,0,0,6,0,5,4,4,0,1,6,0,1,1,3,2,1,12,0,7,7,1,0,5,0,0,22,20,0,0,21,6,20,0,0,0,6,37,9,14,35,20,11,1,11
富山,入善町,150,653.0,150,0,0,1277.0,150,79,52,19,0,1,16,11,21,39,46,13,3,0,0,63,85,2,2,0,0,0,1,0,0,1,1,9,16,7,12,5,7,43,5,2,1,16,2,3,4,0,1,1,4,1,3,0,0,0,2,0,0,0,0,0,0,1,0,0,0,0,0,0,0,43,58,22,11,16,0,0,0,0,0,0,0,0,0,0,0,0,38,60,107,25,0,0,0,7,0,16,9,9,0,2,14,0,6,2,4,35,35,30,4,12,17,1,0,3,0,0,23,16,0,0,29,12,34,0,0,0,11,64,10,32,41,42,21,3,11
富山,南砺市,645,2753.0,645,0,0,5319.0,645,321,218,106,0,10,26,48,75,176,224,79,7,0,0,273,368,4,1,1,0,4,0,0,3,4,5,7,8,16,46,27,8,177,125,26,2,12,20,10,50,8,14,12,26,16,7,0,0,1,1,3,0,0,1,0,0,3,0,1,0,0,0,0,0,146,286,128,31,54,0,0,0,0,0,0,0,0,0,0,0,0,244,392,396,69,0,0,0,36,0,32,43,43,0,5,61,0,13,5,25,117,114,101,18,33,60,16,0,11,0,0,138,174,0,0,138,35,153,0,1,0,36,246,35,122,229,151,68,16,59
富山,富山市,5116,22088.0,5116,0,0,42984.0,5116,2673,1748,695,3,41,254,483,674,1590,1566,479,26,0,0,2166,2892,58,62,8,20,45,14,22,31,46,55,61,263,224,681,376,146,801,145,61,24,150,150,112,399,57,69,148,339,232,67,24,7,6,33,39,15,9,16,16,7,69,8,7,9,17,8,9,9,445,2096,1531,556,488,0,0,0,0,0,0,0,0,0,0,0,0,1052,1417,3018,722,0,0,0,263,0,382,529,529,0,31,246,0,474,31,153,1271,1254,1055,119,382,716,76,4,153,0,0,1038,1154,0,0,1319,469,1146,1,1,3,268,2357,163,905,1467,1330,704,109,601
富山,射水市,928,3968.0,928,0,0,7749.0,928,482,308,138,3,5,50,99,165,290,248,65,3,0,0,389,531,8,5,0,0,6,1,0,0,10,6,13,29,23,63,58,26,246,85,20,6,50,42,21,74,6,12,14,52,24,17,1,0,0,4,1,0,1,0,1,3,3,0,0,0,3,0,1,1,215,334,211,91,77,0,0,0,0,0,0,0,0,0,0,0,0,199,207,593,82,0,0,0,76,0,50,96,96,0,8,98,0,43,8,28,268,267,204,27,59,105,17,0,25,0,0,114,165,0,0,185,33,211,2,1,0,48,408,52,201,276,237,94,14,106
富山,小矢部市,374,1555.0,374,0,0,3045.0,374,183,119,72,0,5,18,31,80,100,108,30,2,0,0,151,220,3,0,0,0,0,1,2,0,1,1,2,10,5,12,8,6,122,104,16,1,8,6,1,20,3,6,9,12,12,1,0,0,0,2,0,1,2,0,0,0,0,0,0,0,0,0,0,0,167,124,37,27,19,0,0,0,0,0,0,0,0,0,0,0,0,95,144,191,39,0,0,0,29,0,16,21,21,0,4,31,0,8,4,16,83,81,68,7,21,39,8,0,12,0,0,60,56,0,0,81,14,91,0,1,0,21,143,25,79,130,93,28,2,42
富山,朝日町,290,1273.0,290,0,0,2447.0,290,167,76,47,1,2,15,17,64,80,86,21,4,0,0,112,172,6,4,0,1,1,1,0,1,2,7,5,17,10,31,11,14,60,14,5,0,9,12,8,13,3,7,9,15,8,4,2,1,0,2,2,2,0,1,2,0,4,0,0,1,0,0,1,0,55,106,71,36,22,0,0,0,0,0,0,0,0,0,0,0,0,87,125,182,79,0,0,0,13,0,52,24,24,0,4,30,0,5,4,10,69,69,57,2,22,40,5,0,9,0,0,55,69,0,0,69,17,62,0,0,0,19,150,9,55,91,80,36,3,25
富山,氷見市,2569,10927.0,2569,0,0,21008.0,2569,1291,800,478,1,23,111,176,318,680,838,378,44,0,0,1055,1500,14,13,1,5,10,7,6,13,24,14,37,88,60,174,104,50,869,226,29,20,114,87,49,165,26,31,51,132,76,28,12,0,2,7,4,1,6,3,5,2,7,0,0,1,2,4,2,2,353,1409,495,180,132,0,0,0,0,0,0,0,0,0,0,0,0,1100,1601,1787,230,0,0,0,80,0,87,151,151,0,14,196,0,37,14,57,458,448,409,43,124,278,45,1,49,0,0,580,884,0,0,506,127,635,0,1,1,91,977,112,625,819,578,276,20,251
富山,滑川市,328,1423.0,328,0,0,2783.0,328,180,110,38,0,6,30,39,66,83,78,26,0,0,0,144,180,4,3,0,2,2,1,2,3,1,1,11,11,4,51,23,23,30,15,3,1,15,11,14,25,7,4,16,21,16,0,1,0,0,1,4,2,0,0,0,0,3,0,0,1,0,0,0,0,55,100,113,28,32,0,0,0,0,0,0,0,0,0,0,0,0,39,51,214,53,0,0,0,22,0,18,19,19,0,4,24,0,15,4,11,103,101,73,9,39,43,4,0,14,0,0,32,60,0,0,65,14,75,0,0,0,23,173,10,52,110,83,39,7,37
富山,砺波市,1224,5289.0,1224,0,0,10188.0,1224,639,399,186,1,9,71,98,189,330,384,134,8,0,0,462,749,13,5,1,1,9,1,3,3,11,8,6,37,22,93,58,30,254,170,36,0,42,38,19,113,16,31,32,105,46,12,3,2,1,3,2,1,1,1,0,0,3,0,0,1,1,1,1,1,233,570,257,81,83,0,0,0,0,0,0,0,0,0,0,0,0,464,603,773,244,0,0,0,98,0,51,73,73,0,9,97,0,22,9,26,278,274,260,27,66,144,25,0,26,0,0,257,355,0,0,266,84,251,0,1,0,65,494,39,235,362,300,143,24,160
富山,立山町,862,3828.0,862,0,0,7522.0,862,520,264,78,2,4,36,80,113,270,281,72,4,0,0,335,516,11,7,4,2,8,0,0,3,12,8,12,40,35,123,59,14,123,25,5,4,22,10,19,59,13,16,26,79,45,16,5,0,1,8,15,3,1,6,8,0,17,3,0,3,3,0,0,0,85,269,274,142,92,0,0,0,0,0,0,0,0,0,0,0,0,172,373,374,259,0,0,0,25,0,354,41,41,0,6,44,0,13,6,27,277,277,174,19,47,141,9,1,18,0,0,176,298,0,0,270,117,195,0,1,1,48,410,35,148,254,238,104,8,110
富山,舟橋村,1,4.0,1,0,0,5.0,1,0,0,1,0,0,0,0,0,0,1,0,0,0,0,1,0,0,0,0,0,0,0,0,0,0,0,0,0,0,0,0,0,1,0,0,0,0,0,0,0,0,0,0,0,0,0,0,0,0,0,0,0,0,0,0,0,0,0,0,0,0,0,0,0,0,1,0,0,0,0,0,0,0,0,0,0,0,0,0,0,0,0,1,0,0,0,0,0,0,0,0,0,0,0,0,0,0,0,0,0,0,0,0,0,0,0,0,0,0,0,0,0,1,0,0,0,0,0,0,0,0,0,0,0,0,0,1,0,0,0
富山,高岡市,1508,6566.0,1508,0,0,12700.0,1508,827,460,221,4,14,120,154,258,453,364,132,9,0,0,635,859,14,11,1,2,15,3,5,5,15,6,13,63,40,151,78,32,274,105,35,19,58,60,34,131,26,31,37,103,61,23,3,2,0,14,10,10,7,3,1,2,10,1,0,1,1,0,3,3,184,644,376,157,147,0,0,0,0,0,0,0,0,0,0,0,0,442,558,964,232,0,0,0,81,0,54,134,134,0,11,121,0,98,11,47,364,363,363,60,114,226,30,0,52,0,0,321,309,0,0,354,98,335,1,1,2,76,646,52,264,452,423,182,34,153
富山,魚津市,919,3982.0,919,0,0,7747.0,919,492,298,129,1,7,50,89,136,302,269,61,4,0,0,412,499,8,5,1,1,6,6,6,8,9,8,17,48,32,108,40,33,133,47,10,7,73,24,15,92,19,20,16,57,38,14,0,2,1,7,1,5,0,0,1,1,6,0,0,0,0,1,0,1,97,357,264,102,99,0,0,0,0,0,0,0,0,0,0,0,0,212,319,562,142,0,0,0,50,0,70,62,62,0,15,87,0,89,15,22,236,234,192,26,78,110,10,1,23,1,0,202,220,0,0,202,53,195,0,0,0,47,395,35,173,275,243,107,13,108
富山,黒部市,998,4332.0,998,0,0,8486.0,998,547,331,120,1,5,65,125,143,300,278,75,6,0,0,407,581,10,5,2,2,6,7,5,4,10,6,24,51,34,124,61,43,190,55,19,6,42,26,17,72,10,20,13,61,34,16,4,2,0,8,2,2,0,3,0,3,3,0,0,1,1,0,2,2,126,406,270,108,88,0,0,0,0,0,0,0,0,0,0,0,0,337,626,610,197,0,0,0,48,0,80,64,64,0,17,79,0,26,17,20,219,215,209,24,66,149,17,3,28,0,0,204,273,0,0,252,104,207,0,0,1,41,467,34,163,300,279,115,15,126
石川,1日1組限定　泊まれる映画館　鼓,13,61.0,13,60.0,13,117.0,13,9,2,2,0,0,4,6,0,3,0,0,0,0,0,5,8,0,0,0,0,0,0,1,0,0,0,0,1,0,1,0,0,2,5,0,0,1,0,0,1,0,0,0,1,0,0,0,0,0,0,0,0,0,0,0,0,0,0,0,0,0,0,0,0,0,9,2,1,1,1,0,6,2,0,0,1,0,1,2,0,0,10,1,8,0,2,0,1,0,0,0,4,0,0,0,0,0,0,0,0,0,0,4,0,1,1,0,0,0,8,0,0,0,0,0,0,0,3,0,2,0,0,1,0,3,6,3,1,0,0
石川,21世紀美術館,2,9.0,2,9.0,2,19.0,2,2,0,0,0,0,0,0,1,1,0,0,0,0,0,0,2,0,0,0,0,0,0,0,0,0,0,0,0,0,1,1,0,0,0,0,0,0,0,0,0,0,0,0,0,0,0,0,0,0,0,0,0,0,0,0,0,0,0,0,0,0,0,0,0,0,0,1,1,0,0,0,0,0,0,0,0,0,0,0,0,0,0,0,1,0,1,0,0,1,0,0,0,0,0,0,0,0,0,0,0,0,0,1,0,0,0,0,0,0,1,0,0,0,1,0,1,0,0,0,1,2,2,0,0,0,2,0,0,0,0
石川,A STORE WAJIMA,5,23.0,5,21.0,5,34.0,5,1,2,2,0,0,2,1,0,1,1,0,0,0,0,2,3,0,0,0,0,0,0,0,0,0,0,0,0,0,0,0,0,0,2,0,0,0,0,0,1,1,0,0,0,0,0,0,0,0,0,0,0,0,0,0,1,0,0,0,0,0,0,0,0,2,1,1,0,1,0,1,1,1,0,0,2,0,0,0,0,0,1,2,1,0,1,0,1,0,0,0,1,0,0,0,1,0,0,0,0,0,0,0,0,1,0,0,0,0,1,0,0,0,0,0,1,0,4,0,0,0,0,0,0,0,2,2,1,0,0
石川,ANAホリディ・イン金沢スカイ,31,143.0,31,139.0,31,258.0,31,16,11,4,0,0,4,3,8,8,6,2,0,0,0,12,19,0,0,0,1,1,0,0,1,0,0,1,0,1,9,1,0,0,5,1,0,0,2,2,1,0,3,0,0,0,0,0,0,0,0,0,0,0,0,0,0,1,0,0,1,0,0,0,0,2,13,8,4,4,9,2,4,2,1,0,4,0,2,2,0,0,9,4,16,0,12,4,3,3,0,0,11,1,0,0,0,0,2,0,0,1,0,3,0,2,0,0,0,0,15,0,0,0,0,0,4,0,7,0,1,0,2,0,2,5,12,8,6,0,0
石川,ARIGATO STAY KANAZAWA,11,51.0,11,45.0,11,91.0,11,4,6,1,0,0,4,2,4,1,0,0,0,0,0,5,6,0,0,0,0,0,0,0,0,0,0,0,0,0,0,3,0,1,1,0,0,1,0,0,2,0,0,0,1,0,0,0,0,0,0,1,0,0,0,0,0,0,0,0,0,0,0,1,0,0,4,4,2,1,2,2,0,1,0,0,2,2,2,0,0,0,0,1,2,0,2,0,1,0,0,0,2,0,0,0,0,0,4,0,0,0,0,0,0,0,0,0,0,0,7,0,0,0,0,0,0,0,1,0,0,0,1,2,0,4,4,1,2,0,0
石川,ARIGATO STAY KANAZAWA-KATAMACHI,14,63.0,14,58.0,14,107.0,14,4,7,3,0,0,1,4,6,3,0,0,0,0,0,6,8,0,0,0,0,0,0,0,0,0,0,0,0,0,0,0,1,0,1,0,0,1,1,0,2,0,0,0,4,0,0,0,0,0,0,1,0,0,0,1,1,1,0,0,0,0,0,0,0,0,7,5,1,1,5,0,2,2,0,0,0,2,0,0,0,0,0,1,3,0,4,0,2,1,0,0,2,0,0,0,1,0,5,0,1,0,0,1,0,3,0,0,1,0,13,0,0,0,1,0,1,0,2,0,1,3,1,2,0,2,8,3,1,0,0
石川,B&B NEAGARI,1,5.0,1,4.0,1,9.0,1,1,0,0,0,0,0,0,0,1,0,0,0,0,0,0,1,0,0,0,0,0,0,0,0,0,0,0,0,0,0,0,0,0,0,0,0,0,0,0,0,1,0,0,0,0,0,0,0,0,0,0,0,0,0,0,0,0,0,0,0,0,0,0,0,0,0,0,0,1,0,0,0,1,0,0,0,0,0,0,0,0,0,0,0,0,0,0,0,0,0,0,0,0,0,0,0,0,0,0,0,0,0,0,0,0,0,0,0,0,1,0,0,0,0,0,0,0,0,0,0,0,0,0,0,0,1,0,0,0,0
石川,BENJAMIN HOTEL,4,19.0,4,16.0,4,27.0,4,1,2,1,0,0,2,0,1,1,0,0,0,0,0,1,3,0,0,0,0,0,0,0,0,0,0,0,0,0,1,0,0,0,0,0,0,0,0,0,1,0,0,0,1,0,0,0,0,0,0,0,0,0,0,0,0,1,0,0,0,0,0,0,0,0,1,3,0,0,0,1,1,0,0,0,0,0,1,0,0,0,0,0,4,1,4,0,0,0,0,0,2,0,0,0,0,0,0,0,1,0,0,2,0,0,0,0,1,0,3,0,0,0,0,0,0,0,1,0,0,0,0,0,0,0,3,1,0,0,0
石川,Blue Hour Kanazawa,23,74.0,16,101.0,23,186.0,23,11,5,7,0,0,6,5,6,5,0,1,0,0,0,11,11,1,2,0,0,0,0,0,0,1,1,0,2,1,5,1,1,1,0,0,0,0,0,2,1,0,0,0,0,3,0,0,0,0,1,0,0,0,0,0,0,1,0,0,0,0,0,0,0,0,8,5,6,4,18,0,4,0,0,0,0,0,0,0,0,0,4,1,14,0,11,0,1,2,0,0,9,1,0,0,1,0,3,0,0,0,0,3,0,2,0,0,0,0,14,0,0,0,0,0,1,0,3,0,5,2,3,0,1,6,10,6,1,0,0
石川,Calm Side,12,57.0,12,59.0,12,111.0,12,10,1,1,0,0,1,4,3,3,1,0,0,0,0,7,5,0,0,0,0,0,0,0,0,0,0,0,2,0,3,2,1,1,0,0,0,0,0,0,2,0,0,0,0,1,0,0,0,0,0,0,0,0,0,0,0,0,0,0,0,0,0,0,0,0,12,0,0,0,0,0,2,0,4,0,0,1,0,0,0,0,5,0,1,0,1,0,0,0,0,2,0,0,0,0,2,0,0,0,0,0,0,1,0,0,0,0,0,0,2,0,0,0,0,0,0,0,7,0,0,0,0,0,2,1,4,4,3,0,0
石川,Center Point In Kanazawa,10,48.0,10,47.0,10,87.0,10,5,5,0,0,1,1,0,5,2,1,0,0,0,0,7,3,0,0,0,0,1,0,0,0,0,0,0,3,0,1,0,1,0,0,0,0,0,0,1,3,0,0,0,0,0,0,0,0,0,0,0,0,0,0,0,0,0,0,0,0,0,0,0,0,0,3,4,1,2,0,0,0,0,0,0,1,0,3,0,0,0,0,0,8,0,7,1,1,0,0,0,4,2,0,0,0,0,1,0,0,0,0,1,0,0,0,0,0,0,10,0,0,0,0,0,1,0,1,0,0,2,0,0,0,0,2,5,3,0,0
石川,GUESTHOUSE CAFE&BAR UNILA,1,5.0,1,4.0,1,8.0,1,0,1,0,0,0,1,0,0,0,0,0,0,0,0,1,0,0,0,0,0,0,0,0,0,0,0,0,0,0,0,0,0,0,0,0,0,0,0,0,0,0,0,1,0,0,0,0,0,0,0,0,0,0,0,0,0,0,0,0,0,0,0,0,0,0,1,0,0,0,0,1,0,0,0,0,0,0,0,0,0,0,1,1,1,1,0,0,0,0,0,0,0,0,0,0,0,0,0,0,0,0,0,0,0,0,0,0,0,0,1,0,0,0,0,0,0,0,0,0,0,0,0,0,0,0,1,0,0,0,0
石川,Good Neighbors,3,8.0,2,13.0,3,26.0,3,1,2,0,0,0,1,1,0,0,1,0,0,0,0,0,3,0,1,0,0,0,0,0,0,0,0,0,0,0,1,0,0,0,0,0,0,1,0,0,0,0,0,0,0,0,0,0,0,0,0,0,0,0,0,0,0,0,0,0,0,0,0,0,0,0,0,1,1,1,2,0,1,0,0,0,0,0,0,0,0,0,1,0,2,0,0,0,0,0,0,1,1,0,0,0,0,0,0,0,1,0,0,1,0,1,0,0,1,0,3,0,0,0,0,0,0,0,1,0,0,0,0,1,0,3,0,0,0,0,0
石川,INOVA金沢駅前ホテルsuite,6,19.0,4,29.0,6,55.0,6,4,2,0,0,0,4,0,1,1,0,0,0,0,0,4,2,0,0,0,0,0,0,0,0,1,0,0,0,1,0,0,0,0,2,0,0,0,0,0,0,0,0,0,0,0,1,0,0,0,0,0,0,0,0,0,0,0,0,0,0,1,0,0,0,0,4,2,0,0,1,0,1,1,0,0,1,0,1,0,0,0,2,0,5,0,2,0,0,0,0,0,1,0,0,0,1,0,0,0,0,0,0,2,0,1,0,0,0,0,3,0,0,0,0,0,1,0,0,0,1,0,2,0,0,1,2,3,0,0,0
石川,IR津幡駅,11,47.0,11,43.0,11,84.0,11,5,2,4,0,3,2,1,2,3,0,0,0,0,0,6,5,0,1,0,0,0,0,0,0,0,0,0,0,0,1,0,0,4,4,0,0,0,0,0,1,0,0,0,0,0,0,0,0,0,0,0,0,0,0,0,0,0,0,0,0,0,0,0,0,7,1,0,1,2,5,0,2,1,0,0,1,0,1,0,0,0,0,2,5,1,3,1,1,1,0,0,3,0,0,0,0,0,0,0,1,0,0,1,0,1,0,0,0,0,7,0,0,0,1,0,0,0,4,1,2,2,2,1,0,2,3,5,1,0,0
石川,KAM能美市九谷焼美術館 (浅蔵五十吉記念館),4,16.0,4,15.0,4,26.0,4,0,2,2,0,0,0,1,1,0,2,0,0,0,0,2,2,0,0,0,0,0,1,0,0,0,0,0,0,0,0,0,0,0,1,1,0,0,0,0,1,0,0,0,0,0,0,0,0,0,0,0,0,0,0,0,0,0,0,0,0,0,0,0,0,2,1,0,0,1,1,1,0,2,0,0,0,0,0,0,0,0,0,0,2,0,0,1,0,1,0,0,2,1,0,0,1,0,0,0,0,0,0,0,0,0,0,0,0,0,3,0,0,0,0,0,0,0,2,0,0,0,1,0,0,1,2,0,1,0,0
石川,KAM能美市九谷焼美術館（五彩館）,10,43.0,10,42.0,10,79.0,10,4,5,1,0,0,0,0,1,6,2,1,0,0,0,3,7,0,0,0,0,0,0,0,0,0,0,0,0,0,1,1,0,1,3,0,0,0,0,0,1,0,0,0,3,0,0,0,0,0,0,0,0,0,0,0,0,0,0,0,0,0,0,0,0,3,3,4,0,0,1,1,0,5,1,0,1,0,1,0,0,0,3,3,4,0,1,3,0,3,0,0,1,0,0,0,1,0,0,0,0,0,0,3,0,0,0,0,0,0,4,0,0,0,2,0,3,0,0,0,3,2,2,1,0,2,1,6,1,0,0
石川,KAM能美市九谷焼美術館（職人工房）,4,19.0,4,18.0,4,35.0,4,2,2,0,0,0,1,1,0,2,0,0,0,0,0,1,3,0,0,0,0,0,0,0,0,0,0,0,0,0,0,0,0,1,0,2,0,0,0,1,0,0,0,0,0,0,0,0,0,0,0,0,0,0,0,0,0,0,0,0,0,0,0,0,0,3,0,0,1,0,1,0,0,2,0,0,0,0,1,0,0,0,0,2,2,0,2,0,0,1,0,0,1,1,0,0,0,0,0,0,0,0,0,1,0,0,0,0,0,0,2,0,0,0,0,0,1,0,0,0,0,0,1,0,0,0,2,2,0,0,0
石川,KKRホテル金沢,135,605.0,135,589.0,135,1135.0,135,61,63,11,0,3,7,26,32,32,26,9,0,0,0,57,74,4,0,1,0,0,0,1,0,1,0,5,6,7,29,13,4,4,6,1,0,3,3,1,17,2,7,1,6,3,0,1,0,0,1,4,0,3,2,0,0,2,0,0,0,0,0,0,1,1,57,55,14,8,15,3,10,39,0,0,13,2,30,4,0,0,35,28,92,11,74,11,15,3,0,2,44,5,0,2,6,0,5,2,3,0,0,16,0,5,0,0,3,0,69,0,0,1,6,0,17,0,25,2,26,6,9,6,18,12,53,43,27,0,0
石川,KKR金沢,1,5.0,1,5.0,1,9.0,1,1,0,0,0,0,0,0,1,0,0,0,0,0,0,1,0,0,0,0,0,0,0,0,0,1,0,0,0,0,0,0,0,0,0,0,0,0,0,0,0,0,0,0,0,0,0,0,0,0,0,0,0,0,0,0,0,0,0,0,0,0,0,0,0,0,0,1,0,0,0,0,0,1,0,0,0,0,0,0,0,0,0,0,1,0,1,0,0,0,0,0,0,0,0,0,0,0,0,0,0,0,0,0,0,0,0,0,0,0,1,0,0,0,0,0,0,0,0,0,0,0,0,0,0,0,0,0,1,0,0
石川,KOKOHOTEL Premier 金沢香林坊,736,2626.0,583,3190.0,736,6210.0,736,399,255,82,0,3,128,101,153,204,134,12,1,0,0,353,377,6,21,4,2,9,4,4,5,14,9,7,20,31,118,63,14,22,34,15,5,14,14,18,68,7,22,28,60,31,5,4,5,5,5,6,2,3,3,5,2,16,1,4,1,1,2,0,3,3,298,249,93,93,186,114,58,208,10,0,32,47,16,4,0,1,128,54,456,47,280,24,58,26,0,2,202,22,0,3,15,0,141,3,14,4,1,149,1,45,5,0,10,0,528,0,0,0,29,0,104,0,121,15,65,23,54,21,37,79,286,232,139,0,0
石川,KOKOホテル香林坊,1,5.0,1,5.0,1,9.0,1,1,0,0,0,0,0,1,0,0,0,0,0,0,0,0,1,0,0,0,0,0,0,0,0,0,0,0,0,0,0,0,1,0,0,0,0,0,0,0,0,0,0,0,0,0,0,0,0,0,0,0,0,0,0,0,0,0,0,0,0,0,0,0,0,0,0,0,0,1,0,1,0,0,0,0,0,0,0,0,0,0,1,1,1,0,1,0,0,0,0,0,0,0,0,0,0,0,0,0,0,0,0,1,0,0,0,0,0,0,1,0,0,0,0,0,1,0,0,0,0,0,0,0,0,0,0,1,0,0,0
石川,MALLOWK,1,5.0,1,5.0,1,10.0,1,1,0,0,0,0,0,0,0,1,0,0,0,0,0,0,1,0,0,0,0,0,0,0,0,0,0,0,0,0,0,0,0,0,0,0,0,0,0,0,0,0,0,0,1,0,0,0,0,0,0,0,0,0,0,0,0,0,0,0,0,0,0,0,0,0,1,0,0,0,0,0,0,0,0,0,0,0,0,0,0,0,0,0,0,0,0,0,0,0,0,0,0,0,0,0,0,0,0,0,0,0,0,0,0,0,0,0,0,0,1,0,0,0,0,0,0,0,0,0,0,0,0,0,0,0,0,1,0,0,0
石川,Minn 金沢,6,26.0,6,24.0,6,44.0,6,2,2,2,0,0,1,1,1,2,1,0,0,0,0,1,4,1,0,0,0,1,0,0,0,0,0,0,0,0,1,0,0,0,2,0,0,0,0,0,0,0,0,1,0,0,0,0,0,0,0,1,0,0,0,0,0,0,0,0,0,0,0,0,0,0,4,0,1,1,2,1,0,0,0,0,0,0,2,1,0,0,2,0,5,0,1,1,0,0,0,0,1,0,0,0,1,0,0,0,0,0,0,3,0,0,0,0,0,0,4,0,0,0,0,0,0,0,0,0,1,0,0,1,0,1,4,1,0,0,0
石川,OKNO to Bridge,2,9.0,2,9.0,2,16.0,2,1,0,1,0,0,0,1,0,1,0,0,0,0,0,1,1,0,0,0,0,0,0,0,0,0,0,0,1,0,0,0,0,0,1,0,0,0,0,0,0,0,0,0,0,0,0,0,0,0,0,0,0,0,0,0,0,0,0,0,0,0,0,0,0,1,1,0,0,0,2,0,0,0,0,0,0,0,0,0,0,0,0,0,1,0,0,0,0,0,0,0,0,0,0,0,0,0,2,0,0,0,0,1,0,0,0,0,0,0,0,0,0,0,0,0,0,0,1,0,0,0,0,0,0,0,1,0,1,0,0
石川,OMO5金沢片町 by 星野リゾート,1,5.0,1,5.0,1,10.0,1,1,0,0,0,0,0,0,1,0,0,0,0,0,0,0,1,0,0,0,0,0,0,0,0,0,0,0,0,0,1,0,0,0,0,0,0,0,0,0,0,0,0,0,0,0,0,0,0,0,0,0,0,0,0,0,0,0,0,0,0,0,0,0,0,0,1,0,0,0,0,0,0,1,0,0,0,0,0,0,0,0,0,0,1,0,1,0,0,0,0,0,0,0,0,0,0,0,0,0,0,0,0,1,0,0,0,0,0,0,0,0,0,0,0,0,0,0,1,0,0,0,0,0,0,0,0,0,1,0,0
石川,One・Day・Fam,2,4.0,1,9.0,2,18.0,2,2,0,0,0,0,0,1,1,0,0,0,0,0,0,1,1,0,0,0,0,0,0,0,0,0,0,0,0,0,0,0,0,0,1,0,0,0,0,0,0,0,0,0,1,0,0,0,0,0,0,0,0,0,0,0,0,0,0,0,0,0,0,0,0,0,1,0,0,1,1,0,0,0,0,0,0,1,0,0,0,0,0,0,0,0,0,0,0,0,0,0,0,0,0,0,0,0,2,0,0,0,0,0,0,0,0,0,0,0,0,0,0,0,1,0,0,0,1,0,0,0,0,0,0,0,1,1,0,0,0
石川,PEACE ライダーズマリンベース,2,10.0,2,9.0,2,17.0,2,1,1,0,0,0,0,1,0,0,1,0,0,0,0,1,1,0,0,0,0,0,0,0,0,0,0,0,0,1,0,0,0,0,0,0,0,0,0,0,0,0,0,0,0,0,1,0,0,0,0,0,0,0,0,0,0,0,0,0,0,0,0,0,0,0,1,0,0,1,1,0,1,0,0,0,0,0,0,0,0,0,0,0,2,0,1,0,0,0,0,1,0,0,0,0,2,0,0,0,0,0,0,0,0,0,0,0,0,0,1,0,0,0,0,0,0,0,1,0,0,0,0,0,0,0,1,1,0,0,0
石川,Royal Hotel 能登,16,0,0,62.0,16,115.0,16,3,10,3,0,0,2,2,1,1,5,5,0,0,0,9,7,0,0,0,0,0,0,0,0,0,0,0,0,1,5,5,0,0,0,0,0,1,2,1,1,0,0,0,0,0,0,0,0,0,0,0,0,0,0,0,0,0,0,0,0,0,0,0,0,0,3,12,0,1,0,1,2,8,2,0,2,0,0,0,0,0,5,10,11,1,8,0,2,0,0,1,2,0,0,0,0,0,0,0,0,0,0,1,0,0,0,0,1,0,6,0,0,0,0,0,2,0,0,0,2,0,0,0,4,2,9,5,0,0,0
石川,SAKON UKON,2,5.0,1,10.0,2,20.0,2,2,0,0,0,0,0,1,1,0,0,0,0,0,0,0,2,0,0,0,0,0,0,0,0,1,0,0,0,0,0,0,0,0,0,0,0,0,0,0,0,0,0,0,0,0,0,0,0,0,0,0,0,0,0,0,0,0,0,0,0,0,0,0,1,0,0,0,0,2,0,0,1,0,0,0,0,0,1,0,0,0,1,0,2,0,1,0,0,0,0,0,1,0,0,0,0,0,0,0,0,0,0,1,0,0,0,0,0,0,1,0,0,0,1,0,1,0,1,0,0,0,0,0,0,1,1,0,0,0,0
石川,SDGs　BASE　AQUA+,7,31.0,7,27.0,7,45.0,7,1,4,2,0,0,0,2,0,2,3,0,0,0,0,1,6,0,0,0,0,0,0,0,0,0,0,0,0,1,0,0,0,0,1,0,0,0,0,0,2,0,0,2,0,0,1,0,0,0,0,0,0,0,0,0,0,0,0,0,0,0,0,0,0,0,3,4,0,0,0,0,2,2,0,0,2,0,1,0,0,0,4,4,5,1,1,0,1,0,0,2,0,0,0,0,0,0,0,0,0,0,0,1,0,0,0,0,0,0,6,0,0,0,0,0,1,0,0,0,0,1,1,0,0,0,2,3,2,0,0
石川,Sun city hotel yamashiro,1,4.0,1,3.0,1,10.0,1,1,0,0,0,0,0,1,0,0,0,0,0,0,0,0,1,0,1,0,0,0,0,0,0,0,0,0,0,0,0,0,0,0,0,0,0,0,0,0,0,0,0,0,0,0,0,0,0,0,0,0,0,0,0,0,0,0,0,0,0,0,0,0,0,0,0,1,0,0,0,0,0,1,0,0,0,0,0,0,0,0,1,1,1,0,0,0,0,0,0,0,0,0,0,0,0,0,0,0,1,0,0,1,0,0,0,0,0,0,1,0,0,0,0,0,0,0,0,0,0,0,0,0,0,0,0,1,0,0,0
石川,TAKIGAHARA CRAFT&STAY,2,9.0,2,10.0,2,17.0,2,1,1,0,0,0,1,1,0,0,0,0,0,0,0,1,1,0,0,0,0,0,0,0,0,0,0,0,0,0,0,1,0,0,0,0,0,0,1,0,0,0,0,0,0,0,0,0,0,0,0,0,0,0,0,0,0,0,0,0,0,0,0,0,0,0,1,0,0,1,1,0,0,1,0,0,0,0,0,0,0,0,2,0,1,0,1,0,0,0,0,1,1,1,0,0,0,0,0,0,0,0,0,2,0,0,0,0,0,0,0,0,0,0,0,0,0,0,1,0,0,0,0,0,0,0,1,1,0,0,0
石川,TAOYA和倉,2,10.0,2,10.0,2,19.0,2,2,0,0,0,0,0,1,1,0,0,0,0,0,0,1,1,0,0,0,0,0,0,0,0,0,0,0,0,0,0,0,0,0,1,0,0,0,0,0,0,0,0,1,0,0,0,0,0,0,0,0,0,0,0,0,0,0,0,0,0,0,0,0,0,0,2,0,0,0,1,0,1,0,0,0,0,0,0,0,0,0,2,2,2,0,0,1,0,0,0,0,1,0,0,0,0,0,0,0,0,0,0,0,0,0,0,0,0,0,1,0,0,0,0,0,0,0,1,0,0,0,0,1,0,1,0,1,0,0,0
石川,TOGISO,8,38.0,8,37.0,8,70.0,8,5,2,1,0,0,4,3,1,0,0,0,0,0,0,8,0,0,0,0,0,0,0,0,0,0,0,0,0,0,1,0,0,1,0,0,0,0,0,1,0,0,0,0,4,1,0,0,0,0,0,0,0,0,0,0,0,0,0,0,0,0,0,0,0,0,7,1,0,0,0,0,6,0,2,0,0,0,0,0,0,0,5,1,5,1,1,0,0,1,0,1,1,0,0,0,1,0,0,0,0,0,0,1,0,1,0,0,0,0,1,0,0,0,0,0,0,0,8,0,0,0,0,0,0,1,5,2,0,0,0
石川,TOMORU HOTEL,3,13.0,3,13.0,3,29.0,3,3,0,0,0,0,0,0,1,2,0,0,0,0,0,2,1,0,0,0,0,0,0,0,0,0,0,0,0,1,0,1,0,0,1,0,0,0,0,0,0,0,0,0,0,0,0,0,0,0,0,0,0,0,0,0,0,0,0,0,0,0,0,0,0,0,1,0,2,0,2,0,1,0,0,0,0,0,0,0,0,0,0,1,0,0,1,1,0,0,0,0,0,0,0,0,0,0,0,0,1,0,0,0,0,0,0,0,0,0,1,0,0,0,0,0,0,0,1,0,0,0,0,0,0,0,2,1,0,0,0
石川,TSUKUMO STYLE,6,28.0,6,29.0,6,54.0,6,4,1,1,0,3,2,0,0,1,0,0,0,0,0,4,2,0,0,0,0,0,0,0,0,0,0,0,1,0,2,1,0,0,1,0,0,0,0,0,1,0,0,0,0,0,0,0,0,0,0,0,0,0,0,0,0,0,0,0,0,0,0,0,0,0,0,2,0,4,0,0,1,0,0,0,1,0,0,0,0,0,1,1,5,0,2,0,0,1,0,2,1,1,0,0,1,0,1,0,0,0,0,1,0,0,0,0,0,0,2,0,0,0,0,0,0,0,3,0,0,0,1,0,0,2,0,1,3,0,0
石川,TabistビジネスホテルＲサイド金沢,12,48.0,12,49.0,12,90.0,12,6,3,3,0,0,1,2,4,4,1,0,0,0,0,6,5,1,0,0,0,0,0,0,0,0,0,0,1,0,3,2,0,0,0,0,1,1,0,0,0,0,0,0,2,0,0,1,0,0,0,1,0,0,0,0,0,0,0,0,0,0,0,0,0,0,6,5,0,1,9,0,1,0,0,0,1,0,0,0,0,0,1,1,7,1,1,0,0,2,0,1,0,0,0,0,1,0,5,0,1,0,0,2,0,0,0,0,1,0,9,0,0,0,0,0,1,0,3,1,1,1,1,0,0,0,4,5,3,0,0
石川,Trip inn 能登空港,6,26.0,6,25.0,6,45.0,6,1,4,1,0,0,0,5,1,0,0,0,0,0,0,3,3,0,1,0,0,0,0,0,0,0,0,0,0,0,0,2,0,0,3,0,0,0,0,0,0,0,0,0,0,0,0,0,0,0,0,0,0,0,0,0,0,0,0,0,0,0,0,0,0,0,3,2,0,1,1,0,0,1,0,0,0,1,3,0,0,0,0,0,3,0,1,1,0,0,0,0,2,0,0,0,0,0,2,0,0,0,0,1,0,0,0,0,0,0,6,0,0,0,0,0,0,0,1,0,0,0,0,0,0,0,4,2,0,0,0
石川,Tマークシティホテル金沢,6,28.0,6,27.0,6,53.0,6,3,3,0,0,0,1,0,3,0,0,2,0,0,0,4,2,0,0,0,0,0,0,0,0,0,0,0,2,0,0,1,0,0,3,0,0,0,0,0,0,0,0,0,0,0,0,0,0,0,0,0,0,0,0,0,0,0,0,0,0,0,0,0,0,0,5,0,0,1,2,1,1,2,0,0,0,0,0,0,0,0,1,0,3,1,2,0,0,0,0,0,0,0,0,0,0,0,2,0,0,0,0,1,0,0,0,0,0,0,3,0,0,0,0,0,1,0,0,0,1,0,0,0,0,2,4,0,0,0,0
石川,Yahataすしべん能美根上インター店,2,10.0,2,10.0,2,20.0,2,2,0,0,0,0,0,0,1,1,0,0,0,0,0,0,2,0,0,0,0,0,0,0,0,0,0,0,0,0,0,0,0,0,2,0,0,0,0,0,0,0,0,0,0,0,0,0,0,0,0,0,0,0,0,0,0,0,0,0,0,0,0,0,0,2,0,0,0,0,0,0,0,1,0,0,0,0,1,0,0,0,0,0,2,0,0,0,0,0,0,0,0,0,0,0,0,0,0,0,0,0,0,0,0,0,0,0,0,0,1,0,0,0,0,0,1,0,0,0,0,0,0,0,0,0,1,1,0,0,0
石川,ikeカキてん,1,5.0,1,5.0,1,6.0,1,0,0,1,0,0,0,0,0,0,1,0,0,0,0,0,1,0,0,0,0,0,0,0,0,0,0,0,0,0,0,0,0,1,0,0,0,0,0,0,0,0,0,0,0,0,0,0,0,0,0,0,0,0,0,0,0,0,0,0,0,0,0,0,0,0,1,0,0,0,0,0,1,0,0,0,0,0,0,0,0,0,0,0,1,0,0,0,0,0,0,0,0,0,0,0,0,0,0,0,0,0,0,0,0,0,0,0,0,0,1,0,0,0,0,0,0,0,0,0,0,0,0,0,0,0,1,0,0,0,0
石川,「安宅の関」こまつ勧進帳の里,83,221.0,51,330.0,83,642.0,83,31,33,19,0,0,6,14,18,33,11,1,0,0,0,28,54,1,0,0,0,0,0,0,1,1,0,0,2,3,6,4,1,2,33,6,0,2,0,0,10,2,1,0,6,1,1,0,0,0,0,0,0,0,0,0,0,0,0,1,0,0,0,0,0,28,29,15,3,8,10,2,10,23,0,0,17,2,8,2,0,0,9,30,40,10,37,5,5,5,0,1,15,3,0,0,11,0,2,0,0,0,0,1,1,2,0,0,0,0,24,0,0,0,2,0,11,1,24,0,28,7,12,4,6,14,38,21,10,0,0
石川,「里山健康学校」せせらぎの郷,22,35.0,8,95.0,22,181.0,22,10,9,3,0,0,3,4,6,4,4,1,0,0,0,10,12,0,0,0,0,0,0,0,0,0,1,0,1,0,0,0,0,1,17,0,0,0,0,0,0,0,0,1,0,1,0,0,0,0,0,0,0,0,0,0,0,0,0,0,0,0,0,0,0,13,6,1,1,1,3,1,1,9,0,0,2,0,5,0,0,0,5,19,9,1,0,1,3,1,0,1,1,1,0,0,1,0,1,0,0,0,0,4,0,0,0,0,0,0,10,0,0,0,0,0,2,0,8,0,1,0,1,0,2,4,6,10,2,0,0
石川,いかモール,1,5.0,1,3.0,1,2.0,1,0,0,1,0,0,0,0,0,1,0,0,0,0,0,1,0,0,0,0,0,0,0,0,0,0,0,0,0,0,0,0,0,0,0,0,0,0,0,0,0,0,0,0,0,0,0,0,0,0,0,0,0,0,1,0,0,0,0,0,0,0,0,0,0,0,0,1,0,0,0,0,0,1,0,0,0,0,0,0,0,0,1,1,0,0,0,0,0,0,0,0,0,0,0,0,0,0,0,0,0,0,0,0,0,0,0,0,0,0,0,0,0,0,0,0,0,0,0,0,0,0,1,0,0,0,0,1,0,0,0
石川,いこいの村 能登半島,21,94.0,21,92.0,21,171.0,21,8,10,3,0,0,3,6,3,5,0,4,0,0,0,10,11,0,0,0,0,0,0,0,0,0,0,0,0,0,5,0,1,1,3,2,0,1,0,0,4,0,1,0,2,0,0,0,0,0,0,0,0,0,0,0,0,1,0,0,0,0,0,0,0,0,12,3,0,6,3,0,0,9,0,0,3,0,4,0,0,0,7,5,8,2,4,1,2,0,0,1,2,1,0,1,1,0,5,1,0,0,0,1,0,1,0,0,1,0,15,0,0,0,0,0,0,0,3,0,0,0,3,0,1,3,6,9,3,0,0
石川,いこいの村能登半島,43,171.0,39,184.0,43,352.0,43,20,19,4,0,1,5,13,8,7,7,2,0,0,0,14,27,2,0,0,0,0,0,0,2,0,0,0,0,4,10,0,1,2,5,4,1,1,0,0,3,0,2,3,3,2,0,0,0,0,0,0,0,0,0,0,0,0,0,0,0,0,0,0,0,0,25,11,2,5,4,3,1,12,0,0,5,3,10,0,0,0,17,23,24,2,10,7,1,2,0,3,2,1,0,1,2,0,4,1,0,0,0,6,0,3,0,0,0,0,31,0,0,0,0,0,3,1,3,1,5,1,3,1,2,3,23,10,7,0,0
石川,いしかわ動物園,893,3018.0,666,3894.0,893,7615.0,893,496,299,98,0,19,106,345,248,104,55,15,1,0,0,385,496,12,2,0,0,2,2,1,1,2,0,3,16,9,37,16,15,122,339,140,2,6,18,4,53,8,10,17,36,19,3,2,1,0,1,0,0,0,1,2,1,1,0,0,0,1,0,0,0,539,177,97,28,52,59,66,28,89,5,0,30,5,527,17,0,0,100,158,223,23,66,616,60,22,0,14,57,19,0,1,26,0,8,1,16,8,6,143,0,84,2,0,14,0,389,0,0,0,50,0,82,0,189,4,96,10,102,21,48,136,335,326,96,0,0
石川,いしかわ生活工芸ミュージアム,1,5.0,1,5.0,1,10.0,1,1,0,0,0,0,0,0,1,0,0,0,0,0,0,0,1,0,0,0,0,0,0,0,0,0,0,0,0,0,0,0,0,0,0,0,1,0,0,0,0,0,0,0,0,0,0,0,0,0,0,0,0,0,0,0,0,0,0,0,0,0,0,0,0,0,0,1,0,0,0,0,0,0,0,0,0,0,1,0,0,0,0,0,1,0,0,0,1,0,0,0,0,0,0,0,0,0,0,0,0,0,0,0,0,0,0,0,0,0,0,0,0,0,0,0,0,0,0,0,1,0,0,0,0,0,0,1,0,0,0
石川,いしかわ赤レンガミュージアム,1,4.0,1,4.0,1,8.0,1,0,1,0,0,0,0,0,1,0,0,0,0,0,0,0,1,0,0,0,0,0,0,0,0,0,0,0,0,0,0,0,0,1,0,0,0,0,0,0,0,0,0,0,0,0,0,0,0,0,0,0,0,0,0,0,0,0,0,0,0,0,0,0,0,1,0,0,0,0,0,1,0,0,0,0,0,0,0,0,0,0,0,0,1,0,1,0,0,0,0,0,1,0,0,0,0,0,0,0,0,0,0,0,0,0,0,0,0,0,0,0,0,0,0,0,0,0,0,0,0,0,1,0,0,0,0,1,0,0,0
石川,おくだや,44,205.0,44,209.0,44,404.0,44,35,7,2,0,0,9,9,7,9,8,2,0,0,0,16,28,0,0,0,0,0,0,0,0,0,1,0,2,1,5,5,0,4,4,1,0,1,1,0,5,1,0,2,5,0,1,0,0,0,0,0,0,0,0,2,1,1,0,0,0,0,0,0,1,0,26,9,9,0,1,6,4,6,0,0,4,6,4,0,0,0,26,34,30,1,11,2,1,3,0,0,7,1,0,0,2,0,3,0,1,1,0,7,0,4,0,0,2,0,31,0,0,0,2,0,5,0,8,0,1,2,2,1,0,6,10,20,8,0,0
石川,おばちゃんの宿,2,10.0,2,10.0,2,18.0,2,1,1,0,0,2,0,0,0,0,0,0,0,0,0,0,2,0,0,0,0,0,0,0,0,0,0,0,0,0,0,0,0,0,2,0,0,0,0,0,0,0,0,0,0,0,0,0,0,0,0,0,0,0,0,0,0,0,0,0,0,0,0,0,0,0,2,0,0,0,0,0,0,0,0,0,0,0,0,0,0,0,2,2,2,0,0,0,0,0,0,0,0,2,0,0,0,0,0,0,0,0,0,0,0,0,0,0,0,0,0,0,0,0,0,0,0,0,2,0,0,0,0,0,0,0,0,2,0,0,0
石川,おびし荘,21,93.0,21,89.0,21,183.0,21,12,7,2,0,0,1,2,3,5,9,1,0,0,0,7,14,0,0,0,0,0,0,0,0,0,0,0,0,0,2,0,3,0,12,0,0,0,0,0,1,0,0,0,2,0,0,0,0,0,0,0,0,0,1,0,0,0,0,0,0,0,0,0,0,0,19,2,0,0,0,0,4,7,0,0,3,4,0,0,0,0,14,11,6,1,1,1,2,0,0,1,1,1,0,0,1,0,4,0,1,0,0,2,0,0,0,0,0,0,7,0,0,0,0,0,2,0,9,0,1,1,2,2,1,5,9,5,2,0,0
石川,お宿たけだ,1,5.0,1,5.0,1,9.0,1,1,0,0,0,0,0,0,1,0,0,0,0,0,0,0,1,0,0,0,0,0,0,0,0,0,0,0,0,0,0,0,0,0,0,0,0,0,0,0,0,0,0,0,0,0,0,0,0,0,0,0,0,0,0,0,0,1,0,0,0,0,0,0,0,0,0,0,0,1,0,0,0,0,0,0,0,0,1,0,0,0,0,1,1,0,0,0,0,0,0,0,0,0,0,0,0,0,0,0,0,0,0,1,0,0,0,0,0,0,0,0,0,0,0,0,0,0,0,0,0,0,0,0,0,0,0,1,0,0,0
石川,お宿やました,10,27.0,6,45.0,10,80.0,10,4,4,2,0,0,3,2,0,1,1,3,0,0,0,4,6,0,0,0,0,0,0,0,0,0,0,0,0,0,0,0,0,0,4,0,0,0,1,0,2,0,1,0,1,1,0,0,0,0,0,0,0,0,0,0,0,0,0,0,0,0,0,0,0,0,9,0,1,0,0,3,1,1,0,0,1,0,2,2,0,0,7,5,4,0,2,0,0,0,0,0,0,0,0,0,0,0,0,0,1,0,0,3,0,1,0,0,0,0,7,0,0,0,0,0,2,0,2,0,1,0,3,0,0,3,5,2,0,0,0
石川,お花見久兵衛,37,163.0,37,159.0,37,295.0,37,19,10,8,0,0,4,11,7,7,5,3,0,0,0,13,24,0,0,0,0,1,0,0,0,0,0,0,0,2,3,1,0,9,2,4,0,0,1,1,4,0,3,2,2,1,0,0,0,1,0,0,0,0,0,0,0,0,0,0,0,0,0,0,0,2,22,8,5,0,2,4,4,7,0,0,7,0,11,1,0,0,25,31,22,7,5,4,5,0,0,0,8,2,0,0,0,0,0,0,0,0,0,11,0,1,0,0,1,0,24,0,0,0,1,0,3,0,7,0,2,1,3,2,0,3,19,9,6,0,0
石川,かがにこにこパーク,104,472.0,104,471.0,104,891.0,104,64,28,12,0,1,5,48,36,3,10,1,0,0,0,49,53,2,0,0,0,0,0,0,0,0,0,0,4,0,5,2,2,11,32,30,0,1,1,0,6,0,4,1,1,2,1,0,0,0,0,0,1,0,0,0,0,0,0,0,0,0,0,0,0,57,30,6,3,8,0,0,1,2,0,0,0,0,100,0,0,0,26,32,27,3,2,43,17,2,0,2,7,2,0,0,3,0,1,0,2,1,0,37,0,2,0,0,1,0,46,0,0,0,5,0,6,0,28,0,6,1,5,2,3,5,35,48,16,0,0
石川,かがり吉祥亭,17,76.0,17,74.0,17,135.0,17,4,12,1,0,0,1,3,4,5,3,1,0,0,0,8,9,0,0,0,0,0,0,0,0,0,0,0,1,0,1,0,0,0,2,2,0,0,2,1,3,0,1,0,1,2,0,0,0,0,0,1,0,0,0,0,0,0,0,0,0,0,0,0,0,0,10,5,2,0,1,0,2,6,0,0,1,0,6,1,0,0,9,16,8,1,1,2,0,0,0,0,2,1,0,0,1,0,0,0,0,0,0,0,0,0,0,0,0,0,11,0,0,0,0,0,4,0,3,0,3,0,0,0,0,1,7,5,4,0,0
石川,かに 荒磯料理　志麻,2,8.0,2,9.0,2,16.0,2,0,2,0,0,0,0,0,0,1,1,0,0,0,0,0,2,0,0,0,0,0,0,0,0,0,0,0,0,0,1,0,0,0,0,0,0,0,0,0,0,0,0,0,1,0,0,0,0,0,0,0,0,0,0,0,0,0,0,0,0,0,0,0,0,0,2,0,0,0,0,0,2,0,0,0,0,0,0,0,0,0,0,0,1,0,1,0,0,0,0,0,0,0,0,0,1,0,0,0,0,0,0,0,0,0,0,0,0,0,2,0,0,0,0,0,0,0,0,0,0,0,0,0,0,1,0,0,1,0,0
石川,かのや光楽苑,12,41.0,9,51.0,12,93.0,12,3,6,3,0,0,0,0,2,4,2,4,0,0,0,2,9,1,0,0,0,0,0,0,4,0,0,0,2,0,0,0,0,0,0,0,0,3,0,0,1,0,0,0,0,1,1,0,0,0,0,0,0,0,0,0,0,0,0,0,0,0,0,0,0,0,4,5,3,0,1,0,5,2,0,0,1,1,1,0,0,0,2,6,6,1,6,0,2,1,0,0,0,1,0,0,0,0,0,0,0,0,0,0,0,0,0,0,0,0,8,0,0,0,0,0,4,0,3,0,1,0,0,0,0,4,6,0,2,0,0
石川,からくり記念館,81,318.0,70,366.0,81,684.0,81,40,34,7,0,4,10,16,24,13,11,3,0,0,0,36,44,1,2,1,0,0,1,0,0,1,0,0,4,2,3,1,2,5,15,2,1,4,3,1,5,4,2,6,8,3,0,0,0,1,0,2,0,0,0,0,0,0,0,0,0,1,1,0,0,22,25,22,2,10,11,8,10,18,2,0,5,1,18,3,0,0,8,18,38,5,34,15,9,6,0,1,29,10,0,0,4,0,3,0,2,3,3,10,0,6,0,0,0,0,41,0,0,0,3,0,6,0,19,0,11,0,7,6,6,16,24,28,13,0,0
石川,きくのや旅館,1,5.0,1,5.0,1,9.0,1,1,0,0,0,1,0,0,0,0,0,0,0,0,0,1,0,0,0,0,0,0,0,0,0,0,0,0,0,0,0,0,0,0,0,0,0,0,0,0,0,0,0,0,1,0,0,0,0,0,0,0,0,0,0,0,0,0,0,0,0,0,0,0,0,0,0,1,0,0,0,0,0,0,0,0,0,0,0,0,0,0,0,0,1,0,0,1,0,0,0,0,1,0,0,0,0,0,0,0,0,0,0,0,0,0,0,0,0,0,1,0,0,0,0,0,1,0,0,0,0,0,0,0,0,0,1,0,0,0,0
石川,きょうを、ソフトに,1,4.0,1,4.0,1,7.0,1,0,1,0,0,0,0,0,1,0,0,0,0,0,0,0,1,0,0,0,0,0,0,0,0,0,0,0,0,0,0,0,0,0,1,0,0,0,0,0,0,0,0,0,0,0,0,0,0,0,0,0,0,0,0,0,0,0,0,0,0,0,0,0,0,1,0,0,0,0,0,0,1,0,0,0,0,0,0,0,0,0,0,0,0,0,0,0,1,0,0,0,0,0,0,0,1,0,0,0,0,0,0,1,0,0,0,0,0,0,0,0,0,0,0,0,0,0,0,0,0,0,0,0,0,1,0,0,0,0,0
石川,くくのちステイ,2,9.0,2,10.0,2,19.0,2,2,0,0,0,0,0,0,1,1,0,0,0,0,0,2,0,0,0,0,0,0,0,0,0,0,0,0,0,0,0,0,0,0,1,0,0,0,0,0,0,0,0,1,0,0,0,0,0,0,0,0,0,0,0,0,0,0,0,0,0,0,0,0,0,0,2,0,0,0,1,0,0,0,0,0,0,0,0,0,0,0,2,0,1,0,1,0,0,0,0,0,0,0,0,0,0,0,0,0,0,0,0,0,0,0,0,0,0,0,1,0,0,0,0,0,0,0,2,0,0,0,0,0,0,0,1,1,0,0,0
石川,こまつドーム,4,19.0,4,16.0,4,32.0,4,2,1,1,0,2,0,1,0,1,0,0,0,0,0,1,3,0,0,0,0,0,0,0,0,0,0,0,0,0,0,0,0,0,2,1,0,0,0,0,0,0,0,0,1,0,0,0,0,0,0,0,0,0,0,0,0,0,0,0,0,0,0,0,0,1,0,2,1,0,0,0,0,0,2,0,0,0,1,1,0,0,1,3,1,0,0,0,1,0,0,0,1,0,0,2,0,0,0,2,0,0,0,1,0,0,0,0,0,0,0,0,0,0,0,0,1,0,1,0,0,0,1,0,0,1,1,2,0,0,0
石川,こまつ曳山交流館みよっさ,24,68.0,16,102.0,24,183.0,24,9,10,5,0,1,5,5,6,3,2,2,0,0,0,4,19,1,0,0,0,0,0,0,0,0,2,0,3,1,1,0,1,0,7,3,0,0,1,0,0,0,1,0,2,1,0,0,0,0,0,0,0,0,0,0,0,1,0,0,0,0,0,0,0,11,6,3,2,2,6,2,5,3,0,0,3,1,2,0,0,0,3,5,10,1,9,0,4,2,0,0,6,1,0,0,1,0,3,0,0,0,0,1,0,1,0,0,0,0,9,0,0,0,0,0,4,0,2,0,4,2,3,1,3,5,7,10,2,0,0
石川,こまつ町屋文庫,14,61.0,14,61.0,14,113.0,14,7,5,2,0,0,3,3,3,2,2,1,0,0,0,4,10,0,0,0,0,0,0,0,0,0,0,0,0,0,0,2,0,3,8,1,0,0,0,0,0,0,0,0,0,0,0,0,0,0,0,0,0,0,0,0,0,0,0,0,0,0,0,0,0,9,4,1,0,0,5,4,1,2,0,0,1,0,1,0,0,0,2,2,10,2,3,1,3,0,0,0,5,0,0,0,0,0,0,0,1,0,0,9,0,1,0,0,0,0,4,0,0,0,1,0,2,0,2,1,1,0,1,0,0,6,5,3,0,0,0
石川,すずなり食堂,1,4.0,1,4.0,1,7.0,1,0,1,0,0,0,1,0,0,0,0,0,0,0,0,0,1,0,0,0,0,0,0,0,0,0,0,0,0,0,1,0,0,0,0,0,0,0,0,0,0,0,0,0,0,0,0,0,0,0,0,0,0,0,0,0,0,0,0,0,0,0,0,0,0,0,1,0,0,0,0,0,0,0,0,0,0,0,0,0,0,0,0,0,0,0,1,0,1,0,0,0,0,0,0,0,0,0,0,0,0,0,0,0,0,0,0,0,0,0,0,0,0,0,0,0,1,0,0,0,1,0,0,0,0,0,1,0,0,0,0
石川,すゞや今日楼,21,85.0,21,77.0,21,118.0,21,3,7,11,0,0,3,2,4,7,3,2,0,0,0,4,16,1,0,0,0,0,0,0,0,1,0,0,0,1,1,0,0,8,0,0,0,0,2,2,0,0,0,1,2,2,0,1,0,0,0,0,0,0,0,0,0,0,0,0,0,0,0,0,0,0,16,5,0,0,0,2,4,6,0,0,3,0,4,0,0,0,15,18,12,1,3,0,1,1,0,0,2,0,0,0,1,0,0,0,0,0,0,3,0,0,0,0,0,0,14,0,0,0,2,0,5,0,1,0,4,0,2,1,0,2,12,5,2,0,0
石川,たがわ龍泉閣,9,42.0,9,36.0,9,73.0,9,4,4,1,0,0,0,1,1,5,2,0,0,0,0,3,6,0,0,0,0,0,0,0,0,0,2,0,0,1,0,0,0,0,2,1,0,0,1,0,0,0,0,0,1,1,0,0,0,0,0,0,0,0,0,0,0,0,0,0,0,0,0,0,0,0,5,1,3,0,0,0,0,6,1,0,0,0,1,1,0,0,4,6,2,1,1,1,0,0,0,0,1,0,0,0,1,0,0,0,0,0,0,0,0,0,0,0,0,0,5,0,0,0,0,0,1,0,0,0,2,0,2,0,1,0,4,5,0,0,0
石川,たちばな四季亭,250,964.0,211,1101.0,250,2087.0,250,133,84,33,0,0,23,58,30,61,64,14,0,0,0,94,154,2,3,0,0,0,0,1,0,3,3,0,13,2,22,9,2,27,35,14,0,2,10,9,21,3,7,11,26,17,3,1,1,0,1,1,0,0,1,0,0,1,0,0,0,0,0,1,0,2,172,48,19,9,1,16,16,97,0,1,45,4,26,3,0,0,188,202,174,21,53,7,16,0,0,0,30,7,0,3,4,0,6,3,2,0,0,18,1,7,2,0,10,0,168,0,0,0,14,0,29,3,41,0,22,7,13,6,9,36,106,58,50,0,0
石川,だるまや旅館,4,19.0,4,20.0,4,37.0,4,3,1,0,0,0,1,0,2,0,1,0,0,0,0,3,1,0,0,0,0,0,0,0,0,0,0,0,1,0,1,0,0,0,1,0,0,0,0,0,0,0,0,0,1,0,0,0,0,0,0,0,0,0,0,0,0,0,0,0,0,0,0,0,0,0,3,1,0,0,0,1,1,0,1,0,0,0,1,0,0,0,1,1,2,1,1,0,0,2,0,0,1,0,0,0,0,0,0,0,0,1,1,0,0,1,0,0,0,0,2,0,0,0,0,0,1,0,2,0,0,0,1,0,0,0,3,1,0,0,0
石川,だるま屋旅館,1,5.0,1,5.0,1,8.0,1,0,1,0,0,0,1,0,0,0,0,0,0,0,0,0,1,0,0,0,0,0,0,0,0,1,0,0,0,0,0,0,0,0,0,0,0,0,0,0,0,0,0,0,0,0,0,0,0,0,0,0,0,0,0,0,0,0,0,0,0,0,0,0,0,0,0,0,0,1,0,0,0,0,1,0,0,0,0,0,0,0,0,0,0,0,0,0,0,0,0,0,0,0,0,0,0,0,1,0,0,0,0,0,0,0,0,0,0,0,0,0,0,0,0,0,0,0,1,1,0,0,0,0,0,0,1,0,0,0,0
石川,ちりはまホテル　ゆ華,4,18.0,4,18.0,4,34.0,4,3,0,1,0,0,0,0,0,1,3,0,0,0,0,1,3,0,0,0,0,0,0,0,0,0,0,0,0,0,0,0,0,1,3,0,0,0,0,0,0,0,0,0,0,0,0,0,0,0,0,0,0,0,0,0,0,0,0,0,0,0,0,0,0,0,4,0,0,0,0,0,0,2,0,0,1,0,0,0,0,0,4,0,1,0,0,0,0,0,0,0,0,0,0,0,0,0,0,0,0,0,0,0,0,0,0,0,0,0,1,0,0,0,0,0,1,0,3,0,0,0,0,0,0,0,3,1,0,0,0
石川,てらおか風舎,4,20.0,4,19.0,4,35.0,4,2,2,0,0,0,0,0,1,3,0,0,0,0,0,2,2,0,0,0,0,0,0,0,0,0,0,0,0,1,2,0,0,0,0,0,0,0,0,0,0,0,0,0,0,0,0,0,0,0,1,0,0,0,0,0,0,0,0,0,0,0,0,0,0,0,1,1,0,2,0,0,1,3,0,0,0,0,0,0,0,0,1,1,3,1,3,0,0,0,0,0,0,0,0,0,0,0,0,0,0,0,0,0,0,0,0,0,0,0,1,0,0,0,0,0,0,0,3,0,1,0,0,0,0,0,0,3,1,0,0
石川,てらまちや風心庵,3,15.0,3,15.0,3,30.0,3,3,0,0,0,1,1,0,0,1,0,0,0,0,0,2,1,0,0,0,0,0,0,0,0,0,0,0,0,1,0,0,0,0,0,0,0,0,0,0,0,0,0,1,0,0,0,0,0,0,1,0,0,0,0,0,0,0,0,0,0,0,0,0,0,0,2,0,1,0,0,0,1,0,0,1,0,0,0,0,0,0,1,0,2,0,2,0,0,0,0,0,1,0,0,0,1,0,0,0,0,0,0,0,0,0,0,0,0,0,2,0,0,0,0,0,1,0,2,0,0,0,0,0,0,1,0,2,0,0,0
石川,のとじま水族館,4231,17965.0,3912,18905.0,4231,36417.0,4231,2440,1373,418,0,88,910,1325,983,615,254,47,8,1,0,1958,2220,53,31,6,6,27,5,14,18,26,27,47,160,122,337,172,113,649,943,154,19,148,135,74,287,47,63,87,201,120,37,16,5,4,23,19,1,12,15,11,4,20,3,2,6,3,5,4,3,1523,1178,921,312,297,333,454,408,574,92,2,227,51,1568,17,0,0,806,1235,1990,183,796,2193,313,149,0,139,499,94,0,11,364,0,65,11,60,17,11,800,5,412,13,0,43,0,2062,0,0,0,280,0,592,2,823,32,464,102,555,100,165,557,1672,1476,526,0,0
石川,のとのわ,3,14.0,3,14.0,3,25.0,3,1,2,0,0,0,0,0,1,2,0,0,0,0,0,1,2,0,0,0,0,1,0,0,0,0,0,0,0,0,0,0,0,0,0,0,0,1,0,0,1,0,0,0,0,0,0,0,0,0,0,0,0,0,0,0,0,0,0,0,0,0,0,0,0,0,2,0,1,0,0,0,0,3,0,0,0,0,0,0,0,0,1,0,2,0,2,0,1,0,0,0,2,0,0,0,1,0,0,0,0,0,0,1,0,0,0,0,0,0,3,0,0,0,0,0,0,0,0,0,0,0,0,0,0,1,1,0,1,0,0
石川,のとや,82,368.0,82,357.0,82,647.0,82,36,30,16,0,5,4,19,12,26,12,4,0,0,0,29,50,3,0,0,0,0,1,0,0,0,0,2,0,2,5,2,4,7,22,3,0,0,2,1,10,2,1,3,8,3,0,0,0,0,1,2,0,0,0,0,0,1,0,0,0,0,0,0,0,0,60,17,4,1,0,8,5,31,7,0,11,1,12,0,0,0,54,68,54,7,14,6,5,3,0,2,7,2,0,0,1,0,3,0,3,1,0,9,0,3,0,0,0,0,55,0,0,0,2,0,5,0,18,1,1,4,2,1,4,15,30,20,17,0,0
石川,のと楽,6,25.0,6,23.0,6,49.0,6,3,2,1,0,0,0,0,2,3,1,0,0,0,0,1,5,0,0,0,0,0,0,0,0,1,0,1,1,0,0,0,0,1,0,0,0,0,0,1,0,0,1,0,0,0,0,0,0,0,0,0,0,0,0,0,0,0,0,0,0,0,0,0,0,0,3,1,1,1,0,1,0,1,0,0,1,0,0,0,0,0,4,4,3,0,2,0,1,0,0,0,1,0,0,0,1,0,1,0,1,0,0,1,0,0,0,0,0,0,3,0,0,0,0,0,3,0,0,0,1,1,1,0,1,1,1,3,1,0,0
石川,のと海洋ふれあいセンター,38,172.0,38,170.0,38,304.0,38,19,8,11,0,0,4,10,10,8,5,1,0,0,0,15,22,1,0,0,0,0,0,0,0,0,0,0,1,3,3,2,1,5,14,1,0,0,1,0,1,0,3,0,3,0,0,0,0,0,0,0,0,0,0,0,0,0,0,0,0,0,0,0,0,11,6,9,5,7,1,1,1,9,0,0,1,0,17,0,0,0,2,4,11,3,6,5,3,5,0,7,4,6,0,0,1,0,0,0,1,0,0,4,0,0,0,0,0,0,18,0,0,0,0,0,1,0,16,1,5,0,0,1,2,5,11,17,5,0,0
石川,のと里山海道　西山パーキング,40,171.0,40,154.0,40,267.0,40,10,13,17,0,1,3,3,9,16,6,1,1,0,0,15,25,0,0,0,0,0,0,0,1,3,1,0,2,0,4,1,0,1,18,1,0,0,0,0,2,1,0,2,3,0,0,0,0,0,0,0,0,0,0,0,0,0,0,0,0,0,0,0,0,12,13,11,1,3,8,0,2,12,0,0,3,5,6,0,0,0,4,6,13,1,8,1,2,2,0,0,3,0,0,0,2,0,5,0,1,0,0,2,0,1,0,0,1,0,15,0,0,0,0,0,2,0,19,0,4,1,5,0,3,7,12,10,11,0,0
石川,のと里山空港,193,767.0,171,801.0,193,1599.0,193,94,67,32,0,4,36,36,42,40,26,9,0,0,0,85,104,4,1,0,0,0,0,0,1,1,0,2,14,5,50,24,0,12,34,3,0,1,3,5,8,3,2,5,9,2,3,0,0,1,1,0,0,0,0,1,0,0,0,0,0,0,0,1,1,35,62,50,17,29,28,8,26,38,6,0,14,6,36,1,0,0,28,48,90,5,46,21,18,28,0,7,30,5,0,0,8,0,11,0,6,0,0,33,0,30,1,0,2,0,81,0,0,0,25,0,39,2,45,8,35,15,19,8,9,29,72,59,33,0,0
石川,のと里山里海ミュージアム,28,123.0,28,120.0,28,216.0,28,10,12,6,0,1,2,4,5,9,6,0,1,0,0,13,15,0,0,0,0,1,0,0,0,0,0,0,1,0,3,2,0,3,7,1,0,0,0,1,0,0,1,5,2,1,0,0,0,0,0,0,0,0,0,0,0,0,0,0,0,0,0,0,0,7,11,3,2,5,5,2,5,5,5,0,1,0,2,0,0,0,7,11,20,4,12,5,8,4,0,1,9,1,0,1,4,0,2,1,0,0,0,4,0,0,0,0,0,0,11,0,0,0,2,0,3,1,5,0,9,1,4,2,3,4,13,6,5,0,0
石川,のと鉄道,1,5.0,1,5.0,1,10.0,1,1,0,0,0,0,0,0,0,1,0,0,0,0,0,1,0,0,0,0,0,0,0,0,0,0,0,0,0,0,0,1,0,0,0,0,0,0,0,0,0,0,0,0,0,0,0,0,0,0,0,0,0,0,0,0,0,0,0,0,0,0,0,0,0,0,1,0,0,0,0,0,0,1,0,0,0,0,0,0,0,0,0,1,1,0,0,0,0,0,0,0,0,0,0,0,0,0,0,0,0,0,0,0,0,0,0,0,0,0,1,0,0,0,0,0,0,0,0,0,0,0,0,0,0,0,1,0,0,0,0
石川,のと鉄道 POKÉMON with YOUトレイン,97,443.0,97,426.0,97,802.0,97,53,29,15,0,8,20,22,19,26,1,1,0,0,0,57,40,0,0,0,1,1,0,0,0,0,1,0,4,1,11,10,3,7,22,2,0,2,2,3,6,0,1,2,8,5,0,0,0,0,0,1,0,0,1,0,0,3,0,0,0,0,0,0,0,32,23,22,11,9,31,6,11,15,1,1,7,1,19,0,0,0,14,29,41,13,29,6,10,1,0,0,26,3,0,0,2,0,3,0,2,0,0,17,0,13,1,0,1,0,56,0,0,0,5,0,14,0,21,0,9,4,5,8,5,12,37,28,20,0,0
石川,のと鉄道（通常）,522,2314.0,522,2179.0,522,4183.0,522,230,199,93,0,35,93,84,73,126,75,32,3,0,1,335,181,6,8,2,3,2,1,1,2,7,5,6,27,18,98,53,6,20,66,5,1,6,14,9,41,7,5,13,51,17,6,2,2,0,1,4,4,1,0,0,0,4,1,1,1,1,0,0,0,105,137,141,73,66,256,17,53,75,16,0,22,19,24,0,0,0,61,153,234,65,133,20,43,35,0,9,154,7,0,4,12,0,42,4,13,3,2,74,2,78,3,0,19,0,296,0,0,0,35,0,84,0,107,9,99,36,45,40,26,102,201,154,65,0,0
石川,のと鉄道（震災語り部列車）,2,8.0,2,7.0,2,14.0,2,0,1,1,0,0,0,0,0,0,1,1,0,0,0,1,1,0,0,0,0,0,0,0,0,0,0,0,0,0,0,0,0,0,2,0,0,0,0,0,0,0,0,0,0,0,0,0,0,0,0,0,0,0,0,0,0,0,0,0,0,0,0,0,0,0,2,0,0,0,0,0,0,0,2,0,0,0,0,0,0,0,0,0,0,0,0,0,0,0,0,0,0,0,0,1,0,0,0,1,0,0,0,0,0,0,0,0,0,0,0,0,0,0,0,0,0,0,2,0,0,0,0,0,0,1,1,0,0,0,0
石川,ひがしやま祥、,1,5.0,1,5.0,1,8.0,1,0,1,0,0,0,0,0,0,0,0,1,0,0,0,0,1,0,0,0,0,0,0,0,0,0,0,0,0,0,0,0,0,0,0,0,0,0,0,0,0,0,0,0,0,1,0,0,0,0,0,0,0,0,0,0,0,0,0,0,0,0,0,0,0,0,0,1,0,0,0,0,0,0,0,0,0,0,1,0,0,0,1,0,1,0,1,0,0,0,0,0,0,0,0,0,0,0,0,0,0,0,0,0,0,0,0,0,0,0,1,0,0,0,0,0,0,0,0,0,0,0,0,0,0,1,0,0,0,0,0
石川,ひがし茶屋休憩館,179,698.0,152,785.0,179,1493.0,179,95,60,24,0,11,39,29,37,41,21,1,0,0,0,66,113,0,4,0,0,2,0,1,0,5,2,1,9,8,36,21,3,3,4,2,1,8,2,4,12,1,1,3,19,4,4,1,0,1,1,6,1,0,0,0,0,4,0,2,1,0,0,1,1,23,50,78,8,20,24,13,30,48,1,0,23,2,9,1,0,0,35,34,132,18,107,10,19,4,0,2,80,10,0,0,1,0,4,0,4,0,0,51,0,18,1,0,5,0,94,0,0,0,11,0,44,1,33,0,38,21,29,5,4,38,69,55,17,0,0
石川,ひこそのまちやど,1,5.0,1,5.0,1,10.0,1,1,0,0,0,0,0,0,1,0,0,0,0,0,0,0,1,0,0,0,0,0,0,0,0,0,0,0,0,0,0,0,0,0,0,0,0,0,0,0,1,0,0,0,0,0,0,0,0,0,0,0,0,0,0,0,0,0,0,0,0,0,0,0,0,0,1,0,0,0,0,0,0,0,0,0,0,0,1,0,0,0,0,0,1,0,0,1,0,0,0,0,0,0,0,0,0,0,0,0,0,0,0,0,0,0,0,0,0,0,1,0,0,0,0,0,0,0,1,0,0,0,0,0,0,0,0,1,0,0,0
石川,ひょっこり温泉 島の湯,38,179.0,38,174.0,38,335.0,38,25,10,3,0,2,4,6,8,8,8,2,0,0,0,16,22,0,1,0,0,0,0,0,1,0,0,1,3,0,8,1,0,7,6,0,3,1,0,1,1,0,0,0,0,0,2,0,0,0,0,0,1,0,0,0,0,1,0,0,0,0,0,0,0,9,5,4,11,9,8,2,1,11,3,0,4,0,5,0,0,0,5,21,20,0,10,2,8,3,0,6,5,0,0,0,4,0,3,0,0,0,0,0,0,0,1,0,0,0,24,0,0,0,2,0,5,0,5,1,5,0,4,1,5,8,12,13,5,0,0
石川,びっくり,1,5.0,1,5.0,1,9.0,1,1,0,0,0,0,0,0,1,0,0,0,0,0,0,0,1,0,0,0,0,0,0,0,0,0,0,0,0,0,1,0,0,0,0,0,0,0,0,0,0,0,0,0,0,0,0,0,0,0,0,0,0,0,0,0,0,0,0,0,0,0,0,0,0,0,0,0,0,1,1,0,0,0,0,0,0,0,0,0,0,0,0,0,0,0,0,0,0,0,0,0,0,0,0,0,0,0,0,0,0,0,0,0,0,0,0,0,0,0,0,0,0,0,0,0,0,0,1,0,0,0,0,0,0,0,0,1,0,0,0
石川,ふるさと工房（吉野工芸の里）,4,19.0,4,19.0,4,36.0,4,2,2,0,0,0,1,1,0,2,0,0,0,0,0,2,2,0,0,0,0,0,0,0,0,0,0,0,0,0,0,0,0,0,4,0,0,0,0,0,0,0,0,0,0,0,0,0,0,0,0,0,0,0,0,0,0,0,0,0,0,0,0,0,0,4,0,0,0,0,0,0,0,4,0,0,0,0,0,0,0,0,0,0,2,2,1,0,0,0,0,1,1,0,0,0,1,0,0,0,0,0,0,0,0,0,0,0,0,0,0,0,0,0,0,0,2,0,1,0,0,0,0,0,1,2,0,2,0,0,0
石川,ふれあい健康広場,6,21.0,5,24.0,6,46.0,6,1,4,1,0,0,1,0,0,3,2,0,0,0,0,2,3,1,0,0,0,0,0,0,0,0,0,0,0,0,0,0,0,0,3,2,0,0,0,0,0,1,0,0,0,0,0,0,0,0,0,0,0,0,0,0,0,0,0,0,0,0,0,0,0,4,2,0,0,0,2,1,0,2,0,0,0,1,0,0,0,0,0,2,3,0,1,1,1,1,0,2,0,0,0,0,0,0,0,0,1,1,1,1,0,0,0,0,0,0,0,0,0,0,0,0,0,0,4,0,0,0,1,0,0,1,2,2,1,0,0
石川,ふれあい昆虫館,519,1073.0,236,2332.0,519,4416.0,519,285,175,59,0,3,45,238,162,53,15,3,0,0,0,190,324,5,2,1,0,1,1,0,3,0,0,3,7,9,19,11,2,53,277,44,0,6,9,4,26,1,6,3,12,9,1,0,0,0,2,2,0,2,0,0,0,1,0,0,0,0,0,0,2,323,80,53,30,33,19,13,10,25,1,0,13,1,391,22,0,0,47,77,133,49,64,242,46,26,0,20,58,15,0,4,24,0,5,4,8,1,0,70,0,25,1,0,8,0,203,0,0,0,26,0,57,0,132,4,53,9,62,12,40,56,212,192,59,0,0
石川,ほり牧場ミルク館,1,5.0,1,5.0,1,9.0,1,1,0,0,0,0,0,0,0,1,0,0,0,0,0,0,1,0,0,0,0,0,0,0,0,0,0,0,0,0,0,0,0,0,1,0,0,0,0,0,0,0,0,0,0,0,0,0,0,0,0,0,0,0,0,0,0,0,0,0,0,0,0,0,0,0,1,0,0,0,0,0,0,0,0,0,0,0,0,0,0,0,0,1,1,0,0,0,0,0,0,0,1,0,0,0,0,0,0,0,0,0,0,0,0,0,0,0,0,0,0,0,0,0,0,0,1,0,1,0,0,0,0,0,0,0,0,1,0,0,0
石川,まつさき,12,54.0,12,49.0,12,90.0,12,5,3,4,0,0,2,1,4,3,2,0,0,0,0,3,9,0,0,0,0,0,0,0,0,0,0,0,1,0,2,1,0,1,0,0,0,1,1,1,3,0,0,0,1,0,0,0,0,0,0,0,0,0,0,0,0,0,0,0,0,0,0,0,0,0,4,7,1,0,0,2,1,2,1,0,1,0,2,0,0,0,6,9,7,2,2,1,2,1,0,0,1,1,0,0,0,0,0,0,0,0,0,0,0,0,0,0,1,0,5,0,0,0,0,0,2,0,4,0,1,0,0,1,2,2,3,5,2,0,0
石川,みやびの宿加賀百万石,15,33.0,7,67.0,15,126.0,15,7,6,2,0,1,0,1,6,5,0,1,1,0,0,3,12,0,0,0,0,0,0,0,0,0,0,0,1,0,1,0,0,1,1,0,0,0,3,0,1,1,0,0,5,0,0,0,0,0,0,0,0,1,0,0,0,0,0,0,0,0,0,0,0,0,6,8,0,1,0,0,1,4,0,0,1,0,7,2,0,0,9,13,9,0,3,3,1,0,0,0,4,1,0,0,0,0,0,0,0,0,0,1,0,0,0,0,0,0,6,0,0,0,1,0,4,0,1,0,4,0,3,1,2,2,6,6,1,0,0
石川,めぐまこの家,3,15.0,3,14.0,3,27.0,3,2,1,0,0,0,0,3,0,0,0,0,0,0,0,1,2,0,0,0,0,0,0,0,0,0,0,0,0,3,0,0,0,0,0,0,0,0,0,0,0,0,0,0,0,0,0,0,0,0,0,0,0,0,0,0,0,0,0,0,0,0,0,0,0,0,3,0,0,0,0,0,0,0,0,0,0,0,3,0,0,0,2,1,2,0,0,0,0,0,0,0,0,0,0,0,0,0,0,0,0,1,0,0,0,0,0,0,0,0,2,0,0,0,0,0,0,0,1,0,0,0,0,0,0,0,0,3,0,0,0
石川,めぐみ白山,1,4.0,1,4.0,1,8.0,1,0,1,0,0,0,0,0,1,0,0,0,0,0,0,1,0,0,0,0,0,0,0,0,0,0,0,0,0,0,0,0,0,0,1,0,0,0,0,0,0,0,0,0,0,0,0,0,0,0,0,0,0,0,0,0,0,0,0,0,0,0,0,0,0,1,0,0,0,0,0,0,0,0,0,0,0,0,1,0,0,0,0,0,1,0,0,0,0,0,0,0,0,0,0,0,0,0,0,0,0,0,0,0,0,0,0,0,0,0,0,0,0,0,0,0,0,0,0,0,0,1,0,0,0,0,0,1,0,0,0
石川,もろみ蔵,4,20.0,4,20.0,4,38.0,4,3,1,0,0,0,1,2,0,0,1,0,0,0,0,4,0,0,0,0,0,0,0,0,0,0,0,2,0,0,1,0,0,0,0,0,0,0,0,1,0,0,0,0,0,0,0,0,0,0,0,0,0,0,0,0,0,0,0,0,0,0,0,0,0,0,3,0,0,1,0,0,3,0,0,0,0,0,0,0,0,0,0,0,3,0,2,0,0,1,0,0,0,0,0,0,0,0,0,0,0,0,0,0,0,0,0,0,1,0,1,0,0,0,1,0,0,0,2,0,0,0,1,0,1,1,2,1,0,0,0
石川,ゆのくにの森,1,4.0,1,4.0,1,8.0,1,0,1,0,0,0,0,0,1,0,0,0,0,0,0,0,1,0,0,0,0,0,0,0,0,0,0,0,0,0,1,0,0,0,0,0,0,0,0,0,0,0,0,0,0,0,0,0,0,0,0,0,0,0,0,0,0,0,0,0,0,0,0,0,0,0,0,1,0,0,0,0,0,0,0,0,1,0,0,0,0,0,0,1,1,0,0,0,0,0,0,0,0,0,0,0,0,0,0,0,0,0,0,0,0,0,0,0,0,0,0,0,0,0,0,0,1,0,0,0,0,0,1,0,0,0,0,1,0,0,0
石川,ゆのくに天祥,585,2682.0,582,2608.0,585,5118.0,585,358,177,50,0,7,103,136,106,119,92,20,2,0,0,235,343,7,9,1,3,0,0,3,3,7,2,6,26,20,76,32,11,39,31,13,0,9,36,4,51,10,22,21,73,28,11,7,0,0,4,5,0,2,3,2,0,7,0,2,1,1,3,1,0,4,383,152,30,16,7,45,51,145,40,2,86,20,98,2,0,0,353,463,367,17,127,46,26,11,0,6,84,41,0,5,8,0,23,5,2,4,2,112,1,41,4,0,12,0,336,0,0,0,35,0,88,8,92,6,82,20,50,13,39,56,253,179,97,0,0
石川,ゆ湯の宿白山菖蒲亭,18,80.0,18,75.0,18,138.0,18,9,5,4,0,0,2,4,2,4,6,0,0,0,0,3,15,0,0,0,0,0,0,0,1,0,0,0,2,1,2,0,0,1,2,0,0,1,1,0,3,0,0,1,1,1,0,0,0,0,1,0,0,0,0,0,0,0,0,0,0,0,0,0,0,0,13,5,0,0,2,1,0,8,0,0,4,0,2,0,0,0,9,15,12,0,5,0,2,0,0,0,3,0,0,0,2,0,0,0,0,0,0,4,0,2,0,0,1,0,12,0,0,0,1,0,4,0,0,0,3,0,0,0,1,2,10,4,2,0,0
石川,わいちせん,2,9.0,2,10.0,2,17.0,2,1,1,0,0,0,0,0,1,1,0,0,0,0,0,1,1,0,0,0,0,0,0,0,0,0,0,0,0,1,0,1,0,0,0,0,0,0,0,0,0,0,0,0,0,0,0,0,0,0,0,0,0,0,0,0,0,0,0,0,0,0,0,0,0,0,0,0,2,0,0,0,0,0,0,0,0,2,0,0,0,0,0,0,2,0,0,0,0,1,0,0,2,0,0,0,0,0,2,0,0,0,0,0,0,0,0,0,0,0,0,0,0,0,0,0,0,0,2,1,0,0,0,0,0,1,0,1,0,0,0
石川,わんこと泊まれる宿 旅宿やす田,6,29.0,6,28.0,6,55.0,6,4,2,0,0,0,0,0,0,4,2,0,0,0,0,0,6,0,0,0,0,0,0,0,0,0,0,0,1,0,0,1,0,0,3,0,0,0,0,0,1,0,0,0,0,0,0,0,0,0,0,0,0,0,0,0,0,0,0,0,0,0,0,0,0,0,4,0,1,1,0,0,3,2,0,0,0,0,0,0,0,0,3,1,4,0,4,0,1,0,0,0,1,0,0,0,0,0,0,0,1,0,0,4,0,0,0,0,0,0,4,0,0,0,0,0,0,0,4,0,0,0,0,0,0,0,2,2,2,0,0
石川,わんこと泊まれる宿　旅宿やす田,3,15.0,3,15.0,3,29.0,3,3,0,0,0,0,0,1,0,2,0,0,0,0,0,2,1,0,0,0,0,0,0,0,0,0,0,0,1,0,2,0,0,0,0,0,0,0,0,0,0,0,0,0,0,0,0,0,0,0,0,0,0,0,0,0,0,0,0,0,0,0,0,0,0,0,1,2,0,0,0,0,0,2,0,0,0,0,0,0,0,0,2,1,3,0,0,0,0,0,0,0,0,0,0,0,0,0,0,0,0,0,0,1,0,0,0,0,0,0,2,0,0,0,0,0,0,0,0,0,1,0,1,0,0,0,2,1,0,0,0
石川,アストロコテージ,3,15.0,3,14.0,3,24.0,3,1,2,0,0,0,0,2,1,0,0,0,0,0,0,1,2,0,0,0,0,0,0,0,0,0,0,0,0,0,2,0,0,0,0,0,0,0,1,0,0,0,0,0,0,0,0,0,0,0,0,0,0,0,0,0,0,0,0,0,0,0,0,0,0,0,1,1,1,0,1,0,0,0,0,0,1,1,0,0,0,0,0,2,2,0,1,0,0,1,0,1,0,1,0,0,0,0,0,0,0,0,0,1,0,1,0,0,1,0,2,0,0,0,0,0,0,0,0,0,2,0,0,0,0,0,1,2,0,0,0
石川,アトリオ,1,4.0,1,3.0,1,5.0,1,0,0,1,0,0,0,0,1,0,0,0,0,0,0,0,1,0,0,0,0,0,0,0,0,0,0,0,0,0,0,0,0,0,0,0,0,1,0,0,0,0,0,0,0,0,0,0,0,0,0,0,0,0,0,0,0,0,0,0,0,0,0,0,0,0,0,1,0,0,0,0,0,0,0,0,0,0,0,0,0,0,0,0,0,0,0,0,0,0,0,0,0,0,0,0,0,0,0,0,0,0,0,0,0,0,0,0,0,0,0,0,0,0,0,0,1,0,0,0,0,0,0,0,0,0,1,0,0,0,0
石川,アドベンチャーガーデン能美,20,93.0,20,98.0,20,182.0,20,16,2,2,0,1,6,3,7,3,0,0,0,0,0,7,13,0,0,0,0,0,0,1,0,0,0,0,0,0,0,0,0,4,7,1,0,0,1,2,2,0,0,0,1,1,0,0,0,0,0,0,0,0,0,0,0,0,0,0,0,0,0,0,0,9,6,3,1,1,0,2,4,0,0,0,1,1,10,1,0,0,4,8,6,1,1,4,1,1,0,17,1,2,0,0,3,0,1,0,0,0,0,7,0,0,0,0,0,0,8,0,0,0,1,0,4,0,5,0,1,0,1,0,0,5,8,7,0,0,0
石川,アパホテル〈小松〉,2,9.0,2,7.0,2,15.0,2,0,2,0,0,0,0,0,1,1,0,0,0,0,0,0,1,1,0,0,0,0,0,0,0,0,0,0,0,0,1,0,0,0,0,0,0,0,0,0,0,0,0,1,0,0,0,0,0,0,0,0,0,0,0,0,0,0,0,0,0,0,0,0,0,0,0,2,0,0,1,0,0,0,0,0,0,1,0,0,0,0,0,0,0,0,0,0,0,1,0,0,0,0,0,0,0,0,1,0,0,0,0,0,0,0,0,0,0,0,2,0,0,0,0,0,0,0,0,0,0,0,0,0,0,0,1,0,1,0,0
石川,アパホテル〈金沢中央〉,2,9.0,2,8.0,2,16.0,2,1,1,0,0,0,1,0,1,0,0,0,0,0,0,1,1,0,0,0,0,0,0,0,0,0,0,0,0,0,1,0,0,0,0,0,0,0,0,0,0,0,0,0,1,0,0,0,0,0,0,0,0,0,0,0,0,0,0,0,0,0,0,0,0,0,1,1,0,0,2,0,0,0,0,0,0,0,0,0,0,0,0,0,1,0,0,0,1,1,0,0,2,1,0,0,0,0,1,0,0,0,0,0,0,1,0,0,0,0,1,0,0,0,0,0,0,0,1,0,0,0,0,0,0,0,1,1,0,0,0
石川,アパホテル〈金沢野町〉,1,0,0,5.0,1,10.0,1,1,0,0,0,0,0,0,1,0,0,0,0,0,0,1,0,0,0,0,0,0,0,0,0,0,0,0,0,0,0,0,0,0,0,0,0,0,0,0,0,0,0,0,0,0,0,1,0,0,0,0,0,0,0,0,0,0,0,0,0,0,0,0,0,0,0,0,0,1,0,0,0,0,0,0,0,1,0,0,0,0,0,0,0,0,0,0,0,0,0,0,0,0,0,0,0,0,1,0,0,0,0,0,0,0,0,0,0,0,1,0,0,0,0,0,0,0,0,0,0,0,0,0,0,0,1,0,0,0,0
石川,アパホテル〈金沢駅前〉,34,150.0,34,144.0,34,280.0,34,16,13,5,0,0,5,6,5,13,5,0,0,0,0,14,20,0,0,0,0,0,0,0,2,0,0,0,2,0,7,3,0,1,3,0,0,0,1,0,7,0,0,0,4,1,0,0,1,1,0,0,0,0,0,0,0,1,0,0,0,0,0,0,0,1,15,9,4,5,14,3,5,4,1,0,2,3,0,0,0,0,7,3,21,0,9,1,8,1,0,0,8,1,0,0,1,0,6,0,1,0,0,4,0,4,0,0,1,0,19,0,0,0,1,0,3,0,11,1,5,0,3,1,3,7,13,12,2,0,0
石川,アパリゾート佳水郷,13,57.0,13,55.0,13,100.0,13,5,5,3,0,0,1,2,3,2,4,1,0,0,0,3,10,0,1,0,0,0,0,0,0,0,0,1,2,2,2,1,0,0,0,0,0,0,0,0,0,0,0,0,2,2,0,0,0,0,0,0,0,0,0,0,0,0,0,0,0,0,0,0,0,0,6,5,1,1,0,1,0,7,0,1,3,0,0,0,0,0,5,9,7,0,4,0,0,0,0,0,0,1,0,0,0,0,0,0,0,0,0,1,0,0,0,0,0,0,8,0,0,0,2,0,1,0,3,0,2,0,0,1,0,2,4,5,2,0,0
石川,アリヴィオホテル,1,4.0,1,4.0,1,8.0,1,0,1,0,0,0,0,0,0,1,0,0,0,0,0,0,1,0,0,0,0,0,0,0,0,0,0,0,0,0,0,1,0,0,0,0,0,0,0,0,0,0,0,0,0,0,0,0,0,0,0,0,0,0,0,0,0,0,0,0,0,0,0,0,0,0,0,0,1,0,1,0,0,0,0,0,0,0,0,0,0,0,0,0,0,0,0,0,0,0,0,0,0,0,0,0,0,0,0,0,0,0,0,0,0,0,0,0,0,0,1,0,0,0,0,0,0,0,0,0,0,0,0,0,0,0,0,1,0,0,0
石川,ウェスキーホテル / Weskii Hotel,3,15.0,3,12.0,3,26.0,3,2,1,0,0,0,1,1,1,0,0,0,0,0,0,1,2,0,0,0,0,0,0,0,0,0,0,0,0,0,0,0,0,0,0,0,0,0,0,0,2,0,0,0,1,0,0,0,0,0,0,0,0,0,0,0,0,0,0,0,0,0,0,0,0,0,0,1,0,2,0,0,0,0,0,0,1,0,1,0,0,0,0,0,0,0,0,0,0,0,0,0,0,0,0,0,0,0,0,0,0,0,0,2,0,0,0,0,0,0,2,0,0,0,1,0,1,0,2,0,0,0,1,0,0,1,0,2,0,0,0
石川,ウェルネスハウスSARAI,40,107.0,24,180.0,40,356.0,40,25,14,1,0,0,5,4,11,6,12,2,0,0,0,21,19,0,0,0,0,0,0,0,2,0,0,0,0,1,3,1,0,7,15,1,0,0,0,1,1,2,0,0,2,0,1,0,0,0,0,0,1,0,0,0,0,2,0,0,0,0,0,0,0,12,16,5,0,7,4,7,5,11,1,0,4,0,5,0,0,0,15,16,14,2,7,4,3,1,0,1,6,4,0,0,7,0,1,0,1,0,0,8,0,0,0,0,0,0,18,0,0,1,4,0,8,0,8,0,4,0,6,1,0,7,20,9,4,0,0
石川,ウｨンズ,1,5.0,1,5.0,1,10.0,1,1,0,0,0,0,0,0,0,0,1,0,0,0,0,1,0,0,0,0,0,0,0,0,0,0,0,0,1,0,0,0,0,0,0,0,0,0,0,0,0,0,0,0,0,0,0,0,0,0,0,0,0,0,0,0,0,0,0,0,0,0,0,0,0,0,0,0,0,1,0,0,0,1,0,0,0,0,0,0,0,0,0,0,1,0,0,0,0,0,0,0,0,0,0,0,0,0,0,0,0,0,0,0,0,0,0,0,0,0,1,0,0,0,0,0,0,0,0,0,0,0,0,0,0,0,0,1,0,0,0
石川,オーシャンズテラス柴垣,2,10.0,2,9.0,2,18.0,2,1,1,0,0,0,0,2,0,0,0,0,0,0,0,1,1,0,0,0,0,0,0,0,0,0,0,0,0,0,0,0,0,0,2,0,0,0,0,0,0,0,0,0,0,0,0,0,0,0,0,0,0,0,0,0,0,0,0,0,0,0,0,0,0,0,2,0,0,0,0,1,0,0,0,0,0,0,1,0,0,0,2,1,2,0,0,0,0,0,0,1,0,0,0,0,0,0,0,0,0,0,0,2,0,0,0,0,0,0,1,0,0,0,0,0,0,0,0,0,0,0,0,0,0,0,2,0,0,0,0
石川,オーベルジュ オーフ,7,32.0,7,33.0,7,62.0,7,5,1,1,0,0,2,2,2,1,0,0,0,0,0,3,4,0,0,0,0,0,0,0,0,0,0,0,0,0,1,0,0,0,5,0,0,0,0,0,0,0,0,0,1,0,0,0,0,0,0,0,0,0,0,0,0,0,0,0,0,0,0,0,0,3,3,1,0,0,0,2,0,4,0,0,1,0,0,0,0,0,1,0,4,0,1,0,0,0,0,0,0,0,0,0,1,0,0,0,0,0,0,4,0,0,0,0,0,0,3,0,0,0,2,0,2,0,3,0,0,0,0,0,0,0,3,3,1,0,0
石川,カキテラス波音,1,5.0,1,5.0,1,9.0,1,1,0,0,0,0,0,0,0,1,0,0,0,0,0,0,1,0,0,0,0,0,0,0,0,0,0,0,0,0,1,0,0,0,0,0,0,0,0,0,0,0,0,0,0,0,0,0,0,0,0,0,0,0,0,0,0,0,0,0,0,0,0,0,0,0,1,0,0,0,1,0,0,0,0,0,0,0,0,0,0,0,0,0,1,0,0,0,0,0,0,0,0,0,0,0,0,0,0,0,0,0,0,0,0,0,0,0,0,0,1,0,0,0,0,0,0,0,1,0,0,0,0,0,0,1,0,0,0,0,0
石川,カフェときどきバー・お宿　たけだ,1,5.0,1,5.0,1,10.0,1,1,0,0,0,0,0,0,1,0,0,0,0,0,0,0,1,0,0,0,0,0,0,0,0,0,0,0,0,0,0,0,0,0,0,0,0,0,0,0,0,0,0,1,0,0,0,0,0,0,0,0,0,0,0,0,0,0,0,0,0,0,0,0,0,0,0,0,0,1,0,0,0,0,0,0,0,0,1,0,0,0,0,0,1,0,0,1,0,0,0,1,0,1,0,0,0,0,0,0,0,0,0,0,0,0,0,0,0,0,1,0,0,0,0,0,0,0,0,0,0,0,0,0,0,0,0,1,0,0,0
石川,ガラス美術館,1,4.0,1,3.0,1,5.0,1,0,0,1,0,0,0,0,0,1,0,0,0,0,0,0,1,0,0,0,0,0,0,0,0,0,0,0,0,0,0,0,0,1,0,0,0,0,0,0,0,0,0,0,0,0,0,0,0,0,0,0,0,0,0,0,0,0,0,0,0,0,0,0,0,1,0,0,0,0,0,0,0,0,0,0,0,0,0,0,0,0,0,0,0,0,0,1,0,0,0,0,0,0,0,0,0,0,0,0,0,0,0,0,0,0,0,0,0,0,1,0,0,0,0,0,0,0,0,0,0,0,0,0,0,0,0,1,0,0,0
石川,ガーデンホテル金沢,184,811.0,184,755.0,184,1405.0,184,66,76,42,0,1,29,37,31,52,29,5,0,0,0,98,85,1,6,1,3,0,1,3,2,4,3,4,6,7,37,18,1,5,2,2,0,3,3,4,10,3,0,6,14,5,3,1,0,0,5,4,0,1,1,0,1,4,1,1,0,1,1,2,5,0,92,55,21,16,89,15,15,17,5,0,9,18,2,0,0,0,16,9,103,11,68,10,23,8,0,3,53,5,0,1,4,0,60,1,3,0,0,28,2,8,0,0,0,0,141,0,0,0,2,0,20,1,26,2,8,4,10,5,5,18,74,66,26,0,0
石川,キャッスル真名井,1,0,0,5.0,1,10.0,1,1,0,0,0,0,0,0,1,0,0,0,0,0,0,0,1,0,0,0,0,0,0,0,0,0,0,0,0,0,0,0,0,0,1,0,0,0,0,0,0,0,0,0,0,0,0,0,0,0,0,0,0,0,0,0,0,0,0,0,0,0,0,0,0,0,1,0,0,0,0,0,1,0,0,0,0,0,0,0,0,0,1,0,0,0,0,0,0,0,0,0,0,0,0,0,0,0,0,0,0,0,0,0,0,0,0,0,0,0,0,0,0,0,0,0,0,0,1,0,0,0,0,0,0,1,0,0,0,0,0
石川,グランドホテル白山,12,48.0,11,53.0,12,100.0,12,7,3,2,0,0,1,1,3,5,1,1,0,0,0,9,3,0,0,0,0,0,0,0,0,0,0,0,0,0,2,0,1,0,1,0,0,0,2,0,3,1,0,0,1,0,0,0,1,0,0,0,0,0,0,0,0,0,0,0,0,0,0,0,0,0,6,1,1,4,4,0,1,1,0,0,1,3,1,0,0,0,1,1,5,0,2,1,1,0,0,0,1,0,0,0,0,0,5,0,0,0,0,1,0,0,0,0,0,0,8,0,0,0,1,0,2,0,3,0,0,0,1,0,0,2,6,4,0,0,0
石川,ケロンの小さな村,3,15.0,3,14.0,3,29.0,3,3,0,0,0,0,0,1,0,1,1,0,0,0,0,1,2,0,0,0,0,0,0,0,0,0,0,0,1,1,0,0,0,0,1,0,0,0,0,0,0,0,0,0,0,0,0,0,0,0,0,0,0,0,0,0,0,0,0,0,0,0,0,0,0,1,2,0,0,0,0,0,0,0,0,0,0,1,1,0,0,0,0,0,1,0,1,0,0,0,0,0,0,1,0,0,0,0,0,0,1,0,0,1,0,0,0,0,0,0,0,0,0,0,0,0,0,0,1,0,0,1,0,0,0,1,2,0,0,0,0
石川,ゲストハウスおちゃかれ,5,24.0,5,23.0,5,41.0,5,2,2,1,0,0,3,0,1,1,0,0,0,0,0,3,2,0,0,0,0,0,0,0,0,0,0,0,0,0,0,0,4,0,0,0,0,0,0,0,1,0,0,0,0,0,0,0,0,0,0,0,0,0,0,0,0,0,0,0,0,0,0,0,0,0,1,4,0,0,0,0,1,0,0,0,1,0,0,0,0,0,0,1,4,1,2,0,0,2,0,0,2,1,0,0,0,0,0,0,0,0,0,0,0,0,0,0,0,0,3,0,0,0,1,0,1,0,1,0,0,0,1,0,0,2,0,2,1,0,0
石川,ゲストハウス黒島,7,31.0,7,30.0,7,48.0,7,3,0,4,0,0,1,1,3,1,1,0,0,0,0,4,3,0,0,0,0,0,0,0,0,0,0,0,0,0,2,0,0,0,1,0,0,0,0,0,0,0,0,0,1,2,0,0,0,0,0,0,0,0,0,0,0,0,0,0,0,0,0,0,1,0,3,2,1,1,1,0,1,2,0,0,0,0,0,0,0,0,0,0,3,0,2,1,0,0,0,0,3,0,0,0,0,0,1,0,0,0,0,3,0,1,0,0,0,0,4,0,0,0,0,0,0,0,5,0,0,0,1,0,0,0,2,3,2,0,0
石川,ゲストルーム心音-金澤表参道-,8,37.0,8,34.0,8,71.0,8,5,2,1,0,0,4,3,0,1,0,0,0,0,0,4,4,0,0,0,0,0,0,0,0,0,0,0,0,1,0,0,0,0,3,1,0,0,1,0,0,0,0,0,1,0,0,0,0,0,0,0,0,0,0,0,0,0,0,1,0,0,0,0,0,0,6,2,0,0,0,3,1,0,0,0,0,1,2,0,0,0,4,0,5,0,2,1,1,0,0,0,5,1,0,0,1,0,0,0,0,0,0,2,0,2,0,0,0,0,5,0,0,0,0,0,0,0,2,0,0,0,0,0,1,1,5,1,1,0,0
石川,ゲストルーム金沢心音,6,24.0,5,27.0,6,57.0,6,5,1,0,0,0,1,1,4,0,0,0,0,0,0,3,3,0,0,0,0,0,0,0,0,0,0,0,0,0,0,0,1,0,0,0,0,0,0,0,4,0,0,0,0,0,0,0,0,0,0,1,0,0,0,0,0,0,0,0,0,0,0,0,0,0,3,2,1,0,0,0,5,0,0,0,0,0,0,0,0,0,0,1,4,0,3,0,1,1,0,0,3,0,0,0,0,0,1,0,0,0,0,0,0,0,0,0,0,0,5,0,0,0,1,0,1,0,2,0,0,1,0,0,0,0,2,3,1,0,0
石川,コスモアイル羽咋,560,2510.0,560,2447.0,560,4565.0,560,254,220,86,0,18,69,90,115,125,101,38,4,0,0,228,311,21,4,0,0,3,1,0,3,6,7,15,20,21,60,29,5,44,64,16,1,10,25,11,97,9,4,10,47,27,1,0,1,1,3,4,1,0,1,2,0,2,0,2,1,1,0,0,1,193,120,146,62,39,72,31,51,143,47,0,45,11,81,0,0,0,89,119,209,17,181,148,82,20,0,11,93,11,0,1,50,0,12,1,3,1,0,50,0,33,6,0,5,0,198,0,0,0,22,0,91,1,88,5,118,24,93,19,21,129,220,147,64,0,0
石川,コテージ　デジャブ,1,5.0,1,5.0,1,10.0,1,1,0,0,0,0,0,1,0,0,0,0,0,0,0,0,1,0,0,0,0,0,0,0,0,0,0,0,0,0,0,0,0,0,1,0,0,0,0,0,0,0,0,0,0,0,0,0,0,0,0,0,0,0,0,0,0,0,0,0,0,0,0,0,0,0,1,0,0,0,0,1,0,0,0,0,0,0,0,0,0,0,1,0,1,0,0,0,0,0,0,0,0,0,0,0,0,0,0,0,0,0,0,0,0,0,0,0,0,0,1,0,0,0,0,0,0,0,0,0,0,0,0,0,0,1,0,0,0,0,0
石川,コテージ　ハーベスト,1,5.0,1,5.0,1,10.0,1,1,0,0,0,0,0,0,0,0,1,0,0,0,0,0,1,0,0,0,0,0,0,0,0,0,0,0,0,0,0,0,0,1,0,0,0,0,0,0,0,0,0,0,0,0,0,0,0,0,0,0,0,0,0,0,0,0,0,0,0,0,0,0,0,0,0,1,0,0,0,0,0,0,0,0,0,0,0,0,0,0,1,0,1,1,1,1,0,0,0,0,0,0,0,0,0,0,0,0,0,0,0,0,0,0,0,0,0,0,1,0,0,0,0,0,0,0,0,0,0,0,0,0,0,0,0,1,0,0,0
石川,サイエンスヒルズこまつ ひととものづくり科学館,71,311.0,71,314.0,71,598.0,71,40,23,8,0,3,4,20,26,14,3,1,0,0,0,23,47,1,0,1,0,0,0,0,0,0,0,0,1,1,3,2,0,4,46,3,0,0,1,3,0,0,1,1,1,2,0,0,0,1,0,0,0,0,0,0,0,0,0,0,0,0,0,0,0,48,8,7,7,1,8,1,6,5,1,0,2,4,39,0,0,0,6,7,20,2,8,25,9,8,0,1,9,8,0,0,5,0,2,0,1,0,0,10,0,6,0,0,3,0,30,0,0,0,1,0,4,0,21,0,16,3,2,1,5,10,27,25,9,0,0
石川,サンシティーホテル山代,19,81.0,19,81.0,19,140.0,19,7,7,5,0,0,0,8,5,5,1,0,0,0,0,6,13,0,0,0,0,0,1,0,0,0,0,0,1,0,1,0,0,0,0,2,0,0,1,0,5,0,1,1,4,1,0,0,0,0,0,0,0,0,0,0,0,1,0,0,0,0,0,0,0,0,8,3,4,4,1,1,1,4,0,0,0,3,9,0,0,0,3,10,11,1,4,6,2,1,0,0,2,0,0,0,0,0,3,0,0,1,1,3,0,3,0,0,0,0,12,0,0,0,0,0,1,0,1,0,1,1,1,2,3,0,6,10,3,0,0
石川,ザ・スクエアホテル金沢,29,138.0,29,131.0,29,265.0,29,21,7,1,0,0,5,10,5,5,4,0,0,0,0,7,22,0,0,0,0,1,0,0,0,0,0,1,4,3,5,5,0,0,0,0,0,0,0,0,0,0,0,0,3,2,1,0,0,0,0,1,0,0,0,0,0,1,0,0,0,1,0,1,0,0,16,11,1,1,1,4,8,6,0,0,5,2,0,1,0,0,5,3,22,3,12,0,2,1,0,0,14,3,0,0,1,0,3,0,0,2,2,10,0,2,0,0,2,0,18,0,0,0,0,0,5,0,3,1,6,3,4,1,1,6,11,8,4,0,0
石川,シモグチ,1,4.0,1,3.0,1,7.0,1,0,1,0,0,0,0,0,0,0,1,0,0,0,0,1,0,0,0,0,0,0,0,0,0,0,0,0,1,0,0,0,0,0,0,0,0,0,0,0,0,0,0,0,0,0,0,0,0,0,0,0,0,0,0,0,0,0,0,0,0,0,0,0,0,0,0,0,1,0,1,0,0,0,0,0,0,0,0,0,0,0,0,0,0,0,1,0,0,0,0,0,0,0,0,0,0,0,0,0,0,0,0,0,0,0,0,0,0,0,1,0,0,0,0,0,0,0,0,0,0,0,0,0,0,1,0,0,0,0,0
石川,シルクロ陶芸体験工房,2,10.0,2,10.0,2,20.0,2,2,0,0,0,0,0,1,1,0,0,0,0,0,0,2,0,0,0,0,0,0,0,0,0,0,0,0,0,0,0,0,0,0,1,0,0,0,0,0,0,0,0,0,1,0,0,0,0,0,0,0,0,0,0,0,0,0,0,0,0,0,0,0,0,0,1,1,0,0,0,0,0,0,0,0,0,0,2,0,0,0,1,2,2,0,0,0,0,0,0,0,1,1,0,0,0,0,0,0,0,0,0,0,0,1,0,0,0,0,0,0,0,0,0,0,1,0,0,0,0,0,1,0,0,0,1,1,0,0,0
石川,シーサイドヴィラ渤海,1,0,0,5.0,1,10.0,1,1,0,0,0,0,0,0,0,1,0,0,0,0,0,1,0,0,0,0,0,0,0,0,0,0,0,0,1,0,0,0,0,0,0,0,0,0,0,0,0,0,0,0,0,0,0,0,0,0,0,0,0,0,0,0,0,0,0,0,0,0,0,0,0,0,0,1,0,0,0,0,0,1,0,0,0,0,0,0,0,0,1,1,1,0,0,0,0,0,0,0,0,0,0,0,0,0,0,0,0,0,0,0,0,0,0,0,0,0,1,0,0,0,0,0,0,0,0,0,0,0,0,0,0,0,0,0,1,0,0
石川,スマイルホテルプレミアム金沢東口駅前,5,21.0,5,23.0,5,44.0,5,2,3,0,0,0,1,0,1,2,1,0,0,0,0,2,3,0,1,0,0,0,0,0,0,0,0,0,0,0,2,0,0,0,1,0,0,0,0,0,0,0,0,0,0,1,0,0,0,0,0,0,0,0,0,0,0,0,0,0,0,0,0,0,0,0,3,2,0,0,4,0,0,0,0,0,0,0,1,0,0,0,0,0,3,0,1,0,0,0,0,0,1,0,0,0,0,0,3,0,0,0,0,0,0,0,0,0,0,0,4,0,0,0,0,0,0,0,1,0,1,0,0,0,0,1,1,2,1,0,0
石川,スマイルホテル金沢西口駅前,8,38.0,8,36.0,8,66.0,8,3,4,1,0,0,1,1,2,2,1,0,0,1,0,4,3,1,2,0,0,0,0,1,0,0,0,1,0,1,3,0,0,0,0,0,0,0,0,0,0,0,0,0,0,0,0,0,0,0,0,0,0,0,0,0,0,0,0,0,0,0,0,0,0,0,3,5,0,0,0,2,0,3,1,0,1,0,0,0,0,0,2,4,6,2,6,0,2,0,0,0,3,0,0,0,0,0,0,0,0,0,0,1,0,1,0,0,0,0,4,0,0,0,2,0,2,0,0,0,2,1,3,1,0,2,3,2,1,0,0
石川,スーパーホテルPremier金沢駅東口,302,1367.0,302,1330.0,302,2552.0,302,161,109,32,0,9,47,56,64,69,49,5,3,0,0,149,149,4,2,1,1,4,1,5,0,3,5,5,17,17,53,29,8,3,2,2,3,9,7,10,28,4,1,14,26,13,4,2,2,0,2,1,1,0,2,0,0,5,2,0,3,3,0,2,0,1,111,131,30,29,51,24,37,61,2,0,18,46,19,7,0,0,51,68,168,22,131,15,24,12,0,7,70,9,0,3,7,0,63,3,2,2,2,48,0,13,2,0,5,0,206,0,0,0,9,0,53,0,56,4,22,11,24,8,3,36,120,98,48,0,0
石川,スーパーホテル石川・能美根上スマートインター,34,152.0,34,153.0,34,280.0,34,18,10,6,0,1,1,6,5,16,3,0,2,0,0,15,19,0,0,0,0,0,0,0,0,0,2,0,1,2,0,2,0,0,3,0,0,1,1,2,6,0,3,2,5,3,0,0,0,0,0,0,0,1,0,0,0,0,0,0,0,0,0,0,0,0,16,10,3,5,7,3,0,9,0,0,4,3,3,0,0,0,5,6,8,0,2,2,1,1,0,2,1,0,0,0,3,0,11,0,0,0,0,1,0,1,0,0,0,0,27,0,0,0,0,0,2,0,4,1,2,0,2,0,2,4,16,11,3,0,0
石川,セミナーハウスあいりす,1,4.0,1,4.0,1,10.0,1,1,0,0,0,0,0,0,0,0,1,0,0,0,0,1,0,0,0,0,0,0,0,0,0,0,0,0,0,0,0,0,0,0,1,0,0,0,0,0,0,0,0,0,0,0,0,0,0,0,0,0,0,0,0,0,0,0,0,0,0,0,0,0,0,0,0,0,1,0,0,0,0,0,0,0,0,0,0,0,0,0,0,0,0,0,0,0,0,0,0,0,0,0,0,1,0,0,0,1,0,0,0,0,0,0,0,0,0,0,0,0,0,0,0,0,0,0,1,0,0,0,0,0,0,0,1,0,0,0,0
石川,セミナーハウス望岳苑,3,13.0,3,12.0,3,25.0,3,2,0,1,0,0,0,0,0,3,0,0,0,0,0,1,2,0,0,0,0,0,0,0,0,0,0,0,0,0,0,1,0,0,0,0,0,1,0,0,0,0,0,0,1,0,0,0,0,0,0,0,0,0,0,0,0,0,0,0,0,0,0,0,0,0,1,2,0,0,0,1,0,0,0,0,0,0,0,0,0,0,1,1,1,1,1,0,0,1,0,2,0,0,0,0,0,0,0,0,0,0,0,0,0,0,0,0,0,0,2,0,0,0,0,0,0,0,1,0,0,0,0,1,0,1,2,0,0,0,0
石川,センターポイント金沢,1,5.0,1,4.0,1,8.0,1,0,1,0,0,0,0,0,1,0,0,0,0,0,0,0,1,0,0,0,0,0,0,0,0,0,0,0,0,0,0,1,0,0,0,0,0,0,0,0,0,0,0,0,0,0,0,0,0,0,0,0,0,0,0,0,0,0,0,0,0,0,0,0,0,0,0,1,0,0,0,0,0,0,0,0,0,0,0,0,0,0,0,0,1,0,0,0,0,0,0,0,1,0,0,0,0,0,0,0,0,0,0,0,0,0,0,0,0,0,1,0,0,0,0,0,0,0,0,0,0,0,0,0,0,0,0,1,0,0,0
石川,タイムズカーレンタル 金沢駅店,12,56.0,12,49.0,12,100.0,12,7,2,3,0,0,3,2,2,2,3,0,0,0,0,9,3,0,1,0,0,0,0,0,0,0,0,0,1,2,3,1,0,0,0,0,0,0,0,0,0,0,1,0,1,0,0,0,0,0,1,0,0,0,0,0,0,0,0,0,1,0,0,0,0,1,1,5,3,2,3,2,3,0,0,0,1,1,0,0,0,0,3,2,7,3,3,2,2,0,0,1,5,0,0,0,1,0,3,0,2,0,0,2,0,1,0,0,1,0,6,0,0,0,1,0,1,0,3,0,0,1,1,0,1,4,5,1,2,0,0
石川,タウンホテル・フォーティワン,7,22.0,5,32.0,7,61.0,7,4,2,1,0,0,1,3,2,1,0,0,0,0,0,2,5,0,0,0,0,0,0,0,0,0,0,0,1,0,2,0,1,0,2,0,0,0,1,0,0,0,0,0,0,0,0,0,0,0,0,0,0,0,0,0,0,0,0,0,0,0,0,0,0,1,4,2,0,0,4,2,1,0,0,0,0,0,0,0,0,0,0,0,5,0,1,0,2,0,0,0,3,0,0,0,0,0,0,0,0,0,0,4,0,3,0,0,0,0,3,0,0,0,1,0,1,0,2,0,0,0,2,0,0,0,4,3,0,0,0
石川,タオヤ和倉,1,5.0,1,5.0,1,10.0,1,1,0,0,0,0,0,0,1,0,0,0,0,0,0,0,1,0,0,0,0,0,0,0,0,0,0,0,0,0,0,0,0,0,0,0,0,0,0,0,0,0,0,0,0,0,0,0,0,0,0,0,0,0,1,0,0,0,0,0,0,0,0,0,0,0,1,0,0,0,1,0,0,0,0,0,0,0,0,0,0,0,1,1,1,0,0,1,0,0,0,0,0,0,0,0,0,0,0,0,0,0,0,0,0,0,0,0,0,0,1,0,0,0,0,0,0,0,0,0,0,0,0,0,0,0,1,0,0,0,0
石川,ダイヤモンド片山津温泉ソサエティ,8,19.0,4,32.0,8,64.0,8,2,6,0,0,0,0,1,2,1,3,1,0,0,0,2,5,1,0,0,0,0,0,0,0,0,0,0,0,0,1,0,0,0,3,0,0,0,0,0,3,0,0,0,0,0,0,0,0,0,0,0,0,0,0,0,0,1,0,0,0,0,0,0,0,0,5,0,3,0,0,0,1,4,0,0,0,0,3,0,0,0,4,7,4,1,1,1,2,0,0,0,0,0,0,0,0,0,0,0,0,0,0,2,0,1,0,0,0,0,4,0,0,0,0,0,1,0,2,0,1,1,1,1,0,2,2,2,2,0,0
石川,ダイワロイネットホテル金沢MIYABI,174,646.0,139,782.0,174,1505.0,174,105,52,17,0,4,35,44,33,36,19,3,0,0,0,63,109,2,4,0,0,5,0,0,3,6,2,1,10,6,36,10,5,1,5,0,0,3,3,4,13,3,1,7,21,8,0,0,0,0,2,3,0,1,0,0,1,6,0,0,0,0,2,1,1,1,86,54,20,13,12,21,19,42,0,1,18,18,19,2,0,0,36,29,116,15,82,9,22,5,0,1,57,14,0,1,0,0,22,1,1,1,0,36,0,14,3,0,3,0,108,0,0,0,14,0,40,0,27,1,13,6,21,2,2,22,62,63,27,0,0
石川,チサンバジェット金沢駅前,206,466.0,109,793.0,206,1505.0,206,65,77,64,0,2,29,37,48,71,17,2,0,0,0,122,79,5,4,0,0,1,3,1,2,4,0,1,8,11,34,18,10,5,12,3,0,6,0,3,10,1,1,12,21,4,3,1,1,1,2,7,0,0,3,1,0,3,2,2,4,0,0,1,0,1,75,57,27,46,93,10,14,18,5,0,7,43,0,1,0,0,16,13,76,7,46,3,23,5,0,2,41,3,0,6,1,0,88,6,2,1,1,17,1,11,1,0,1,0,128,0,0,0,6,0,18,1,37,4,15,9,17,4,18,31,72,82,21,0,0
石川,テルメ金沢,1,5.0,1,5.0,1,10.0,1,1,0,0,0,0,1,0,0,0,0,0,0,0,0,1,0,0,0,0,0,0,0,0,0,0,0,0,0,0,1,0,0,0,0,0,0,0,0,0,0,0,0,0,0,0,0,0,0,0,0,0,0,0,0,0,0,0,0,0,0,0,0,0,0,0,0,1,0,0,1,0,0,0,0,0,0,0,0,0,0,0,0,0,0,0,0,0,0,1,0,0,0,0,0,0,0,0,0,0,0,0,0,0,0,0,0,0,0,0,1,0,0,0,0,0,0,0,0,0,0,0,0,0,0,0,1,0,0,0,0
石川,トリフィートホテル&ポッド金沢百万石通,151,528.0,117,658.0,151,1303.0,151,84,57,10,0,1,26,23,29,52,17,3,0,0,0,69,81,1,3,0,0,1,1,0,1,6,2,1,3,8,30,14,3,3,7,5,1,7,0,1,15,1,0,4,19,7,0,0,0,0,0,0,1,0,0,0,0,3,0,1,3,0,0,0,0,0,61,51,15,24,82,4,23,9,1,0,3,6,4,2,0,0,15,16,90,14,53,9,15,4,0,3,46,4,0,3,4,0,17,3,3,3,2,26,0,8,0,0,3,0,108,0,1,0,6,0,20,0,21,2,17,11,13,4,4,26,67,36,22,0,0
石川,トレインパーク白山,733,3281.0,733,3222.0,733,6093.0,733,350,296,87,0,8,72,290,192,116,46,9,0,0,0,345,375,13,2,0,0,6,1,2,1,5,6,2,22,15,83,33,7,93,141,53,0,9,25,7,63,5,14,20,49,31,6,5,0,2,3,5,2,1,0,0,4,6,1,0,2,1,0,0,0,267,175,151,65,75,69,27,28,61,5,0,27,3,455,0,0,0,92,119,260,20,126,389,81,36,0,12,75,17,0,2,40,0,13,2,9,7,5,162,0,49,2,0,7,0,358,0,0,0,44,0,112,0,149,2,72,15,71,21,20,74,288,270,101,0,0
石川,トレジャーふぁーむ,6,26.0,6,26.0,6,52.0,6,4,2,0,0,1,0,1,2,1,1,0,0,0,0,0,6,0,0,0,0,0,0,0,0,0,0,0,0,0,0,1,0,0,4,1,0,0,0,0,0,0,0,0,0,0,0,0,0,0,0,0,0,0,0,0,0,0,0,0,0,0,0,0,0,6,0,0,0,0,0,0,0,0,1,0,0,0,3,0,0,0,0,0,2,1,0,0,0,0,0,1,0,1,0,0,0,0,0,0,0,0,0,1,0,0,0,0,1,0,4,0,0,0,0,0,0,0,1,0,0,0,0,0,0,1,3,2,0,0,0
石川,トレーラーハウスのと　牡蠣の宿ike,4,18.0,4,16.0,4,30.0,4,1,2,1,0,0,0,0,2,1,1,0,0,0,0,2,2,0,0,0,0,0,0,0,0,0,0,0,0,0,0,0,0,2,0,1,0,0,0,0,0,0,0,1,0,0,0,0,0,0,0,0,0,0,0,0,0,0,0,0,0,0,0,0,0,1,1,2,0,0,0,0,1,2,0,0,0,0,1,0,0,0,0,0,3,0,0,0,0,1,0,0,1,0,0,1,1,0,0,1,0,0,0,0,0,0,0,0,0,0,4,0,0,0,0,0,0,0,0,0,1,0,0,0,0,0,1,2,1,0,0
石川,ドーミーイン金沢,1,5.0,1,5.0,1,10.0,1,1,0,0,0,0,0,1,0,0,0,0,0,0,0,0,1,0,0,0,0,0,0,0,0,0,0,0,0,0,0,0,0,0,0,0,0,0,0,0,0,0,0,0,1,0,0,0,0,0,0,0,0,0,0,0,0,0,0,0,0,0,0,0,0,0,0,1,0,0,1,0,0,0,0,0,0,0,0,0,0,0,1,0,1,0,0,0,1,0,0,0,0,0,0,0,0,0,0,0,0,0,0,0,0,0,0,0,0,0,0,0,0,0,1,0,1,0,0,0,0,0,1,0,0,0,0,1,0,0,0
石川,ニッポンレンタカー 金沢営業所,1,5.0,1,5.0,1,10.0,1,1,0,0,0,0,0,0,1,0,0,0,0,0,0,1,0,0,0,0,0,0,0,0,0,0,0,0,0,0,0,0,0,0,1,0,0,0,0,0,0,0,0,0,0,0,0,0,0,0,0,0,0,0,0,0,0,0,0,0,0,0,0,0,0,0,1,0,0,0,0,0,0,0,0,0,1,0,0,0,0,0,1,1,0,0,0,0,0,0,0,0,0,0,0,0,0,0,0,0,0,0,0,0,0,0,0,0,0,0,1,0,0,0,0,0,0,0,0,0,1,0,1,0,0,0,0,0,1,0,0
石川,ニュー松任ターミナルホテル,1,4.0,1,4.0,1,9.0,1,1,0,0,0,0,0,1,0,0,0,0,0,0,0,1,0,0,0,0,0,0,0,0,0,0,0,0,0,0,1,0,0,0,0,0,0,0,0,0,0,0,0,0,0,0,0,0,0,0,0,0,0,0,0,0,0,0,0,0,0,0,0,0,0,0,1,0,0,0,0,1,0,0,0,0,0,0,0,0,0,0,1,0,1,0,0,0,0,0,0,0,0,0,0,0,0,0,0,0,0,0,0,0,0,0,0,0,0,0,1,0,0,0,0,0,0,0,0,0,0,0,0,0,0,0,1,0,0,0,0
石川,ハイパーホテル小松,19,47.0,13,76.0,19,139.0,19,7,5,7,0,0,4,5,3,6,1,0,0,0,0,13,6,0,0,0,0,0,0,0,0,0,0,0,2,1,4,2,0,0,0,1,0,0,0,1,1,0,2,1,1,1,0,0,0,0,1,0,0,0,1,0,0,0,0,0,0,0,0,0,0,0,7,7,2,3,10,0,2,2,0,0,0,2,0,1,0,0,3,2,8,1,5,3,2,2,0,0,7,0,0,0,0,0,6,0,0,0,0,2,0,1,0,0,0,0,13,0,0,0,1,0,1,0,1,0,1,0,2,0,2,1,10,6,2,0,0
石川,ハートランドヒルズin能登,1,4.0,1,4.0,1,9.0,1,1,0,0,0,0,0,0,0,1,0,0,0,0,0,1,0,0,0,0,0,0,0,0,0,0,0,0,0,0,0,1,0,0,0,0,0,0,0,0,0,0,0,0,0,0,0,0,0,0,0,0,0,0,0,0,0,0,0,0,0,0,0,0,0,0,0,0,1,0,0,0,0,0,0,0,0,0,1,0,0,0,0,1,1,0,0,0,0,0,0,0,0,0,0,0,0,0,0,0,0,0,0,0,0,0,0,0,0,0,0,0,0,0,0,0,0,0,1,0,0,0,0,0,0,0,1,0,0,0,0
石川,ハートランドヒルズin能登いおりリゾート,1,5.0,1,5.0,1,10.0,1,1,0,0,0,0,0,0,0,0,1,0,0,0,0,1,0,0,0,0,0,0,0,0,0,0,0,0,0,0,0,1,0,0,0,0,0,0,0,0,0,0,0,0,0,0,0,0,0,0,0,0,0,0,0,0,0,0,0,0,0,0,0,0,0,0,1,0,0,0,0,0,0,1,0,0,0,0,0,0,0,0,1,1,1,0,0,0,0,0,0,0,0,0,0,0,0,0,0,0,0,0,0,0,0,0,0,0,0,0,0,0,0,0,0,0,0,0,0,0,0,0,0,0,1,0,0,1,0,0,0
石川,ハーブの里・響きの森ミントレイノ,1,4.0,1,4.0,1,5.0,1,0,0,1,0,0,0,0,0,0,1,0,0,0,0,0,1,0,0,0,0,0,0,0,0,0,0,0,0,0,0,0,0,0,1,0,0,0,0,0,0,0,0,0,0,0,0,0,0,0,0,0,0,0,0,0,0,0,0,0,0,0,0,0,0,1,0,0,0,0,0,0,1,0,0,0,0,0,0,0,0,0,0,0,1,0,0,0,0,0,0,0,0,1,0,0,0,0,0,0,0,0,0,0,0,0,0,0,0,0,0,0,0,0,0,0,0,0,1,0,0,0,0,0,0,1,0,0,0,0,0
石川,パーク獅子吼,1,5.0,1,4.0,1,9.0,1,1,0,0,0,0,0,1,0,0,0,0,0,0,0,0,1,0,0,0,0,0,0,0,0,0,0,0,0,0,1,0,0,0,0,0,0,0,0,0,0,0,0,0,0,0,0,0,0,0,0,0,0,0,0,0,0,0,0,0,0,0,0,0,0,0,1,0,0,0,0,0,0,0,0,0,0,0,1,0,0,0,0,0,1,0,0,0,0,0,0,0,1,0,0,0,0,0,0,0,0,0,0,1,0,1,0,0,0,0,1,0,0,0,0,0,0,0,0,0,0,0,0,1,0,0,0,1,0,0,0
石川,ビジネスホテル はしみ荘　本館高浜,1,4.0,1,4.0,1,6.0,1,0,0,1,0,0,0,0,1,0,0,0,0,0,0,1,0,0,0,0,0,0,0,0,0,0,0,0,0,0,0,0,0,0,0,0,0,0,0,0,0,0,0,0,0,0,0,1,0,0,0,0,0,0,0,0,0,0,0,0,0,0,0,0,0,0,0,0,0,1,0,0,0,0,0,0,0,1,0,0,0,0,0,0,0,0,0,0,0,0,0,0,0,0,0,0,0,0,1,0,0,0,0,0,0,0,0,0,0,0,0,0,0,0,0,0,0,0,1,0,0,0,0,0,0,0,1,0,0,0,0
石川,ビジネスホテル やまぐち,1,4.0,1,4.0,1,8.0,1,0,1,0,0,0,0,1,0,0,0,0,0,0,0,1,0,0,0,0,0,0,0,0,0,0,0,0,0,0,0,1,0,0,0,0,0,0,0,0,0,0,0,0,0,0,0,0,0,0,0,0,0,0,0,0,0,0,0,0,0,0,0,0,0,0,0,0,1,0,1,0,0,0,0,0,0,0,0,0,0,0,0,0,1,0,1,0,1,0,0,0,0,0,0,0,1,0,0,0,0,0,0,0,0,0,0,0,0,0,1,0,0,0,0,0,0,0,0,0,0,0,0,0,0,0,0,1,0,0,0
石川,ビジネスホテル　レマン,9,40.0,9,38.0,9,61.0,9,3,2,4,0,0,1,2,1,5,0,0,0,0,0,4,5,0,0,0,0,1,0,0,0,0,0,0,0,0,1,1,0,0,0,1,0,0,0,1,0,1,1,0,1,0,1,0,0,0,0,0,0,0,0,0,0,0,0,0,0,0,0,0,0,0,5,2,0,2,2,1,2,2,0,0,0,1,1,0,0,0,0,0,4,1,3,1,1,0,0,0,2,0,0,0,1,0,2,0,0,0,0,1,0,0,0,0,0,0,6,0,0,0,0,0,1,0,1,0,0,1,0,0,0,1,5,2,1,0,0
石川,ビジネスホテル　羽音碧々,3,12.0,3,12.0,3,18.0,3,1,0,2,0,0,0,0,2,1,0,0,0,0,0,2,1,0,0,0,0,0,0,0,0,0,0,0,0,0,1,0,0,0,1,0,0,0,0,0,0,0,0,0,0,0,0,0,0,0,0,0,0,0,0,0,0,0,0,1,0,0,0,0,0,0,1,1,1,0,1,0,1,0,0,0,0,1,0,0,0,0,1,1,2,0,0,0,0,1,0,0,0,0,0,0,0,0,1,0,0,0,0,1,0,1,0,0,0,0,1,0,0,0,1,0,1,0,0,0,1,0,1,2,0,1,1,1,0,0,0
石川,ピュア涌泉寺,8,38.0,8,38.0,8,77.0,8,7,1,0,0,0,0,0,3,3,1,1,0,0,0,3,5,0,0,0,0,0,0,0,0,0,0,0,0,0,1,0,0,0,4,1,0,0,0,0,0,0,0,1,1,0,0,0,0,0,0,0,0,0,0,0,0,0,0,0,0,0,0,0,0,5,0,1,0,2,3,2,1,0,0,0,0,0,0,0,0,0,1,7,2,1,0,0,1,0,0,0,0,0,0,0,0,0,0,0,0,0,0,0,0,0,0,0,0,0,3,0,0,0,0,0,0,0,4,0,0,0,1,0,1,4,1,2,1,0,0
石川,フォーポイント フレックス by シェラトン 金沢,2,10.0,2,7.0,2,16.0,2,1,0,1,0,0,0,1,1,0,0,0,0,0,0,1,1,0,0,0,0,0,0,0,0,0,0,0,1,0,0,0,0,0,0,0,0,0,0,0,0,0,0,0,0,0,0,0,0,0,0,0,0,0,0,0,0,1,0,0,0,0,0,0,0,0,1,1,0,0,0,0,0,0,0,0,0,2,0,0,0,0,1,1,2,0,1,0,0,0,0,0,0,0,0,0,0,0,1,0,0,0,0,0,0,0,0,0,0,0,1,0,0,0,0,0,0,1,0,0,0,0,0,0,0,0,0,2,0,0,0
石川,ペットと泊れる宿ひがし茶屋街　夢見草,2,9.0,2,9.0,2,17.0,2,1,1,0,0,0,1,0,0,1,0,0,0,0,0,0,2,0,0,0,0,0,0,0,0,0,0,0,2,0,0,0,0,0,0,0,0,0,0,0,0,0,0,0,0,0,0,0,0,0,0,0,0,0,0,0,0,0,0,0,0,0,0,0,0,0,2,0,0,0,0,0,2,0,0,0,0,0,0,0,0,0,0,0,2,0,1,0,0,0,0,0,1,0,0,0,0,0,0,0,0,0,0,0,0,0,0,0,0,0,2,0,0,0,0,0,0,0,1,0,0,0,0,0,0,0,1,1,0,0,0
石川,ペンシオーネセイモア,2,9.0,2,9.0,2,16.0,2,1,0,1,0,0,0,1,1,0,0,0,0,0,0,2,0,0,0,0,0,0,0,0,0,0,0,0,0,0,0,0,0,0,1,1,0,0,0,0,0,0,0,0,0,0,0,0,0,0,0,0,0,0,0,0,0,0,0,0,0,0,0,0,0,1,1,0,0,0,0,0,0,1,0,0,0,0,1,0,0,0,1,1,0,0,0,0,0,0,0,0,0,0,0,0,1,0,0,0,0,0,0,1,0,0,0,0,0,0,1,0,0,0,0,0,0,0,1,0,0,0,0,0,0,0,1,1,0,0,0
石川,ペンション il Pino,3,15.0,3,13.0,3,23.0,3,1,1,1,0,0,1,1,0,0,0,1,0,0,0,1,2,0,0,0,0,0,0,0,0,0,0,0,1,0,0,0,0,0,0,0,0,0,0,0,0,0,0,0,0,2,0,0,0,0,0,0,0,0,0,0,0,0,0,0,0,0,0,0,0,0,0,1,2,0,0,0,1,0,0,0,0,0,1,0,0,0,0,0,2,1,1,0,1,1,0,0,0,0,0,0,0,0,0,0,0,0,0,0,0,0,0,0,0,0,2,0,0,0,0,0,0,0,0,0,2,0,0,0,0,1,1,1,0,0,0
石川,ペンション il Pino（イル・ピーノ）,2,9.0,2,9.0,2,17.0,2,1,1,0,0,0,0,0,2,0,0,0,0,0,0,1,1,0,0,0,0,0,0,0,0,0,0,0,0,0,0,0,0,0,0,0,0,0,1,1,0,0,0,0,0,0,0,0,0,0,0,0,0,0,0,0,0,0,0,0,0,0,0,0,0,0,1,0,0,1,1,0,0,1,0,0,0,0,0,0,0,0,1,1,1,0,0,0,1,1,0,0,1,0,0,0,1,0,0,0,0,0,0,0,0,0,0,0,0,0,1,0,0,0,0,0,0,0,0,1,0,0,0,0,0,1,0,1,0,0,0
石川,ペンションタイムリー,1,0,0,5.0,1,10.0,1,1,0,0,0,0,0,1,0,0,0,0,0,0,0,0,1,0,0,0,0,0,0,0,0,0,0,0,0,0,0,0,0,0,1,0,0,0,0,0,0,0,0,0,0,0,0,0,0,0,0,0,0,0,0,0,0,0,0,0,0,0,0,0,0,0,1,0,0,0,0,1,0,0,0,0,0,0,0,0,0,0,1,0,1,0,0,0,0,0,0,0,0,0,0,0,0,0,0,0,0,0,0,1,0,0,0,0,0,0,0,0,0,0,0,0,0,0,1,0,0,0,0,0,0,1,0,0,0,0,0
石川,ペンション＆カフェ　クルーズ,5,24.0,5,24.0,5,44.0,5,3,2,0,0,0,2,0,0,3,0,0,0,0,0,1,4,0,0,0,0,0,0,0,0,0,0,0,0,0,0,0,0,0,1,0,0,1,0,0,3,0,0,0,0,0,0,0,0,0,0,0,0,0,0,0,0,0,0,0,0,0,0,0,0,1,1,3,0,0,0,1,2,1,0,0,0,0,1,0,0,0,3,3,3,0,2,0,0,0,0,1,0,0,0,0,0,0,0,0,0,0,0,0,0,0,0,0,0,0,2,0,0,0,1,0,1,0,3,0,0,0,0,0,0,0,4,1,0,0,0
石川,ペンション＆カフェクルーズ,1,5.0,1,4.0,1,10.0,1,1,0,0,0,0,0,0,0,0,1,0,0,0,0,1,0,0,0,0,0,0,0,0,0,1,0,0,0,0,0,0,0,0,0,0,0,0,0,0,0,0,0,0,0,0,0,0,0,0,0,0,0,0,0,0,0,0,0,0,0,0,0,0,0,0,0,0,0,1,0,0,0,1,0,0,0,0,0,0,0,0,0,1,1,0,1,0,1,0,0,0,1,0,0,0,0,0,0,0,0,0,0,0,0,0,0,0,0,0,0,0,0,0,0,0,1,0,0,0,1,0,1,1,0,0,0,1,0,0,0
石川,ホテルききょう,4,17.0,4,18.0,4,36.0,4,2,2,0,0,0,0,1,0,2,1,0,0,0,0,1,3,0,1,0,0,0,0,0,0,0,0,0,0,0,0,0,0,0,0,1,0,0,0,0,0,1,0,0,1,0,0,0,0,0,0,0,0,0,0,0,0,0,0,0,0,0,0,0,0,0,2,1,0,1,0,0,1,2,0,0,0,1,0,0,0,0,2,3,3,0,0,0,0,0,0,0,1,0,0,0,0,0,1,0,0,0,0,0,0,0,0,0,0,0,4,0,0,0,0,0,0,0,0,0,0,0,0,0,0,1,0,3,0,0,0
石川,ホテルつるのや,3,13.0,3,10.0,3,7.0,3,0,0,3,0,0,0,0,0,3,0,0,0,0,0,1,2,0,0,0,0,0,0,0,0,0,0,0,0,0,0,0,0,0,1,0,0,1,0,0,0,0,0,0,1,0,0,0,0,0,0,0,0,0,0,0,0,0,0,0,0,0,0,0,0,0,1,1,1,0,0,0,1,1,0,0,0,1,0,0,0,0,1,0,0,0,0,0,0,0,0,0,0,0,0,0,0,0,1,0,0,0,0,0,0,0,0,0,0,0,2,0,0,0,0,0,0,0,1,0,0,0,0,0,0,0,1,1,1,0,0
石川,ホテルのときんぷら,3,8.0,2,13.0,3,23.0,3,1,1,1,0,0,0,0,1,1,1,0,0,0,0,0,3,0,0,0,0,0,0,0,0,0,0,0,0,0,1,0,0,0,2,0,0,0,0,0,0,0,0,0,0,0,0,0,0,0,0,0,0,0,0,0,0,0,0,0,0,0,0,0,0,1,1,0,0,1,1,1,1,0,0,0,0,0,0,0,0,0,1,1,0,0,0,0,0,0,0,0,0,0,0,0,0,0,0,0,0,0,0,1,0,1,0,0,0,0,1,0,0,0,0,0,1,0,1,0,0,0,0,0,0,0,2,1,0,0,0
石川,ホテルひので屋,1,5.0,1,5.0,1,5.0,1,0,0,1,0,0,1,0,0,0,0,0,0,0,0,1,0,0,0,0,0,0,0,0,0,0,0,0,0,0,0,1,0,0,0,0,0,0,0,0,0,0,0,0,0,0,0,0,0,0,0,0,0,0,0,0,0,0,0,0,0,0,0,0,0,0,1,0,0,0,1,0,0,0,0,0,0,0,0,0,0,0,0,0,1,0,1,0,0,0,0,0,0,0,0,0,1,0,0,0,0,0,0,0,0,0,0,0,0,0,1,0,0,0,0,0,0,0,0,0,0,0,0,0,0,0,1,0,0,0,0
石川,ホテルアマネク金沢,34,158.0,34,152.0,34,298.0,34,22,10,2,0,0,12,4,5,11,2,0,0,0,0,13,21,0,2,0,0,1,0,0,1,0,0,0,2,1,9,2,2,1,0,0,0,3,1,1,3,2,0,0,1,0,1,0,0,0,0,0,0,1,0,0,0,0,0,0,0,0,0,0,0,0,9,15,8,2,3,4,10,7,1,0,2,1,2,0,0,0,8,8,23,2,17,1,6,2,0,2,14,0,0,1,0,0,3,1,0,0,0,11,0,1,0,0,1,0,21,0,0,0,1,0,6,0,6,1,4,1,7,2,1,5,15,9,5,0,0
石川,ホテルアリヴィオ,50,219.0,49,214.0,50,438.0,50,32,13,5,0,0,9,9,12,13,5,2,0,0,0,28,20,2,0,0,0,1,0,0,0,0,0,0,3,4,6,4,0,1,4,1,1,3,0,2,3,0,0,2,7,1,1,0,0,0,1,1,0,0,2,0,0,0,0,1,1,0,0,0,0,0,20,15,1,14,21,0,2,10,1,0,2,9,1,0,0,0,4,4,14,1,5,1,2,5,0,2,7,1,0,0,3,0,22,0,3,0,0,6,0,7,0,0,0,0,33,0,0,0,3,0,5,0,12,2,5,0,5,1,5,3,20,22,5,0,0
石川,ホテルアローレ,25,86.0,19,108.0,25,206.0,25,12,9,4,0,0,3,6,6,7,2,1,0,0,0,11,14,0,0,0,0,0,0,0,0,0,0,0,0,0,0,1,4,0,4,1,0,0,0,0,6,2,0,2,5,0,0,0,0,0,0,0,0,0,0,0,0,0,0,0,0,0,0,0,0,2,14,8,0,1,2,0,0,13,0,0,5,0,2,0,0,0,14,13,13,3,2,3,0,0,0,0,3,2,0,0,0,0,2,0,0,0,0,1,0,1,0,0,0,0,15,0,0,0,2,0,6,0,4,0,3,1,4,2,2,1,6,12,6,0,0
石川,ホテルインターゲート金沢,53,105.0,25,237.0,53,450.0,53,29,19,5,0,0,7,13,7,16,9,1,0,0,0,37,15,1,2,0,0,0,0,0,3,0,1,0,1,5,4,1,6,1,1,1,0,2,0,3,4,2,1,0,8,2,0,0,0,0,2,0,0,0,0,0,0,2,1,0,0,0,0,0,0,0,24,19,4,6,7,3,6,22,1,0,4,6,1,0,0,0,8,5,36,1,22,0,7,1,0,1,18,2,0,1,1,0,6,1,0,0,0,9,0,3,0,0,3,0,38,0,0,0,4,0,2,0,5,0,3,1,5,1,4,3,16,25,9,0,0
石川,ホテルウィングインターナショナルプレミアム金沢駅前,192,608.0,136,831.0,192,1581.0,192,87,82,23,0,0,41,49,31,51,18,2,0,0,0,89,98,5,2,0,0,2,0,1,1,3,2,2,12,5,38,14,6,11,10,0,0,3,6,4,16,2,6,8,16,9,3,1,0,0,0,2,0,0,0,1,1,5,0,0,0,0,0,0,0,5,92,53,20,22,61,28,16,40,1,0,9,16,12,0,0,0,34,12,106,12,65,7,36,9,0,1,61,7,0,1,2,0,41,1,1,1,1,43,0,13,1,0,6,0,148,0,0,0,12,0,30,0,26,2,17,8,17,8,6,10,86,60,36,0,0
石川,ホテルウェルネス能登路,5,14.0,3,23.0,5,45.0,5,4,0,1,0,0,0,0,4,0,1,0,0,0,0,3,2,0,0,0,0,0,0,0,0,0,0,0,0,0,0,0,0,0,4,0,0,0,0,0,1,0,0,0,0,0,0,0,0,0,0,0,0,0,0,0,0,0,0,0,0,0,0,0,0,4,0,0,1,0,1,0,0,4,0,0,0,0,0,0,0,0,0,4,1,0,0,0,0,0,0,0,0,0,0,0,0,0,0,0,1,0,0,2,0,0,0,0,1,0,2,0,0,0,0,0,0,0,4,0,1,0,0,1,0,0,1,4,0,0,0
石川,ホテルエアポート小松,15,43.0,11,61.0,15,111.0,15,3,7,5,0,0,1,2,3,7,1,1,0,0,0,9,5,1,0,0,0,0,0,0,0,1,0,0,2,1,0,2,0,1,1,0,0,0,2,0,0,0,0,1,4,0,0,0,0,0,0,0,0,0,0,0,0,0,0,0,0,0,0,0,0,0,3,7,3,2,4,0,0,4,0,0,0,4,0,0,0,0,3,1,5,1,3,1,2,0,0,0,2,1,0,0,1,0,5,0,0,0,0,0,0,0,0,0,0,0,13,0,0,0,1,0,1,0,1,0,0,0,0,1,0,3,5,5,2,0,0
石川,ホテルエコノ東金沢,18,79.0,18,73.0,18,134.0,18,5,7,6,0,0,4,3,2,6,1,2,0,0,0,11,7,0,0,0,2,0,0,0,0,0,0,3,0,0,3,0,0,0,1,0,0,1,0,1,1,0,1,0,2,1,1,0,0,0,0,0,0,0,0,0,0,0,0,0,0,0,0,0,1,0,5,8,2,3,2,2,1,5,0,0,0,0,5,0,0,0,0,1,7,0,11,2,5,0,0,0,9,1,0,0,3,0,1,0,0,0,0,3,1,1,0,0,2,0,15,0,0,0,0,0,3,0,1,0,3,1,0,0,1,2,9,4,3,0,0
石川,ホテルエコノ金沢駅前,16,9.0,2,66.0,16,129.0,16,6,8,2,0,0,2,4,2,7,1,0,0,0,0,8,8,0,1,0,0,0,0,1,0,1,0,0,1,0,4,0,0,0,2,0,0,0,0,0,2,1,0,0,1,0,0,0,0,0,0,0,0,0,0,0,0,0,0,1,0,0,0,0,1,0,7,4,0,5,8,0,1,1,0,0,1,1,1,2,0,0,0,1,9,1,7,0,3,0,0,0,8,1,0,0,0,0,5,0,1,0,0,4,0,3,0,0,1,0,14,0,0,0,1,0,2,0,2,2,2,1,2,0,0,3,5,7,1,0,0
石川,ホテルグランビナリオKOMATSU,16,60.0,14,71.0,16,137.0,16,8,7,1,0,0,2,3,5,5,1,0,0,0,0,6,9,1,0,0,0,0,0,0,0,0,0,0,1,0,4,1,0,1,1,0,0,0,0,0,2,0,0,0,2,0,0,0,0,0,0,1,0,0,0,0,0,0,0,0,0,0,0,2,1,0,8,3,1,4,4,0,3,2,2,0,2,2,1,0,0,0,3,5,7,3,3,1,3,1,0,0,1,0,0,0,2,0,5,0,0,0,0,2,0,0,0,0,0,0,9,0,0,0,1,0,2,0,5,0,2,1,2,0,0,2,7,4,3,0,0
石川,ホテルトレンド金沢片町,5,24.0,5,24.0,5,42.0,5,3,1,1,0,0,2,1,1,0,1,0,0,0,0,4,1,0,0,0,0,0,0,0,0,0,0,0,0,0,1,0,1,0,0,0,0,0,0,0,2,0,1,0,0,0,0,0,0,0,0,0,0,0,0,0,0,0,0,0,0,0,0,0,0,0,0,4,1,0,0,0,1,2,0,0,0,1,1,0,0,0,1,0,1,1,3,2,0,0,0,0,2,0,0,0,0,0,1,0,1,0,0,1,0,3,0,0,1,0,3,0,0,0,1,0,1,0,0,0,0,0,1,1,0,0,4,0,1,0,0
石川,ホテルトレンド金沢駅前,23,68.0,15,98.0,23,190.0,23,10,9,4,0,0,3,7,7,5,1,0,0,0,0,11,12,0,1,0,0,0,0,0,0,0,0,0,1,2,2,1,0,0,1,1,0,1,1,2,0,1,1,1,3,1,0,0,0,0,1,0,0,0,0,1,1,0,0,0,0,0,0,0,0,0,7,8,2,6,6,1,2,4,0,0,2,6,1,1,0,0,4,3,13,2,9,1,4,3,0,0,5,0,0,0,2,0,9,0,0,0,0,2,0,0,0,0,0,0,17,0,0,0,2,0,4,0,1,0,1,0,1,1,3,2,7,7,7,0,0
石川,ホテルビスタ金沢,22,95.0,22,95.0,22,164.0,22,8,9,5,0,0,1,7,3,9,1,1,0,0,0,8,14,0,2,0,0,0,0,0,0,0,0,0,0,1,4,4,0,1,0,0,0,0,0,0,2,1,2,0,1,3,0,0,0,0,0,0,0,0,0,0,0,0,0,0,1,0,0,0,0,0,10,6,6,0,5,4,0,11,0,0,0,0,1,0,0,0,3,4,13,1,8,1,1,2,0,1,4,1,0,0,1,0,3,0,0,0,0,2,0,1,0,0,0,0,18,0,0,0,0,0,3,0,8,3,4,1,0,1,0,3,7,3,9,0,0
石川,ホテルマイステイズプレミア金沢,110,420.0,91,482.0,110,919.0,110,57,34,19,0,6,17,19,27,31,9,1,0,0,0,52,57,1,2,0,0,1,0,0,0,2,0,1,3,10,21,12,1,1,6,0,1,5,2,1,6,0,3,3,16,3,1,0,0,0,2,1,0,0,0,0,0,2,0,1,1,0,0,0,2,0,48,40,5,17,8,7,8,9,1,0,22,6,21,11,0,0,25,20,69,10,39,4,10,3,0,0,31,1,0,0,2,0,9,0,0,1,0,13,0,14,0,0,0,0,67,0,0,0,8,0,18,0,17,1,16,8,13,5,3,18,39,33,20,0,0
石川,ホテルマイステイズ金沢キャッスル,60,268.0,60,248.0,60,458.0,60,22,22,16,0,2,21,12,8,12,5,0,0,0,0,16,42,2,0,0,0,0,0,0,0,1,0,0,7,3,11,2,2,4,1,0,0,0,0,0,6,1,1,2,5,5,2,0,1,0,0,1,0,0,0,1,0,0,0,0,1,0,1,2,0,0,26,27,5,2,4,12,12,15,2,0,4,4,4,2,0,0,9,3,39,0,27,0,6,2,0,0,16,5,0,0,1,0,7,0,0,0,0,11,0,6,0,0,2,0,42,0,0,0,2,0,5,0,11,1,8,1,10,1,2,14,28,13,5,0,0
石川,ホテルマイステイズ金沢片町,13,57.0,13,55.0,13,105.0,13,7,3,3,0,1,1,1,2,7,1,0,0,0,0,5,8,0,0,0,0,0,0,0,0,0,1,0,1,0,2,2,0,0,0,0,0,0,0,0,1,0,0,0,3,1,1,0,0,0,0,0,0,0,0,0,0,1,0,0,0,0,0,0,0,0,4,7,1,1,0,1,0,3,0,0,2,0,1,0,0,0,1,0,11,1,5,4,0,0,0,0,6,0,0,0,0,0,0,0,0,0,0,0,0,0,0,0,0,0,8,0,0,0,1,0,2,1,1,0,4,0,1,0,0,1,6,5,1,0,0
石川,ホテルリソルトリニティ金沢,1,4.0,1,4.0,1,7.0,1,0,1,0,0,0,0,0,1,0,0,0,0,0,0,0,1,0,0,0,0,0,0,0,0,0,0,0,0,0,0,0,0,1,0,0,0,0,0,0,0,0,0,0,0,0,0,0,0,0,0,0,0,0,0,0,0,0,0,0,0,0,0,0,0,0,1,0,0,0,1,0,0,0,0,0,0,0,0,0,0,0,1,0,1,0,0,0,0,0,0,0,0,0,0,0,0,0,0,0,0,0,0,0,0,0,0,0,0,0,0,0,0,0,0,0,1,0,1,1,0,0,0,0,0,0,0,1,0,0,0
石川,ホテルルートイン七尾駅東,1,4.0,1,4.0,1,7.0,1,0,1,0,0,0,0,1,0,0,0,0,0,0,0,1,0,0,0,0,0,0,0,0,0,0,0,0,0,0,0,0,0,0,1,0,0,0,0,0,0,0,0,0,0,0,0,0,0,0,0,0,0,0,0,0,0,0,0,0,0,0,0,0,0,0,1,0,0,0,1,0,0,0,0,0,0,0,0,0,0,0,0,0,0,0,0,0,0,0,0,0,0,0,0,0,0,0,1,0,0,0,0,0,0,0,0,0,0,0,1,0,0,0,0,0,0,0,0,0,0,0,0,0,0,0,1,0,0,0,0
石川,ホテルルートイン美川インター,4,19.0,4,17.0,4,33.0,4,2,1,1,0,0,0,1,0,3,0,0,0,0,0,2,2,0,0,0,0,0,0,0,1,0,0,0,0,0,0,0,0,0,0,0,0,0,0,1,0,0,0,2,0,0,0,0,0,0,0,0,0,0,0,0,0,0,0,0,0,0,0,0,0,0,3,0,0,1,0,0,0,3,0,0,1,0,0,0,0,0,0,0,1,0,1,0,0,2,0,1,0,0,0,0,0,0,1,0,0,0,0,1,0,1,0,0,1,0,2,0,0,0,0,0,0,0,0,0,0,0,0,1,1,0,2,2,0,0,0
石川,ホテルルートイン輪島,3,15.0,3,15.0,3,26.0,3,2,1,0,0,0,0,1,1,1,0,0,0,0,0,1,2,0,0,0,0,0,0,0,0,0,0,0,1,0,1,0,0,0,1,0,0,0,0,0,0,0,0,0,0,0,0,0,0,0,0,0,0,0,0,0,0,0,0,0,0,0,0,0,0,0,1,2,0,0,0,0,1,0,0,0,1,1,0,0,0,0,1,2,3,0,2,1,2,1,0,0,1,0,0,0,2,0,1,0,0,0,0,0,0,0,0,0,0,0,2,0,0,0,0,0,0,0,1,0,0,1,0,0,0,0,2,1,0,0,0
石川,ホテルルートイン金沢駅前,41,152.0,35,164.0,41,304.0,41,15,13,13,0,1,4,6,9,15,6,0,0,0,0,19,22,0,1,0,0,0,0,0,1,0,0,0,1,2,10,1,1,0,0,1,0,1,0,1,5,2,1,1,4,2,1,0,0,0,3,0,0,0,0,0,0,1,0,0,0,0,0,1,0,1,16,13,6,5,7,3,4,7,0,0,4,7,5,0,0,0,2,2,15,2,11,3,2,4,0,0,6,0,0,0,0,0,10,0,0,0,0,4,0,0,0,0,0,0,24,0,0,0,2,0,11,0,7,0,5,0,3,1,2,5,16,11,9,0,0
石川,ホテル・トリフィート金沢,227,923.0,201,1020.0,227,1968.0,227,134,72,21,0,3,48,48,35,60,29,4,0,0,0,73,151,3,4,4,0,2,0,0,2,0,2,8,24,11,65,26,4,2,8,0,1,2,6,7,10,2,1,3,14,5,0,1,0,2,1,3,0,0,0,0,0,2,1,0,2,2,0,0,0,0,101,100,13,13,15,33,20,51,1,0,32,11,15,3,0,0,40,22,164,18,113,8,23,3,0,2,78,20,0,2,0,0,15,2,2,3,3,60,0,12,1,0,7,0,164,0,0,0,15,0,30,2,37,4,16,1,17,4,4,24,89,67,47,0,0
石川,ホテル日航金沢,22,98.0,22,94.0,22,188.0,22,13,7,2,0,0,2,4,1,4,9,2,0,0,0,8,14,0,0,0,0,0,0,0,0,0,1,1,0,2,9,2,0,1,0,1,0,1,1,0,1,0,1,1,0,0,0,0,0,0,0,0,0,0,0,0,0,0,0,0,0,0,0,0,0,3,9,7,2,1,3,1,1,9,1,0,2,2,0,0,0,0,1,2,16,0,11,1,2,1,0,0,7,1,0,0,1,0,3,0,0,0,0,3,0,1,0,0,0,0,15,0,0,0,0,0,6,0,3,1,1,1,1,0,0,5,9,7,1,0,0
石川,ホテル海望,3,14.0,3,12.0,3,29.0,3,3,0,0,0,0,1,2,0,0,0,0,0,0,0,1,2,0,0,0,0,0,0,0,0,0,0,0,0,0,1,0,0,0,1,0,0,0,0,0,0,0,0,0,0,0,0,0,0,0,0,0,0,0,0,0,0,1,0,0,0,0,0,0,0,0,1,1,0,1,0,0,1,0,0,0,1,1,0,0,0,0,1,2,2,0,1,0,0,0,0,0,0,0,0,0,0,0,1,0,0,0,0,2,0,0,0,0,0,0,3,0,0,0,0,0,0,0,0,0,0,0,0,0,0,0,0,1,2,0,0
石川,ホテル羽音碧々,4,18.0,4,16.0,4,37.0,4,3,1,0,0,0,0,1,1,2,0,0,0,0,0,4,0,0,0,0,0,0,0,0,0,0,0,0,0,0,0,0,0,0,0,0,0,1,0,0,1,0,0,0,1,0,0,0,0,0,0,1,0,0,0,0,0,0,0,0,0,0,0,0,0,0,1,3,0,0,2,0,0,0,0,0,0,2,0,0,0,0,0,0,1,0,0,0,0,0,0,0,0,0,0,0,2,0,2,0,0,0,0,1,0,0,0,0,0,0,3,0,0,0,0,0,0,0,0,0,0,1,0,0,0,0,2,0,2,0,0
石川,ホテル花イチリン,4,18.0,4,17.0,4,33.0,4,2,1,1,0,0,1,0,1,1,1,0,0,0,0,2,2,0,0,0,0,0,0,0,0,0,0,0,0,0,0,0,0,0,1,0,0,1,0,0,0,0,0,0,1,1,0,0,0,0,0,0,0,0,0,0,0,0,0,0,0,0,0,0,0,0,3,1,0,0,2,0,1,0,0,0,0,0,1,0,0,0,1,0,2,0,2,0,1,0,0,0,1,0,0,0,0,0,1,0,1,0,0,0,0,0,0,0,0,0,3,0,0,0,0,0,1,0,1,0,0,0,0,0,0,0,1,2,1,0,0
石川,ホテル金沢,16,55.0,14,69.0,16,122.0,16,7,6,3,0,0,2,1,1,5,6,1,0,0,0,10,6,0,1,0,0,0,0,0,0,0,0,0,0,1,2,0,0,2,6,2,0,0,0,0,0,0,0,0,0,1,1,0,0,0,0,0,0,0,0,0,0,0,0,0,0,0,0,0,0,10,2,3,1,0,9,0,1,4,0,0,0,2,0,0,0,0,2,3,10,0,4,0,1,1,0,0,3,0,0,0,1,0,6,0,0,0,0,4,0,1,0,0,0,0,5,0,0,0,0,0,4,0,5,1,3,0,1,0,2,2,4,4,6,0,0
石川,ホリ牧場,1,4.0,1,5.0,1,8.0,1,0,1,0,0,0,1,0,0,0,0,0,0,0,0,0,1,0,0,0,0,0,0,0,0,0,0,0,0,0,0,0,0,0,1,0,0,0,0,0,0,0,0,0,0,0,0,0,0,0,0,0,0,0,0,0,0,0,0,0,0,0,0,0,0,0,1,0,0,0,0,0,0,0,0,0,1,0,0,0,0,0,0,1,1,0,0,0,0,0,0,0,1,0,0,0,1,0,0,0,0,0,0,0,0,0,0,0,0,0,0,0,0,0,0,0,0,0,1,0,0,0,0,0,0,0,1,0,0,0,0
石川,ポイントバケーション加賀山中,408,1788.0,408,1722.0,408,3235.0,408,157,184,67,0,3,10,18,20,89,204,64,0,0,0,219,186,3,2,0,0,0,0,0,0,3,0,4,11,11,31,26,1,8,9,7,4,7,14,7,49,18,22,30,79,41,10,1,0,0,5,6,0,0,0,1,0,0,0,0,1,0,0,0,0,1,107,154,81,65,6,2,17,242,0,1,25,1,37,4,0,0,218,319,249,51,108,41,38,10,0,10,88,11,0,17,23,0,1,17,7,0,0,23,0,7,2,0,7,0,241,0,0,6,20,0,60,0,39,3,62,18,34,19,63,58,158,126,66,0,0
石川,ポイントバケーション加賀山中温泉,1,5.0,1,5.0,1,10.0,1,1,0,0,0,0,0,0,0,1,0,0,0,0,0,1,0,0,0,0,0,0,0,0,0,0,0,0,0,0,0,1,0,0,0,0,0,0,0,0,0,0,0,0,0,0,0,0,0,0,0,0,0,0,0,0,0,0,0,0,0,0,0,0,0,0,0,0,1,0,0,0,0,1,0,0,0,0,0,0,0,0,0,1,1,0,0,0,0,0,0,0,0,0,0,0,0,0,0,0,0,0,0,0,0,0,0,0,0,0,1,0,0,0,0,0,0,0,0,0,0,0,0,0,0,0,0,0,1,0,0
石川,ラブロ恋路,1,5.0,1,4.0,1,7.0,1,0,1,0,0,0,0,0,1,0,0,0,0,0,0,0,1,0,0,0,0,0,0,0,0,0,0,0,0,0,0,1,0,0,0,0,0,0,0,0,0,0,0,0,0,0,0,0,0,0,0,0,0,0,0,0,0,0,0,0,0,0,0,0,0,0,0,0,0,1,0,0,0,0,0,0,1,0,0,0,0,0,0,1,0,0,0,0,0,0,0,0,1,0,0,0,0,0,0,0,0,0,0,0,0,0,0,0,0,0,0,0,0,0,1,0,1,0,0,0,0,0,0,0,0,0,0,0,1,0,0
石川,ランプの宿,48,0,0,217.0,48,441.0,48,35,11,2,0,0,7,5,6,11,14,5,0,0,0,20,28,0,0,0,1,0,0,0,3,0,3,1,1,3,7,8,0,2,1,0,1,1,2,0,2,0,0,1,3,1,0,1,0,0,0,3,1,0,0,1,0,0,0,0,0,0,1,0,0,0,15,22,4,7,3,8,4,24,3,0,2,0,0,0,0,0,31,38,33,3,14,2,2,1,0,1,7,1,0,0,1,0,0,0,1,1,0,7,1,0,0,0,0,0,30,0,0,0,8,0,16,0,9,0,2,0,1,0,1,11,12,18,7,0,0
石川,リブマックスリゾート加賀山代,36,156.0,36,153.0,36,279.0,36,13,14,9,0,0,2,2,4,11,12,5,0,0,0,15,21,0,0,0,0,0,0,0,0,1,0,0,0,0,1,0,0,2,8,4,0,0,1,0,8,1,4,0,5,0,0,0,0,0,1,0,0,0,0,0,0,0,0,0,0,0,0,0,0,1,25,7,2,1,4,4,2,15,0,0,3,0,2,0,0,0,22,24,17,4,6,2,2,1,0,0,4,0,0,0,1,0,2,0,0,0,0,4,0,1,0,0,1,0,32,0,0,0,1,0,1,0,4,0,3,2,3,0,1,10,17,8,1,0,0
石川,リロ加賀山中,1,5.0,1,4.0,1,5.0,1,0,0,1,0,0,0,0,0,1,0,0,0,0,0,0,1,0,0,0,0,0,0,0,0,0,0,0,0,0,0,0,0,0,0,0,0,0,0,1,0,0,0,0,0,0,0,0,0,0,0,0,0,0,0,0,0,0,0,0,0,0,0,0,0,0,0,0,1,0,0,0,0,0,0,0,1,0,0,0,0,0,1,1,1,0,0,0,0,0,0,0,0,0,0,0,0,0,0,0,0,0,0,0,0,0,0,0,0,0,1,0,0,0,0,0,0,0,0,0,0,0,0,0,0,0,1,0,0,0,0
石川,ルートイン輪島,1,5.0,1,5.0,1,10.0,1,1,0,0,0,0,0,1,0,0,0,0,0,0,0,1,0,0,0,0,0,0,0,0,0,0,0,0,0,0,0,0,0,0,1,0,0,0,0,0,0,0,0,0,0,0,0,0,0,0,0,0,0,0,0,0,0,0,0,0,0,0,0,0,0,0,1,0,0,0,0,0,0,0,0,0,0,1,0,0,0,0,0,0,0,0,0,0,0,0,0,0,0,0,0,0,0,0,1,0,0,0,0,0,0,0,0,0,0,0,0,0,0,0,0,0,0,0,0,0,0,0,1,0,0,0,0,1,0,0,0
石川,七尾駅観光案内所,16,70.0,15,65.0,16,133.0,16,8,5,3,0,1,2,4,1,2,5,1,0,0,0,3,13,0,0,0,0,0,0,0,1,0,0,0,0,0,3,4,0,1,2,1,0,0,1,0,1,0,0,0,1,1,0,0,0,0,0,0,0,0,0,0,0,0,0,0,0,0,0,0,0,3,7,3,0,3,5,1,2,2,1,0,0,1,0,0,0,0,5,6,9,2,3,0,4,3,0,1,5,2,0,0,1,0,0,0,0,0,0,3,0,0,0,0,0,0,5,0,0,0,1,0,2,0,4,1,5,3,3,3,1,3,7,6,0,0,0
石川,丘陵公園,1,4.0,1,4.0,1,6.0,1,0,0,1,0,0,0,0,1,0,0,0,0,0,0,1,0,0,0,0,0,0,0,0,0,0,0,0,0,0,0,0,0,0,1,0,0,0,0,0,0,0,0,0,0,0,0,0,0,0,0,0,0,0,0,0,0,0,0,0,0,0,0,0,0,0,0,0,0,1,0,0,1,0,0,0,0,0,0,0,0,0,1,1,0,0,0,0,0,0,0,0,0,0,0,0,0,0,0,0,0,0,0,0,0,0,0,0,0,0,0,0,0,0,0,0,0,0,1,0,0,0,0,0,0,1,0,0,0,0,0
石川,中ノ峠物産販売所,11,47.0,11,47.0,11,90.0,11,5,5,1,0,0,1,1,1,2,5,1,0,0,0,6,4,1,0,0,0,0,0,0,0,0,0,0,0,0,0,0,0,0,6,1,0,0,0,0,1,0,0,0,1,2,0,0,0,0,0,0,0,0,0,0,0,0,0,0,0,0,0,0,0,7,2,2,0,0,4,0,0,3,0,0,0,0,2,0,0,0,1,5,10,1,2,0,1,2,0,0,1,0,0,0,1,0,0,0,1,0,0,4,0,2,0,0,0,0,4,0,0,0,0,0,0,0,1,0,2,0,1,0,1,1,4,6,0,0,0
石川,九右衛門ゲストハウス,7,31.0,7,33.0,7,62.0,7,5,1,1,0,0,2,1,0,1,3,0,0,0,0,3,4,0,0,0,0,0,0,0,0,0,0,0,0,0,2,0,0,1,0,0,0,0,0,1,0,0,0,3,0,0,0,0,0,0,0,0,0,0,0,0,0,0,0,0,0,0,0,0,0,0,2,3,2,0,4,1,0,0,0,0,1,0,0,0,0,0,1,2,3,0,5,2,2,2,0,1,3,0,0,0,4,0,0,0,0,0,0,0,0,0,0,0,0,0,5,0,0,0,0,0,3,0,2,0,2,0,2,0,1,0,3,3,1,0,0
石川,九谷セラミック・ラボラトリー（CERABO KUTANI）,50,228.0,50,218.0,50,406.0,50,22,20,8,0,2,12,11,13,10,2,0,0,0,0,20,28,2,1,0,0,0,0,0,0,0,0,0,1,11,6,4,0,1,10,4,0,0,0,0,2,0,3,2,2,0,0,0,0,0,2,0,0,0,0,0,0,0,0,0,0,0,0,0,1,12,20,9,4,5,2,9,10,9,3,0,3,7,3,0,0,0,12,26,28,1,12,5,6,4,0,1,11,15,0,0,2,0,3,0,0,1,1,6,0,0,0,0,0,0,28,0,0,0,1,0,8,0,16,0,3,0,5,0,3,8,20,16,6,0,0
石川,九谷陶芸村,24,104.0,24,102.0,24,193.0,24,10,11,3,0,0,4,2,4,11,2,1,0,0,0,7,17,0,1,0,0,0,0,1,0,0,0,0,0,0,3,1,3,1,1,1,0,3,0,0,1,0,0,2,1,1,2,0,0,0,1,0,0,0,0,0,0,0,1,0,0,0,0,0,0,6,4,8,3,3,2,0,0,10,0,0,5,0,2,0,0,0,7,7,15,1,8,5,3,6,0,1,6,4,0,0,0,0,0,0,0,0,0,3,0,2,0,0,1,0,13,0,0,0,1,0,5,0,2,0,7,0,1,0,2,3,8,10,3,0,0
石川,今井金箔広坂店,16,69.0,15,74.0,16,129.0,16,8,4,4,0,1,6,2,2,4,1,0,0,0,0,4,12,0,0,0,0,0,0,0,0,0,0,0,1,0,8,1,0,0,0,0,0,0,0,1,3,0,0,1,1,0,0,0,0,0,0,0,0,0,0,0,0,0,0,0,0,0,0,0,0,0,8,5,1,2,2,2,7,0,0,0,3,0,1,1,0,0,2,3,13,4,7,0,4,0,0,0,8,1,0,0,0,0,1,0,0,0,0,5,0,0,0,0,0,0,8,0,0,0,0,0,3,0,2,2,2,0,3,0,3,2,6,7,1,0,0
石川,今井金箔本店,11,47.0,10,53.0,11,101.0,11,9,1,1,0,0,2,2,1,3,3,0,0,0,0,4,7,0,0,0,1,0,0,0,0,0,0,1,2,0,1,2,0,0,0,0,0,0,0,0,0,0,0,0,0,2,0,0,0,0,1,1,0,0,0,0,0,0,0,0,0,0,0,0,0,0,4,4,3,0,1,1,1,5,0,0,0,0,3,0,0,0,3,0,9,0,6,3,3,1,0,0,7,7,0,0,1,0,0,0,0,1,1,2,0,1,0,0,0,0,8,0,0,0,1,0,1,0,1,0,1,3,0,1,0,1,6,3,1,0,0
石川,休暇村能登千里浜,82,333.0,75,357.0,82,649.0,82,33,35,14,0,1,3,12,15,17,26,8,0,0,0,37,42,3,0,1,1,0,0,0,0,2,3,0,5,5,10,3,2,5,8,1,0,0,2,3,9,0,2,4,8,5,1,0,0,0,0,0,0,0,0,0,0,1,0,0,0,0,0,0,1,2,38,31,6,5,5,2,4,30,1,0,6,2,16,2,0,0,38,42,48,1,25,6,4,2,0,4,14,0,0,1,5,0,4,1,1,1,0,2,0,3,2,0,2,0,43,0,0,0,4,0,20,1,16,0,19,1,7,3,4,8,31,32,11,0,0
石川,体験交流施設 ラブロ恋路,2,9.0,2,8.0,2,15.0,2,0,2,0,0,0,0,1,0,0,1,0,0,0,0,0,2,0,0,0,0,0,0,0,0,0,0,0,0,0,0,0,0,0,1,0,0,0,0,0,0,0,0,0,1,0,0,0,0,0,0,0,0,0,0,0,0,0,0,0,0,0,0,0,0,0,1,1,0,0,0,0,0,1,0,0,0,0,1,0,0,0,0,0,1,0,0,1,0,1,0,0,0,0,0,0,0,0,0,0,0,0,0,0,0,0,0,0,0,0,1,0,0,0,0,0,0,0,1,0,0,0,0,0,0,0,1,1,0,0,0
石川,体験交流施設　ラブロ恋路,37,158.0,37,155.0,37,321.0,37,22,12,3,0,0,1,7,4,16,7,2,0,0,0,20,15,2,0,0,1,0,0,0,1,0,3,0,1,1,2,1,0,2,14,0,0,3,1,0,3,0,0,1,0,0,1,0,0,1,0,1,0,0,0,0,0,0,0,0,0,0,0,0,0,2,26,6,0,3,7,0,5,15,0,0,2,3,1,0,0,0,8,6,14,5,6,0,3,4,0,1,7,0,0,0,3,0,5,0,2,0,0,8,0,0,0,0,0,0,23,0,0,0,0,0,2,0,9,0,3,2,3,0,3,2,22,10,3,0,0
石川,倶利伽羅塾,21,68.0,15,100.0,21,186.0,21,15,5,1,0,0,5,2,4,7,3,0,0,0,0,8,12,1,0,0,0,0,0,0,0,0,0,0,1,0,0,0,0,9,4,0,0,0,0,0,3,1,0,0,1,0,0,0,0,0,0,0,0,0,1,0,0,1,0,0,0,0,0,0,0,7,9,3,1,1,4,2,0,5,1,0,3,0,2,0,0,0,6,12,10,1,3,1,3,0,0,0,2,0,0,0,0,0,1,0,1,0,0,3,0,0,0,0,1,0,10,0,0,0,1,0,1,0,9,0,0,1,2,0,1,5,7,6,3,0,0
石川,健民スポレクプラザ,21,92.0,21,91.0,21,177.0,21,8,11,2,0,4,6,0,5,5,1,0,0,0,0,7,13,1,0,0,0,1,0,0,0,0,0,0,1,1,3,0,0,2,9,1,0,0,1,0,0,0,0,0,0,1,0,0,0,0,0,0,0,0,0,0,0,0,0,0,0,0,0,0,1,9,3,6,1,2,7,1,2,0,2,0,1,0,6,0,0,0,1,2,6,2,6,1,3,0,0,0,1,0,0,6,0,0,0,6,0,0,0,8,0,5,0,0,0,0,6,0,0,0,1,0,2,0,8,0,0,0,3,0,1,5,8,5,3,0,0
石川,兜ガーデンファーム,10,46.0,10,43.0,10,91.0,10,7,2,1,0,0,1,2,2,5,0,0,0,0,0,6,4,0,0,0,0,0,0,0,0,0,0,0,0,0,5,1,0,0,0,0,0,0,1,0,0,0,0,0,2,0,0,0,0,0,0,1,0,0,0,0,0,0,0,0,0,0,0,0,0,0,3,3,3,1,1,0,4,0,3,0,0,0,1,0,0,0,2,2,6,0,2,0,1,3,0,0,0,0,0,0,2,0,0,0,0,1,1,1,0,0,0,0,0,0,2,0,0,0,0,0,0,0,7,0,0,0,1,0,0,0,4,4,2,0,0
石川,全室オーシャンビューの宿　能登小牧台,4,0,0,16.0,4,33.0,4,3,0,1,0,0,0,2,2,0,0,0,0,0,0,1,3,0,0,0,0,0,0,0,0,0,0,0,0,0,0,0,0,1,3,0,0,0,0,0,0,0,0,0,0,0,0,0,0,0,0,0,0,0,0,0,0,0,0,0,0,0,0,0,0,0,4,0,0,0,0,0,0,0,0,0,1,0,0,2,0,0,3,3,3,0,0,1,0,0,0,0,0,0,0,0,0,0,0,0,0,0,0,0,0,0,0,0,0,0,3,0,0,0,0,0,1,0,0,0,0,0,0,0,1,0,2,1,1,0,0
石川,兼六園,260,868.0,190,1129.0,260,2240.0,260,153,77,30,0,9,65,49,53,54,26,3,0,0,0,69,185,6,4,0,5,2,1,1,2,2,3,3,16,23,59,29,4,4,10,0,3,4,8,6,15,4,1,8,18,5,1,1,0,1,0,3,0,1,0,0,1,5,0,2,0,2,1,0,1,19,107,91,25,18,26,28,42,69,1,0,32,5,17,3,0,0,41,54,183,49,176,17,29,10,0,1,75,10,0,0,8,0,9,0,4,0,0,57,1,24,3,0,7,0,140,0,0,0,21,0,81,0,47,6,62,21,40,10,4,49,98,74,38,0,0
石川,兼六駐車場,248,1138.0,248,1086.0,248,2102.0,248,135,80,33,0,11,49,67,38,51,27,5,0,0,0,96,147,5,3,0,1,4,2,0,3,1,9,4,16,6,33,15,10,7,19,3,0,5,9,12,26,4,3,10,14,9,3,1,3,0,1,1,2,0,2,0,0,4,0,0,1,0,2,0,0,42,81,83,27,15,19,21,23,42,9,0,40,10,38,0,0,0,51,69,150,42,145,17,32,8,0,2,64,16,0,3,14,0,6,3,0,1,0,65,1,16,1,0,2,0,116,0,0,0,18,0,42,1,44,1,44,9,49,11,19,42,98,79,29,0,0
石川,内灘町サイクリングターミナル,10,50.0,10,47.0,10,80.0,10,6,1,3,0,0,8,0,1,1,0,0,0,0,0,3,7,0,0,0,0,0,0,0,0,0,0,0,3,3,3,1,0,0,0,0,0,0,0,0,0,0,0,0,0,0,0,0,0,0,0,0,0,0,0,0,0,0,0,0,0,0,0,0,0,0,1,9,0,0,0,0,0,0,1,0,0,0,1,0,0,0,1,0,1,0,0,0,0,1,0,0,1,0,0,0,0,0,0,0,0,0,0,0,0,0,0,0,0,0,1,0,0,0,0,0,0,0,2,1,0,2,0,0,4,1,4,2,3,0,0
石川,出張輪島朝市 inワイプラザ輪島店,91,403.0,91,389.0,91,739.0,91,48,24,19,0,6,7,10,12,41,10,5,0,0,0,44,46,1,0,0,0,2,0,0,1,2,1,1,1,2,10,6,0,3,20,2,3,1,2,5,5,0,1,6,8,4,1,0,0,0,1,0,0,0,0,0,2,1,0,0,0,0,0,0,0,20,20,25,11,15,20,2,7,20,8,0,9,2,10,0,0,0,11,19,42,5,18,2,14,8,0,2,17,1,0,0,6,0,7,0,3,0,0,7,0,2,1,0,1,0,39,0,0,0,2,0,9,0,23,1,16,2,14,3,3,21,32,29,9,0,0
石川,前田土佐守家資料館,30,135.0,30,124.0,30,204.0,30,6,12,12,0,0,3,7,6,8,5,1,0,0,0,6,22,2,1,0,0,0,0,0,0,1,1,1,0,1,9,1,0,0,5,0,1,1,0,2,0,0,0,1,0,1,0,0,0,0,0,2,2,0,0,0,0,0,0,0,0,0,0,0,0,4,8,14,2,2,6,0,3,8,0,0,4,4,3,0,0,0,6,3,18,5,20,3,3,2,0,0,8,2,0,1,0,0,4,1,0,0,0,3,0,2,0,0,1,0,9,0,0,0,0,0,5,0,0,0,9,1,9,0,3,10,11,6,3,0,0
石川,加賀の宿宝生亭,94,415.0,94,411.0,94,791.0,94,47,39,8,0,0,19,47,10,10,6,2,0,0,0,47,46,1,3,0,0,1,0,0,0,0,0,1,1,0,4,2,1,14,19,16,0,1,4,0,10,0,3,2,7,1,0,0,0,0,3,1,0,0,0,0,0,0,0,0,0,0,0,0,0,0,80,4,7,3,3,0,4,8,0,0,2,3,70,1,0,0,67,64,35,3,11,13,2,3,0,1,6,2,0,1,0,0,1,1,0,0,0,25,0,7,2,0,1,0,48,0,0,0,8,0,6,0,11,0,6,1,3,0,9,6,28,54,6,0,0
石川,加賀フルーツランド,58,256.0,58,247.0,58,468.0,58,23,24,11,0,1,8,15,14,8,9,3,0,0,0,25,33,0,0,0,0,0,0,0,0,0,1,1,2,0,1,0,1,7,18,6,0,0,1,0,8,1,1,0,6,2,1,0,0,0,0,1,0,0,0,0,0,0,0,0,0,0,0,0,0,32,16,6,1,3,2,4,3,10,0,0,8,2,19,0,0,0,8,17,37,1,4,5,6,1,0,5,3,12,0,0,3,0,1,0,0,0,0,9,0,4,0,0,1,0,19,0,0,0,3,0,7,0,8,0,8,4,10,4,3,12,27,16,3,0,0
石川,加賀伝統工芸村　ゆのくにの森,424,1806.0,396,1863.0,424,3418.0,424,194,157,73,0,26,65,101,120,65,32,13,2,0,0,160,256,8,3,0,0,1,0,0,1,9,0,0,10,18,44,15,9,32,43,20,0,2,15,6,49,16,16,15,42,29,15,5,0,1,1,1,0,0,0,0,0,5,1,0,0,0,0,0,0,67,200,114,22,21,10,23,47,59,14,0,59,5,137,7,0,0,155,213,189,34,86,61,46,9,0,6,52,113,0,1,9,0,3,1,3,2,1,53,1,14,0,0,7,0,210,0,0,0,21,0,55,1,62,4,57,14,83,13,18,71,150,149,54,0,0
石川,加賀友禅会館（加賀友禅ミュージアムそめりあ）,37,171.0,37,163.0,37,294.0,37,14,18,5,0,3,9,2,10,8,5,0,0,0,0,15,18,4,0,0,0,1,0,0,0,0,0,0,2,4,10,1,1,0,5,1,0,1,1,2,2,0,0,0,1,0,1,0,0,0,0,0,0,0,1,0,2,1,0,0,0,0,0,0,0,8,9,8,5,7,7,1,5,8,1,0,4,0,5,0,0,0,3,5,21,5,17,2,4,3,0,0,11,14,0,0,0,0,0,0,0,0,0,11,0,7,0,0,1,0,24,0,0,0,0,0,9,0,6,1,5,3,5,2,2,3,13,15,6,0,0
石川,加賀国府ものがたり館,22,35.0,8,101.0,22,162.0,22,7,7,8,0,0,3,6,3,5,3,2,0,0,0,9,10,3,0,0,0,0,0,0,0,0,0,0,0,0,1,0,0,2,15,0,0,0,1,0,0,2,0,0,1,0,0,0,0,0,0,0,0,0,0,0,0,0,0,0,0,0,0,0,0,15,3,1,3,0,6,2,1,4,0,0,3,1,4,0,0,0,2,1,8,0,10,3,1,1,0,0,6,1,0,0,1,0,1,0,0,1,0,0,0,0,0,0,0,0,2,0,0,0,0,0,1,0,5,0,6,3,5,0,2,6,7,6,3,0,0
石川,加賀屋,44,0,0,201.0,44,398.0,44,28,16,0,0,0,9,5,12,9,7,2,0,0,0,17,26,1,0,0,0,1,0,0,0,0,2,0,2,1,6,2,1,2,5,2,0,5,3,0,3,0,0,1,3,0,0,0,0,0,2,0,1,0,0,1,0,1,0,0,0,0,0,0,0,0,22,15,3,4,1,6,6,11,1,0,6,0,5,1,0,0,28,35,32,4,18,5,9,1,0,0,8,0,0,0,3,0,1,0,1,0,0,5,0,1,0,0,2,0,27,0,0,0,5,0,15,0,6,0,13,2,4,2,1,4,19,15,6,0,0
石川,加賀市観光情報センター　KAGA旅・まちネット,112,503.0,112,435.0,112,837.0,112,40,38,34,0,0,14,28,20,26,14,10,0,0,0,35,75,2,0,2,0,0,0,0,0,3,1,0,3,3,25,6,0,5,6,4,0,2,2,1,8,4,3,3,14,8,3,0,0,0,2,0,1,0,1,0,0,0,1,1,0,0,0,0,0,5,50,40,9,8,16,18,10,31,0,0,15,1,9,0,0,0,69,83,74,11,26,8,8,4,0,0,28,2,0,1,2,0,2,1,1,1,1,20,0,12,1,0,1,0,67,0,0,0,7,0,22,0,12,0,18,17,10,8,6,15,57,23,17,0,0
石川,勝﨑館,2,9.0,2,10.0,2,18.0,2,1,1,0,0,0,1,0,0,1,0,0,0,0,0,0,2,0,0,0,0,0,0,0,0,0,0,0,0,0,1,0,0,0,0,0,0,0,0,0,0,0,0,1,0,0,0,0,0,0,0,0,0,0,0,0,0,0,0,0,0,0,0,0,0,0,1,0,0,1,1,0,0,1,0,0,0,0,0,0,0,0,0,0,2,0,0,0,0,1,0,0,0,0,0,0,0,0,1,0,0,0,0,0,0,0,0,0,0,0,2,0,0,0,0,0,0,0,0,0,0,0,0,0,0,0,2,0,0,0,0
石川,北陸自動車道　不動寺ＰＡ（上り）,17,63.0,15,69.0,17,132.0,17,8,3,6,0,1,0,2,4,8,2,0,0,0,0,12,5,0,0,0,0,0,0,0,0,0,0,0,1,0,0,0,4,6,3,0,0,0,0,0,1,0,0,1,1,0,0,0,0,0,0,0,0,0,0,0,0,0,0,0,0,0,0,0,0,7,7,2,0,1,7,0,1,4,0,0,0,0,2,0,0,0,1,2,3,1,3,1,2,0,0,0,4,1,0,0,1,0,3,0,1,0,0,3,0,1,0,0,0,0,6,0,0,0,0,0,2,0,2,0,4,0,3,0,4,3,7,4,3,0,0
石川,北陸自動車道　不動寺ＰＡ（下り）,5,10.0,2,20.0,5,38.0,5,1,3,1,0,0,0,2,1,2,0,0,0,0,0,1,4,0,0,0,0,0,0,0,0,0,0,0,0,0,1,0,1,0,0,0,0,1,1,0,0,0,0,0,0,0,1,0,0,0,0,0,0,0,0,0,0,0,0,0,0,0,0,0,0,0,2,2,1,0,1,1,0,0,1,0,0,0,0,2,0,0,3,2,4,0,3,1,2,0,0,0,2,0,0,0,0,0,1,0,0,0,0,0,0,0,0,0,0,0,2,0,0,0,0,0,0,0,0,1,2,0,0,0,0,0,3,1,1,0,0
石川,北陸自動車道　尼御前ＳＡ（上り）,33,152.0,33,140.0,33,278.0,33,17,14,2,0,0,5,10,3,11,3,1,0,0,0,11,22,0,0,0,0,0,0,0,0,0,0,0,4,0,3,0,2,2,1,3,0,0,0,0,1,2,1,0,8,0,1,0,1,0,0,0,2,0,0,0,0,1,0,0,0,0,0,1,0,6,12,11,4,0,4,0,1,14,1,0,5,0,5,0,0,0,4,12,16,1,9,2,1,1,0,0,3,0,0,0,3,0,1,0,1,1,1,5,0,3,0,0,0,0,10,0,0,0,0,0,6,0,6,0,4,1,6,0,6,3,11,14,5,0,0
石川,北陸自動車道　尼御前ＳＡ（下り）,100,425.0,95,417.0,100,817.0,100,44,43,13,0,2,13,20,23,26,16,0,0,0,0,30,69,1,1,0,0,0,0,0,0,1,0,1,2,1,3,3,2,13,2,7,0,0,0,5,13,4,7,8,16,5,2,1,0,0,1,0,0,0,1,1,0,0,0,0,0,0,0,0,0,16,39,23,10,12,7,5,7,27,1,0,17,2,17,3,0,0,13,24,53,2,25,14,16,5,0,0,21,2,0,0,12,0,3,0,2,0,0,20,0,5,0,0,2,0,44,0,0,0,11,0,24,0,20,2,17,5,21,6,6,8,45,29,18,0,0
石川,北陸自動車道　徳光ＰＡ（上り）,29,121.0,28,115.0,29,231.0,29,15,7,7,0,0,4,8,5,8,4,0,0,0,0,14,15,0,0,0,0,0,0,0,0,0,0,0,0,1,2,0,3,3,1,3,0,0,0,2,1,0,0,2,8,2,0,0,0,0,0,0,0,0,0,0,0,0,0,0,0,1,0,0,0,4,16,6,1,2,4,5,3,7,1,0,4,1,4,0,0,0,4,5,11,0,3,3,2,4,0,0,2,1,0,1,2,0,4,1,0,0,0,4,0,3,0,0,1,0,17,0,0,0,2,0,1,0,4,0,2,0,2,0,4,3,21,4,1,0,0
石川,北陸自動車道　徳光ＰＡ（下り）,7,26.0,6,29.0,7,60.0,7,3,3,1,0,0,1,1,0,3,0,2,0,0,0,2,5,0,0,0,0,0,0,0,0,0,2,0,0,0,0,0,0,0,0,0,0,0,0,0,1,0,0,0,1,1,0,0,0,0,0,0,0,0,0,0,0,0,0,0,0,2,0,0,0,0,2,2,2,1,0,0,1,3,0,0,0,0,0,2,0,0,1,4,2,1,3,0,1,0,0,0,2,0,0,0,0,0,0,0,0,0,0,1,0,0,0,0,0,0,3,0,0,0,1,0,0,0,0,0,2,0,2,0,1,0,5,1,1,0,0
石川,北陸鉄道　野町駅,6,26.0,6,21.0,6,45.0,6,2,2,2,0,1,0,0,3,1,1,0,0,0,0,5,1,0,0,0,0,0,0,0,0,0,0,0,0,0,1,0,0,0,2,0,0,0,0,0,1,0,1,0,0,0,0,0,0,0,0,0,1,0,0,0,0,0,0,0,0,0,0,0,0,3,1,0,2,0,3,0,0,1,0,0,0,0,2,0,0,0,0,0,2,1,1,0,0,0,0,0,1,0,0,0,0,0,0,0,0,0,0,0,0,1,0,0,0,0,2,0,0,0,1,0,0,0,0,0,0,1,0,0,1,1,2,3,0,0,0
石川,北陸鉄道　金沢駅,8,35.0,8,33.0,8,66.0,8,5,2,1,0,0,0,1,1,6,0,0,0,0,0,4,4,0,0,0,0,0,0,0,0,1,0,0,1,0,1,0,0,0,2,0,0,0,0,0,0,0,0,1,2,0,0,0,0,0,0,0,0,0,0,0,0,0,0,0,0,0,0,0,0,2,4,1,0,1,5,0,0,3,0,0,0,0,0,0,0,0,0,1,3,0,2,0,0,0,0,0,3,0,0,0,0,0,1,0,0,0,0,0,0,2,0,0,0,0,3,0,0,0,0,0,1,0,2,0,1,3,1,0,1,2,2,2,2,0,0
石川,千丈温泉　清流,16,73.0,16,75.0,16,137.0,16,10,3,3,0,0,0,0,5,6,5,0,0,0,0,8,8,0,0,0,0,0,0,0,0,0,0,0,0,0,2,0,0,0,13,0,0,0,0,0,0,0,0,0,0,1,0,0,0,0,0,0,0,0,0,0,0,0,0,0,0,0,0,0,0,10,5,0,0,1,3,1,1,5,0,0,2,1,2,0,0,0,2,11,6,1,0,0,0,0,0,3,1,0,0,0,0,0,0,0,1,0,0,2,0,0,0,0,0,0,5,0,0,0,0,0,3,0,6,0,0,0,0,0,1,1,6,7,2,0,0
石川,千代女の里俳句館,9,35.0,8,37.0,9,65.0,9,2,5,2,0,0,0,1,1,5,2,0,0,0,0,4,5,0,0,0,0,0,0,0,0,0,0,0,0,1,2,0,0,0,3,0,0,0,1,0,1,0,0,0,1,0,0,0,0,0,0,0,0,0,0,0,0,0,0,0,0,0,0,0,0,4,1,2,1,1,4,0,1,4,0,0,0,0,0,0,0,0,0,1,2,0,5,0,0,0,0,1,2,0,0,0,0,0,1,0,0,0,0,0,0,1,0,0,0,0,3,0,0,0,0,0,1,0,1,0,6,2,1,0,0,2,3,3,1,0,0
石川,千里浜なぎさ展望台,1,5.0,1,3.0,1,7.0,1,0,1,0,0,0,0,0,1,0,0,0,0,0,0,0,1,0,0,0,0,0,0,0,0,0,0,0,0,0,0,0,0,0,0,0,0,0,0,0,0,1,0,0,0,0,0,0,0,0,0,0,0,0,0,0,0,0,0,0,0,0,0,0,0,0,1,0,0,0,0,0,0,1,0,0,0,0,0,0,0,0,0,0,0,0,0,0,0,0,0,0,0,0,0,0,0,0,0,0,0,0,0,0,0,0,0,0,0,0,1,0,0,0,0,0,0,0,0,0,0,0,0,0,0,0,1,0,0,0,0
石川,千里浜レストハウス,181,747.0,165,782.0,181,1512.0,181,95,59,27,0,7,17,27,29,53,38,10,0,0,0,74,103,4,1,0,0,0,0,1,3,7,2,2,10,10,31,19,2,12,25,3,0,6,1,0,13,1,5,4,10,7,2,1,1,0,1,0,1,0,0,0,0,0,0,0,0,0,0,0,0,39,48,66,14,14,23,15,27,49,8,0,17,4,18,0,0,0,26,58,97,10,49,4,18,12,0,11,21,2,0,0,23,0,4,0,2,1,1,16,0,5,0,0,1,0,58,0,0,0,7,0,29,2,41,4,25,5,29,6,17,31,77,59,14,0,0
石川,南竜山荘,1,5.0,1,5.0,1,10.0,1,1,0,0,0,0,0,0,0,1,0,0,0,0,0,0,1,0,0,0,0,0,0,0,0,0,0,1,0,0,0,0,0,0,0,0,0,0,0,0,0,0,0,0,0,0,0,0,0,0,0,0,0,0,0,0,0,0,0,0,0,0,0,0,0,0,1,0,0,0,0,1,0,0,0,0,0,0,0,0,0,0,0,0,0,0,0,0,0,0,0,1,0,0,0,0,0,0,0,0,0,0,0,0,0,0,1,0,0,0,1,0,0,0,0,0,0,0,1,0,0,0,0,0,0,0,1,0,0,0,0
石川,友禅工芸すずらん,1,5.0,1,5.0,1,10.0,1,1,0,0,0,0,0,1,0,0,0,0,0,0,0,1,0,0,0,0,0,0,0,0,0,0,0,0,0,0,0,0,0,0,0,0,0,0,0,0,1,0,0,0,0,0,0,0,0,0,0,0,0,0,0,0,0,0,0,0,0,0,0,0,0,0,0,0,0,1,0,0,0,0,1,0,0,0,0,0,0,0,0,0,1,1,1,0,1,0,0,0,0,1,0,0,0,0,0,0,0,0,0,1,0,0,0,0,0,0,1,0,0,0,0,0,1,0,0,0,1,1,1,0,0,0,0,1,0,0,0
石川,古民家の宿　忠平,1,5.0,1,4.0,1,10.0,1,1,0,0,0,0,0,1,0,0,0,0,0,0,0,0,1,0,0,0,0,0,0,0,0,0,0,0,0,0,0,1,0,0,0,0,0,0,0,0,0,0,0,0,0,0,0,0,0,0,0,0,0,0,0,0,0,0,0,0,0,0,0,0,0,0,1,0,0,0,0,0,1,0,0,0,0,0,0,0,0,0,1,1,1,0,0,0,0,0,0,0,0,0,0,0,0,0,0,0,0,0,0,1,0,0,0,0,0,0,1,0,0,0,0,0,0,0,0,0,0,0,0,0,0,1,0,0,0,0,0
石川,古民家ゲストハウス結舎-YUINOYA-,11,44.0,11,52.0,11,92.0,11,5,5,1,0,0,1,2,3,3,2,0,0,0,0,6,5,0,0,0,0,0,0,0,0,0,0,0,4,0,0,2,0,0,1,0,0,0,0,0,0,0,1,0,0,0,0,2,0,0,0,0,0,0,0,0,0,1,0,0,0,0,0,0,0,0,4,1,2,4,4,0,1,2,0,0,0,1,1,0,0,0,1,0,1,0,1,0,0,1,0,0,0,0,0,1,1,0,3,1,0,0,0,1,0,0,0,0,0,0,4,0,0,0,1,0,1,0,4,0,2,0,1,0,1,5,2,4,0,0,0
石川,古民家レストラン茅葺庵,16,0,0,75.0,16,149.0,16,13,2,1,0,0,6,0,2,6,1,1,0,0,0,4,11,1,0,0,0,0,0,0,0,0,0,0,1,2,1,0,0,0,10,0,0,0,0,0,0,0,0,0,1,0,0,0,0,0,1,0,0,0,0,0,0,0,0,0,0,0,0,0,0,7,8,1,0,0,2,2,3,4,0,0,1,0,2,0,0,0,5,3,10,1,2,1,2,5,0,0,2,0,0,0,2,0,0,0,0,0,0,1,0,0,0,0,0,0,8,0,0,0,2,0,2,0,4,0,0,0,0,0,1,7,4,1,4,0,0
石川,吉田屋山王閣,23,101.0,23,103.0,23,193.0,23,14,7,2,0,1,3,4,6,5,4,0,0,0,0,6,16,1,0,0,0,0,0,0,0,0,0,0,1,0,2,0,0,2,3,3,0,0,0,0,1,0,0,1,6,4,0,0,0,0,0,0,0,0,0,0,0,0,0,0,0,0,0,0,0,0,19,1,1,2,0,0,1,3,0,0,4,1,2,3,0,0,18,18,15,1,5,0,0,0,0,0,7,1,0,0,1,0,1,0,0,0,0,2,0,0,0,0,1,0,17,0,0,0,1,0,3,0,1,0,1,1,3,2,0,3,10,6,4,0,0
石川,吉野オートキャンプ場,13,57.0,13,52.0,13,106.0,13,5,6,2,0,1,1,1,5,1,3,1,0,0,0,5,8,0,0,0,0,0,0,0,0,0,0,0,0,0,3,0,1,0,5,2,0,2,0,0,0,0,0,0,0,0,0,0,0,0,0,0,0,0,0,0,0,0,0,0,0,0,0,0,0,8,0,1,1,3,3,0,0,3,0,0,2,0,4,0,0,0,0,2,6,5,1,2,0,0,0,0,1,1,0,0,1,0,0,0,0,0,0,1,0,0,0,0,0,0,5,0,0,0,2,0,3,0,2,0,4,0,3,1,1,2,4,5,2,0,0
石川,味な宿　宝仙閣,12,56.0,12,53.0,12,95.0,12,5,5,2,0,0,0,1,5,4,1,1,0,0,0,8,4,0,1,0,0,0,0,0,0,0,0,0,1,1,2,0,0,0,2,0,0,0,0,1,2,1,0,1,0,0,0,0,0,0,0,0,0,0,0,0,0,0,0,0,0,0,0,0,0,0,4,4,2,2,4,1,1,1,0,0,0,3,1,0,0,0,2,7,6,0,3,1,2,0,0,0,3,0,0,0,0,0,4,0,0,0,0,0,0,0,0,0,0,0,11,0,0,0,0,0,0,0,1,0,0,0,1,0,0,0,4,4,4,0,0
石川,和倉温泉-総湯-,64,302.0,64,292.0,64,585.0,64,45,17,2,0,1,16,12,16,13,5,1,0,0,0,26,37,1,0,0,0,1,1,0,0,1,0,2,6,4,16,3,4,5,2,0,1,0,1,1,3,0,0,3,4,2,0,2,0,0,0,0,0,0,1,0,0,0,0,1,0,0,0,0,0,16,11,19,7,11,7,4,14,12,0,0,3,2,13,0,0,0,8,38,34,2,23,8,3,10,0,6,14,2,0,0,4,0,3,0,2,0,0,13,1,8,1,0,2,0,35,0,0,0,2,0,12,0,16,0,8,5,8,2,4,10,27,16,11,0,0
石川,和倉温泉お祭り会館,134,525.0,115,579.0,134,1123.0,134,69,49,16,0,0,12,28,25,26,35,8,0,0,0,37,94,3,1,0,0,0,0,0,0,2,2,2,3,6,20,9,1,7,23,8,3,2,3,3,6,3,6,3,10,6,1,1,0,0,0,0,0,0,0,0,0,0,0,0,0,3,0,0,0,24,56,35,3,16,17,6,22,28,20,0,12,3,18,0,0,0,24,62,75,4,35,8,14,11,0,0,23,3,0,0,7,0,10,0,3,0,0,14,0,8,0,0,2,0,55,0,0,0,7,0,13,0,23,7,37,13,15,8,10,25,52,39,18,0,0
石川,和倉温泉はまづる,1,4.0,1,5.0,1,9.0,1,1,0,0,0,0,0,0,1,0,0,0,0,0,0,0,1,0,0,0,0,0,0,0,0,0,0,0,0,0,0,0,0,0,1,0,0,0,0,0,0,0,0,0,0,0,0,0,0,0,0,0,0,0,0,0,0,0,0,0,0,0,0,0,0,0,1,0,0,0,0,0,0,0,0,0,0,0,1,0,0,0,1,0,0,0,0,0,0,0,0,0,0,0,0,0,0,0,0,0,0,0,0,0,0,0,0,0,0,0,1,0,0,0,0,0,0,0,0,0,0,0,0,0,0,0,0,1,0,0,0
石川,和倉温泉観光案内所,55,226.0,50,219.0,55,421.0,55,22,19,14,0,2,10,10,12,13,6,2,0,0,0,27,28,0,1,1,0,1,0,2,0,0,1,0,1,1,14,5,0,2,7,0,0,0,1,2,5,0,4,1,4,0,1,0,0,0,1,0,0,0,0,0,0,0,0,0,0,0,0,0,0,12,16,15,7,5,14,0,3,19,3,0,5,2,8,0,0,0,17,31,34,7,16,6,9,3,0,4,15,0,0,0,2,0,3,0,2,0,0,6,0,9,1,0,0,0,36,0,0,0,3,0,5,0,8,0,12,4,5,3,2,13,15,15,12,0,0
石川,和餐　伸,33,156.0,33,155.0,33,283.0,33,22,7,4,0,1,5,3,5,7,9,3,0,0,0,17,16,0,0,0,0,0,0,0,0,0,0,0,1,0,3,2,0,3,16,2,0,0,0,0,0,0,0,1,4,1,0,0,0,0,0,0,0,0,0,0,0,0,0,0,0,0,0,0,0,19,7,5,0,2,2,1,9,14,0,0,2,1,1,0,0,0,3,3,24,1,2,2,0,0,0,0,4,1,0,0,2,0,0,0,2,1,0,6,0,2,0,0,1,0,11,0,0,0,2,0,2,0,17,0,0,0,1,0,2,2,13,7,11,0,0
石川,喜多八,12,49.0,12,50.0,12,85.0,12,3,6,3,0,1,3,1,1,2,3,1,0,0,0,4,8,0,1,0,0,0,0,0,0,0,0,0,1,0,0,1,0,1,2,1,0,0,1,0,0,0,2,0,1,1,0,0,0,0,0,0,0,0,0,0,0,0,0,0,0,0,0,0,0,0,5,3,0,4,0,0,3,3,1,0,2,0,0,0,0,0,3,7,5,0,1,0,0,0,0,0,0,0,0,3,0,0,0,3,0,0,0,1,0,0,0,0,0,0,7,0,0,0,1,0,0,0,3,0,0,1,0,0,2,4,6,2,0,0,0
石川,喜多家,2,10.0,2,10.0,2,19.0,2,2,0,0,0,0,0,1,0,1,0,0,0,0,0,1,1,0,0,0,0,0,0,0,0,0,0,0,0,0,0,0,0,0,1,0,0,0,0,0,0,0,0,0,0,0,0,1,0,0,0,0,0,0,0,0,0,0,0,0,0,0,0,0,0,0,1,1,0,0,0,1,0,1,0,0,0,0,0,0,0,0,0,0,2,0,1,0,0,0,0,0,2,0,0,0,1,0,0,0,0,0,0,0,0,0,0,0,0,0,1,0,0,0,0,0,0,0,0,0,0,1,0,0,0,1,0,0,1,0,0
石川,四季の彩アパートメントホテル金沢,13,63.0,13,60.0,13,115.0,13,8,4,1,0,0,1,4,4,4,0,0,0,0,0,3,10,0,0,0,0,0,0,0,0,0,0,0,1,0,1,0,1,0,5,0,0,0,0,0,0,0,0,0,3,2,0,0,0,0,0,0,0,0,0,0,0,0,0,0,0,0,0,0,0,0,10,2,1,0,2,1,4,2,0,0,1,0,2,1,0,0,5,2,10,1,4,0,1,0,0,1,5,1,0,0,0,0,0,0,1,0,0,4,1,0,0,0,0,0,6,0,0,0,1,0,4,0,3,0,1,0,2,0,0,2,6,5,0,0,0
石川,囲炉裏のある古民家ゲストハウスゆの,1,5.0,1,5.0,1,10.0,1,1,0,0,0,0,0,1,0,0,0,0,0,0,0,0,1,0,0,0,0,0,0,0,0,0,0,0,0,0,0,1,0,0,0,0,0,0,0,0,0,0,0,0,0,0,0,0,0,0,0,0,0,0,0,0,0,0,0,0,0,0,0,0,0,0,0,1,0,0,0,0,0,0,0,0,0,0,1,0,0,0,0,0,1,1,0,0,0,0,0,0,0,0,0,0,0,0,0,0,0,0,0,0,0,0,0,0,0,0,0,0,0,0,1,0,0,0,0,0,0,0,0,0,0,0,1,0,0,0,0
石川,国民宿舎　柳田温泉　能登やなぎだ荘,1,4.0,1,5.0,1,8.0,1,0,1,0,0,0,0,0,0,1,0,0,0,0,0,1,0,0,0,0,0,0,0,0,0,0,0,0,0,0,0,0,0,0,0,0,0,0,0,0,0,0,0,0,1,0,0,0,0,0,0,0,0,0,0,0,0,0,0,0,0,0,0,0,0,0,0,0,1,0,0,1,0,0,0,0,0,0,0,0,0,0,0,1,0,0,0,0,0,0,0,0,0,0,0,0,0,0,0,0,0,0,0,0,0,0,0,0,0,0,0,0,0,0,0,0,0,0,1,0,0,0,0,0,0,0,0,1,0,0,0
石川,国立工芸館,1,5.0,1,4.0,1,8.0,1,0,1,0,0,0,1,0,0,0,0,0,0,0,0,0,1,0,0,0,0,0,0,0,0,0,0,0,0,0,0,0,0,0,0,0,0,0,0,0,0,0,0,0,0,1,0,0,0,0,0,0,0,0,0,0,0,0,0,0,0,0,0,0,0,0,1,0,0,0,0,0,0,0,1,0,0,0,0,0,0,0,0,0,1,0,1,1,0,0,0,0,1,0,0,0,0,0,0,0,0,0,0,0,0,0,0,0,0,0,0,0,0,0,0,0,0,0,0,0,1,0,0,0,0,0,1,0,0,0,0
石川,團十郎芸術劇場うらら,1,0,0,5.0,1,10.0,1,1,0,0,0,0,0,0,0,1,0,0,0,0,0,0,1,0,0,0,0,0,0,0,0,0,0,0,0,1,0,0,0,0,0,0,0,0,0,0,0,0,0,0,0,0,0,0,0,0,0,0,0,0,0,0,0,0,0,0,0,0,0,0,0,0,1,0,0,0,0,0,0,0,0,0,0,0,0,0,0,0,0,0,1,0,0,0,0,0,0,0,1,0,0,0,0,0,0,0,0,0,0,0,0,0,0,0,0,0,1,0,0,0,0,0,0,0,0,0,0,0,0,0,0,0,0,0,1,0,0
石川,変なホテル　小松駅前,92,360.0,86,387.0,92,771.0,92,46,36,10,0,0,7,15,34,26,8,2,0,0,0,75,14,3,2,0,1,1,0,0,1,2,4,0,7,3,8,8,1,5,5,5,0,1,1,4,4,0,0,9,5,6,1,0,0,1,0,3,1,0,0,0,0,2,0,0,0,1,0,0,0,0,50,15,10,17,36,5,4,9,1,0,1,21,5,1,0,0,10,4,15,1,12,4,3,4,0,0,8,0,0,3,0,0,49,3,0,0,0,7,0,3,0,0,0,0,61,0,0,0,1,0,6,0,23,2,2,1,4,1,5,4,32,31,25,0,0
石川,変なホテル金沢　香林坊,6,27.0,6,24.0,6,44.0,6,2,2,2,0,0,2,2,0,2,0,0,0,0,0,1,5,0,0,0,0,0,0,0,0,0,1,0,0,0,0,1,0,0,1,0,0,0,0,0,1,0,0,0,0,0,0,0,0,0,0,0,0,1,0,0,0,0,0,1,0,0,0,0,0,0,1,5,0,0,2,1,0,3,0,0,0,0,0,0,0,0,1,1,4,1,3,1,0,0,0,0,2,0,0,0,0,0,2,0,0,0,0,4,0,1,0,0,0,0,4,0,0,0,0,0,0,0,1,0,0,0,0,0,0,2,2,2,0,0,0
石川,夕日が海に沈む宿 まひるのつき,1,5.0,1,5.0,1,10.0,1,1,0,0,0,0,0,1,0,0,0,0,0,0,0,1,0,0,0,0,0,0,0,0,0,0,0,1,0,0,0,0,0,0,0,0,0,0,0,0,0,0,0,0,0,0,0,0,0,0,0,0,0,0,0,0,0,0,0,0,0,0,0,0,0,0,0,1,0,0,0,0,1,0,0,0,0,0,0,0,0,0,1,0,1,0,0,1,0,1,0,0,0,0,0,0,1,0,0,0,0,0,0,0,0,1,0,0,0,0,1,0,0,0,0,0,0,0,0,0,0,0,0,0,0,0,1,0,0,0,0
石川,夢ミルク館（ホリ牧場）,153,683.0,153,688.0,153,1314.0,153,87,51,15,0,1,33,48,39,22,9,1,0,0,0,59,93,1,0,0,0,1,0,0,0,3,0,2,4,3,13,7,0,18,56,5,0,0,5,0,10,0,3,3,10,3,0,0,0,0,1,0,0,0,0,0,0,0,0,0,0,3,3,0,0,82,38,17,8,8,3,26,7,27,5,0,11,0,56,0,0,0,34,35,80,18,36,20,19,7,0,11,27,12,0,1,25,0,3,1,5,2,2,49,2,19,0,0,3,0,62,0,0,0,7,0,18,0,45,2,7,5,27,3,6,24,63,49,17,0,0
石川,大丸庵,1,4.0,1,5.0,1,9.0,1,1,0,0,0,0,1,0,0,0,0,0,0,0,0,0,1,0,0,0,0,0,0,0,0,0,0,0,0,0,0,0,0,0,0,0,0,0,0,0,0,0,0,0,1,0,0,0,0,0,0,0,0,0,0,0,0,0,0,0,0,0,0,0,0,0,0,1,0,0,0,1,0,0,0,0,0,0,0,0,0,0,1,0,1,0,1,0,0,0,0,0,0,0,0,0,0,0,0,0,0,0,0,0,0,0,0,0,0,0,1,0,0,0,0,0,0,0,0,0,0,0,0,1,0,0,0,1,0,0,0
石川,大呑ビレッジ「遊心庵」,1,3.0,1,3.0,1,4.0,1,0,0,1,0,0,1,0,0,0,0,0,0,0,0,1,0,0,0,0,0,0,0,0,0,0,0,0,0,0,0,0,0,0,1,0,0,0,0,0,0,0,0,0,0,0,0,0,0,0,0,0,0,0,0,0,0,0,0,0,0,0,0,0,0,0,0,1,0,0,0,1,0,0,0,0,0,0,0,0,0,0,1,0,1,0,1,0,0,0,0,0,1,0,0,0,0,0,1,0,0,0,0,0,0,0,0,0,0,0,1,0,0,0,0,0,0,0,0,0,0,0,0,0,0,0,0,1,0,0,0
石川,大和,1,5.0,1,5.0,1,10.0,1,1,0,0,0,0,0,1,0,0,0,0,0,0,0,0,1,0,0,0,0,0,0,0,0,0,0,0,0,0,0,0,0,1,0,0,0,0,0,0,0,0,0,0,0,0,0,0,0,0,0,0,0,0,0,0,0,0,0,0,0,0,0,0,0,0,1,0,0,0,0,0,0,1,0,0,0,0,0,0,0,0,0,0,0,0,0,0,0,0,0,0,0,0,0,0,0,0,0,0,0,0,0,0,0,0,0,0,0,0,0,0,0,0,0,0,0,0,1,0,0,0,0,0,0,0,0,0,1,0,0
石川,大江戸温泉premium加賀まるや,1,4.0,1,4.0,1,8.0,1,0,1,0,0,0,1,0,0,0,0,0,0,0,0,0,1,0,0,0,0,0,0,0,0,0,0,0,0,0,0,0,0,0,1,0,0,0,0,0,0,0,0,0,0,0,0,0,0,0,0,0,0,0,0,0,0,0,0,0,0,0,0,0,0,0,1,0,0,0,0,0,0,0,0,0,1,0,0,0,0,0,1,0,0,0,0,0,0,1,0,0,0,0,0,0,0,0,0,0,0,0,0,0,0,0,0,0,0,0,1,0,0,0,0,0,0,0,0,0,0,0,0,0,0,0,0,1,0,0,0
石川,大江戸温泉premium山中グランドホテル,1,5.0,1,3.0,1,7.0,1,0,1,0,0,0,1,0,0,0,0,0,0,0,0,0,1,0,0,0,0,0,0,0,0,0,0,0,0,0,0,0,0,0,1,0,0,0,0,0,0,0,0,0,0,0,0,0,0,0,0,0,0,0,0,0,0,0,0,0,0,0,0,0,0,0,1,0,0,0,0,0,1,0,0,0,0,0,0,0,0,0,1,1,1,0,1,0,0,0,0,0,0,0,0,0,0,0,0,0,0,0,0,0,0,0,0,0,0,0,1,0,0,0,0,0,0,0,0,0,0,0,0,0,0,0,0,1,0,0,0
石川,大江戸温泉物語,2,8.0,2,6.0,2,16.0,2,1,1,0,0,0,0,0,0,0,1,1,0,0,0,2,0,0,0,0,0,0,0,0,0,0,0,0,0,0,0,0,0,0,0,0,0,0,0,0,0,0,0,0,0,1,1,0,0,0,0,0,0,0,0,0,0,0,0,0,0,0,0,0,0,0,2,0,0,0,0,0,0,1,0,0,0,0,0,0,0,0,0,1,0,0,0,0,0,1,0,0,0,0,0,0,0,0,0,0,0,0,0,0,0,0,0,0,0,0,1,0,0,0,0,0,0,0,0,0,0,0,1,0,0,2,0,0,0,0,0
石川,大江戸温泉物語 あわづグランドホテル,140,601.0,140,574.0,140,1026.0,140,39,65,36,0,3,8,33,35,32,24,4,1,0,0,67,71,2,0,0,0,0,0,0,0,0,1,0,3,1,1,0,3,17,19,26,0,1,7,0,16,3,17,4,11,8,0,0,0,0,0,0,0,0,1,1,0,0,0,0,0,0,0,0,0,1,114,20,5,0,7,8,8,35,3,0,13,1,48,0,0,0,93,102,91,3,13,7,2,1,0,0,6,2,0,0,4,0,0,0,3,0,0,19,1,4,1,0,4,0,96,0,0,0,22,0,13,0,8,0,8,1,10,1,6,17,53,59,11,0,0
石川,大江戸温泉物語 ながやま,14,60.0,14,55.0,14,104.0,14,6,3,5,0,0,1,0,2,5,5,1,0,0,0,2,12,0,0,0,0,0,0,0,0,0,0,0,0,1,0,0,0,0,0,2,0,0,2,0,2,0,5,0,2,0,0,0,0,0,0,0,0,0,0,0,0,0,0,0,0,0,0,0,0,0,11,3,0,0,1,0,4,3,0,0,3,0,0,1,0,0,12,10,7,0,0,2,0,0,0,0,0,0,0,0,1,0,0,0,0,0,0,1,0,1,0,0,0,0,8,0,0,0,2,0,2,0,2,0,3,0,1,2,1,1,11,2,0,0,0
石川,大江戸温泉物語 わんわんリゾート　粟津,46,207.0,46,199.0,46,379.0,46,20,21,5,0,1,8,6,6,21,4,0,0,0,0,16,30,0,0,0,0,0,0,0,0,0,0,0,2,0,2,4,1,4,2,0,0,0,1,2,6,3,6,3,5,1,3,0,0,0,0,1,0,0,0,0,0,0,0,0,0,0,0,0,0,2,38,6,0,0,0,0,2,13,0,0,8,0,6,0,0,0,27,28,20,1,10,1,2,0,0,0,6,1,0,0,3,0,0,0,1,0,0,14,0,3,0,0,0,0,32,0,0,0,3,0,5,0,5,0,6,0,9,3,0,3,21,13,9,0,0
石川,大江戸温泉物語 山中彩朝楽,143,616.0,143,585.0,143,1080.0,143,43,67,33,0,1,8,16,25,49,34,10,0,0,0,73,69,1,0,0,2,1,0,0,0,0,0,1,0,1,2,2,0,9,21,12,0,4,3,5,19,1,9,10,28,4,2,1,0,0,0,1,1,1,2,0,0,1,0,0,0,0,0,0,0,2,103,28,6,4,20,12,3,56,2,0,11,3,12,0,0,0,87,111,50,12,30,8,10,1,0,2,13,1,0,0,7,0,6,0,1,0,0,9,0,3,4,0,3,0,106,0,0,0,5,0,16,0,10,2,10,3,8,5,6,26,61,42,14,0,0
石川,大江戸温泉物語 山代彩朝楽,103,439.0,103,416.0,103,740.0,103,26,47,30,0,5,12,14,20,26,20,6,0,0,0,47,53,3,0,0,0,2,0,0,0,0,1,0,3,1,4,6,3,11,27,14,0,0,2,2,4,1,6,5,5,2,0,1,0,0,0,0,0,0,0,0,0,1,0,1,0,0,0,0,1,2,82,8,7,4,9,5,12,31,1,0,16,2,16,0,0,0,66,73,40,10,11,10,7,0,0,0,12,1,0,0,4,0,4,0,1,0,0,10,0,4,0,0,1,0,72,0,0,1,4,0,11,0,9,1,7,1,9,3,3,28,40,23,12,0,0
石川,大江戸温泉物語Premium よしのや依緑園,137,609.0,137,583.0,137,1119.0,137,71,44,22,0,1,12,14,31,40,28,11,0,0,0,61,72,4,1,0,0,0,0,0,1,0,2,0,2,0,2,2,0,10,18,14,0,1,16,1,11,3,5,2,31,5,5,1,0,0,0,0,0,0,0,1,0,2,0,0,0,0,0,0,1,1,112,19,3,2,23,4,8,48,2,0,15,1,16,5,0,0,96,111,70,7,10,6,5,1,0,0,12,5,0,2,4,0,0,2,3,0,0,22,0,12,0,0,5,0,93,0,0,0,5,0,13,0,12,1,11,2,11,3,5,19,51,50,17,0,0
石川,大江戸温泉物語Premium 加賀まるや,46,203.0,46,197.0,46,368.0,46,18,23,5,0,1,3,4,9,15,13,1,0,0,0,19,25,2,0,0,0,0,0,0,0,0,0,1,2,0,0,2,0,4,7,7,0,1,4,0,2,1,2,2,5,3,1,0,0,0,1,0,0,0,0,0,0,1,0,0,0,0,0,0,0,0,39,5,1,1,2,2,3,13,0,0,8,2,7,0,0,0,32,33,21,1,4,2,2,0,0,0,5,0,0,1,2,0,1,1,0,0,0,2,0,2,0,0,0,0,32,0,0,0,1,0,3,0,7,0,2,1,5,1,2,4,21,16,5,0,0
石川,大江戸温泉物語Premium 山下家,611,2658.0,611,2585.0,611,4848.0,611,244,257,110,0,20,48,76,91,138,167,65,6,0,0,254,347,10,0,0,0,0,0,0,0,3,2,4,16,7,12,11,11,56,69,46,1,9,45,5,72,19,49,30,81,26,15,4,1,0,3,3,1,3,2,0,1,2,0,0,1,0,0,0,1,12,506,60,20,13,41,19,62,205,8,2,68,9,83,0,0,0,408,472,366,26,102,28,24,5,0,6,51,10,0,0,20,0,6,0,6,0,0,67,1,16,5,0,6,0,388,0,0,1,67,0,80,1,79,1,55,9,58,18,17,106,266,174,65,0,0
石川,大江戸温泉物語Premium 山中グランドホテル,297,1307.0,297,1281.0,297,2342.0,297,119,122,56,0,8,20,79,54,63,61,11,0,1,0,117,176,4,0,0,0,0,0,1,0,0,1,0,3,5,7,5,2,54,73,31,0,9,14,1,27,5,21,11,19,5,3,0,0,0,0,0,0,0,0,0,0,0,0,0,0,0,0,0,0,11,252,29,4,1,19,10,23,74,0,0,35,2,86,0,0,0,197,226,125,9,27,19,11,0,0,4,17,6,0,1,8,0,2,1,0,1,0,39,0,4,0,0,4,0,213,0,0,0,18,0,26,0,34,1,20,3,22,3,9,46,121,102,28,0,0
石川,大江戸温泉物語わんわんリゾート　矢田屋松濤園,6,27.0,6,26.0,6,54.0,6,4,2,0,0,0,1,1,0,2,2,0,0,0,0,0,6,0,0,0,0,0,0,0,0,0,0,0,0,0,0,0,0,0,1,0,0,0,0,0,4,0,0,1,0,0,0,0,0,0,0,0,0,0,0,0,0,0,0,0,0,0,0,0,0,0,6,0,0,0,0,0,0,3,0,0,1,0,1,0,0,0,5,3,2,0,0,1,1,0,0,0,0,0,0,0,0,0,0,0,0,0,0,1,0,0,0,0,0,0,4,0,0,0,0,0,0,0,1,0,1,0,0,0,0,0,4,2,0,0,0
石川,大江戸温泉物語山中Premium,1,4.0,1,3.0,1,8.0,1,0,1,0,0,0,0,0,0,0,1,0,0,0,0,0,1,0,0,0,0,0,0,0,0,0,0,0,0,0,0,0,0,0,1,0,0,0,0,0,0,0,0,0,0,0,0,0,0,0,0,0,0,0,0,0,0,0,0,0,0,0,0,0,0,0,0,1,0,0,0,0,0,1,0,0,0,0,0,0,0,0,1,0,0,0,0,0,0,0,0,0,0,0,0,0,0,0,0,0,0,0,0,0,0,0,0,0,0,0,0,0,0,0,1,0,0,0,0,0,0,0,0,0,0,1,0,0,0,0,0
石川,天然温泉リラックスパーク　テルメ金沢,2,9.0,2,9.0,2,18.0,2,1,1,0,0,0,0,1,0,1,0,0,0,0,0,1,1,0,0,0,0,0,0,0,0,0,0,0,0,1,0,0,0,0,0,1,0,0,0,0,0,0,0,0,0,0,0,0,0,0,0,0,0,0,0,0,0,0,0,0,0,0,0,0,0,0,2,0,0,0,0,0,0,1,0,0,1,0,0,0,0,0,1,2,2,1,0,0,1,1,0,0,0,0,0,0,0,0,0,0,0,0,0,0,0,0,0,0,0,0,2,0,0,0,1,0,1,0,0,0,1,0,0,0,0,0,1,0,1,0,0
石川,天然温泉加賀の宝泉　御宿野乃金沢,1,5.0,1,5.0,1,10.0,1,1,0,0,0,0,0,1,0,0,0,0,0,0,0,0,1,0,0,0,0,0,1,0,0,0,0,0,0,0,0,0,0,0,0,0,0,0,0,0,0,0,0,0,0,0,0,0,0,0,0,0,0,0,0,0,0,0,0,0,0,0,0,0,0,0,0,0,0,1,0,0,0,1,0,0,0,0,0,0,0,0,1,1,1,0,1,0,0,1,0,0,1,1,0,0,0,0,0,0,0,0,0,1,0,1,0,0,0,0,1,0,0,0,0,0,0,0,0,0,0,1,0,0,0,0,1,0,0,0,0
石川,天然温泉加賀の湧泉　ドーミーイン金沢,8,40.0,8,36.0,8,75.0,8,7,1,0,0,0,0,4,4,0,0,0,0,0,0,2,6,0,0,0,0,0,0,0,0,0,0,1,0,0,4,1,0,0,0,0,0,0,0,0,1,0,0,0,1,0,0,0,0,0,0,0,0,0,0,0,0,0,0,0,0,0,0,0,0,0,3,3,1,1,3,1,0,3,0,0,0,0,1,0,0,0,2,4,4,0,3,0,2,0,0,0,3,0,0,0,0,0,1,0,0,0,0,2,0,1,0,0,1,0,3,0,0,0,2,0,3,0,4,1,2,0,3,0,0,1,3,2,2,0,0
石川,妙立寺,115,531.0,115,518.0,115,1023.0,115,77,31,7,0,1,23,20,24,32,12,3,0,0,0,48,65,2,1,0,0,0,0,1,0,1,2,1,9,4,20,13,4,2,1,2,1,0,5,7,10,0,4,4,9,2,0,0,1,0,1,1,2,0,1,0,1,0,0,0,0,0,0,4,1,3,46,49,10,7,7,5,23,37,2,0,12,3,9,0,0,0,16,16,82,9,85,9,7,2,0,2,39,5,0,0,2,0,4,0,1,2,2,20,1,5,2,0,3,0,53,0,0,0,7,0,33,0,29,2,9,4,15,6,3,7,45,40,23,0,0
石川,季がさね,17,9.0,2,75.0,17,142.0,17,7,9,1,0,0,2,7,4,3,1,0,0,0,0,9,8,0,0,0,0,0,0,0,0,0,0,0,1,1,2,1,0,0,5,1,0,0,0,0,0,0,0,2,3,0,0,0,1,0,0,0,0,0,0,0,0,0,0,0,0,0,0,0,0,0,11,3,3,0,2,2,1,6,0,0,3,0,3,0,0,0,13,15,12,1,3,2,3,1,0,0,3,0,0,0,0,0,0,0,0,0,0,2,0,0,0,0,0,0,15,0,0,0,1,0,1,0,1,0,0,1,1,0,0,2,9,4,2,0,0
石川,安江金箔工芸館,55,251.0,55,232.0,55,438.0,55,26,16,13,0,1,12,11,7,16,6,2,0,0,0,19,33,3,0,1,0,3,1,0,0,0,0,0,6,5,9,4,2,0,1,0,0,1,1,0,3,1,0,1,7,2,0,0,2,0,1,3,1,0,0,0,0,0,0,0,0,0,0,0,0,3,14,26,10,2,5,4,8,20,1,0,5,0,0,0,0,0,7,5,32,2,39,4,5,2,0,0,27,7,0,0,0,0,1,0,0,1,0,7,0,0,0,0,0,0,25,0,0,0,2,1,15,0,4,1,11,5,7,4,2,9,21,19,6,0,0
石川,宝生亭,3,14.0,3,13.0,3,27.0,3,2,1,0,0,0,0,3,0,0,0,0,0,0,0,0,3,0,0,0,0,0,0,0,0,0,0,0,0,0,0,0,0,1,1,0,0,0,0,0,0,0,0,0,1,0,0,0,0,0,0,0,0,0,0,0,0,0,0,0,0,0,0,0,0,0,2,1,0,0,0,0,0,0,0,0,0,0,3,0,0,0,3,2,2,0,0,0,0,0,0,0,0,0,0,0,0,0,0,0,0,0,0,1,0,0,0,0,0,0,2,0,0,0,0,0,0,0,0,0,1,1,0,0,1,0,0,3,0,0,0
石川,宝達山　こぶしの路,8,37.0,8,37.0,8,71.0,8,5,2,1,0,0,0,2,4,1,1,0,0,0,0,2,6,0,0,0,0,0,0,0,0,0,0,0,0,0,0,0,0,0,6,0,0,0,1,0,0,0,0,0,0,0,0,1,0,0,0,0,0,0,0,0,0,0,0,0,0,0,0,0,0,6,1,0,0,1,4,0,2,0,0,0,0,1,0,0,0,0,0,0,2,0,0,0,0,0,0,5,0,0,0,0,0,0,1,0,0,0,0,0,0,0,0,0,0,0,1,0,0,0,0,0,0,0,8,0,0,0,0,0,0,1,2,4,1,0,0
石川,宝達山　新山の龍宮城,9,42.0,9,37.0,9,78.0,9,4,4,1,0,0,0,4,1,2,1,1,0,0,0,4,5,0,0,0,0,0,0,0,0,0,0,0,0,0,2,0,0,3,3,0,0,1,0,0,0,0,0,0,0,0,0,0,0,0,0,0,0,0,0,0,0,0,0,0,0,0,0,0,0,6,0,1,0,2,2,0,0,2,0,0,3,0,0,0,0,0,0,1,3,5,3,1,0,1,0,2,1,0,0,0,5,0,0,0,0,0,0,0,0,1,0,0,0,0,5,0,0,0,0,0,0,0,3,0,3,1,1,0,1,0,4,5,0,0,0
石川,小松カントリー,1,4.0,1,4.0,1,8.0,1,0,1,0,0,0,0,0,1,0,0,0,0,0,0,1,0,0,0,0,0,0,0,0,0,0,0,0,0,0,0,0,0,0,0,0,0,0,0,0,0,0,1,0,0,0,0,0,0,0,0,0,0,0,0,0,0,0,0,0,0,0,0,0,0,0,0,0,0,1,1,0,0,0,0,0,0,0,0,0,0,0,0,0,0,0,0,0,0,0,0,0,0,0,0,1,0,0,0,1,0,0,0,0,0,0,0,0,0,0,1,0,0,0,0,0,0,0,1,0,0,0,0,0,0,0,0,1,0,0,0
石川,小松カントリークラブ,76,348.0,76,337.0,76,615.0,76,36,27,13,0,0,2,9,18,29,17,0,1,0,0,57,19,0,0,0,0,0,0,0,0,0,0,0,1,1,8,2,0,7,31,5,0,0,4,1,3,1,2,3,2,2,2,0,0,0,0,0,0,0,0,0,0,0,0,0,0,1,0,0,0,36,24,5,7,4,7,9,23,7,9,0,0,17,1,0,0,0,10,20,12,0,1,2,2,0,0,5,0,1,0,52,2,0,4,52,2,0,0,8,0,4,0,0,2,0,30,0,0,0,4,0,7,1,32,0,6,1,9,1,2,4,28,34,10,0,0
石川,小松フレックスホテル,2,10.0,2,10.0,2,19.0,2,2,0,0,0,0,0,2,0,0,0,0,0,0,0,0,2,0,0,0,0,0,0,0,0,0,0,0,0,0,0,0,0,0,0,1,0,0,0,1,0,0,0,0,0,0,0,0,0,0,0,0,0,0,0,0,0,0,0,0,0,0,0,0,0,0,2,0,0,0,0,0,0,1,0,0,0,0,1,0,0,0,1,1,2,0,0,0,1,0,0,0,0,0,0,0,0,0,0,0,0,0,0,2,0,1,0,0,0,0,2,0,0,0,0,0,0,0,0,0,0,0,1,0,0,0,0,2,0,0,0
石川,小松市観光交流センター Komatsu九,306,1183.0,268,1253.0,306,2431.0,306,127,121,58,0,3,36,71,81,80,27,8,0,0,0,108,192,6,7,0,0,0,0,1,0,5,3,1,16,10,54,29,3,7,30,10,1,3,6,1,25,5,5,10,31,17,3,0,0,0,4,1,1,1,1,3,1,3,1,0,1,0,1,0,5,69,84,88,38,27,110,22,27,52,4,0,21,9,29,2,0,0,42,76,118,10,70,25,32,36,0,1,65,10,0,2,6,0,31,2,4,0,0,33,0,24,0,0,7,0,121,0,0,0,17,0,41,0,45,3,49,34,55,10,30,41,126,103,36,0,0
石川,小松空港,2622,9324.0,2091,10307.0,2622,20582.0,2622,1010,1051,561,0,39,372,465,507,735,436,65,3,0,0,1187,1383,52,251,6,0,2,3,1,0,37,13,2,87,166,672,389,3,91,190,132,8,6,6,14,10,3,3,9,16,7,5,1,5,2,1,1,9,3,1,9,7,233,28,33,36,13,16,16,76,205,648,935,450,384,726,146,248,586,66,3,184,147,214,16,0,0,380,587,1395,146,960,202,219,114,0,35,596,99,0,38,79,0,364,38,49,4,1,530,7,203,11,0,72,0,1537,0,0,0,134,0,461,11,566,57,316,130,247,96,143,313,1026,791,492,0,0
石川,小松航空プラザ,1,4.0,1,3.0,1,7.0,1,0,1,0,0,0,0,0,0,1,0,0,0,0,0,0,1,0,0,0,0,0,0,0,0,0,0,0,1,0,0,0,0,0,0,0,0,0,0,0,0,0,0,0,0,0,0,0,0,0,0,0,0,0,0,0,0,0,0,0,0,0,0,0,0,0,1,0,0,0,0,0,0,1,0,0,0,0,0,0,0,0,0,0,0,0,0,1,0,0,0,0,0,0,0,0,0,0,0,0,0,0,0,0,0,0,0,0,0,0,1,0,0,0,0,0,0,0,0,0,0,0,0,0,0,1,0,0,0,0,0
石川,尾山神社,524,2397.0,524,2243.0,524,4403.0,524,259,207,58,0,8,62,86,107,165,83,12,1,0,0,164,353,7,7,2,2,3,2,1,1,10,6,5,33,24,106,50,9,13,23,4,1,11,5,17,42,8,13,19,39,23,7,0,2,0,5,2,0,0,3,2,1,12,2,2,4,0,1,1,1,56,195,192,48,33,103,36,77,133,7,0,73,10,20,4,0,0,69,84,366,49,332,25,58,11,0,6,202,31,0,2,10,0,29,2,11,3,2,104,0,46,1,0,12,0,276,0,0,0,36,0,142,0,94,11,105,57,75,22,22,80,220,140,84,0,0
石川,屋内木育施設 もりのひみつきち,160,699.0,160,718.0,160,1377.0,160,95,48,17,0,0,7,96,46,7,3,1,0,0,0,42,115,3,0,0,0,0,0,0,0,0,0,0,0,0,6,4,1,46,80,7,0,1,3,2,1,1,1,1,3,1,1,0,0,0,0,0,0,0,0,0,0,1,0,0,0,0,0,0,0,113,22,10,9,6,3,1,2,1,0,0,0,0,147,0,0,0,26,27,38,6,6,58,19,5,0,7,7,5,0,1,5,0,1,1,2,0,0,58,0,7,0,0,5,0,72,0,0,0,5,0,12,0,46,1,4,0,9,4,3,13,58,62,27,0,0
石川,山下屋,1,4.0,1,3.0,1,7.0,1,0,1,0,0,0,0,0,0,0,0,1,0,0,0,0,1,0,0,0,0,0,0,0,0,0,0,0,0,0,0,0,0,0,0,0,0,0,1,0,0,0,0,0,0,0,0,0,0,0,0,0,0,0,0,0,0,0,0,0,0,0,0,0,0,0,1,0,0,0,0,0,0,1,0,0,0,0,0,0,0,0,1,1,0,0,1,0,0,0,0,0,0,0,0,0,0,0,0,0,0,0,0,0,0,0,0,0,0,0,1,0,0,0,0,0,0,0,0,0,0,0,0,0,0,0,1,0,0,0,0
石川,山中温泉総湯（菊の湯）,43,191.0,43,182.0,43,352.0,43,20,16,7,0,1,5,11,6,13,4,2,1,0,0,14,29,0,0,0,0,0,0,0,0,0,0,0,1,2,6,3,0,2,5,5,0,1,1,1,2,0,3,1,5,2,2,0,0,0,0,0,1,0,0,0,0,0,0,0,0,0,0,0,0,12,16,7,3,5,13,3,4,8,0,0,5,0,5,0,0,0,15,36,27,0,6,1,3,3,0,0,12,1,0,0,3,0,0,0,1,1,1,10,1,5,0,0,0,0,19,0,0,0,2,0,10,0,9,0,6,6,5,1,3,5,19,14,5,0,0
石川,山代温泉　古総湯,1,4.0,1,4.0,1,8.0,1,0,1,0,0,0,0,0,0,1,0,0,0,0,0,0,1,0,0,0,0,0,0,0,0,0,0,0,0,0,0,0,0,0,0,0,0,0,0,0,0,0,0,0,0,1,0,0,0,0,0,0,0,0,0,0,0,0,0,0,0,0,0,0,0,0,1,0,0,0,0,0,1,0,0,0,0,0,0,0,0,0,1,1,0,0,0,0,0,0,0,0,0,0,0,0,0,0,0,0,0,0,0,0,0,0,0,0,0,0,1,0,0,0,0,0,0,0,0,0,1,0,0,0,0,0,0,0,1,0,0
石川,山代温泉　総湯,233,1052.0,233,1010.0,233,1919.0,233,106,98,29,0,5,43,46,45,54,30,9,1,0,0,94,138,1,2,0,0,3,0,2,0,2,0,0,9,7,24,22,2,11,20,12,0,3,11,1,26,7,8,14,16,9,0,1,2,3,3,0,1,0,0,4,0,6,0,0,0,0,0,1,1,41,92,59,19,22,29,29,31,59,2,0,20,5,30,0,0,0,90,171,147,18,69,17,21,8,0,2,61,19,0,1,11,0,6,1,1,1,1,35,0,13,1,0,2,0,116,0,0,0,10,0,53,0,37,2,43,16,31,12,5,39,93,68,33,0,0
石川,山代温泉吉田屋山王閣,1,5.0,1,5.0,1,10.0,1,1,0,0,0,0,0,0,0,1,0,0,0,0,0,0,1,0,0,0,0,0,0,0,0,0,0,0,0,0,1,0,0,0,0,0,0,0,0,0,0,0,0,0,0,0,0,0,0,0,0,0,0,0,0,0,0,0,0,0,0,0,0,0,0,0,0,1,0,0,0,0,0,1,0,0,0,0,0,0,0,0,1,1,1,0,0,0,0,0,0,0,0,0,0,0,0,0,0,0,0,0,0,0,0,0,0,0,0,0,1,0,0,0,0,0,0,0,0,0,0,0,0,0,0,0,1,0,0,0,0
石川,岡ホテル,2,9.0,2,8.0,2,16.0,2,1,1,0,0,0,0,0,1,1,0,0,0,0,0,1,1,0,0,0,0,0,0,0,0,0,0,0,0,0,1,0,0,0,0,0,0,0,0,0,0,1,0,0,0,0,0,0,0,0,0,0,0,0,0,0,0,0,0,0,0,0,0,0,0,0,0,1,0,1,2,0,0,0,0,0,0,0,0,0,0,0,0,0,0,0,0,0,0,0,0,0,0,0,0,1,0,0,1,1,0,0,0,0,0,0,0,0,0,0,1,0,0,0,1,0,0,0,0,0,0,0,0,0,0,0,0,2,0,0,0
石川,巌門,9,39.0,9,37.0,9,78.0,9,4,5,0,0,0,2,1,0,1,5,0,0,0,0,3,6,0,0,0,0,0,0,0,0,0,0,0,0,0,1,0,0,0,5,0,0,0,1,0,1,1,0,0,0,0,0,0,0,0,0,0,0,0,0,0,0,0,0,0,0,0,0,0,0,5,2,2,0,0,1,1,1,2,0,0,0,0,3,0,0,0,2,2,5,2,4,0,0,0,0,1,1,0,0,0,3,0,0,0,0,0,0,3,0,0,0,0,0,0,4,0,0,0,1,0,1,0,3,0,2,1,1,1,1,0,5,3,1,0,0
石川,工房静寛,3,13.0,3,15.0,3,29.0,3,3,0,0,0,0,0,1,2,0,0,0,0,0,0,1,2,0,0,0,0,0,0,0,0,0,0,0,0,0,0,0,0,0,1,0,0,2,0,0,0,0,0,0,0,0,0,0,0,0,0,0,0,0,0,0,0,0,0,0,0,0,0,0,0,1,2,0,0,0,0,0,0,0,0,0,0,0,2,0,0,0,1,2,2,0,0,0,0,0,0,0,0,0,0,0,0,0,1,0,0,0,0,3,0,0,0,0,0,0,0,0,0,0,0,0,1,0,0,0,0,0,0,0,0,0,0,1,2,0,0
石川,市民工房うるわし,1,4.0,1,4.0,1,7.0,1,0,1,0,0,0,0,1,0,0,0,0,0,0,0,0,1,0,0,0,0,0,0,0,0,0,0,0,0,0,0,0,0,0,1,0,0,0,0,0,0,0,0,0,0,0,0,0,0,0,0,0,0,0,0,0,0,0,0,0,0,0,0,0,0,1,0,0,0,0,0,0,0,0,0,0,1,0,0,0,0,0,0,1,0,0,1,0,0,1,0,0,0,0,0,0,0,0,0,0,0,0,0,0,0,0,0,0,0,0,0,0,0,0,0,0,0,0,1,0,0,0,0,0,0,0,0,1,0,0,0
石川,御宿つむぎ庵,1,0,0,5.0,1,10.0,1,1,0,0,0,0,0,0,0,1,0,0,0,0,0,1,0,0,0,0,0,0,0,0,0,0,0,0,1,0,0,0,0,0,0,0,0,0,0,0,0,0,0,0,0,0,0,0,0,0,0,0,0,0,0,0,0,0,0,0,0,0,0,0,0,0,0,0,0,1,0,0,0,0,0,0,0,1,0,0,0,0,0,0,0,0,0,0,0,0,0,0,0,0,0,0,0,0,0,0,0,0,0,0,0,0,0,0,0,0,1,0,0,0,0,0,0,0,0,0,0,0,0,0,0,0,0,0,1,0,0
石川,志賀町総合体育館,1,4.0,1,4.0,1,5.0,1,0,0,1,0,0,0,1,0,0,0,0,0,0,0,0,0,1,0,0,0,0,0,0,0,0,0,0,0,0,0,0,0,0,0,0,0,0,1,0,0,0,0,0,0,0,0,0,0,0,0,0,0,0,0,0,0,0,0,0,0,0,0,0,0,0,1,0,0,0,1,0,0,0,0,0,0,0,0,0,0,0,0,0,0,0,0,0,0,0,0,1,0,0,0,0,0,0,0,0,0,0,0,0,0,0,0,0,0,0,0,0,0,0,0,0,0,0,0,0,1,0,0,0,0,0,0,1,0,0,0
石川,志雄パーキング（上り）,1,5.0,1,4.0,1,7.0,1,0,1,0,0,0,0,0,0,0,1,0,0,0,0,1,0,0,0,0,0,0,0,0,0,0,0,0,0,0,0,1,0,0,0,0,0,0,0,0,0,0,0,0,0,0,0,0,0,0,0,0,0,0,0,0,0,0,0,0,0,0,0,0,0,0,0,0,1,0,0,0,0,0,0,0,1,0,0,0,0,0,1,1,1,0,0,0,1,1,0,0,1,0,0,0,0,0,0,0,0,1,1,0,0,0,0,0,0,0,0,0,0,0,0,0,0,0,0,0,0,0,0,0,0,0,1,0,0,0,0
石川,志雄パーキング（下り）,19,90.0,19,83.0,19,164.0,19,10,7,2,0,0,4,5,6,3,0,1,0,0,0,6,11,2,0,0,0,0,0,0,0,0,0,1,0,0,1,0,0,1,9,2,0,2,0,0,1,0,0,0,0,1,0,0,0,0,0,0,0,0,0,0,0,1,0,0,0,0,0,0,0,4,9,4,0,2,2,1,1,7,0,0,3,2,2,0,0,0,7,8,11,0,3,0,2,0,0,1,4,1,0,0,3,0,1,0,1,0,0,2,0,2,0,0,1,0,8,0,0,0,3,0,1,0,3,0,3,0,4,0,3,4,7,6,2,0,0
石川,憩いの森,2,0,0,9.0,2,17.0,2,1,1,0,0,0,0,0,1,0,1,0,0,0,0,2,0,0,0,0,0,0,0,0,0,0,0,0,0,0,0,0,0,0,2,0,0,0,0,0,0,0,0,0,0,0,0,0,0,0,0,0,0,0,0,0,0,0,0,0,0,0,0,0,0,1,1,0,0,0,0,0,0,1,0,0,0,0,1,0,0,0,0,1,1,0,0,0,0,0,0,0,1,0,0,0,0,0,0,0,0,0,0,0,0,0,0,0,0,0,1,0,0,0,0,0,0,0,1,0,0,0,0,0,0,0,1,0,1,0,0
石川,手作り工房　はなのね,2,10.0,2,9.0,2,20.0,2,2,0,0,0,0,1,0,0,1,0,0,0,0,0,0,1,1,0,0,0,0,0,0,0,0,0,1,0,0,0,0,0,0,1,0,0,0,0,0,0,0,0,0,0,0,0,0,0,0,0,0,0,0,0,0,0,0,0,0,0,0,0,0,0,2,0,0,0,0,0,0,0,1,0,0,1,0,0,0,0,0,0,0,1,0,0,0,0,0,0,0,0,0,0,0,0,0,0,0,0,0,0,0,0,0,0,0,0,0,0,0,0,0,0,0,0,0,1,0,0,0,0,0,1,1,0,1,0,0,0
石川,手取フィッシュランド,1,5.0,1,4.0,1,8.0,1,0,1,0,0,0,0,0,1,0,0,0,0,0,0,0,1,0,0,0,0,0,0,0,0,0,0,0,0,0,0,0,0,0,0,0,0,0,0,0,0,0,0,1,0,0,0,0,0,0,0,0,0,0,0,0,0,0,0,0,0,0,0,0,0,0,1,0,0,0,1,0,0,0,0,0,0,0,0,0,0,0,0,0,0,0,0,1,0,0,0,0,1,0,0,0,0,0,0,0,0,0,0,0,0,0,0,0,0,0,1,0,0,0,0,0,0,0,0,0,0,0,0,0,0,0,1,0,0,0,0
石川,押寿し体験厨房　金澤寿し,2,10.0,2,9.0,2,16.0,2,1,0,1,0,0,1,0,0,1,0,0,0,0,0,1,1,0,0,0,0,1,0,0,0,0,0,0,0,0,0,1,0,0,0,0,0,0,0,0,0,0,0,0,0,0,0,0,0,0,0,0,0,0,0,0,0,0,0,0,0,0,0,0,0,0,1,1,0,0,0,1,1,0,0,0,0,0,0,0,0,0,0,0,2,0,2,0,0,0,0,0,1,0,0,0,0,0,0,0,0,0,0,1,0,0,0,0,1,0,1,0,0,0,0,0,1,0,2,0,0,0,0,0,0,0,1,0,1,0,0
石川,料理旅館 大社庵,4,20.0,4,16.0,4,32.0,4,3,0,1,0,0,0,0,2,0,2,0,0,0,0,3,1,0,0,0,0,0,0,0,0,0,0,0,0,0,0,3,0,0,0,0,0,0,0,0,1,0,0,0,0,0,0,0,0,0,0,0,0,0,0,0,0,0,0,0,0,0,0,0,0,0,1,3,0,0,1,0,0,3,0,0,0,0,0,0,0,0,0,0,0,0,0,0,0,0,0,3,0,0,0,0,0,0,0,0,0,0,0,0,0,0,0,0,0,0,4,0,0,0,0,0,0,0,0,0,0,0,0,0,0,0,0,3,1,0,0
石川,旅亭 萬葉,11,50.0,11,53.0,11,97.0,11,7,3,1,0,0,2,4,1,3,0,1,0,0,0,2,8,1,0,0,0,0,0,0,0,0,0,0,0,0,2,0,1,1,1,0,0,0,0,0,3,0,0,1,0,0,0,0,1,0,0,0,0,0,0,1,0,0,0,0,0,0,0,0,0,0,7,2,2,0,0,2,0,2,0,0,2,0,1,0,0,0,9,8,7,0,3,0,1,0,0,0,1,0,0,0,1,0,0,0,0,0,0,1,0,0,0,0,0,0,5,0,0,0,1,0,1,0,3,0,0,0,0,1,3,0,5,6,0,0,0
石川,旅籠屋ゆいまーる,1,4.0,1,4.0,1,5.0,1,0,0,1,0,0,0,1,0,0,0,0,0,0,0,1,0,0,0,0,0,0,0,0,0,0,0,0,0,0,0,0,0,0,0,1,0,0,0,0,0,0,0,0,0,0,0,0,0,0,0,0,0,0,0,0,0,0,0,0,0,0,0,0,0,0,1,0,0,0,0,0,0,0,0,0,0,0,1,0,0,0,0,0,0,0,0,0,1,0,0,0,0,0,0,0,0,0,0,0,0,0,0,0,0,0,0,0,0,0,1,0,0,0,0,0,0,0,0,0,0,0,0,0,0,0,1,0,0,0,0
石川,旅籠屋ゆいまーる　EAST,2,10.0,2,9.0,2,19.0,2,2,0,0,0,0,2,0,0,0,0,0,0,0,0,2,0,0,0,0,0,0,0,0,0,0,0,0,0,0,1,1,0,0,0,0,0,0,0,0,0,0,0,0,0,0,0,0,0,0,0,0,0,0,0,0,0,0,0,0,0,0,0,0,0,0,0,0,0,2,0,1,1,0,0,0,0,0,0,0,0,0,1,1,2,1,2,1,0,0,0,2,1,0,0,0,1,0,0,0,0,0,0,1,0,0,0,0,0,0,2,0,0,0,0,0,1,0,0,0,1,0,0,1,0,1,0,0,1,0,0
石川,旅館かのや,3,15.0,3,14.0,3,26.0,3,1,2,0,0,0,1,0,0,2,0,0,0,0,0,1,2,0,0,0,0,0,0,0,0,0,0,0,0,0,2,0,0,0,0,0,0,0,0,0,0,0,1,0,0,0,0,0,0,0,0,0,0,0,0,0,0,0,0,0,0,0,0,0,0,0,3,0,0,0,1,0,1,1,0,0,0,0,0,0,0,0,1,1,1,0,0,0,0,0,0,0,0,0,0,0,0,0,0,0,0,0,0,0,0,0,0,0,1,0,2,0,0,0,0,0,0,0,2,0,0,0,0,0,0,1,2,0,0,0,0
石川,旅館やまもと,5,23.0,5,21.0,5,44.0,5,2,3,0,0,0,0,2,1,1,1,0,0,0,0,4,1,0,0,0,0,0,0,0,0,0,0,0,0,0,2,0,0,0,2,0,0,1,0,0,0,0,0,0,0,0,0,0,0,0,0,0,0,0,0,0,0,0,0,0,0,0,0,0,0,0,3,0,0,2,0,0,2,0,0,0,0,2,1,0,0,0,2,0,3,0,0,1,0,0,0,0,0,0,0,0,0,0,2,0,0,0,0,0,0,0,0,0,0,0,3,0,0,0,1,0,1,0,0,0,0,0,0,1,2,2,1,2,0,0,0
石川,日本の宿 のと楽,11,50.0,11,46.0,11,92.0,11,7,3,1,0,0,0,1,3,4,1,2,0,0,0,5,6,0,1,0,0,0,0,0,0,0,0,1,0,0,2,0,1,1,0,0,0,0,0,0,2,1,1,0,0,0,0,0,0,0,1,0,0,0,0,0,0,0,0,0,0,0,0,0,0,0,6,3,1,1,0,1,1,2,0,0,0,3,1,0,0,0,5,6,5,0,1,1,2,0,0,0,2,0,0,1,1,0,2,1,0,0,0,0,0,0,0,0,0,0,4,0,0,0,0,0,3,1,2,0,4,0,1,1,1,1,4,5,1,0,0
石川,日本リザルツ神田塾,4,19.0,4,19.0,4,32.0,4,3,0,1,0,0,4,0,0,0,0,0,0,0,0,3,1,0,1,0,0,0,0,0,0,0,0,0,0,0,1,2,0,0,0,0,0,0,0,0,0,0,0,0,0,0,0,0,0,0,0,0,0,0,0,0,0,0,0,0,0,0,0,0,0,0,0,0,1,3,0,0,1,0,3,0,0,0,0,0,0,0,0,0,1,0,1,0,0,3,0,1,1,0,0,0,0,0,0,0,0,0,0,1,0,0,0,0,0,0,0,0,0,0,0,0,0,0,3,0,0,0,1,0,0,1,2,1,0,0,0
石川,日本リザルツ藤波館,2,9.0,2,9.0,2,16.0,2,1,1,0,0,0,2,0,0,0,0,0,0,0,0,0,2,0,0,0,0,0,0,0,0,0,0,0,0,0,2,0,0,0,0,0,0,0,0,0,0,0,0,0,0,0,0,0,0,0,0,0,0,0,0,0,0,0,0,0,0,0,0,0,0,0,0,1,0,1,0,0,0,0,0,0,0,0,0,0,0,0,0,0,0,0,0,0,0,2,0,0,0,0,0,0,0,0,0,0,0,0,0,1,0,0,0,0,0,0,0,0,0,0,0,0,0,0,1,0,0,0,0,0,0,0,1,0,1,0,0
石川,日本自動車博物館,165,745.0,163,722.0,165,1401.0,165,93,50,22,0,4,27,33,32,46,19,3,1,0,0,57,105,3,3,1,0,1,1,0,0,3,0,1,3,7,8,7,4,6,17,9,0,2,5,4,18,7,10,6,16,17,0,0,0,1,1,1,0,0,1,0,1,2,1,0,1,0,0,0,0,34,62,42,16,11,7,21,11,39,6,1,13,7,32,1,0,0,38,61,83,8,44,59,16,5,0,2,32,9,0,3,22,0,6,3,0,2,2,25,0,9,1,0,1,0,89,0,0,0,8,0,22,0,30,3,22,8,8,5,6,19,69,63,14,0,0
石川,日置ハウス,2,9.0,2,9.0,2,17.0,2,1,1,0,0,0,1,0,1,0,0,0,0,0,0,2,0,0,0,0,0,0,0,0,0,0,0,0,0,0,0,0,0,0,0,0,0,1,1,0,0,0,0,0,0,0,0,0,0,0,0,0,0,0,0,0,0,0,0,0,0,0,0,0,0,0,0,1,1,0,1,0,0,0,0,0,0,0,0,0,0,0,0,0,0,0,0,0,0,0,0,0,0,1,0,0,0,0,1,0,0,0,0,0,0,0,0,0,0,0,1,0,0,0,1,0,0,0,1,0,0,0,0,0,0,0,1,1,0,0,0
石川,星野リゾート 界 加賀,2,10.0,2,10.0,2,18.0,2,2,0,0,0,0,0,0,0,2,0,0,0,0,0,0,2,0,0,0,0,0,0,0,0,0,0,0,0,0,0,0,0,0,0,0,0,0,0,0,0,0,0,0,2,0,0,0,0,0,0,0,0,0,0,0,0,0,0,0,0,0,0,0,0,0,2,0,0,0,0,0,2,0,0,0,0,0,0,0,0,0,1,2,2,0,1,0,0,0,0,0,0,0,0,0,0,0,0,0,0,0,0,0,0,0,0,0,0,0,2,0,0,0,0,0,0,0,0,0,0,1,0,0,0,0,0,2,0,0,0
石川,昭和湯治の宿 緑華苑,48,201.0,47,209.0,48,377.0,48,17,21,10,0,0,3,11,9,14,9,1,1,0,0,26,21,1,0,0,0,0,0,0,0,2,1,2,0,0,1,0,2,4,9,4,0,4,0,4,4,0,4,0,6,0,0,1,0,0,0,0,0,0,0,0,0,0,0,0,0,0,0,0,0,12,20,11,5,0,10,5,1,15,0,0,4,0,8,0,0,0,16,39,21,4,6,1,5,4,0,1,6,0,0,0,1,0,2,0,1,1,1,4,0,3,0,0,0,0,32,0,0,0,0,0,5,0,6,2,0,0,2,0,0,7,16,19,6,0,0
石川,月うさぎの里,247,1091.0,247,1069.0,247,1958.0,247,95,105,47,0,8,37,86,60,33,18,3,2,0,0,107,139,1,0,0,0,0,1,0,0,0,0,1,0,0,13,6,4,18,44,24,0,5,14,1,40,4,7,8,30,11,6,0,2,0,2,3,0,1,0,1,0,0,0,0,0,0,0,1,0,67,132,26,14,8,8,21,13,41,10,0,12,0,110,3,0,0,92,119,124,11,37,82,30,5,0,5,28,11,0,0,9,0,3,0,3,2,2,65,0,11,0,0,7,0,123,0,0,0,9,0,21,1,47,0,38,10,31,3,11,34,99,85,29,0,0
石川,月見草苑,1,5.0,1,4.0,1,8.0,1,0,1,0,0,0,0,0,0,1,0,0,0,0,0,1,0,0,0,0,0,0,0,0,0,0,0,0,1,0,0,0,0,0,0,0,0,0,0,0,0,0,0,0,0,0,0,0,0,0,0,0,0,0,0,0,0,0,0,0,0,0,0,0,0,0,1,0,0,0,1,0,0,0,0,0,0,0,0,0,0,0,0,0,0,0,0,0,0,0,0,0,0,0,0,0,1,0,0,0,0,0,0,0,0,0,0,0,0,0,1,0,0,0,0,0,0,0,0,0,0,0,0,0,0,0,0,1,0,0,0
石川,木の浦ビレッジ,1,4.0,1,4.0,1,9.0,1,1,0,0,0,0,0,0,0,1,0,0,0,0,0,0,1,0,0,0,0,0,0,0,0,0,0,0,0,0,1,0,0,0,0,0,0,0,0,0,0,0,0,0,0,0,0,0,0,0,0,0,0,0,0,0,0,0,0,0,0,0,0,0,0,0,1,0,0,0,0,0,1,0,0,0,0,0,0,0,0,0,1,0,1,0,0,0,0,0,0,0,0,0,0,0,0,0,0,0,0,0,0,1,0,0,0,0,0,0,0,0,0,0,0,0,0,0,1,0,0,0,0,0,0,0,1,0,0,0,0
石川,木ノ浦ビレッジ,9,41.0,9,37.0,9,77.0,9,5,3,1,0,2,2,1,0,4,0,0,0,0,0,2,7,0,0,0,0,0,0,0,0,0,0,0,1,0,1,1,0,0,5,0,0,0,0,0,0,0,0,0,0,0,0,0,0,0,0,0,0,0,0,0,0,0,0,0,1,0,0,0,0,0,5,1,0,3,0,0,1,0,1,0,0,1,4,0,0,0,6,1,4,2,0,1,1,0,0,3,3,0,0,0,0,0,1,0,0,0,0,1,0,0,0,0,0,0,1,0,0,0,0,0,1,0,5,0,1,1,1,0,0,0,6,3,0,0,0
石川,東急ステイ金沢,5,25.0,5,24.0,5,49.0,5,5,0,0,0,0,5,0,0,0,0,0,0,0,0,2,3,0,0,0,0,0,0,0,0,0,0,0,0,3,0,0,0,0,0,1,0,0,0,0,0,0,0,0,0,0,0,0,0,0,0,0,0,0,0,0,0,1,0,0,0,0,0,0,0,0,4,1,0,0,0,4,1,0,0,0,0,0,0,0,0,0,0,1,5,0,2,0,0,0,0,0,0,0,0,0,0,0,0,0,0,0,0,2,0,0,0,0,0,0,2,0,0,0,1,0,0,0,0,0,0,0,1,0,0,0,2,2,1,0,0
石川,東横INN金沢駅東口,10,47.0,10,41.0,10,83.0,10,5,3,2,0,0,1,1,2,1,3,2,0,0,0,4,5,1,0,0,0,0,0,0,2,0,0,0,1,0,4,0,0,0,0,0,0,0,0,0,0,1,0,1,1,0,0,0,0,0,0,0,0,0,0,0,0,0,0,0,0,0,0,0,0,0,1,3,3,3,1,1,0,4,2,0,0,2,0,0,0,0,1,1,6,0,8,0,0,0,0,0,5,0,0,0,0,0,3,0,0,0,0,1,0,0,0,0,0,0,4,0,0,0,2,0,2,0,1,0,2,2,0,0,1,3,4,3,0,0,0
石川,東横イン金沢兼六園香林坊,45,181.0,41,193.0,45,379.0,45,20,22,3,0,0,5,12,6,15,5,2,0,0,0,14,29,2,3,0,0,0,0,0,0,0,3,0,3,1,6,5,4,1,0,0,0,2,1,1,3,0,0,0,3,3,1,0,0,0,0,0,1,0,1,1,0,1,0,0,0,0,0,0,1,0,16,15,10,4,15,6,7,10,1,0,0,1,0,0,0,0,3,2,26,5,23,1,6,3,0,0,13,1,0,1,1,0,6,1,1,0,0,5,0,3,0,0,1,0,22,0,0,0,3,0,16,0,15,1,13,1,4,2,4,9,18,12,6,0,0
石川,東酒造株式会社,3,14.0,3,14.0,3,24.0,3,1,2,0,0,0,1,0,1,1,0,0,0,0,0,1,2,0,0,0,0,0,0,0,0,0,1,0,0,0,1,0,0,1,0,0,0,0,0,0,0,0,0,0,0,0,0,0,0,0,0,0,0,0,0,0,0,0,0,0,0,0,0,0,0,2,0,1,0,0,0,0,1,1,0,0,0,0,1,0,0,0,1,1,2,0,0,1,1,0,0,0,1,1,0,0,0,0,0,0,0,1,1,0,0,0,0,0,0,0,1,0,0,0,0,0,0,0,2,0,0,0,0,0,0,1,1,0,1,0,0
石川,松井秀喜ベースボールミュージアム,8,38.0,8,37.0,8,65.0,8,3,4,1,0,0,0,4,0,3,1,0,0,0,0,2,6,0,0,0,0,0,0,0,0,0,0,0,0,0,0,0,1,0,0,1,0,0,0,0,2,0,0,1,1,0,1,0,1,0,0,0,0,0,0,0,0,0,0,0,0,0,0,0,0,1,4,3,0,0,2,0,0,3,0,0,0,0,2,0,0,0,0,3,6,0,4,2,0,0,0,0,1,0,0,0,0,0,0,0,0,0,0,0,0,0,0,0,0,0,3,0,0,0,0,0,1,0,2,0,3,0,1,0,0,0,3,2,3,0,0
石川,松任CCZ温泉,9,28.0,6,39.0,9,73.0,9,5,3,1,0,0,1,1,5,1,1,0,0,0,0,5,4,0,0,0,0,0,0,1,0,0,0,0,0,0,0,0,0,0,3,0,0,1,0,0,0,0,1,0,3,0,0,0,0,0,0,0,0,0,0,0,0,0,0,0,0,0,0,0,0,4,2,2,1,0,1,1,1,3,0,0,0,0,2,1,0,0,0,6,5,0,3,1,2,0,0,2,1,0,0,0,0,0,0,0,0,0,0,0,0,2,1,0,1,0,4,0,0,0,1,0,0,0,2,0,0,0,1,0,1,2,4,2,1,0,0
石川,松任ターミナルホテル,2,10.0,2,9.0,2,13.0,2,0,1,1,0,0,0,0,0,2,0,0,0,0,0,0,2,0,0,0,0,0,0,1,0,0,0,0,0,0,0,0,0,0,1,0,0,0,0,0,0,0,0,0,0,0,0,0,0,0,0,0,0,0,0,0,0,0,0,0,0,0,0,0,0,0,1,1,0,0,1,0,0,0,0,0,0,0,0,0,0,0,1,1,0,0,0,0,1,0,0,0,1,0,0,0,0,0,0,0,0,0,0,0,0,0,0,0,0,0,1,0,0,0,0,0,0,0,0,0,0,0,1,1,0,0,2,0,0,0,0
石川,松任駅,4,16.0,4,16.0,4,33.0,4,2,1,1,0,1,0,0,1,2,0,0,0,0,0,1,3,0,0,0,0,0,0,0,0,0,0,0,0,0,0,0,0,0,3,0,0,0,0,0,0,0,0,1,0,0,0,0,0,0,0,0,0,0,0,0,0,0,0,0,0,0,0,0,0,3,1,0,0,0,0,1,0,1,0,0,1,0,0,0,0,0,1,0,1,0,0,0,2,0,0,0,0,0,0,0,0,0,0,0,0,0,0,0,0,0,0,0,0,0,1,0,0,0,0,0,1,0,2,0,0,0,0,0,0,2,0,0,2,0,0
石川,森の栖,1,4.0,1,5.0,1,10.0,1,1,0,0,0,0,0,1,0,0,0,0,0,0,0,0,1,0,0,0,0,0,0,0,0,0,0,0,0,0,0,0,0,0,0,0,0,0,0,0,0,0,1,0,0,0,0,0,0,0,0,0,0,0,0,0,0,0,0,0,0,0,0,0,0,0,0,1,0,0,0,0,0,0,0,0,0,0,1,0,0,0,1,1,1,0,1,1,0,0,0,0,1,0,0,0,1,0,0,0,0,0,0,1,0,0,0,0,0,0,1,0,0,0,0,0,1,0,0,0,0,0,0,0,0,0,0,1,0,0,0
石川,民宿 うかわ,1,5.0,1,5.0,1,10.0,1,1,0,0,0,0,0,0,1,0,0,0,0,0,0,1,0,0,0,0,0,0,0,0,0,0,0,0,0,0,1,0,0,0,0,0,0,0,0,0,0,0,0,0,0,0,0,0,0,0,0,0,0,0,0,0,0,0,0,0,0,0,0,0,0,0,1,0,0,0,0,0,1,0,0,0,0,0,0,0,0,0,0,0,0,0,0,0,0,0,0,0,0,0,0,0,0,0,1,0,0,0,0,0,0,0,0,0,0,0,0,0,0,0,0,0,0,0,1,0,0,0,0,0,0,0,0,1,0,0,0
石川,民宿 さかした,2,10.0,2,9.0,2,15.0,2,0,2,0,0,0,0,0,1,0,1,0,0,0,0,1,1,0,0,0,0,0,0,0,0,0,0,0,0,0,1,0,0,0,0,0,0,0,0,0,0,0,0,1,0,0,0,0,0,0,0,0,0,0,0,0,0,0,0,0,0,0,0,0,0,0,1,1,0,0,0,0,0,0,0,0,0,2,0,0,0,0,0,0,0,0,0,0,0,1,0,0,0,0,0,0,0,0,0,0,0,0,0,0,0,0,0,0,0,0,1,0,0,0,0,0,0,0,1,0,0,0,0,0,0,0,0,1,1,0,0
石川,民宿 わじま,3,15.0,3,15.0,3,28.0,3,2,1,0,0,0,0,0,1,1,0,1,0,0,0,3,0,0,0,0,0,0,0,0,0,0,0,0,0,0,1,0,0,0,0,0,0,0,0,1,0,0,0,0,1,0,0,0,0,0,0,0,0,0,0,0,0,0,0,0,0,0,0,0,0,0,1,0,0,2,3,0,0,0,0,0,0,0,0,0,0,0,0,2,2,0,1,1,1,2,0,0,0,0,0,0,2,0,0,0,0,0,0,0,0,2,1,0,0,0,2,0,0,0,0,0,0,0,1,0,0,0,0,0,0,0,2,0,1,0,0
石川,民宿 寅さん,13,59.0,13,63.0,13,115.0,13,9,1,3,0,0,4,0,2,3,3,1,0,0,0,5,7,1,0,0,0,0,0,0,0,0,0,0,7,0,0,0,0,0,0,0,0,0,0,0,1,1,0,0,2,0,0,0,1,0,0,0,0,0,0,0,0,0,0,0,1,0,0,0,0,0,1,9,3,0,0,0,3,0,0,0,0,1,2,0,0,0,2,0,6,0,5,1,0,3,0,0,2,0,0,1,5,0,1,1,0,0,0,2,0,0,0,0,0,0,9,0,0,0,1,0,0,0,3,0,2,0,1,1,1,1,2,10,0,0,0
石川,民宿 海遊舎,2,9.0,2,9.0,2,18.0,2,1,1,0,0,0,0,0,1,0,1,0,0,0,0,1,1,0,0,0,0,0,0,0,0,0,0,0,0,0,0,1,0,0,0,0,0,0,0,0,0,0,0,0,1,0,0,0,0,0,0,0,0,0,0,0,0,0,0,0,0,0,0,0,0,0,2,0,0,0,2,0,0,0,0,0,0,0,0,0,0,0,0,1,1,0,0,0,0,0,0,0,0,0,0,0,0,0,1,0,0,1,1,0,0,0,0,0,0,0,1,0,0,0,0,0,0,0,0,0,0,0,0,0,0,0,2,0,0,0,0
石川,民宿 獅子吼荘,5,24.0,5,23.0,5,43.0,5,3,1,1,0,0,1,0,2,2,0,0,0,0,0,3,2,0,0,0,0,0,0,0,0,0,0,0,0,0,0,1,0,0,1,0,0,0,1,0,1,0,0,0,1,0,0,0,0,0,0,0,0,0,0,0,0,0,0,0,0,0,0,0,0,0,3,1,0,1,3,0,0,2,0,0,0,0,0,0,0,0,1,2,2,0,1,0,0,1,0,0,1,0,0,0,0,0,0,0,0,0,0,1,0,0,0,0,0,0,3,0,0,0,0,0,0,0,1,0,0,0,0,1,1,0,2,2,1,0,0
石川,民宿 蓮華,2,10.0,2,9.0,2,20.0,2,2,0,0,0,0,0,0,0,1,1,0,0,0,0,1,1,0,0,0,0,0,0,0,0,0,0,0,1,0,0,0,0,0,0,0,0,0,0,1,0,0,0,0,0,0,0,0,0,0,0,0,0,0,0,0,0,0,0,0,0,0,0,0,0,0,1,0,1,0,1,0,0,0,0,0,0,0,0,0,0,0,0,0,0,0,0,0,0,0,0,0,0,0,0,0,1,0,0,0,0,0,0,1,0,0,0,0,0,0,2,0,0,0,0,0,0,0,2,0,0,1,0,0,0,0,1,1,0,0,0
石川,民宿　わじま,2,9.0,2,9.0,2,17.0,2,1,1,0,0,0,0,0,0,0,1,1,0,0,0,2,0,0,0,0,0,0,0,0,0,0,0,0,0,0,0,0,0,0,0,0,0,1,0,1,0,0,0,0,0,0,0,0,0,0,0,0,0,0,0,0,0,0,0,0,0,0,0,0,0,0,0,0,2,0,0,0,0,1,1,0,0,0,0,0,0,0,0,1,1,0,1,0,0,0,0,0,1,0,0,0,0,0,0,0,0,0,0,0,0,0,0,0,0,0,2,0,0,0,0,0,0,0,0,0,0,0,0,1,0,1,1,0,0,0,0
石川,民宿　月見草苑,1,4.0,1,5.0,1,8.0,1,0,1,0,0,0,0,0,1,0,0,0,0,0,0,1,0,0,0,0,0,0,0,0,0,0,0,0,0,0,0,0,0,0,0,0,0,1,0,0,0,0,0,0,0,0,0,0,0,0,0,0,0,0,0,0,0,0,0,0,0,0,0,0,0,0,0,0,0,1,0,0,0,0,0,0,0,1,0,0,0,0,0,0,0,0,0,0,0,0,0,0,0,0,0,0,0,0,1,0,0,0,0,0,0,0,0,0,0,0,0,0,0,0,0,0,0,0,1,0,0,0,0,0,0,0,0,0,1,0,0
石川,民宿　美来里,3,13.0,3,11.0,3,18.0,3,0,1,2,0,0,0,0,0,3,0,0,0,0,0,2,1,0,0,0,0,0,0,0,0,0,0,0,0,0,0,0,0,0,2,0,0,0,0,0,0,0,0,0,1,0,0,0,0,0,0,0,0,0,0,0,0,0,0,0,0,0,0,0,0,0,3,0,0,0,1,0,0,1,0,0,0,1,0,0,0,0,1,1,0,0,0,0,0,1,0,0,0,0,0,0,0,0,2,0,0,0,0,0,0,0,0,0,0,0,1,0,0,0,0,0,1,0,1,0,0,0,1,0,0,0,0,3,0,0,0
石川,民宿つるや,6,29.0,6,29.0,6,56.0,6,5,1,0,0,1,2,1,1,1,0,0,0,0,0,1,4,1,0,0,0,0,0,0,0,0,0,0,3,0,0,0,0,0,0,1,0,0,0,0,0,0,0,2,0,0,0,0,0,0,0,0,0,0,0,0,0,0,0,0,0,0,0,0,0,0,2,2,2,0,0,0,2,1,0,0,2,0,0,0,0,0,1,2,6,1,4,0,1,0,0,0,2,0,0,0,2,0,0,0,0,0,0,1,0,0,0,0,0,0,6,0,0,0,1,0,0,0,0,0,0,0,0,0,0,0,3,1,2,0,0
石川,民宿はまなす,8,32.0,8,36.0,8,74.0,8,6,2,0,0,0,1,0,0,1,6,0,0,0,0,8,0,0,0,0,0,0,0,0,0,0,0,0,0,0,0,0,0,0,0,0,0,0,0,0,2,0,1,3,0,2,0,0,0,0,0,0,0,0,0,0,0,0,0,0,0,0,0,0,0,0,2,3,0,3,7,0,0,1,0,0,0,0,0,0,0,0,2,0,1,1,0,0,0,0,0,0,1,0,0,0,2,0,0,0,2,0,0,0,0,1,0,0,0,0,4,0,0,0,0,0,0,0,2,0,0,0,0,0,1,1,5,2,0,0,0
石川,民宿大島荘,1,4.0,1,4.0,1,8.0,1,0,1,0,0,0,0,0,1,0,0,0,0,0,0,0,0,1,0,0,0,0,0,0,0,0,0,0,0,0,0,0,0,0,0,0,0,0,0,0,0,0,1,0,0,0,0,0,0,0,0,0,0,0,0,0,0,0,0,0,0,0,0,0,0,0,1,0,0,0,0,0,0,1,0,0,0,0,0,0,0,0,1,0,0,0,0,0,0,0,0,0,0,0,0,0,0,0,0,0,0,0,0,0,0,0,0,0,0,0,0,0,0,0,1,0,0,0,1,0,0,0,0,0,0,0,1,0,0,0,0
石川,民宿志賀,3,15.0,3,15.0,3,30.0,3,3,0,0,0,0,0,0,1,2,0,0,0,0,0,3,0,0,0,0,0,0,0,0,0,0,0,0,0,0,0,0,0,0,0,2,0,0,0,0,0,0,0,0,0,0,0,0,0,0,0,0,0,0,1,0,0,0,0,0,0,0,0,0,0,0,1,0,2,0,0,0,0,0,0,0,0,2,1,0,0,0,0,0,1,0,1,1,0,0,0,0,1,0,0,0,1,0,2,0,0,0,0,0,0,0,0,0,0,0,1,0,0,0,0,0,0,0,0,0,0,0,0,0,2,0,2,1,0,0,0
石川,民宿旅館 夢ふぶき,1,5.0,1,5.0,1,8.0,1,0,1,0,0,0,0,1,0,0,0,0,0,0,0,1,0,0,0,0,0,0,0,0,0,0,0,0,0,0,0,0,0,0,0,0,0,0,0,0,0,0,0,0,0,0,0,0,0,0,0,1,0,0,0,0,0,0,0,0,0,0,0,0,0,0,0,0,0,1,1,0,0,0,0,0,0,0,0,0,0,0,0,0,0,0,0,0,0,0,0,0,0,0,0,0,1,0,0,0,0,0,0,0,0,0,0,0,0,0,1,0,0,0,0,0,0,0,1,0,0,0,0,0,0,0,0,1,0,0,0
石川,民宿石坂荘,1,0,0,5.0,1,8.0,1,0,1,0,0,0,0,0,1,0,0,0,0,0,0,1,0,0,0,0,0,0,0,0,0,0,0,0,0,0,0,0,0,0,0,0,0,1,0,0,0,0,0,0,0,0,0,0,0,0,0,0,0,0,0,0,0,0,0,0,0,0,0,0,0,0,0,1,0,0,0,1,0,0,0,0,0,0,0,0,0,0,1,0,1,0,1,0,1,0,0,0,0,0,0,0,0,0,0,0,0,0,0,0,0,0,0,0,0,0,1,0,0,0,0,0,0,0,0,0,0,0,0,0,0,0,0,1,0,0,0
石川,民荘太左ェ門,2,0,0,9.0,2,16.0,2,1,0,1,0,0,0,1,0,1,0,0,0,0,0,1,1,0,0,0,0,0,0,0,0,0,0,0,0,0,2,0,0,0,0,0,0,0,0,0,0,0,0,0,0,0,0,0,0,0,0,0,0,0,0,0,0,0,0,0,0,0,0,0,0,0,1,1,0,0,0,0,1,0,0,0,0,0,0,0,0,0,1,0,1,0,0,0,0,0,0,0,0,0,0,0,0,0,0,0,0,0,0,0,0,0,0,0,0,0,1,0,0,0,0,0,0,0,0,0,1,0,0,0,0,0,1,1,0,0,0
石川,気多大社,67,300.0,67,284.0,67,548.0,67,29,28,10,0,1,8,9,20,20,9,0,0,0,0,38,28,1,1,0,0,0,0,0,0,0,1,1,4,3,6,4,1,5,15,2,1,3,2,0,3,0,0,0,5,3,2,1,0,0,1,0,2,0,0,0,0,1,0,0,0,0,0,0,0,26,15,16,1,9,20,4,9,13,3,0,6,1,4,0,0,0,5,11,24,3,36,4,5,1,0,2,13,0,0,0,13,0,4,0,3,1,0,8,0,6,0,0,0,0,30,0,0,0,5,0,12,0,15,1,13,2,10,1,5,14,35,13,5,0,0
石川,河内じばさん,81,355.0,81,359.0,81,688.0,81,45,26,10,0,3,5,10,23,26,11,3,0,0,0,30,49,2,0,0,0,0,0,0,0,0,0,0,2,0,3,1,0,3,62,3,0,1,0,0,4,0,1,0,0,0,0,0,0,0,0,1,0,0,0,0,0,0,0,0,0,0,0,0,0,62,8,2,3,6,10,5,3,23,0,0,19,4,6,0,0,0,2,16,49,8,7,1,8,1,0,3,8,4,0,0,17,0,7,0,0,2,2,13,0,3,0,0,1,0,20,0,0,0,5,0,5,0,33,1,5,2,8,2,14,15,32,27,7,0,0
石川,河北亭,6,25.0,6,25.0,6,45.0,6,1,4,1,0,0,0,0,2,1,3,0,0,0,0,2,3,1,0,0,0,0,0,0,0,1,0,0,0,0,1,1,0,0,0,0,0,0,0,0,0,0,0,0,2,0,0,0,0,0,0,0,1,0,0,0,0,0,0,0,0,0,0,0,0,0,2,1,2,1,2,0,0,3,0,0,0,0,1,0,0,0,1,1,4,0,2,0,1,1,0,0,1,0,0,1,0,0,0,1,0,0,0,0,0,0,0,0,0,0,6,0,0,0,0,0,2,0,0,0,0,0,0,0,0,1,2,0,3,0,0
石川,法師,1,4.0,1,4.0,1,8.0,1,0,1,0,0,0,0,0,0,0,1,0,0,0,0,1,0,0,0,0,0,0,0,0,0,0,0,0,0,0,0,0,0,0,0,0,0,0,0,0,0,0,0,0,0,1,0,0,0,0,0,0,0,0,0,0,0,0,0,0,0,0,0,0,0,0,0,1,0,0,0,0,0,0,0,0,0,0,0,0,0,0,0,1,0,0,1,0,0,0,0,0,0,0,0,0,0,0,0,0,0,0,0,0,0,0,0,0,0,0,1,0,0,0,0,0,1,0,0,0,0,0,0,0,0,0,1,0,0,0,0
石川,法師旅館,337,1498.0,337,1461.0,337,2744.0,337,155,132,50,0,3,53,56,52,70,80,23,0,0,0,128,202,7,3,2,0,1,0,1,1,1,2,2,7,9,39,21,2,36,24,20,0,0,14,7,42,3,8,15,31,25,6,1,1,0,4,3,1,0,1,0,1,0,0,2,0,0,0,0,1,3,201,75,29,29,12,29,26,150,3,3,33,4,33,1,0,0,221,271,191,27,87,22,17,6,0,4,38,13,0,2,12,0,2,2,2,1,1,33,0,14,1,0,8,0,249,0,0,0,9,0,47,2,36,1,41,12,22,16,12,56,125,112,44,0,0
石川,海舟,38,173.0,38,169.0,38,344.0,38,26,11,1,0,0,5,9,3,15,2,4,0,0,0,15,23,0,0,0,0,0,0,0,0,0,2,1,1,1,5,3,0,4,7,1,0,2,0,0,3,0,0,1,4,1,0,2,0,0,0,0,0,0,0,0,0,0,0,0,0,0,0,0,0,0,24,7,5,2,4,3,4,19,0,0,3,0,1,0,0,0,34,35,27,1,2,1,1,0,0,0,3,0,0,0,4,0,0,0,0,0,0,10,0,3,0,0,2,0,31,0,0,0,1,0,4,0,3,1,4,1,2,2,0,0,17,11,10,0,0
石川,海舟能登海州,1,5.0,1,5.0,1,10.0,1,1,0,0,0,0,0,0,0,0,1,0,0,0,0,0,1,0,0,0,0,0,0,0,0,0,0,0,0,0,0,0,0,0,1,0,0,0,0,0,0,0,0,0,0,0,0,0,0,0,0,0,0,0,0,0,0,0,0,0,0,0,0,0,0,0,1,0,0,0,0,0,0,1,0,0,0,0,0,0,0,0,1,0,0,0,0,0,0,0,0,0,0,0,0,0,0,0,0,0,0,0,0,1,0,0,0,0,0,0,0,0,0,0,0,0,0,0,0,0,0,0,0,0,0,1,0,0,0,0,0
石川,海遊之栖,1,5.0,1,5.0,1,10.0,1,1,0,0,0,0,0,0,1,0,0,0,0,0,0,1,0,0,0,0,0,0,0,0,0,0,0,0,0,0,1,0,0,0,0,0,0,0,0,0,0,0,0,0,0,0,0,0,0,0,0,0,0,0,0,0,0,0,0,0,0,0,0,0,0,0,0,1,0,0,0,0,0,0,0,0,0,0,0,0,0,0,0,0,1,0,0,0,0,0,0,0,0,0,0,0,0,0,1,0,0,0,0,0,0,0,0,0,0,0,1,0,0,0,0,0,0,0,0,0,1,0,0,0,0,0,0,1,0,0,0
石川,温泉めい想倶楽部　富士屋旅館,82,148.0,34,328.0,82,603.0,82,25,31,26,0,3,15,23,10,18,9,3,1,0,0,35,47,0,0,0,0,0,0,0,0,0,0,1,4,5,9,3,0,3,14,3,1,2,5,1,7,3,1,2,9,6,0,0,0,1,1,0,0,0,1,0,0,0,0,0,0,0,0,0,0,0,52,23,5,2,2,15,8,26,4,0,9,0,11,2,0,0,47,69,57,6,23,3,3,0,0,1,14,2,0,0,1,0,0,0,1,1,0,9,0,2,0,0,2,0,46,0,0,0,7,0,11,0,3,0,12,3,10,3,1,8,39,27,8,0,0
石川,湖月館,1,5.0,1,5.0,1,10.0,1,1,0,0,0,0,0,0,1,0,0,0,0,0,0,1,0,0,0,0,0,0,0,0,0,0,0,0,0,0,0,1,0,0,0,0,0,0,0,0,0,0,0,0,0,0,0,0,0,0,0,0,0,0,0,0,0,0,0,0,0,0,0,0,0,0,1,0,0,0,0,0,0,0,0,0,0,0,0,0,0,0,0,0,1,0,1,0,0,0,0,0,0,0,0,0,0,0,0,0,0,0,0,0,0,0,0,0,0,0,0,0,0,0,0,0,0,0,1,0,0,0,0,0,0,0,1,0,0,0,0
石川,湖畔の宿　森本,84,329.0,73,375.0,84,702.0,84,43,30,11,0,0,10,28,16,14,16,0,0,0,0,34,48,2,1,1,0,1,0,0,0,1,0,1,1,2,8,9,1,4,8,2,0,2,1,0,10,3,2,4,17,1,3,0,0,0,0,0,0,1,0,0,0,0,0,0,0,0,0,0,0,0,62,13,7,2,2,9,7,32,0,0,13,1,11,0,0,0,55,71,59,9,18,7,6,0,0,1,9,2,0,0,3,0,2,0,0,1,0,17,0,3,0,0,2,0,56,0,0,0,4,0,6,1,10,0,11,4,7,2,4,9,31,24,20,0,0
石川,湯の出,28,128.0,28,130.0,28,234.0,28,14,11,3,0,0,3,7,7,8,3,0,0,0,0,8,18,2,0,0,0,0,0,0,0,0,0,2,0,1,4,2,0,2,5,0,0,0,4,0,3,1,0,0,2,0,0,0,0,0,1,0,0,0,1,0,0,0,0,0,0,0,0,0,0,0,23,5,0,0,0,2,3,8,0,0,6,0,6,0,0,0,16,23,23,4,7,1,1,0,0,0,8,2,0,0,1,0,1,0,0,0,0,5,0,1,0,0,0,0,21,0,0,0,0,0,1,0,5,0,1,0,1,1,2,1,14,9,4,0,0
石川,湯快わんわんリゾート矢田屋松濤園,5,19.0,5,21.0,5,42.0,5,3,1,1,0,0,0,1,1,1,2,0,0,0,0,2,3,0,0,0,0,0,0,0,0,0,0,0,1,0,0,0,0,0,0,0,0,0,0,0,2,0,0,0,0,2,0,0,0,0,0,0,0,0,0,0,0,0,0,0,0,0,0,0,0,0,4,1,0,0,0,0,0,1,0,0,0,0,1,0,0,0,4,3,3,0,1,0,0,0,0,0,1,0,0,0,0,0,0,0,0,0,0,2,0,2,0,0,1,0,4,0,0,0,0,0,0,0,0,0,0,0,0,0,0,0,0,1,4,0,0
石川,湯快リゾート 彩朝楽,2,8.0,2,8.0,2,14.0,2,0,2,0,0,0,1,0,0,1,0,0,0,0,0,1,1,0,0,0,0,0,0,0,0,0,0,0,0,0,0,0,0,0,1,0,0,0,0,0,0,1,0,0,0,0,0,0,0,0,0,0,0,0,0,0,0,0,0,0,0,0,0,0,0,0,1,1,0,0,1,1,0,0,0,0,0,0,0,0,0,0,1,2,2,1,1,1,0,1,0,0,0,0,0,0,0,0,0,0,0,0,0,0,0,1,0,0,0,0,2,0,0,0,0,0,0,0,1,0,0,0,1,0,0,0,1,1,0,0,0
石川,湯快リゾート 縁起の宿 矢田屋松濤園,33,151.0,33,152.0,33,298.0,33,21,12,0,0,0,3,5,7,13,5,0,0,0,0,14,19,0,0,0,0,1,0,0,0,0,0,0,0,0,2,1,1,3,1,1,0,0,0,0,8,0,0,0,10,3,1,1,0,0,0,0,0,0,0,0,0,0,0,0,0,0,0,0,0,0,22,10,1,0,1,0,0,12,0,0,10,0,2,0,0,0,25,24,21,3,4,0,1,2,0,1,4,0,0,0,0,0,0,0,1,0,0,5,0,1,0,0,1,0,30,0,0,0,4,0,7,0,0,0,5,0,0,1,0,0,10,17,6,0,0
石川,湯快リゾート　NEW MARUYAホテル,7,8.0,2,27.0,7,54.0,7,3,2,2,0,1,0,2,0,2,2,0,0,0,0,6,1,0,0,0,0,0,0,0,0,0,0,0,0,0,0,0,0,2,1,2,0,0,0,0,0,0,0,0,0,1,0,1,0,0,0,0,0,0,0,0,0,0,0,0,0,0,0,0,0,0,6,1,0,0,0,0,2,1,0,0,1,0,1,1,0,0,3,4,2,0,1,0,0,0,0,0,1,0,0,0,0,0,0,0,1,0,0,0,0,0,0,0,0,0,5,0,0,0,0,0,0,0,1,0,0,2,0,0,0,1,3,2,1,0,0
石川,湯来楽　内灘店,29,128.0,29,125.0,29,226.0,29,14,8,7,0,0,7,6,2,9,5,0,0,0,0,13,15,1,0,0,0,0,0,0,0,0,0,0,0,0,1,0,2,2,16,3,0,1,0,0,1,1,0,0,1,0,0,0,0,0,0,1,0,0,0,0,0,0,0,0,0,0,0,0,0,20,1,4,0,4,13,4,2,5,0,0,2,1,1,0,0,0,5,23,14,3,3,1,4,1,0,1,3,1,0,1,1,0,1,1,2,0,0,3,0,1,0,0,1,0,10,0,0,0,0,0,7,0,12,3,1,0,3,0,2,7,7,12,3,0,0
石川,湯涌温泉かなや,5,4.0,1,21.0,5,35.0,5,1,2,2,0,0,1,0,1,1,2,0,0,0,0,3,2,0,0,0,0,0,0,0,0,0,0,0,0,1,0,0,1,1,0,0,0,0,1,0,0,0,0,0,0,0,0,1,0,0,0,0,0,0,0,0,0,0,0,0,0,0,0,0,0,0,3,1,0,1,0,1,0,2,0,0,1,1,0,0,0,0,3,3,2,0,1,0,1,0,0,0,0,0,0,0,0,0,1,0,0,0,0,0,0,0,0,0,0,0,4,0,0,0,0,0,1,0,0,0,1,0,0,1,0,1,2,1,1,0,0
石川,湯涌温泉総湯　白鷲の湯,11,48.0,11,46.0,11,83.0,11,2,6,3,0,0,0,4,2,2,2,1,0,0,0,8,2,1,0,0,0,1,0,0,0,0,0,0,0,0,2,0,0,0,5,0,0,1,0,0,0,0,0,0,0,1,0,0,0,0,0,0,0,0,0,0,0,1,0,0,0,0,0,0,0,6,3,0,1,1,4,1,5,0,0,0,1,0,0,0,0,0,1,11,7,0,6,0,1,0,0,0,5,0,0,0,1,0,0,0,0,0,0,0,0,0,0,0,0,0,4,0,0,0,2,0,2,0,3,0,0,2,0,0,1,4,3,2,2,0,0
石川,満天ノ　辻のや,8,35.0,8,37.0,8,65.0,8,5,1,2,0,0,0,1,0,6,0,1,0,0,0,4,4,0,0,0,0,0,0,0,0,0,0,0,0,0,1,1,0,0,2,0,0,0,2,0,0,0,0,0,1,1,0,0,0,0,0,0,0,0,0,0,0,0,0,0,0,0,0,0,0,0,6,1,1,0,0,0,0,2,0,0,1,0,1,2,0,0,7,7,6,2,2,2,0,0,0,1,1,1,0,0,1,0,0,0,0,0,0,1,0,0,0,0,0,0,6,0,0,0,0,0,2,0,0,0,2,0,0,1,0,1,0,4,3,0,0
石川,漁師のペンション ハトヤ,3,13.0,3,12.0,3,24.0,3,1,2,0,0,0,0,0,3,0,0,0,0,0,0,2,1,0,0,0,0,0,0,0,0,0,0,0,0,0,3,0,0,0,0,0,0,0,0,0,0,0,0,0,0,0,0,0,0,0,0,0,0,0,0,0,0,0,0,0,0,0,0,0,0,0,0,3,0,0,0,0,0,0,2,0,0,0,1,0,0,0,0,0,1,0,1,0,0,0,0,3,1,1,0,0,0,0,0,0,0,0,0,0,0,0,0,0,0,0,3,0,0,0,0,0,0,0,0,0,0,2,0,0,0,0,0,3,0,0,0
石川,漆と大人の隠れ宿 お宿たなか,11,52.0,11,51.0,11,102.0,11,8,3,0,0,0,2,3,1,4,0,0,1,0,0,4,7,0,0,0,0,0,0,2,0,0,0,0,0,0,3,2,0,0,1,0,0,0,0,0,1,0,0,0,1,1,0,0,0,0,0,0,0,0,0,0,0,0,0,0,0,0,0,0,0,0,7,3,0,1,0,4,0,3,0,0,2,0,0,0,0,0,8,3,9,1,5,0,4,6,0,0,3,0,0,0,0,0,0,0,1,0,0,1,0,1,0,0,0,0,8,0,0,0,1,0,1,0,2,0,0,0,0,0,0,0,2,4,5,0,0
石川,瀬女 コテージ村,12,54.0,12,55.0,12,100.0,12,5,6,1,0,2,2,2,5,0,1,0,0,0,0,6,6,0,0,0,0,0,0,0,0,0,0,0,0,0,0,0,0,0,10,1,0,0,0,0,0,0,0,0,0,0,0,0,0,1,0,0,0,0,0,0,0,0,0,0,0,0,0,0,0,0,12,0,0,0,0,0,3,0,1,0,1,0,1,0,0,0,9,0,0,1,1,0,1,0,0,2,0,0,0,0,0,0,0,0,0,0,0,0,0,0,0,0,0,0,7,0,0,0,0,0,1,0,5,0,0,0,0,0,0,0,5,5,2,0,0
石川,灯りの宿　まつだ荘,1,5.0,1,5.0,1,9.0,1,1,0,0,0,0,0,1,0,0,0,0,0,0,0,1,0,0,0,0,0,0,0,0,0,0,0,0,0,0,0,0,0,0,0,0,0,0,0,0,0,0,0,1,0,0,0,0,0,0,0,0,0,0,0,0,0,0,0,0,0,0,0,0,0,0,1,0,0,0,0,0,1,0,0,0,0,0,0,0,0,0,0,0,0,0,0,0,0,0,0,1,0,0,0,0,0,0,0,0,0,0,0,0,0,0,0,0,0,0,0,0,0,0,0,0,0,0,1,0,0,0,0,0,0,0,1,0,0,0,0
石川,片山津ゴルフ倶楽部ロッジ　北稜,12,53.0,12,51.0,12,90.0,12,4,5,3,0,0,0,1,0,4,6,1,0,0,0,7,5,0,0,0,0,0,0,0,0,0,0,0,1,0,5,1,0,1,0,0,0,1,0,0,0,0,0,0,2,1,0,0,0,0,0,0,0,0,0,0,0,0,0,0,0,0,0,0,0,0,5,5,0,2,1,0,8,2,0,0,0,0,1,0,0,0,4,5,5,1,3,0,0,1,0,0,2,0,0,4,0,0,1,4,0,0,0,0,0,0,0,0,0,0,7,0,0,0,1,0,2,0,6,1,0,0,3,1,0,1,6,1,4,0,0
石川,片山津温泉　総湯,47,210.0,47,197.0,47,373.0,47,19,21,7,0,0,3,8,11,15,10,0,0,0,0,23,24,0,1,0,0,0,0,0,0,0,1,0,3,0,10,4,0,4,8,3,0,0,1,0,2,1,2,1,3,0,1,0,0,0,1,0,0,0,1,0,0,0,0,0,0,0,0,0,0,18,13,9,3,4,8,0,4,21,0,0,5,0,2,0,0,0,11,37,23,5,13,1,3,0,0,1,10,3,0,0,3,0,0,0,0,0,0,4,0,3,2,0,1,0,26,0,0,0,1,0,9,0,7,0,7,4,2,5,1,5,13,19,10,0,0
石川,片山津温泉インフォメーションセンター,4,19.0,4,16.0,4,28.0,4,2,0,2,0,0,0,1,0,1,1,1,0,0,0,0,4,0,0,0,0,0,0,0,0,0,0,0,0,0,0,1,0,0,1,0,0,0,0,0,1,0,0,0,1,0,0,0,0,0,0,0,0,0,0,0,0,0,0,0,0,0,0,0,0,0,2,1,0,1,1,0,0,1,0,0,1,0,1,0,0,0,1,3,2,0,0,0,0,1,0,0,0,0,0,0,0,0,0,0,0,0,0,0,0,0,0,0,0,0,3,0,0,0,0,0,0,0,0,0,1,0,0,0,0,1,1,1,1,0,0
石川,珠洲ビーチホテル,2,8.0,2,8.0,2,10.0,2,1,0,1,0,0,0,0,1,1,0,0,0,0,0,0,2,0,0,0,0,0,0,1,0,0,0,0,0,0,0,0,0,0,0,0,0,0,0,0,1,0,0,0,0,0,0,0,0,0,0,0,0,0,0,0,0,0,0,0,0,0,0,0,0,0,1,0,1,0,0,0,0,0,0,0,0,0,0,0,0,0,0,0,0,0,1,0,0,0,0,0,0,0,0,0,0,0,0,0,0,0,0,0,0,0,0,0,0,0,1,0,0,0,0,0,0,0,1,0,0,0,0,0,0,1,0,0,1,0,0
石川,珠洲温泉　のとじ荘,4,0,0,19.0,4,38.0,4,3,1,0,0,0,1,1,2,0,0,0,0,0,0,1,3,0,0,0,0,0,0,0,0,0,0,0,0,0,0,1,1,0,2,0,0,0,0,0,0,0,0,0,0,0,0,0,0,0,0,0,0,0,0,0,0,0,0,0,0,0,0,0,0,0,3,1,0,0,1,0,1,0,0,0,1,0,0,1,0,0,2,1,3,0,1,0,0,0,0,0,0,0,0,0,1,0,0,0,0,0,0,0,0,0,0,0,0,0,4,0,0,0,0,0,1,0,0,0,0,0,0,0,0,0,3,1,0,0,0
石川,瑠璃光,25,115.0,25,111.0,25,212.0,25,12,9,4,0,1,2,8,3,5,4,2,0,0,0,10,14,1,2,0,0,0,1,0,0,0,0,0,0,1,3,2,0,1,1,2,0,0,0,1,3,0,1,0,4,2,0,0,0,0,0,1,0,0,0,0,0,0,0,0,0,0,0,0,0,0,14,11,0,0,1,3,2,5,6,0,4,0,3,0,0,0,15,18,13,1,9,4,2,0,0,0,3,0,0,0,0,0,1,0,0,0,0,6,0,1,1,0,1,0,15,0,0,0,2,0,0,1,5,0,2,2,1,0,0,2,18,5,0,0,0
石川,田の浦荘,15,70.0,15,68.0,15,135.0,15,11,3,1,0,0,5,1,2,3,4,0,0,0,0,8,7,0,3,0,0,1,0,0,0,0,0,0,0,3,2,0,0,1,3,0,0,0,1,0,0,0,0,1,0,0,0,0,0,0,0,0,0,0,0,0,0,0,0,0,0,0,0,0,0,1,6,3,2,3,2,0,6,1,0,0,3,0,1,0,0,0,4,3,7,0,4,0,0,0,0,3,3,1,0,0,1,0,4,0,0,0,0,2,0,2,0,0,0,0,8,0,0,0,1,0,0,0,4,1,0,1,0,1,0,5,3,6,1,0,0
石川,田舎の宿 いろり庵,8,34.0,7,38.0,8,77.0,8,7,1,0,0,0,0,1,3,3,1,0,0,0,0,3,5,0,0,0,0,0,0,0,0,0,0,0,0,0,2,0,0,1,1,0,0,1,0,0,1,0,0,0,1,1,0,0,0,0,0,0,0,0,0,0,0,0,0,0,0,0,0,0,0,0,4,4,0,0,0,0,0,3,0,0,0,1,2,0,0,0,3,0,7,0,2,1,4,1,0,0,3,1,0,0,1,0,0,0,0,0,0,1,0,1,0,0,0,0,6,0,0,0,1,0,0,0,1,0,0,0,0,1,0,0,2,3,3,0,0
石川,田鶴浜駅,1,4.0,1,4.0,1,8.0,1,0,1,0,0,0,0,0,1,0,0,0,0,0,0,1,0,0,0,0,0,0,0,0,0,0,0,0,0,0,0,0,0,0,0,0,0,1,0,0,0,0,0,0,0,0,0,0,0,0,0,0,0,0,0,0,0,0,0,0,0,0,0,0,0,1,0,0,0,0,0,0,0,0,0,0,0,1,0,0,0,0,0,0,1,1,1,0,0,0,0,0,0,0,0,0,0,0,0,0,1,0,0,1,0,0,0,0,0,0,1,0,0,0,0,0,0,0,0,0,0,0,1,0,0,0,0,1,0,0,0
石川,由屋るる犀々,9,43.0,9,42.0,9,77.0,9,6,1,2,0,1,4,3,0,1,0,0,0,0,0,5,4,0,0,0,0,0,0,0,0,0,0,0,0,1,2,0,1,0,0,0,0,0,0,1,0,0,0,1,3,0,0,0,0,0,0,0,0,0,0,0,0,0,0,0,0,0,0,0,0,0,6,3,0,0,1,4,0,1,0,0,1,0,0,0,0,0,5,2,9,1,4,1,1,0,0,0,2,0,0,0,0,0,1,0,0,0,0,2,0,1,0,0,0,0,8,0,0,0,0,0,1,0,2,0,0,0,0,0,0,1,6,2,0,0,0
石川,町家ホテル　町の踊場,20,28.0,6,90.0,20,174.0,20,12,6,2,0,0,3,5,3,6,3,0,0,0,0,7,13,0,3,0,0,0,0,0,0,0,0,0,1,1,6,0,0,2,0,0,0,0,0,0,0,0,0,0,3,0,0,0,0,0,0,3,0,0,0,0,0,0,0,0,0,0,0,1,0,0,10,6,2,2,0,8,2,7,0,0,1,0,0,0,0,0,14,11,16,3,11,0,2,0,0,0,12,1,0,0,1,0,0,0,0,0,0,4,0,0,0,0,0,0,16,0,0,0,0,0,2,0,3,1,2,0,3,0,0,3,7,8,2,0,0
石川,癒しの宿　桔梗庵,1,4.0,1,5.0,1,8.0,1,0,1,0,0,0,1,0,0,0,0,0,0,0,0,1,0,0,0,0,0,0,0,0,0,0,0,0,0,0,0,0,0,0,0,0,0,0,0,1,0,0,0,0,0,0,0,0,0,0,0,0,0,0,0,0,0,0,0,0,0,0,0,0,0,0,0,1,0,0,0,0,1,0,0,0,0,0,0,0,0,0,0,0,0,0,0,0,0,0,0,0,0,0,0,0,1,0,0,0,0,0,0,0,0,0,0,0,0,0,1,0,0,0,0,0,0,0,0,0,0,0,0,0,0,0,1,0,0,0,0
石川,白山セイモアスキー場,2,8.0,2,9.0,2,15.0,2,0,2,0,0,0,0,0,1,0,1,0,0,0,0,1,1,0,0,0,0,0,0,0,0,0,0,0,0,0,0,0,0,0,1,1,0,0,0,0,0,0,0,0,0,0,0,0,0,0,0,0,0,0,0,0,0,0,0,0,0,0,0,0,0,2,0,0,0,0,2,0,0,0,0,0,0,0,0,0,0,0,0,1,0,0,0,0,0,0,0,0,0,0,0,0,0,0,0,0,0,0,0,0,0,0,0,0,0,0,1,0,0,0,0,0,0,0,1,0,0,0,0,0,0,0,1,1,0,0,0
石川,白山セミナーハウス望岳苑,1,5.0,1,5.0,1,10.0,1,1,0,0,0,0,0,0,0,1,0,0,0,0,0,0,1,0,0,0,0,0,0,0,0,0,0,0,0,0,1,0,0,0,0,0,0,0,0,0,0,0,0,0,0,0,0,0,0,0,0,0,0,0,0,0,0,0,0,0,0,0,0,0,0,0,0,0,1,0,0,0,0,1,0,0,0,0,0,0,0,0,0,1,1,1,0,0,0,0,0,1,0,0,0,0,0,0,0,0,0,1,0,0,0,0,0,0,0,0,0,0,0,0,0,0,0,0,0,0,0,0,0,0,0,0,0,0,1,0,0
石川,白山ホワイトロード,1,4.0,1,3.0,1,6.0,1,0,0,1,0,0,0,0,1,0,0,0,0,0,0,0,1,0,0,0,0,0,0,0,0,0,0,0,0,0,0,0,0,1,0,0,0,0,0,0,0,0,0,0,0,0,0,0,0,0,0,0,0,0,0,0,0,0,0,0,0,0,0,0,0,0,1,0,0,0,0,1,0,0,0,0,0,0,0,0,0,0,0,1,0,1,0,0,0,0,0,0,0,0,0,0,1,0,0,0,0,0,0,0,0,0,0,0,0,0,1,0,0,0,1,0,1,0,0,0,1,0,1,1,0,1,0,0,0,0,0
石川,白山一里野温泉スキー場,40,183.0,40,175.0,40,323.0,40,17,16,7,0,2,8,6,10,12,2,0,0,0,0,24,15,1,0,0,0,0,0,0,0,0,0,0,0,1,0,0,0,0,25,1,0,0,0,1,1,1,1,2,6,1,0,0,0,0,0,0,0,0,0,0,0,0,0,0,0,0,0,0,0,27,4,7,0,2,6,2,6,7,0,0,2,0,11,0,0,0,1,5,4,1,1,1,0,0,0,3,2,0,0,0,2,0,0,0,5,0,0,7,0,3,0,0,0,0,17,0,0,0,1,0,1,0,15,0,2,1,2,0,1,7,14,9,10,0,0
石川,白山市立博物館,10,40.0,10,42.0,10,69.0,10,2,3,5,0,1,3,0,2,4,0,0,0,0,0,4,6,0,0,0,0,0,0,0,0,0,0,0,0,1,0,0,0,1,4,3,0,0,0,0,0,0,0,0,1,0,0,0,0,0,0,0,0,0,0,0,0,0,0,0,0,0,0,0,0,6,3,1,0,0,2,1,0,2,0,0,1,0,2,0,0,0,1,2,2,0,3,5,2,0,0,0,1,0,0,0,0,0,0,0,0,0,0,2,0,0,0,0,0,0,5,0,0,0,0,0,0,0,3,0,2,0,2,0,0,1,4,3,2,0,0
石川,白山市観光情報センター,2,9.0,2,8.0,2,11.0,2,0,0,2,0,0,0,2,0,0,0,0,0,0,0,1,1,0,0,0,0,0,0,0,0,0,0,0,0,0,0,0,0,1,1,0,0,0,0,0,0,0,0,0,0,0,0,0,0,0,0,0,0,0,0,0,0,0,0,0,0,0,0,0,0,2,0,0,0,0,0,0,0,2,0,0,0,0,0,0,0,0,0,0,1,1,1,0,2,0,0,0,0,0,0,0,0,0,0,0,0,0,0,0,0,0,0,0,0,0,0,0,0,0,0,0,0,0,1,0,0,0,1,0,0,0,0,1,1,0,0
石川,白山市観光情報センター「吉野工芸の里」,25,111.0,25,97.0,25,164.0,25,3,12,10,0,0,1,3,3,12,5,1,0,0,0,7,18,0,0,0,0,0,0,0,1,0,0,0,3,1,4,2,0,2,4,2,0,0,1,0,0,1,0,0,0,2,2,0,0,0,0,0,0,0,0,0,0,0,0,0,0,0,0,0,0,8,5,6,4,2,3,4,3,10,0,0,1,1,1,0,0,0,2,7,19,4,12,2,5,1,0,4,5,0,0,0,7,0,1,0,1,0,0,1,0,1,0,0,1,0,15,0,0,0,2,0,3,0,7,0,8,4,4,1,2,5,11,7,2,0,0
石川,白山市観光連盟（鶴来支所）,8,40.0,8,36.0,8,71.0,8,5,2,1,0,1,2,0,4,0,1,0,0,0,0,3,5,0,0,0,0,0,0,0,0,0,0,0,1,0,0,0,0,1,4,1,0,1,0,0,0,0,0,0,0,0,0,0,0,0,0,0,0,0,0,0,0,0,0,0,0,0,0,0,0,5,1,2,0,0,0,1,0,0,0,0,2,1,4,0,0,0,3,2,3,0,3,2,0,1,0,0,0,0,0,0,2,0,0,0,0,0,0,2,0,0,0,0,0,0,2,0,0,0,0,0,0,0,1,0,2,1,1,0,0,0,3,4,1,0,0
石川,白山恐竜パーク白峰,8,37.0,8,36.0,8,59.0,8,1,6,1,0,0,1,3,4,0,0,0,0,0,0,5,3,0,0,0,0,0,0,0,0,0,0,0,0,0,1,0,0,0,2,1,0,0,1,0,0,0,2,0,1,0,0,0,0,0,0,0,0,0,0,0,0,0,0,0,0,0,0,0,0,3,3,0,0,2,0,0,0,0,0,0,0,0,6,0,0,0,1,2,2,0,1,6,1,0,0,1,0,0,0,0,0,0,0,0,0,0,0,1,0,1,0,0,0,0,4,0,0,0,0,0,0,0,1,0,1,0,2,1,1,0,6,0,2,0,0
石川,白山比咩神社,263,1200.0,263,1168.0,263,2270.0,263,155,78,30,0,4,28,50,37,94,46,4,0,0,0,105,154,4,0,0,1,2,1,2,3,0,1,1,4,13,30,8,4,25,60,32,1,5,10,4,14,5,2,6,9,11,1,2,0,0,0,0,1,1,1,0,0,0,0,1,0,0,1,0,1,115,64,44,18,22,43,16,26,70,6,0,34,5,26,0,0,0,36,70,102,14,135,9,26,8,0,8,43,5,0,1,14,0,2,1,5,2,1,46,0,10,1,0,8,0,109,0,0,0,18,0,52,0,85,5,32,12,35,11,12,38,113,77,35,0,0
石川,白峰温泉総湯,109,469.0,106,487.0,109,957.0,109,65,37,7,0,1,7,19,24,36,21,1,0,0,0,57,51,1,1,0,0,0,0,0,0,1,0,1,0,1,6,2,1,1,34,29,0,1,3,2,8,0,3,0,8,3,2,0,0,0,0,0,0,0,0,0,0,1,0,0,0,0,0,1,0,69,23,11,2,4,19,5,20,36,2,0,5,1,9,0,0,0,10,82,34,4,11,4,4,1,0,20,3,0,0,1,10,0,3,1,3,1,1,9,0,4,1,0,0,0,42,0,0,0,5,0,8,0,29,3,18,4,10,5,7,14,42,38,15,0,0
石川,百年町家『佐野邸』,1,3.0,1,3.0,1,7.0,1,0,1,0,0,0,0,1,0,0,0,0,0,0,0,0,1,0,0,0,0,0,0,0,0,0,0,0,0,0,0,0,0,0,0,0,0,0,0,0,0,0,0,0,0,1,0,0,0,0,0,0,0,0,0,0,0,0,0,0,0,0,0,0,0,0,1,0,0,0,0,0,0,0,0,0,0,0,1,0,0,0,0,0,0,0,0,0,0,0,0,0,0,0,0,0,0,0,1,0,0,0,0,1,0,0,0,0,0,0,1,0,0,0,0,0,0,0,1,0,0,0,1,0,0,0,1,0,0,0,0
石川,皆の宿,1,4.0,1,4.0,1,8.0,1,0,1,0,0,0,0,0,0,1,0,0,0,0,0,0,1,0,0,0,0,0,0,0,0,0,0,0,0,0,0,0,0,0,0,0,0,0,0,0,0,0,0,0,0,1,0,0,0,0,0,0,0,0,0,0,0,0,0,0,0,0,0,0,0,0,0,1,0,0,0,0,0,0,0,0,0,0,0,0,0,0,0,0,0,0,0,0,0,0,0,0,1,1,0,0,0,0,0,0,0,0,0,0,0,0,0,0,0,0,0,0,0,0,0,0,0,0,1,0,0,0,0,0,0,0,0,1,0,0,0
石川,真脇ポーレポーレ,5,12.0,3,23.0,5,45.0,5,3,2,0,0,0,1,3,1,0,0,0,0,0,0,2,3,0,0,0,1,0,0,0,0,0,0,0,0,0,3,0,0,0,1,0,0,0,0,0,0,0,0,0,0,0,0,0,0,0,0,0,0,0,0,0,0,0,0,0,0,0,0,0,0,0,3,0,1,1,0,0,0,3,1,0,0,0,1,0,0,0,2,3,3,2,1,0,2,0,0,0,0,0,0,0,2,0,1,0,0,0,0,1,0,0,0,0,1,0,3,0,0,0,0,0,0,0,0,0,0,0,2,1,0,0,0,4,1,0,0
石川,真脇遺跡,1,5.0,1,5.0,1,6.0,1,0,0,1,0,0,1,0,0,0,0,0,0,0,0,1,0,0,1,0,0,0,0,0,0,0,0,0,0,0,0,0,0,0,0,0,0,0,0,0,0,0,0,0,0,0,0,0,0,0,0,0,0,0,0,0,0,0,0,0,0,0,0,0,0,0,0,0,0,1,1,0,0,0,0,0,0,0,0,0,0,0,0,0,0,0,1,0,0,1,0,0,0,0,0,0,0,0,0,0,0,0,0,0,0,0,0,0,0,0,1,0,0,0,0,0,0,0,0,0,0,0,0,0,0,1,0,0,0,0,0
石川,眠音ホテル,41,188.0,41,183.0,41,351.0,41,19,19,3,0,0,9,7,9,14,1,1,0,0,0,18,23,0,1,0,0,0,0,0,0,0,0,0,1,2,5,5,1,1,0,0,0,2,5,2,3,0,1,1,5,0,0,0,0,0,0,1,0,0,0,0,0,0,1,0,0,0,0,0,4,0,16,14,5,6,0,2,12,5,0,0,3,1,10,1,0,0,12,3,30,3,18,3,5,1,0,1,12,4,0,1,0,0,1,1,1,0,0,14,0,1,0,0,2,0,26,0,0,0,3,0,4,0,7,1,2,0,6,3,1,5,19,13,4,0,0
石川,石川ふれあい昆虫館,1,5.0,1,5.0,1,10.0,1,1,0,0,0,0,0,1,0,0,0,0,0,0,0,0,1,0,0,0,0,0,0,0,0,0,0,0,0,0,0,0,0,1,0,0,0,0,0,0,0,0,0,0,0,0,0,0,0,0,0,0,0,0,0,0,0,0,0,0,0,0,0,0,0,1,0,0,0,0,0,0,0,0,0,0,0,0,1,0,0,0,0,0,0,0,0,1,0,0,0,0,0,0,0,0,0,0,0,0,0,0,0,0,0,0,0,0,0,0,0,0,0,0,0,0,0,0,0,0,0,0,0,0,1,0,1,0,0,0,0
石川,石川ルーツ交流館,1,3.0,1,3.0,1,5.0,1,0,0,1,0,0,0,0,1,0,0,0,0,0,0,1,0,0,0,0,0,0,0,0,0,0,0,0,0,0,0,0,0,0,1,0,0,0,0,0,0,0,0,0,0,0,0,0,0,0,0,0,0,0,0,0,0,0,0,0,0,0,0,0,0,1,0,0,0,0,0,0,0,0,0,0,0,0,0,0,0,0,1,0,0,0,0,0,0,0,0,0,0,0,0,0,0,0,0,0,0,0,0,0,0,1,0,0,0,0,0,0,0,0,0,0,0,0,0,0,0,0,0,0,0,0,0,1,0,0,0
石川,石川四高記念文化交流館,8,0,0,34.0,8,51.0,8,0,5,3,0,0,3,0,2,2,1,0,0,0,0,5,3,0,0,0,0,0,0,0,0,0,0,0,0,0,2,1,0,0,1,0,0,0,0,1,0,1,1,0,1,0,0,0,0,0,0,0,0,0,0,0,0,0,0,0,0,0,0,0,0,0,3,4,1,0,3,1,1,2,0,0,1,0,0,0,0,0,2,2,5,0,5,0,0,0,0,0,0,0,0,0,0,0,2,0,0,0,0,0,0,0,0,0,0,0,3,0,0,0,0,0,0,0,0,1,1,1,0,0,3,1,2,2,3,0,0
石川,石川県政記念しいのき迎賓館,206,769.0,169,859.0,206,1626.0,206,84,84,38,0,3,35,41,38,52,33,4,0,0,0,79,121,6,1,0,0,1,1,0,0,5,1,4,9,9,36,15,2,15,36,2,0,1,0,3,16,2,2,9,18,3,3,0,0,0,3,1,0,0,1,1,0,2,2,0,0,2,0,0,0,42,55,60,20,29,47,22,36,47,1,0,13,3,17,0,0,0,34,34,120,26,102,21,25,35,0,1,69,7,0,0,7,0,11,0,4,0,0,37,0,23,1,0,7,0,75,0,0,0,7,0,34,0,48,6,40,11,25,7,25,30,77,70,29,0,0
石川,石川県柳田星の観察館「満天星」,12,57.0,12,56.0,12,104.0,12,7,4,1,0,0,6,2,0,1,3,0,0,0,0,3,9,0,0,0,0,0,0,0,0,1,0,0,1,2,0,0,0,1,6,0,0,0,0,0,0,0,0,0,0,1,0,0,0,0,0,0,0,0,0,0,0,0,0,0,0,0,0,0,0,5,2,1,3,1,3,3,0,0,0,0,2,0,2,0,0,0,3,2,5,2,5,2,2,1,0,1,3,0,0,0,2,0,0,0,0,0,0,4,0,2,0,0,0,0,3,0,0,0,0,0,1,0,0,1,0,0,2,0,2,1,6,2,3,0,0
石川,石川県森林公園三国山キャンプ場,69,233.0,50,323.0,69,621.0,69,49,16,4,0,0,4,14,19,19,11,2,0,0,0,52,17,0,0,0,0,0,0,0,0,0,0,0,2,3,1,2,1,11,43,1,0,1,1,0,1,1,0,0,1,0,0,0,0,0,0,0,0,0,0,0,0,0,0,0,0,0,0,0,0,7,51,10,1,0,37,2,1,11,1,0,2,1,7,2,0,0,12,5,6,3,3,2,2,0,0,55,0,1,0,0,3,0,0,0,1,0,0,8,0,2,0,0,3,0,51,0,0,0,1,0,1,0,15,0,2,0,1,0,5,9,31,23,6,0,0
石川,石川県立伝統産業工芸館,1,5.0,1,5.0,1,7.0,1,0,1,0,0,0,0,0,0,0,1,0,0,0,0,0,1,0,0,0,0,0,0,0,0,0,0,0,0,0,1,0,0,0,0,0,0,0,0,0,0,0,0,0,0,0,0,0,0,0,0,0,0,0,0,0,0,0,0,0,0,0,0,0,0,0,0,1,0,0,0,0,0,0,0,0,1,0,0,0,0,0,0,0,0,0,1,0,1,0,0,0,0,0,0,0,0,0,0,0,0,0,0,0,0,0,0,0,0,0,0,0,0,0,0,0,0,0,1,0,0,0,0,0,0,0,0,1,0,0,0
石川,石川県立図書館,1112,5017.0,1106,4992.0,1112,9647.0,1112,705,285,122,0,52,245,168,213,262,142,22,6,1,1,416,664,32,22,2,1,7,2,0,6,12,10,9,58,36,174,98,20,71,200,30,1,24,24,26,60,16,13,24,66,40,6,2,0,4,5,12,0,1,2,2,0,9,6,4,1,3,0,2,1,261,320,287,111,133,227,85,169,192,10,0,114,12,130,50,0,0,173,132,517,34,411,91,122,73,0,12,357,32,0,0,37,0,40,0,17,3,1,205,0,83,4,0,20,0,470,0,0,0,151,0,246,0,326,7,119,36,115,21,39,186,448,325,153,0,0
石川,石川県立歴史博物館,834,3647.0,805,3641.0,834,6829.0,834,386,314,134,0,34,193,126,140,171,131,37,1,1,0,360,453,21,11,3,3,9,3,3,2,13,6,13,44,41,150,73,13,38,108,16,5,18,19,16,48,12,10,22,66,24,9,2,0,0,3,7,0,0,5,1,2,8,0,0,1,0,0,0,7,166,244,262,80,82,217,86,92,204,5,1,68,13,47,1,0,0,112,90,422,75,509,136,60,46,0,10,300,20,0,6,23,0,38,6,10,8,5,99,2,61,5,0,17,0,411,0,0,0,41,0,173,0,133,8,176,65,88,37,46,169,369,195,101,0,0
石川,石川県立白山ろく民俗資料館,7,32.0,7,32.0,7,59.0,7,4,2,1,0,0,2,1,0,2,2,0,0,0,0,1,6,0,0,0,0,0,0,0,0,0,0,0,0,0,2,0,0,0,1,2,0,0,0,0,0,0,0,1,0,0,1,0,0,0,0,0,0,0,0,0,0,0,0,0,0,0,0,0,0,2,3,2,0,0,2,0,0,3,0,0,0,0,0,0,0,0,1,0,2,1,3,0,0,0,0,1,1,0,0,0,0,0,1,0,0,0,0,1,0,2,0,0,0,0,4,0,0,0,1,0,1,0,1,0,3,2,0,1,0,0,3,3,1,0,0
石川,石川県立美術館,245,767.0,172,1042.0,245,1976.0,245,109,96,40,0,1,42,44,53,64,37,4,0,0,0,82,157,6,3,0,0,0,0,0,2,6,3,4,8,7,41,19,6,15,42,11,0,7,3,2,9,4,6,5,12,8,8,0,3,0,1,2,1,0,0,0,1,3,0,0,1,0,0,1,1,72,80,58,20,15,62,20,26,72,2,0,26,1,8,4,0,0,34,30,129,19,123,53,26,6,0,0,76,8,0,1,4,0,4,1,3,3,3,31,0,25,1,0,4,0,110,0,0,0,12,0,41,0,39,4,55,19,33,10,15,33,97,81,34,0,0
石川,石川県立能楽堂,3,14.0,3,13.0,3,25.0,3,2,0,1,0,0,0,0,1,1,1,0,0,0,0,2,1,0,0,0,0,0,0,0,0,0,0,0,1,0,0,0,0,0,1,0,0,0,0,0,1,0,0,0,0,0,0,0,0,0,0,0,0,0,0,0,0,0,0,0,0,0,0,0,0,0,1,2,0,0,0,0,0,1,0,0,1,0,0,1,0,0,0,1,2,0,2,0,0,0,0,0,1,0,0,0,0,0,0,0,0,0,0,0,0,0,0,0,0,0,2,0,0,0,0,0,0,0,1,1,1,0,0,0,0,1,2,0,0,0,0
石川,石川県立輪島漆芸美術館,1,4.0,1,5.0,1,8.0,1,0,1,0,0,0,0,1,0,0,0,0,0,0,0,1,0,0,0,0,0,0,0,0,0,0,0,0,0,0,0,0,0,0,0,0,0,0,0,1,0,0,0,0,0,0,0,0,0,0,0,0,0,0,0,0,0,0,0,0,0,0,0,0,0,0,0,0,1,0,1,0,0,0,0,0,0,0,0,0,0,0,1,1,1,1,1,1,1,0,0,0,1,0,0,0,1,0,0,0,0,0,0,0,0,0,0,0,0,0,0,0,0,0,0,0,0,0,0,0,1,0,0,0,0,0,0,1,0,0,0
石川,石川県立音楽堂,32,94.0,21,137.0,32,262.0,32,16,9,7,0,2,8,5,4,7,5,1,0,0,0,7,25,0,0,0,0,1,0,0,0,0,0,0,2,1,7,0,1,2,10,1,0,0,0,2,0,0,0,1,2,0,0,0,1,0,0,0,0,0,0,0,0,1,0,0,0,0,0,0,0,12,11,4,0,5,9,2,6,6,0,0,1,0,7,0,0,0,1,2,12,1,6,3,2,5,0,0,6,0,0,0,0,0,5,0,0,1,1,6,0,3,0,0,0,0,10,0,0,0,3,0,7,0,10,0,5,0,1,2,4,7,15,7,3,0,0
石川,石川県観光物産館,313,1431.0,313,1376.0,313,2632.0,313,155,125,33,0,19,68,58,74,62,28,4,0,0,0,99,208,6,6,1,0,1,1,2,1,1,5,7,24,18,57,25,5,10,13,8,0,10,8,7,23,2,4,4,26,14,3,1,1,0,3,3,2,0,5,2,1,6,0,1,0,1,0,1,0,38,139,91,29,16,24,22,37,46,8,0,53,5,46,1,1,0,55,60,216,30,178,14,45,14,0,1,96,85,0,3,8,0,7,3,4,1,0,79,1,18,1,0,5,0,157,0,0,0,18,0,79,0,46,2,49,16,52,11,11,42,131,103,37,0,0
石川,石川県輪島漆芸美術館,4,18.0,4,18.0,4,29.0,4,1,2,1,0,0,1,1,0,2,0,0,0,0,0,0,4,0,0,0,0,0,0,0,0,0,0,0,0,0,1,0,0,0,2,0,0,0,0,0,0,1,0,0,0,0,0,0,0,0,0,0,0,0,0,0,0,0,0,0,0,0,0,0,0,2,1,0,1,0,1,0,0,1,0,0,1,0,0,0,0,0,0,1,1,0,1,0,0,0,0,0,0,0,0,0,0,0,1,0,0,0,0,0,0,0,0,0,0,0,2,0,0,0,0,0,0,0,2,0,1,0,0,1,0,0,1,3,0,0,0
石川,石川県銭屋五兵衛記念館,4,18.0,4,18.0,4,32.0,4,1,3,0,0,0,0,2,1,0,1,0,0,0,0,3,1,0,0,0,0,0,0,0,0,0,0,0,0,0,0,0,0,0,0,2,0,0,0,0,0,0,1,1,0,0,0,0,0,0,0,0,0,0,0,0,0,0,0,0,0,0,0,0,0,2,0,1,0,1,2,0,0,1,0,0,1,0,0,0,0,0,0,1,4,0,4,1,0,0,0,0,0,0,0,0,2,0,0,0,0,0,0,0,0,0,0,0,0,0,1,0,0,0,0,0,0,0,0,0,1,0,0,0,2,0,2,0,2,0,0
石川,研修交流館　白山里,1,5.0,1,5.0,1,10.0,1,1,0,0,0,0,0,0,1,0,0,0,0,0,0,0,1,0,0,0,0,0,0,0,0,0,0,0,0,0,0,0,0,0,0,0,0,0,0,0,0,0,0,1,0,0,0,0,0,0,0,0,0,0,0,0,0,0,0,0,0,0,0,0,0,0,0,0,0,1,1,0,0,0,0,0,0,0,0,0,0,0,0,1,0,0,0,0,0,0,0,0,0,0,0,0,0,0,0,0,0,0,0,0,0,0,0,0,0,0,0,0,0,0,0,0,0,0,1,0,0,0,0,0,0,0,1,0,0,0,0
石川,神子の里,86,343.0,77,382.0,86,731.0,86,49,27,10,0,1,10,14,12,27,17,4,1,0,0,32,53,1,0,0,0,0,0,0,0,1,0,0,0,0,4,3,0,19,42,1,0,2,1,2,2,0,0,0,7,1,1,0,0,0,0,0,0,0,0,0,0,0,0,0,0,0,0,0,0,54,7,11,6,8,18,3,4,25,0,0,8,1,18,0,0,0,8,11,50,2,10,2,26,6,0,0,11,1,0,0,20,0,1,0,1,1,0,12,0,6,0,0,2,0,28,0,0,0,3,0,11,0,29,1,16,3,13,3,5,26,28,24,8,0,0
石川,神小原,1,4.0,1,4.0,1,7.0,1,0,1,0,0,0,0,0,1,0,0,0,0,0,0,1,0,0,0,0,0,0,0,0,0,0,0,0,0,0,0,0,0,1,0,0,0,0,0,0,0,0,0,0,0,0,0,0,0,0,0,0,0,0,0,0,0,0,0,0,0,0,0,0,0,1,0,0,0,0,0,0,0,0,0,0,0,0,0,0,0,0,0,0,1,0,0,0,0,0,0,0,0,0,0,0,0,0,0,0,0,0,0,0,0,0,0,0,0,0,1,0,0,0,0,0,0,0,0,0,0,0,0,0,0,0,1,0,0,0,0
石川,穴水駅,38,113.0,25,155.0,38,306.0,38,14,19,5,0,1,5,9,9,10,4,0,0,0,0,17,21,0,0,0,0,0,0,0,0,0,2,0,2,1,8,3,1,1,10,0,0,1,1,0,3,2,0,1,2,0,0,0,0,0,0,0,0,0,0,0,0,0,0,0,0,0,0,0,0,6,15,9,6,2,7,5,1,11,1,0,3,1,5,0,0,0,4,15,17,2,15,1,2,5,0,1,9,2,0,0,8,0,3,0,1,2,2,4,0,4,0,0,1,0,21,0,0,0,1,0,4,0,8,0,3,3,2,3,3,10,14,9,5,0,0
石川,笠師保駅,24,107.0,24,97.0,24,185.0,24,9,9,6,0,1,2,5,5,7,1,3,0,0,0,6,18,0,0,0,0,0,0,0,0,0,0,0,2,0,2,3,0,1,11,4,0,0,0,0,0,0,0,0,1,0,0,0,0,0,0,0,0,0,0,0,0,0,0,0,0,0,0,0,0,15,4,2,1,2,3,0,1,8,2,0,1,0,6,0,0,0,4,2,16,0,4,2,1,1,0,0,5,0,0,0,1,0,1,0,0,0,0,4,0,1,0,0,0,0,7,0,0,0,0,0,1,0,4,3,6,0,5,0,1,4,14,6,0,0,0
石川,粟津温泉　総湯,17,80.0,17,78.0,17,130.0,17,6,8,3,0,1,4,0,5,6,1,0,0,0,0,6,11,0,0,0,0,0,0,0,0,0,0,0,0,0,0,5,0,0,4,3,0,0,0,0,1,0,0,1,2,1,0,0,0,0,0,0,0,0,0,0,0,0,0,0,0,0,0,0,0,6,2,4,2,3,4,2,0,6,1,0,2,0,0,0,0,0,4,12,9,1,3,0,2,0,0,2,1,1,0,0,1,0,1,0,0,0,0,0,0,0,0,0,2,0,8,0,0,0,0,0,1,0,4,1,3,1,2,1,0,5,5,3,4,0,0
石川,素泊まりペンション il Pino（イル・ピーノ）,3,14.0,3,15.0,3,29.0,3,3,0,0,0,0,1,0,2,0,0,0,0,0,0,1,2,0,0,0,0,0,0,0,0,0,0,0,0,0,0,0,0,2,0,0,0,0,0,1,0,0,0,0,0,0,0,0,0,0,0,0,0,0,0,0,0,0,0,0,0,0,0,0,0,0,0,2,0,1,1,0,0,0,0,0,0,0,0,0,0,0,2,1,3,1,0,2,1,1,0,0,0,0,0,0,1,0,0,0,0,0,0,0,0,0,0,0,0,0,0,0,0,0,0,0,0,0,3,0,0,0,0,0,0,0,0,3,0,0,0
石川,美来里,1,4.0,1,4.0,1,9.0,1,1,0,0,0,0,0,0,0,0,0,1,0,0,0,1,0,0,0,0,0,0,0,0,0,0,0,0,0,0,0,0,0,0,1,0,0,0,0,0,0,0,0,0,0,0,0,0,0,0,0,0,0,0,0,0,0,0,0,0,0,0,0,0,0,0,1,0,0,0,0,0,0,0,0,0,0,0,0,0,0,0,0,0,0,0,0,0,0,0,0,0,0,0,0,1,0,0,0,1,0,0,0,0,0,0,0,0,0,0,1,0,0,0,0,0,0,0,0,0,0,0,0,1,0,1,0,0,0,0,0
石川,美湾荘,3,14.0,3,14.0,3,21.0,3,1,1,1,0,0,1,0,0,1,1,0,0,0,0,2,1,0,1,0,0,0,0,0,0,0,0,0,0,0,0,0,0,0,0,0,0,0,0,0,0,0,0,0,1,1,0,0,0,0,0,0,0,0,0,0,0,0,0,0,0,0,0,0,0,0,2,0,1,0,0,1,0,1,0,0,0,0,0,0,0,0,0,1,1,0,1,0,0,1,0,0,1,0,0,0,0,0,0,0,0,0,0,1,0,0,0,0,0,0,2,0,0,0,0,0,0,0,0,0,0,0,0,0,0,1,0,2,0,0,0
石川,群青の月,9,39.0,8,42.0,9,82.0,9,6,3,0,0,0,3,4,1,1,0,0,0,0,0,5,4,0,0,0,0,0,0,0,0,0,0,0,0,1,0,0,0,1,1,0,0,1,0,0,3,0,0,0,0,2,0,0,0,0,0,0,0,0,0,0,0,0,0,0,0,0,0,0,0,0,8,0,1,0,1,4,0,1,0,0,0,0,2,0,0,0,5,0,7,0,3,0,0,0,0,0,2,0,0,0,0,0,1,0,0,0,0,5,0,1,0,0,1,0,6,0,0,0,2,0,0,0,1,0,0,0,0,0,0,0,3,5,1,0,0
石川,羽咋駅(東口),3,13.0,3,13.0,3,16.0,3,0,2,1,0,0,0,1,0,2,0,0,0,0,0,0,2,1,0,0,0,0,0,0,0,0,0,0,0,0,1,0,0,0,1,0,0,0,0,0,0,0,0,0,1,0,0,0,0,0,0,0,0,0,0,0,0,0,0,0,0,0,0,0,0,1,1,0,0,1,2,0,0,0,0,0,0,0,0,0,0,0,1,0,1,0,0,0,1,0,0,0,1,0,0,0,0,0,0,0,0,0,0,0,0,0,0,0,0,0,3,0,0,0,0,0,0,0,1,0,0,0,0,0,0,0,2,1,0,0,0
石川,翠明,10,43.0,10,40.0,10,70.0,10,4,2,4,0,0,1,3,3,2,1,0,0,0,0,3,7,0,1,0,0,0,0,0,0,0,0,0,0,1,1,0,0,0,0,0,0,0,0,1,1,0,0,2,2,0,0,0,0,0,0,0,1,0,0,0,0,0,0,0,0,0,0,0,0,0,5,4,1,0,0,0,2,3,0,0,1,0,3,0,0,0,7,8,7,0,3,1,1,0,0,0,2,1,0,0,0,0,0,0,0,0,0,2,0,1,0,0,0,0,7,0,0,0,0,0,3,0,1,0,2,0,1,0,0,1,5,3,1,0,0
石川,胡蝶,7,32.0,7,29.0,7,53.0,7,2,4,1,0,0,1,2,0,1,2,1,0,0,0,2,5,0,0,0,0,0,0,0,0,0,0,0,0,1,2,0,0,1,0,0,0,0,0,0,2,0,0,0,0,0,0,0,0,0,0,0,0,0,0,0,0,1,0,0,0,0,0,0,0,0,4,3,0,0,0,1,1,4,0,0,1,0,0,0,0,0,4,4,4,2,2,1,0,0,0,0,0,1,0,0,0,0,0,0,0,0,0,1,0,0,0,0,1,0,4,0,0,0,1,0,0,0,2,0,1,1,0,2,1,1,5,1,0,0,0
石川,能登いろは,1,5.0,1,5.0,1,10.0,1,1,0,0,0,0,0,1,0,0,0,0,0,0,0,0,1,0,0,0,0,0,0,0,0,0,0,0,0,0,1,0,0,0,0,0,0,0,0,0,0,0,0,0,0,0,0,0,0,0,0,0,0,0,0,0,0,0,0,0,0,0,0,0,0,0,0,1,0,0,1,0,0,0,0,0,0,0,0,0,0,0,0,1,1,0,1,1,0,1,0,0,0,1,0,0,0,0,0,0,0,0,0,0,0,0,0,0,0,0,1,0,0,0,0,0,0,0,0,0,0,0,0,0,0,0,1,0,0,0,0
石川,能登中島駅,21,95.0,21,87.0,21,153.0,21,7,9,5,0,0,2,4,3,4,5,3,0,0,0,8,13,0,0,0,0,0,0,0,0,0,0,0,1,0,6,2,0,1,3,1,0,1,0,0,4,0,0,2,0,0,0,0,0,0,0,0,0,0,0,0,0,0,0,0,0,0,0,0,0,4,5,6,6,0,7,0,2,6,2,0,1,0,3,0,0,0,0,5,15,1,8,2,3,0,0,0,3,0,0,0,2,0,0,0,2,0,0,6,0,3,0,0,1,0,6,0,0,0,2,0,4,0,1,0,3,2,1,0,5,5,8,7,1,0,0
石川,能登九十九湾 百楽荘,1,5.0,1,5.0,1,10.0,1,1,0,0,0,0,0,0,0,1,0,0,0,0,0,0,1,0,0,0,0,0,0,0,0,0,0,0,0,0,0,0,0,0,0,0,0,0,0,0,1,0,0,0,0,0,0,0,0,0,0,0,0,0,0,0,0,0,0,0,0,0,0,0,0,0,0,1,0,0,0,0,0,1,0,0,0,0,0,0,0,0,1,0,0,0,0,0,0,0,0,0,0,0,0,0,0,0,0,0,0,0,0,0,0,0,0,0,1,0,0,0,0,0,0,0,0,0,0,0,0,0,0,0,0,0,0,1,0,0,0
石川,能登國二之宮 天日陰比咩神社,9,40.0,9,42.0,9,63.0,9,5,1,3,0,0,0,0,5,2,2,0,0,0,0,5,4,0,0,0,0,0,0,0,0,0,0,0,1,0,0,0,0,0,7,1,0,0,0,0,0,0,0,0,0,0,0,0,0,0,0,0,0,0,0,0,0,0,0,0,0,0,0,0,0,8,1,0,0,0,4,0,3,1,0,0,0,0,0,0,0,0,0,0,1,0,1,0,0,4,0,0,1,0,0,0,0,0,0,0,0,0,0,2,0,0,0,0,1,0,1,0,0,0,0,0,1,0,8,1,2,0,1,0,0,5,3,1,0,0,0
石川,能登島ゲストハウス葉波,1,5.0,1,5.0,1,10.0,1,1,0,0,0,0,1,0,0,0,0,0,0,0,0,0,1,0,0,0,0,0,0,0,0,0,0,0,0,0,0,1,0,0,0,0,0,0,0,0,0,0,0,0,0,0,0,0,0,0,0,0,0,0,0,0,0,0,0,0,0,0,0,0,0,0,0,1,0,0,0,0,1,0,0,0,0,0,0,0,0,0,0,1,1,0,0,0,0,0,0,0,1,0,0,0,0,0,0,0,0,0,0,0,0,0,0,0,0,0,1,0,0,0,0,0,0,0,0,0,0,0,0,0,0,0,1,0,0,0,0
石川,能登島家族旅行村 Weランド,5,21.0,5,23.0,5,46.0,5,4,0,1,0,0,1,0,1,2,1,0,0,0,0,3,1,1,0,0,0,0,0,0,0,0,0,0,0,0,0,1,0,1,1,0,0,0,0,0,1,0,0,0,0,0,1,0,0,0,0,0,0,0,0,0,0,0,0,0,0,0,0,0,0,0,5,0,0,0,1,0,1,1,0,0,0,0,1,0,0,0,1,0,1,0,0,0,0,0,0,2,0,0,0,0,1,0,0,0,0,0,0,1,0,0,0,0,0,0,3,0,0,0,0,0,1,0,2,0,1,0,0,0,0,1,2,2,0,0,0
石川,能登島家族旅行村Weランド,1,4.0,1,3.0,1,6.0,1,0,0,1,0,0,0,0,1,0,0,0,0,0,0,0,1,0,0,0,0,0,0,0,0,0,0,0,0,0,0,0,0,0,1,0,0,0,0,0,0,0,0,0,0,0,0,0,0,0,0,0,0,0,0,0,0,0,0,0,0,0,0,0,0,0,1,0,0,0,0,0,0,0,0,0,1,0,0,0,0,0,0,0,0,0,0,0,0,0,0,1,0,0,0,0,0,0,0,0,0,0,0,1,0,0,0,0,0,0,0,0,0,0,0,0,0,0,0,0,0,0,0,0,0,1,0,0,0,0,0
石川,能登島水族館,5,24.0,5,21.0,5,47.0,5,4,1,0,0,1,0,3,0,1,0,0,0,0,0,3,2,0,0,0,0,0,0,0,0,0,0,0,0,0,0,0,0,1,2,0,0,1,1,0,0,0,0,0,0,0,0,0,0,0,0,0,0,0,0,0,0,0,0,0,0,0,0,0,0,2,2,0,0,1,2,0,0,1,0,0,0,1,1,0,0,0,1,1,1,0,0,1,0,0,0,1,0,0,0,0,0,0,0,0,0,0,0,1,0,0,0,0,0,0,2,0,0,0,0,0,1,0,0,0,0,0,1,0,1,1,0,2,2,0,0
石川,能登海舟,2,9.0,2,8.0,2,20.0,2,2,0,0,0,0,0,0,0,0,2,0,0,0,0,0,2,0,0,0,0,0,0,0,0,1,1,0,0,0,0,0,0,0,0,0,0,0,0,0,0,0,0,0,0,0,0,0,0,0,0,0,0,0,0,0,0,0,0,0,0,0,0,0,0,0,2,0,0,0,0,0,2,0,0,0,0,0,0,0,0,0,2,2,2,0,0,0,2,0,0,0,2,0,0,0,0,0,0,0,0,0,0,0,0,0,0,0,0,0,2,0,0,0,0,0,0,0,1,1,1,1,0,0,0,0,0,2,0,0,0
石川,能登漁火ユースホステル,7,32.0,7,30.0,7,61.0,7,3,4,0,0,0,0,0,4,1,1,1,0,0,0,5,1,1,0,0,0,0,0,0,0,0,0,0,0,0,0,0,0,0,1,1,0,0,0,1,2,0,0,1,1,0,0,0,0,0,0,0,0,0,0,0,0,0,0,0,0,0,0,0,0,0,4,0,1,2,1,0,1,2,0,0,0,0,2,0,0,0,3,0,2,1,3,1,0,1,0,4,2,0,0,0,3,0,0,0,0,0,0,1,0,1,0,0,0,0,3,0,0,0,0,0,1,0,2,0,1,0,1,1,0,1,3,1,2,0,0
石川,能登空港,1,5.0,1,4.0,1,7.0,1,0,1,0,0,0,1,0,0,0,0,0,0,0,0,0,1,0,0,0,0,0,0,0,0,0,0,0,0,0,0,0,0,0,0,0,0,0,0,0,0,0,0,0,0,0,0,0,0,0,0,0,0,0,0,0,0,0,0,0,0,0,1,0,0,0,0,0,0,1,1,0,0,0,0,0,0,0,0,0,0,0,0,0,1,0,0,0,0,0,0,0,0,0,0,0,0,0,0,0,0,0,0,0,0,0,0,0,0,0,0,0,0,0,0,0,0,0,0,0,0,0,0,0,1,1,0,0,0,0,0
石川,能登観光情報ステーションたびスタ,2,8.0,2,8.0,2,16.0,2,1,0,1,0,0,0,0,0,2,0,0,0,0,0,1,1,0,0,0,0,0,0,0,0,0,0,0,0,0,1,1,0,0,0,0,0,0,0,0,0,0,0,0,0,0,0,0,0,0,0,0,0,0,0,0,0,0,0,0,0,0,0,0,0,0,1,1,0,0,0,0,0,2,0,0,0,0,0,0,0,0,0,1,1,0,0,0,0,1,0,0,0,1,0,1,0,0,0,1,0,0,0,0,0,0,0,0,0,0,0,0,0,0,0,0,0,0,1,1,0,0,1,0,0,0,0,2,0,0,0
石川,能登里山暮らし　古民家こずえ,1,0,0,5.0,1,8.0,1,0,1,0,0,0,0,0,0,0,1,0,0,0,0,1,0,0,0,0,0,0,0,0,0,0,0,0,0,0,0,1,0,0,0,0,0,0,0,0,0,0,0,0,0,0,0,0,0,0,0,0,0,0,0,0,0,0,0,0,0,0,0,0,0,0,0,1,0,0,0,0,0,1,0,0,0,0,0,0,0,0,0,0,1,1,1,0,0,1,0,0,0,0,0,0,0,0,0,0,0,0,0,0,0,0,0,0,0,0,0,0,0,0,0,0,0,0,1,0,0,0,0,0,0,0,0,1,0,0,0
石川,能登食祭市場,151,248.0,54,668.0,151,1282.0,151,90,38,23,0,7,40,22,18,28,31,5,0,0,0,59,90,2,0,0,0,0,0,1,2,3,0,1,6,6,23,11,1,18,20,5,0,3,4,2,9,1,1,3,17,6,1,0,4,0,0,0,0,0,0,0,0,3,0,0,0,0,0,0,0,42,45,48,12,4,12,20,27,44,4,0,14,3,9,4,0,0,32,60,95,9,39,14,16,10,0,1,18,3,0,0,11,0,3,0,2,0,0,12,0,6,1,0,3,0,56,0,0,0,7,0,24,1,37,2,31,9,24,5,13,33,60,40,18,0,0
石川,能登鹿島駅,14,59.0,14,55.0,14,106.0,14,3,7,4,0,0,0,1,2,3,6,2,0,0,0,5,9,0,3,0,0,0,0,0,0,0,0,0,0,1,1,1,0,1,4,0,0,0,0,0,2,0,0,0,0,0,0,0,0,0,1,0,0,0,0,0,0,0,0,0,0,0,0,0,0,4,5,2,1,2,1,0,3,6,0,0,0,0,1,0,0,0,1,5,6,7,7,0,1,0,0,0,3,0,0,0,1,0,1,0,0,0,0,3,0,0,0,0,0,0,7,0,0,0,4,0,3,0,3,0,0,0,2,1,1,3,9,1,1,0,0
石川,能美ふるさとミュージアム,31,139.0,31,135.0,31,235.0,31,11,11,9,0,1,2,8,5,8,5,2,0,0,0,9,22,0,0,0,0,0,0,0,0,0,0,0,1,0,4,1,0,3,17,2,0,0,0,0,0,0,1,0,2,0,0,0,0,0,0,0,0,0,0,0,0,0,0,0,0,0,0,0,0,19,4,5,2,1,6,0,3,7,0,0,4,0,8,0,0,0,3,5,10,3,7,4,1,9,0,3,8,1,0,0,3,0,0,0,1,0,0,5,0,0,0,0,1,0,13,0,0,0,5,0,7,0,2,0,6,3,5,2,2,6,15,8,2,0,0
石川,自家焙煎喫茶 中央茶廊,66,304.0,66,299.0,66,568.0,66,40,20,6,0,2,11,9,11,25,8,0,0,0,0,29,36,1,0,0,0,0,0,0,0,0,0,0,2,0,7,5,0,8,29,1,0,1,1,0,2,1,0,1,5,1,0,0,0,0,0,0,0,0,0,0,0,2,0,0,0,0,0,0,0,30,13,7,3,13,18,8,6,20,0,0,6,2,1,0,0,0,7,16,39,4,16,1,7,7,0,2,17,0,0,0,6,0,2,0,7,2,2,15,0,10,0,0,2,0,30,0,0,0,3,0,4,0,24,2,3,1,4,1,4,14,30,16,6,0,0
石川,航空プラザ,207,794.0,177,919.0,207,1758.0,207,117,64,26,0,2,24,77,56,27,18,3,0,0,0,77,125,5,1,0,0,1,0,0,1,2,2,2,0,3,9,16,1,18,41,17,1,4,5,7,9,6,8,13,23,6,1,0,1,0,0,1,1,1,0,0,1,4,0,0,0,0,1,0,0,59,60,58,16,14,13,6,14,18,3,0,16,1,115,2,0,0,43,58,74,7,40,64,15,10,0,2,29,6,0,2,10,0,4,2,0,4,3,35,0,9,1,0,3,0,99,0,0,0,10,0,24,0,43,3,26,6,26,4,5,28,85,66,28,0,0
石川,船員住宅,1,5.0,1,5.0,1,9.0,1,1,0,0,0,0,1,0,0,0,0,0,0,0,0,0,1,0,0,0,0,0,0,0,0,0,0,0,1,0,0,0,0,0,0,0,0,0,0,0,0,0,0,0,0,0,0,0,0,0,0,0,0,0,0,0,0,0,0,0,0,0,0,0,0,0,0,1,0,0,1,0,0,0,0,0,0,0,0,0,0,0,1,0,1,0,0,0,0,0,0,0,1,0,0,0,0,0,0,0,0,0,0,0,0,1,0,0,0,0,0,0,0,0,0,0,0,0,0,0,0,0,0,0,0,0,1,0,0,0,0
石川,花ごよみ,1,4.0,1,4.0,1,8.0,1,0,1,0,0,0,0,0,1,0,0,0,0,0,0,0,1,0,0,0,0,0,0,0,0,0,1,0,0,0,0,0,0,0,0,0,0,0,0,0,0,0,0,0,0,0,0,0,0,0,0,0,0,0,0,0,0,0,0,0,0,0,0,0,0,0,0,0,1,0,0,1,0,0,0,0,0,0,0,0,0,0,0,1,1,0,0,1,0,0,0,0,0,0,0,0,0,0,0,0,0,0,0,0,0,0,0,0,0,0,1,0,0,0,0,0,0,0,0,0,0,0,0,0,0,0,0,1,0,0,0
石川,花・彩朝楽,12,49.0,12,44.0,12,85.0,12,3,4,5,0,0,0,3,1,4,3,1,0,0,0,4,8,0,0,0,0,0,0,0,0,0,0,0,0,0,0,0,0,5,2,2,0,0,0,0,0,0,1,0,0,2,0,0,0,0,0,0,0,0,0,0,0,0,0,0,0,0,0,0,0,0,10,1,1,0,1,0,0,3,0,0,4,0,2,0,0,0,9,9,5,0,2,0,1,0,0,0,3,0,0,0,0,0,0,0,0,0,0,1,0,1,0,0,0,0,9,0,0,0,2,0,2,0,2,0,1,0,0,1,0,0,7,4,1,0,0
石川,花嫁のれん,1,5.0,1,5.0,1,10.0,1,1,0,0,0,0,0,0,0,0,1,0,0,0,0,1,0,0,0,0,0,0,0,0,0,0,0,0,0,0,1,0,0,0,0,0,0,0,0,0,0,0,0,0,0,0,0,0,0,0,0,0,0,0,0,0,0,0,0,0,0,0,0,0,0,0,0,0,1,0,0,0,0,1,0,0,0,0,0,0,0,0,0,0,1,0,1,0,0,0,0,0,0,0,0,0,0,0,0,0,0,0,0,0,0,0,0,0,0,0,0,0,0,0,0,0,1,0,0,0,0,0,1,0,0,0,1,0,0,0,0
石川,花嫁のれん館,47,212.0,47,200.0,47,328.0,47,13,12,22,0,2,1,4,6,23,7,4,0,0,0,14,32,1,1,0,0,0,0,0,0,1,0,0,1,1,8,0,2,8,7,7,1,1,0,0,3,1,2,0,0,1,2,0,0,0,0,0,0,0,0,0,0,0,0,0,0,0,0,0,0,15,16,12,2,2,8,1,6,11,13,0,4,2,0,0,0,0,4,14,23,0,18,6,8,2,0,1,15,1,0,0,2,0,4,0,1,0,0,1,0,2,0,0,1,0,17,0,0,0,0,0,9,0,8,4,10,3,8,1,8,11,18,15,3,0,0
石川,茜や,42,200.0,42,200.0,42,395.0,42,34,7,1,0,0,15,20,4,2,1,0,0,0,0,36,6,0,0,0,0,0,0,0,0,0,0,0,3,3,6,5,1,4,3,0,0,1,2,4,2,0,2,0,6,0,0,0,0,0,0,0,0,0,0,0,0,0,0,0,0,0,0,0,0,4,17,17,2,2,14,1,26,0,0,0,0,0,0,0,0,0,5,12,22,5,15,3,9,8,0,1,13,7,0,1,2,0,0,1,2,0,0,6,0,32,2,0,2,0,17,0,0,0,4,0,7,0,8,2,3,2,4,4,3,4,32,3,3,0,0
石川,菜さい,23,81.0,19,92.0,23,164.0,23,7,8,8,0,0,4,6,5,6,2,0,0,0,0,6,17,0,0,0,0,0,0,0,0,0,0,0,1,0,2,0,0,2,10,5,0,0,0,0,0,0,1,0,0,1,0,0,0,0,1,0,0,0,0,0,0,0,0,0,0,0,0,0,0,13,6,3,0,1,1,0,1,8,0,0,8,0,2,1,0,0,6,14,15,2,3,0,3,2,0,2,3,0,0,0,2,0,1,0,0,0,0,2,0,0,0,0,0,0,11,0,0,0,0,0,1,0,5,0,0,3,2,2,1,4,11,6,2,0,0
石川,華友禅 菊屋,6,26.0,6,26.0,6,49.0,6,4,0,2,0,0,0,0,0,3,2,1,0,0,0,0,6,0,0,0,0,0,0,0,0,0,0,0,0,0,0,0,0,1,5,0,0,0,0,0,0,0,0,0,0,0,0,0,0,0,0,0,0,0,0,0,0,0,0,0,0,0,0,0,0,2,3,1,0,0,1,0,2,3,0,0,0,0,0,0,0,0,0,3,3,0,0,0,2,0,0,0,0,0,0,0,0,0,0,0,0,0,0,0,0,0,0,0,0,0,1,0,0,0,0,0,2,0,4,0,0,0,0,0,0,3,3,0,0,0,0
石川,萬寿荘さわだ旅館,1,5.0,1,5.0,1,10.0,1,1,0,0,0,0,0,0,0,0,1,0,0,0,0,0,1,0,0,0,0,0,0,0,0,0,0,0,0,0,0,0,0,0,0,0,0,0,0,0,1,0,0,0,0,0,0,0,0,0,0,0,0,0,0,0,0,0,0,0,0,0,0,0,0,0,0,1,0,0,0,0,0,1,0,0,0,0,0,0,0,0,1,0,1,0,0,0,0,0,0,0,0,0,0,0,0,0,0,0,0,0,0,0,0,0,0,0,0,0,1,0,0,0,0,0,0,0,1,0,0,0,1,0,0,1,0,0,0,0,0
石川,萬松園あいうえおの杜,67,299.0,67,288.0,67,527.0,67,29,20,18,0,0,7,29,14,11,6,0,0,0,0,25,40,2,2,0,0,0,0,0,0,0,0,0,0,2,2,2,2,9,26,8,0,0,1,0,2,1,5,0,1,2,1,0,0,0,0,0,0,1,0,0,0,0,0,0,0,0,0,0,0,19,31,9,3,5,5,1,7,9,0,0,1,0,44,0,0,0,19,39,30,2,10,8,5,4,0,1,9,1,0,0,3,0,0,0,0,0,0,22,1,2,0,0,1,0,28,0,0,0,0,0,9,0,16,1,6,0,2,5,1,6,25,21,15,0,0
石川,葉渡莉,24,103.0,24,92.0,24,165.0,24,6,10,8,0,0,3,6,2,9,4,0,0,0,0,5,19,0,0,0,0,0,0,0,0,0,0,0,2,1,0,0,1,4,3,2,0,0,0,1,2,0,3,1,1,1,0,0,0,0,0,0,0,0,0,0,0,0,1,0,0,0,1,0,0,0,15,8,0,1,3,0,1,8,0,0,3,0,4,3,0,0,16,20,12,2,3,0,2,0,0,0,2,1,0,0,1,0,0,0,1,1,1,4,0,1,0,0,1,0,18,0,0,0,2,0,6,0,3,0,4,0,0,1,0,3,9,10,2,0,0
石川,蒼風庵,1,5.0,1,5.0,1,9.0,1,1,0,0,0,0,0,0,0,1,0,0,0,0,0,1,0,0,0,0,0,0,0,0,0,0,0,0,0,0,0,0,0,0,0,0,0,0,0,0,0,0,0,0,1,0,0,0,0,0,0,0,0,0,0,0,0,0,0,0,0,0,0,0,0,0,0,0,0,1,0,0,0,1,0,0,0,0,0,0,0,0,0,0,0,0,0,0,0,0,0,0,0,0,0,0,0,0,1,0,1,0,0,1,0,1,0,0,0,0,1,0,0,0,0,0,0,0,1,0,0,0,0,0,0,0,0,1,0,0,0
石川,蔵やど　与平,1,4.0,1,4.0,1,5.0,1,0,0,1,0,0,0,0,0,0,0,1,0,0,0,0,0,1,0,0,0,0,0,0,0,0,0,0,0,0,0,0,0,0,0,1,0,0,0,0,0,0,0,0,0,0,0,0,0,0,0,0,0,0,0,0,0,0,0,0,0,0,0,0,0,0,1,0,0,0,0,0,1,0,0,0,0,0,0,0,0,0,1,0,0,0,1,0,0,0,0,0,0,0,0,0,0,0,0,0,0,0,0,0,0,0,0,0,0,0,1,0,0,0,0,0,0,0,0,0,0,0,0,0,0,0,1,0,0,0,0
石川,西岸駅,8,34.0,8,37.0,8,60.0,8,2,5,1,0,0,0,3,2,2,1,0,0,0,0,4,4,0,0,0,0,1,0,0,0,0,0,0,2,0,0,1,0,1,0,1,0,0,0,0,1,0,0,0,1,0,0,0,0,0,0,0,0,0,0,0,0,0,0,0,0,0,0,0,0,2,5,1,0,0,2,0,2,3,0,0,0,0,0,0,0,0,1,2,5,1,1,0,0,3,0,0,3,0,0,0,1,0,0,0,0,0,0,1,0,1,0,0,0,0,2,0,0,0,0,0,1,0,2,0,4,0,3,0,1,1,4,2,1,0,0
石川,西田幾多郎記念館,39,176.0,39,177.0,39,309.0,39,17,13,9,0,1,6,8,5,11,6,2,0,0,0,15,23,1,2,0,0,0,0,0,0,0,0,0,2,1,6,4,0,5,9,0,0,0,0,1,1,0,0,1,3,3,0,0,0,0,0,0,0,0,0,0,0,0,0,0,0,0,0,0,1,15,7,6,4,7,7,4,2,17,3,0,3,1,1,0,0,0,3,3,15,1,18,3,4,1,0,1,14,0,0,0,3,0,1,0,0,0,0,2,0,0,0,0,1,0,14,0,0,0,2,0,5,0,15,1,6,3,2,3,3,6,14,8,11,0,0
石川,西茶屋資料館,107,359.0,77,453.0,107,789.0,107,33,43,31,0,3,22,22,15,33,11,1,0,0,0,37,64,6,0,0,0,0,0,1,0,0,3,0,11,11,31,9,3,1,2,4,1,2,0,0,5,0,2,5,6,5,1,0,0,0,1,0,0,0,0,2,0,0,0,0,1,0,0,0,0,8,27,50,12,10,13,7,12,38,1,0,16,1,4,3,0,0,22,21,76,8,78,4,12,2,0,2,49,4,0,0,1,0,1,0,0,2,2,10,1,6,3,0,1,0,47,0,0,0,1,0,26,0,11,1,22,11,19,6,10,17,39,25,26,0,0
石川,観光案内,1,4.0,1,4.0,1,3.0,1,0,0,1,0,0,0,0,0,1,0,0,0,0,0,0,1,0,0,0,0,0,0,0,0,0,0,1,0,0,0,0,0,0,0,0,0,0,0,0,0,0,0,0,0,0,0,0,0,0,0,0,0,0,0,0,0,0,0,0,0,0,0,0,0,0,0,1,0,0,1,0,0,0,0,0,0,0,0,0,0,0,0,0,0,0,0,0,0,0,0,0,0,0,0,0,0,0,0,0,0,0,0,0,0,0,0,0,0,0,1,0,0,0,0,0,0,0,0,0,0,0,0,0,0,0,1,0,0,0,0
石川,輪島工房長屋,3,14.0,3,13.0,3,25.0,3,1,2,0,0,0,0,3,0,0,0,0,0,0,0,1,2,0,1,0,0,0,0,0,0,0,0,0,0,0,0,0,0,0,2,0,0,0,0,0,0,0,0,0,0,0,0,0,0,0,0,0,0,0,0,0,0,0,0,0,0,0,0,0,0,1,1,0,1,0,0,0,2,0,0,0,0,0,1,0,0,0,0,0,3,0,1,0,0,0,0,0,2,0,0,0,0,0,0,0,0,0,0,0,0,0,0,0,0,0,1,0,0,0,0,0,0,0,2,1,0,0,0,0,0,0,2,0,1,0,0
石川,辰口丘陵公園,26,103.0,26,98.0,26,189.0,26,10,6,10,0,0,4,7,5,4,5,1,0,0,0,15,11,0,0,1,0,0,0,0,0,0,0,0,1,0,0,0,0,2,20,0,0,0,0,0,0,0,0,0,0,1,0,0,0,0,0,0,0,0,0,0,1,0,0,0,0,0,0,0,0,21,2,0,1,2,5,5,3,0,0,0,0,1,9,0,0,0,3,4,4,3,2,7,0,0,0,1,3,0,0,6,3,0,0,6,0,0,0,1,0,1,0,0,0,0,2,0,0,0,0,0,4,0,11,1,4,0,2,0,5,4,9,10,3,0,0
石川,辰口温泉　総湯（里山の湯）,1,4.0,1,3.0,1,5.0,1,0,0,1,0,0,0,0,0,1,0,0,0,0,0,0,1,0,0,0,0,0,0,0,0,0,0,0,1,0,0,0,0,0,0,0,0,0,0,0,0,0,0,0,0,0,0,0,0,0,0,0,0,0,0,0,0,0,0,0,0,0,0,0,0,1,0,0,0,0,0,1,0,0,0,0,0,0,0,0,0,0,0,1,0,0,0,1,0,0,0,0,0,0,0,0,0,0,0,0,0,0,0,0,0,0,0,0,0,0,0,0,0,0,0,0,0,0,0,0,0,0,0,0,1,0,0,1,0,0,0
石川,農家民宿 三平,1,1.0,1,4.0,1,10.0,1,1,0,0,0,0,0,0,0,1,0,0,0,0,0,1,0,0,0,0,0,1,0,0,0,0,0,0,0,0,0,0,0,0,0,0,0,0,0,0,0,0,0,0,0,0,0,0,0,0,0,0,0,0,0,0,0,0,0,0,0,0,0,0,0,0,1,0,0,0,1,0,0,0,0,0,0,0,0,0,0,0,0,0,0,0,0,0,0,0,0,0,0,0,0,0,0,0,1,0,0,0,0,0,0,0,0,0,0,0,0,0,0,0,0,0,0,0,1,0,0,0,0,0,0,0,1,0,0,0,0
石川,農家民宿　三平,1,0,0,5.0,1,10.0,1,1,0,0,0,0,0,0,1,0,0,0,0,0,0,0,1,0,0,0,0,0,0,0,0,0,0,0,0,0,0,0,0,0,0,0,0,0,0,0,0,0,0,0,0,0,0,0,0,0,0,0,1,0,0,0,0,0,0,0,0,0,0,0,0,0,0,1,0,0,0,0,0,0,0,0,0,0,1,0,0,0,1,0,1,0,1,0,0,0,0,0,1,1,0,0,0,0,0,0,1,0,0,1,0,0,0,0,0,0,1,0,0,0,0,0,1,0,0,0,0,0,0,0,0,0,1,0,0,0,0
石川,農家民宿たなか,1,0,0,4.0,1,8.0,1,0,1,0,0,0,0,0,0,0,1,0,0,0,0,1,0,0,0,0,0,0,0,0,0,0,0,0,0,0,0,0,0,0,1,0,0,0,0,0,0,0,0,0,0,0,0,0,0,0,0,0,0,0,0,0,0,0,0,0,0,0,0,0,0,0,0,0,0,1,0,0,1,0,0,0,0,0,0,0,0,0,0,0,0,0,0,0,0,0,0,0,0,0,0,0,0,0,1,0,0,0,0,0,0,0,0,0,0,0,0,0,0,0,0,0,0,0,1,0,0,0,0,0,0,0,1,0,0,0,0
石川,農家民宿ふるきみ,3,14.0,3,13.0,3,21.0,3,1,1,1,0,0,0,0,0,1,2,0,0,0,0,0,2,1,0,0,0,0,0,0,0,0,0,0,0,0,0,0,0,0,3,0,0,0,0,0,0,0,0,0,0,0,0,0,0,0,0,0,0,0,0,0,0,0,0,0,0,0,0,0,0,0,2,0,0,1,0,0,1,0,0,1,0,0,0,0,0,0,2,0,2,0,1,0,0,0,0,0,0,0,0,0,0,0,0,0,0,0,0,0,0,0,0,0,0,0,2,0,0,0,0,0,0,0,1,0,1,0,0,0,1,2,1,0,0,0,0
石川,農家民宿菜々,2,8.0,2,9.0,2,18.0,2,1,1,0,0,0,0,0,1,1,0,0,0,0,0,2,0,0,0,0,0,0,0,0,0,0,0,0,0,1,0,0,0,0,0,0,0,0,0,0,0,0,0,1,0,0,0,0,0,0,0,0,0,0,0,0,0,0,0,0,0,0,0,0,0,0,1,0,0,1,1,0,0,0,0,0,0,1,0,0,0,0,0,0,0,0,0,0,0,0,0,0,0,0,0,0,0,0,2,0,0,0,0,0,0,0,0,0,0,0,0,0,0,0,1,0,1,0,0,0,0,1,1,0,0,0,0,1,1,0,0
石川,辻の屋,1,4.0,1,4.0,1,8.0,1,0,1,0,0,0,0,0,0,0,1,0,0,0,0,1,0,0,0,0,0,0,0,0,0,0,0,0,0,0,0,0,0,0,0,0,0,0,0,0,0,0,0,0,1,0,0,0,0,0,0,0,0,0,0,0,0,0,0,0,0,0,0,0,0,0,0,1,0,0,0,0,0,1,0,0,0,0,0,0,0,0,0,1,0,0,0,0,0,0,0,0,0,0,0,0,0,0,0,0,0,0,0,0,0,0,0,0,0,0,0,0,0,0,0,0,0,0,0,0,0,0,1,0,0,0,1,0,0,0,0
石川,近江市場,1,5.0,1,4.0,1,10.0,1,1,0,0,0,0,0,1,0,0,0,0,0,0,0,0,0,1,0,0,0,0,0,0,0,0,0,0,0,0,1,0,0,0,0,0,0,0,0,0,0,0,0,0,0,0,0,0,0,0,0,0,0,0,0,0,0,0,0,0,0,0,0,0,0,1,0,0,0,0,1,0,0,0,0,0,0,0,0,0,0,0,1,0,0,0,0,0,0,0,0,0,0,0,0,0,0,0,0,0,0,0,0,0,0,0,0,0,0,0,0,0,0,0,0,0,0,0,0,0,0,0,1,0,0,0,1,0,0,0,0
石川,近江町市場,1,4.0,1,4.0,1,9.0,1,1,0,0,0,0,0,1,0,0,0,0,0,0,0,0,1,0,0,0,0,0,0,0,0,0,0,0,0,0,0,0,0,0,0,1,0,0,0,0,0,0,0,0,0,0,0,0,0,0,0,0,0,0,0,0,0,0,0,0,0,0,0,0,0,0,1,0,0,0,1,0,0,0,0,0,0,0,0,0,0,0,0,0,0,0,1,0,1,0,0,0,1,0,0,0,0,0,0,0,0,0,0,1,0,1,0,0,0,0,1,0,0,0,0,0,0,0,0,0,1,0,0,0,0,0,1,0,0,0,0
石川,近江町市場商店街,26,115.0,26,113.0,26,233.0,26,16,10,0,0,2,7,3,9,5,0,0,0,0,0,8,18,0,0,0,0,0,0,0,0,2,0,0,1,1,3,3,0,0,1,1,1,0,0,2,4,1,1,0,3,2,0,0,0,0,0,0,0,0,0,0,0,0,0,0,0,0,0,0,0,4,14,4,2,2,3,2,8,2,1,0,3,0,2,0,0,0,6,5,23,2,12,1,7,4,0,0,9,1,0,0,1,0,3,0,1,0,0,9,0,5,0,0,2,0,17,0,0,0,2,0,3,0,7,1,3,1,1,1,3,7,12,4,3,0,0
石川,道の駅「いおり」,8,33.0,8,29.0,8,63.0,8,4,2,2,0,0,1,1,1,1,4,0,0,0,0,5,2,1,0,0,0,0,0,0,0,0,0,0,0,0,0,1,1,2,0,0,0,1,2,0,0,0,0,0,0,0,0,0,1,0,0,0,0,0,0,0,0,0,0,0,0,0,0,0,0,4,1,2,0,1,1,0,0,5,0,0,1,0,0,0,0,0,1,3,3,2,4,1,1,1,0,2,2,0,0,0,3,0,0,0,0,0,0,0,0,0,0,0,0,0,3,0,0,0,1,0,4,0,2,0,3,1,1,1,0,4,2,2,0,0,0
石川,道の駅「こまつ木場潟」,54,237.0,54,223.0,54,428.0,54,22,19,13,0,0,9,10,11,15,8,1,0,0,0,20,33,1,0,0,0,0,1,0,0,0,0,0,1,1,4,1,0,4,10,8,0,1,2,0,11,0,0,1,5,3,0,0,0,0,1,0,0,0,0,0,0,0,0,0,0,0,0,0,0,19,18,12,2,3,4,2,2,21,1,0,9,0,8,0,0,0,15,26,33,6,11,5,15,4,0,1,7,1,0,0,5,0,1,0,0,1,0,10,0,2,0,0,0,0,22,0,0,0,4,0,13,0,3,1,6,2,8,3,7,11,15,19,9,0,0
石川,道の駅「すず塩田村」,21,98.0,21,89.0,21,169.0,21,10,7,4,0,1,5,5,5,3,2,0,0,0,0,6,14,1,0,0,0,0,0,0,0,0,0,0,1,1,5,1,0,2,5,2,1,1,0,0,0,0,0,0,0,0,0,0,0,0,0,0,0,0,0,0,0,1,0,0,0,0,0,0,1,6,2,6,3,4,2,2,6,5,0,0,1,3,1,0,0,0,1,7,13,3,7,3,3,3,0,0,4,0,0,0,1,0,1,0,1,0,0,1,0,4,0,0,0,0,5,0,0,0,2,0,0,0,7,2,3,1,4,0,2,2,12,5,2,0,0
石川,道の駅「倶利伽羅　源平の郷」,14,64.0,14,64.0,14,116.0,14,6,6,2,0,1,2,1,1,6,3,0,0,0,0,6,7,1,0,0,3,0,0,0,0,0,0,0,0,0,0,0,0,2,2,0,0,1,1,0,2,0,0,0,0,2,0,0,0,0,0,0,0,0,0,1,0,0,0,0,0,0,0,0,0,7,5,1,0,1,0,0,1,7,0,1,0,1,0,0,0,0,2,2,6,2,5,0,1,0,0,0,2,0,0,0,1,0,1,0,0,0,0,2,0,0,0,0,1,0,7,0,0,0,1,0,2,0,2,0,3,0,3,1,1,3,6,3,2,0,0
石川,道の駅「内灘サンセットパーク」,3,14.0,3,11.0,3,27.0,3,2,1,0,0,0,0,0,2,0,1,0,0,0,0,1,2,0,0,0,0,1,0,0,0,0,0,0,0,0,0,0,0,0,1,0,0,0,0,0,0,0,0,0,1,0,0,0,0,0,0,0,0,0,0,0,0,0,0,0,0,0,0,0,0,1,2,0,0,0,1,0,0,1,0,0,0,0,0,0,0,0,1,1,1,0,1,1,1,0,0,0,1,0,0,0,1,0,0,0,0,0,0,0,0,0,0,0,0,0,1,0,0,0,0,0,1,0,0,0,1,0,1,0,1,0,2,0,1,0,0
石川,道の駅「赤神」,47,208.0,47,210.0,47,389.0,47,24,15,8,0,0,2,5,4,23,12,1,0,0,0,30,16,1,0,1,0,0,0,0,0,1,0,3,0,1,6,1,1,5,12,0,0,1,1,1,2,0,0,1,1,6,0,0,2,0,1,0,0,0,0,0,0,0,0,0,0,0,0,0,0,19,5,7,8,8,17,3,6,16,0,0,0,0,2,0,0,0,6,8,16,4,13,2,6,4,0,1,6,0,0,0,25,0,1,0,3,0,0,8,0,5,0,0,3,0,24,0,0,0,0,0,4,0,3,2,5,5,4,0,4,9,21,14,3,0,0
石川,道の駅「高松」,39,175.0,39,164.0,39,331.0,39,21,14,4,0,0,5,5,3,15,9,2,0,0,0,11,28,0,0,0,0,0,0,0,0,0,0,0,0,0,6,2,1,0,9,0,0,2,4,0,1,2,2,0,5,0,2,0,0,0,1,0,0,1,0,0,0,1,0,0,0,0,0,0,0,13,9,13,2,2,4,2,6,8,1,0,3,2,3,1,0,0,7,8,18,3,8,6,8,1,0,0,6,1,0,1,4,0,5,1,1,0,0,4,0,1,0,0,0,0,14,0,0,0,2,0,6,0,7,2,8,2,3,1,2,5,17,11,6,0,0
石川,道の駅あなみず,24,112.0,24,102.0,24,201.0,24,12,8,4,0,1,4,7,8,4,0,0,0,0,0,7,16,1,0,0,0,0,0,0,0,0,0,0,1,2,4,2,0,2,5,0,0,1,0,1,4,0,1,0,0,1,0,0,0,0,0,0,0,0,0,0,0,0,0,0,0,0,0,0,0,7,2,8,3,4,3,2,3,0,1,0,2,4,5,1,0,0,3,9,16,1,10,2,6,7,0,2,4,4,0,0,3,0,0,0,0,0,0,2,0,3,0,0,0,0,11,0,0,0,1,0,2,0,4,0,4,2,1,1,2,2,16,6,0,0,0
石川,道の駅しらやまさん,31,138.0,31,114.0,31,214.0,31,7,11,13,0,1,3,5,8,8,6,0,0,0,0,14,17,0,0,1,0,0,0,0,0,0,0,0,0,4,1,0,2,3,13,3,0,1,0,0,1,0,1,0,0,0,0,0,0,0,0,1,0,0,0,0,0,0,0,0,0,0,0,0,0,16,6,2,4,3,5,4,0,13,0,0,3,0,3,0,0,0,4,12,13,6,5,0,6,1,0,1,6,0,0,0,5,0,0,0,0,2,2,2,0,2,0,0,0,0,13,0,0,0,1,0,6,0,4,1,3,4,6,0,1,3,18,7,3,0,0
石川,道の駅すずなり,80,339.0,77,329.0,80,628.0,80,32,32,16,0,3,8,13,7,23,21,5,0,0,0,28,51,1,2,1,0,0,0,0,0,0,0,0,5,3,22,8,1,2,10,0,0,2,1,3,1,1,0,3,6,2,2,1,0,0,2,0,0,0,1,0,1,0,0,0,0,0,0,0,0,10,14,32,15,9,16,4,10,15,12,0,9,4,5,1,0,0,11,15,36,4,30,0,9,4,0,2,9,0,0,0,6,0,7,0,1,1,1,7,0,10,0,0,1,0,26,0,0,0,6,0,15,0,17,3,24,5,8,3,6,12,32,23,13,0,0
石川,道の駅とぎ海街道,92,400.0,88,403.0,92,774.0,92,44,37,11,0,2,14,12,20,25,17,2,0,0,0,42,50,0,1,0,0,1,0,0,0,1,0,4,3,3,11,4,1,7,33,0,0,2,2,1,4,0,0,2,5,4,0,0,0,2,1,0,0,0,0,0,0,0,0,0,0,0,0,0,0,39,11,20,16,6,17,4,10,26,2,0,8,0,11,0,0,0,10,19,46,5,29,7,6,9,0,7,10,3,0,1,17,0,5,1,4,1,0,10,0,6,1,0,1,0,44,0,0,0,1,0,15,0,14,3,13,3,12,2,13,18,37,27,10,0,0
石川,道の駅のとじま,1,5.0,1,5.0,1,10.0,1,1,0,0,0,0,1,0,0,0,0,0,0,0,0,1,0,0,0,0,0,0,0,0,0,0,0,0,0,0,0,0,0,0,0,0,0,0,0,0,0,0,0,0,0,1,0,0,0,0,0,0,0,0,0,0,0,0,0,0,0,0,0,0,0,0,0,0,1,0,0,0,1,0,0,0,0,0,0,0,0,0,1,0,1,0,0,0,0,0,0,0,0,0,0,0,0,0,0,0,0,0,0,0,0,0,0,0,0,0,0,0,0,0,0,0,0,0,1,0,0,0,0,0,0,0,1,0,0,0,0
石川,道の駅のと千里浜,83,295.0,64,369.0,83,709.0,83,45,30,8,0,2,11,22,16,19,10,3,0,0,0,31,48,4,1,0,0,0,2,0,1,2,1,1,1,2,9,11,1,6,17,2,0,2,1,1,8,1,1,1,5,3,1,0,0,0,0,0,0,0,0,0,0,1,0,0,0,1,0,0,0,25,21,20,5,12,12,5,7,30,2,2,9,6,5,0,0,0,14,27,53,11,30,2,14,7,0,3,19,4,0,0,20,0,5,0,1,0,0,18,0,7,0,0,1,0,27,0,0,0,6,0,13,0,17,1,21,8,14,8,2,18,34,21,10,0,0
石川,道の駅めぐみ白山,113,492.0,109,488.0,113,929.0,113,61,36,16,0,2,17,24,29,27,11,2,1,0,0,40,72,1,2,1,0,2,0,0,1,0,0,3,1,2,11,4,1,7,17,7,0,2,2,4,16,2,2,3,11,4,0,0,1,0,3,2,0,0,0,0,0,1,0,0,0,1,0,0,0,26,34,27,9,17,28,9,3,34,0,0,8,0,22,2,0,0,17,35,67,7,32,20,30,13,0,3,23,3,0,0,14,0,4,0,1,1,0,17,0,6,0,0,1,0,56,0,0,0,5,0,20,1,14,0,27,5,25,5,6,26,39,34,14,0,0
石川,道の駅一向一揆の里,14,55.0,13,55.0,14,98.0,14,3,6,5,0,0,3,4,5,2,0,0,0,0,0,8,6,0,0,0,0,1,0,0,0,0,0,2,0,1,1,0,0,0,2,1,0,0,1,0,0,0,0,1,4,0,0,0,0,0,0,0,0,0,0,0,0,0,0,0,0,0,0,0,0,3,4,1,5,1,3,1,0,7,0,0,1,0,1,0,0,0,2,5,8,1,7,0,1,0,0,3,1,1,0,0,1,0,0,0,1,0,0,0,0,0,0,0,0,0,6,0,0,0,0,0,0,0,4,0,3,1,1,0,1,6,6,2,0,0,0
石川,道の駅桜峠,34,141.0,32,138.0,34,266.0,34,10,17,7,0,0,3,4,10,15,1,1,0,0,0,15,19,0,0,0,0,0,0,0,0,0,0,0,2,0,3,0,2,6,8,2,0,0,0,0,4,2,0,0,1,0,0,1,0,0,0,2,0,0,0,0,0,0,0,0,0,0,0,0,1,13,9,5,3,4,8,4,3,12,0,0,1,1,2,0,0,0,2,6,16,0,7,1,1,3,0,1,2,0,0,0,7,0,4,0,1,0,0,2,0,2,0,0,0,0,16,0,0,0,2,0,5,0,6,1,8,3,3,0,3,4,10,16,4,0,0
石川,道の駅瀬女,30,136.0,30,133.0,30,258.0,30,17,9,4,0,1,6,7,9,4,2,1,0,0,0,11,19,0,1,0,0,0,0,1,0,0,0,0,0,0,0,0,0,3,14,6,0,0,0,0,0,0,1,0,3,1,0,0,0,0,0,0,0,0,0,0,0,0,0,0,0,0,0,0,0,18,6,2,2,2,2,4,4,9,0,0,4,0,7,0,0,0,5,11,13,4,7,3,8,2,0,3,4,1,0,1,9,0,1,1,1,0,0,5,0,0,0,0,0,0,13,0,0,0,2,0,4,0,6,2,5,2,5,1,2,7,13,8,2,0,0
石川,道の駅狼煙,15,0,0,56.0,15,103.0,15,4,5,6,0,0,4,1,1,3,5,1,0,0,0,5,10,0,0,0,0,0,0,0,0,1,0,0,1,1,0,1,1,0,3,0,0,0,2,2,0,0,0,0,1,1,0,0,0,0,0,0,0,0,0,0,0,1,0,0,0,0,0,0,0,2,3,5,2,3,2,2,4,4,0,0,0,1,0,0,0,0,1,6,10,3,7,1,2,5,0,0,1,0,0,0,4,0,0,0,1,0,0,1,0,1,0,0,0,0,5,0,0,0,1,0,3,0,3,0,4,0,1,0,2,4,5,6,0,0,0
石川,道の駅織姫の里なかのと,137,603.0,136,575.0,137,1085.0,137,50,62,25,0,3,18,28,22,28,32,6,0,0,0,50,86,1,2,0,0,0,0,0,0,0,3,2,3,1,12,9,0,20,37,6,0,2,1,7,9,1,2,3,8,2,2,0,0,0,1,1,1,0,0,0,0,2,0,0,0,0,0,0,0,63,22,32,8,12,12,10,16,48,4,0,15,3,15,0,0,0,13,22,73,9,38,6,32,11,0,2,27,4,0,1,24,0,5,1,3,1,1,15,0,16,0,0,3,0,69,0,0,0,11,0,20,0,20,3,35,12,15,5,7,31,54,32,20,0,0
石川,道の駅輪島,41,160.0,36,170.0,41,325.0,41,15,20,6,0,0,8,6,6,12,9,0,0,0,0,21,20,0,0,0,0,0,0,0,0,1,0,0,1,2,7,3,1,5,6,1,0,0,0,2,2,1,2,1,2,1,1,0,0,0,0,0,0,0,0,0,0,1,0,0,1,0,0,0,0,11,12,5,7,6,15,2,2,10,0,0,2,1,3,0,0,0,5,10,22,2,8,1,2,1,0,1,12,0,0,0,5,0,1,0,1,0,0,5,0,4,1,0,0,0,14,0,0,0,1,0,5,0,6,1,4,5,4,2,5,13,14,10,4,0,0
石川,那谷寺,197,879.0,196,841.0,197,1672.0,197,104,75,18,0,3,12,19,34,64,51,14,0,0,0,84,107,6,4,0,0,1,0,0,0,1,1,1,3,3,29,15,7,14,25,14,0,3,3,4,15,4,9,5,17,8,3,1,1,1,0,0,0,0,0,0,0,1,1,3,0,0,0,0,0,32,80,47,17,21,24,12,20,73,1,0,22,1,14,0,0,0,63,102,93,23,120,10,8,4,0,4,31,7,0,2,4,0,2,2,2,3,1,20,0,7,1,0,0,0,103,0,0,0,11,0,33,0,33,4,40,7,17,9,9,25,77,72,23,0,0
石川,里山自然学校　こまつ滝ヶ原,11,51.0,11,53.0,11,102.0,11,8,3,0,0,0,0,3,2,2,3,1,0,0,0,4,7,0,0,0,0,0,0,0,0,0,0,0,0,0,1,0,0,0,9,0,0,0,0,0,0,1,0,0,0,0,0,0,0,0,0,0,0,0,0,0,0,0,0,0,0,0,0,0,0,9,1,0,1,0,2,0,3,1,0,0,0,3,2,0,0,0,2,3,6,1,3,0,0,1,0,0,1,1,0,0,0,0,1,0,0,0,0,1,0,0,0,0,0,0,4,0,0,0,0,0,2,0,6,0,0,0,2,0,0,2,8,1,0,0,0
石川,金沢21世紀美術館,8,34.0,8,34.0,8,61.0,8,1,6,1,0,1,0,1,3,1,2,0,0,0,0,2,6,0,1,0,0,0,0,0,0,0,1,0,0,2,1,1,0,0,0,0,0,0,0,0,0,0,0,0,0,1,0,0,0,0,0,0,0,0,0,0,1,0,0,0,0,0,0,0,0,0,4,1,3,0,1,0,0,0,0,0,4,0,1,0,0,0,0,1,7,0,7,4,1,0,0,0,2,0,0,0,0,0,1,0,0,0,0,0,0,1,0,0,1,0,6,0,0,0,0,0,5,0,0,0,1,0,2,0,0,1,3,3,1,0,0
石川,金沢エムザ,5,22.0,5,19.0,5,36.0,5,0,4,1,0,0,2,2,0,1,0,0,0,0,0,0,5,0,0,0,0,0,0,0,0,0,0,0,1,0,0,1,0,0,0,0,0,0,0,0,0,0,0,1,2,0,0,0,0,0,0,0,0,0,0,0,0,0,0,0,0,0,0,0,0,2,0,2,0,1,0,2,0,1,0,0,2,0,0,0,0,0,1,0,3,0,2,1,3,0,0,0,4,1,0,0,0,0,0,0,0,0,0,1,0,0,0,0,0,0,3,0,0,0,0,0,2,0,1,0,3,2,0,1,1,1,2,0,2,0,0
石川,金沢カプセルホテル武蔵町,41,142.0,32,173.0,41,321.0,41,18,15,8,0,1,13,6,9,11,0,1,0,0,0,28,11,2,3,0,0,0,0,0,0,0,0,1,1,1,4,4,0,1,0,0,1,1,2,4,5,0,2,4,2,2,0,1,0,0,0,0,0,0,0,0,0,1,0,0,0,0,0,0,1,0,19,9,5,8,34,2,2,0,1,0,0,1,0,0,0,0,3,3,19,4,19,2,2,3,0,0,11,0,0,0,1,0,2,0,1,0,0,2,0,4,0,0,0,0,27,0,0,0,2,0,3,0,5,0,5,4,4,1,2,7,24,10,0,0,0
石川,金沢ゲストハウス和んで,2,9.0,2,10.0,2,17.0,2,1,1,0,0,0,0,0,0,1,1,0,0,0,0,0,2,0,0,0,0,0,0,0,0,0,0,0,0,0,0,0,0,0,0,0,0,0,0,0,0,0,0,0,1,0,0,0,0,0,0,0,0,0,0,0,0,0,0,0,1,0,0,0,0,0,1,1,0,0,2,0,0,0,0,0,0,0,0,0,0,0,0,0,0,0,1,0,0,0,0,0,0,0,0,0,0,0,0,0,0,0,0,0,0,0,0,0,0,0,2,0,0,0,0,0,0,0,0,0,0,0,0,0,0,0,1,1,0,0,0
石川,金沢シティホテル,1,5.0,1,5.0,1,10.0,1,1,0,0,0,0,0,0,0,0,1,0,0,0,0,1,0,0,0,0,0,0,0,0,0,0,0,0,0,0,0,0,0,0,1,0,0,0,0,0,0,0,0,0,0,0,0,0,0,0,0,0,0,0,0,0,0,0,0,0,0,0,0,0,0,0,1,0,0,0,1,0,0,0,0,0,0,0,0,0,0,0,0,0,0,0,0,0,0,0,0,0,0,0,0,0,0,0,1,0,0,0,0,0,0,0,0,0,0,0,1,0,0,0,0,0,0,0,0,0,0,0,0,0,0,0,0,1,0,0,0
石川,金沢セントラルホテル,15,65.0,15,62.0,15,115.0,15,6,4,5,0,0,3,0,3,7,2,0,0,0,0,8,7,0,0,1,0,0,0,0,0,0,0,0,1,1,4,1,0,0,1,0,0,0,0,0,1,1,0,0,1,0,2,0,0,0,0,0,0,0,1,0,0,0,0,0,0,0,0,0,0,0,11,4,0,0,5,1,4,4,0,0,0,0,0,0,0,0,4,2,9,1,7,0,3,0,0,0,4,0,0,0,0,0,1,0,0,0,0,1,0,1,0,0,0,0,12,0,0,0,1,0,3,0,0,0,1,1,2,0,0,2,12,0,1,0,0
石川,金沢ニューグランドホテル,11,51.0,11,51.0,11,96.0,11,6,5,0,0,0,1,1,1,4,1,3,0,0,0,5,6,0,0,0,1,0,0,0,0,1,0,0,0,1,2,1,0,2,1,1,0,0,0,0,0,0,0,0,0,0,0,0,0,0,1,0,0,0,0,0,0,0,0,0,0,0,0,0,0,1,4,2,3,1,6,0,1,1,1,0,0,0,0,0,0,0,2,1,5,2,5,0,1,0,0,0,1,0,0,0,0,0,1,0,0,0,0,2,0,1,0,0,0,0,6,0,0,0,0,0,1,0,2,0,2,0,0,0,1,3,6,2,0,0,0
石川,金沢ニューグランドホテルプレミア,1,4.0,1,3.0,1,7.0,1,0,1,0,0,0,0,0,0,1,0,0,0,0,0,0,1,0,0,0,0,0,0,0,0,0,0,0,0,0,0,0,0,0,1,0,0,0,0,0,0,0,0,0,0,0,0,0,0,0,0,0,0,0,0,0,0,0,0,0,0,0,0,0,0,0,0,1,0,0,0,0,1,0,0,0,0,0,0,0,0,0,0,0,1,0,1,0,0,0,0,0,1,0,0,0,0,0,0,0,0,0,0,0,0,0,0,0,0,0,0,0,0,0,0,0,0,0,1,0,1,1,0,0,0,0,1,0,0,0,0
石川,金沢フレックスホテル,19,88.0,19,84.0,19,153.0,19,9,6,4,0,0,4,2,5,7,1,0,0,0,0,13,6,0,0,0,0,0,0,0,0,0,0,0,2,1,2,0,0,3,0,0,0,0,0,1,1,1,2,0,4,0,0,0,0,0,0,0,0,1,0,0,0,1,0,0,0,0,0,0,0,0,12,1,5,1,5,3,2,2,0,0,2,5,0,0,0,0,0,1,7,1,2,1,2,0,0,0,1,0,0,1,1,0,8,1,1,0,0,3,0,0,0,0,0,0,16,0,0,0,0,0,0,0,0,0,0,0,1,0,1,2,9,4,4,0,0
石川,金沢マンテンホテル駅前,88,378.0,88,365.0,88,704.0,88,27,52,9,0,1,12,7,14,27,24,3,0,0,0,44,43,1,5,0,0,0,0,0,1,2,0,0,5,4,10,6,1,2,3,0,1,3,1,1,9,0,2,5,18,1,1,0,0,1,2,1,0,0,0,0,0,1,0,0,1,0,0,1,0,0,44,33,7,4,31,7,8,20,2,0,6,6,3,0,0,0,10,21,36,5,28,2,11,5,0,2,12,3,0,1,2,0,27,1,0,0,0,10,0,6,1,0,3,0,62,0,0,0,5,0,10,0,14,0,8,3,7,3,2,10,28,28,22,0,0
石川,金沢中央観光案内所,1439,5244.0,1164,5940.0,1439,11636.0,1439,655,516,268,0,45,271,273,269,331,209,39,2,0,0,482,912,45,17,5,10,18,4,7,5,25,22,16,80,70,343,136,15,35,69,17,5,13,18,42,90,14,10,54,127,55,21,8,3,3,8,10,6,1,5,3,2,21,2,2,6,6,2,3,5,140,486,502,151,160,281,153,190,394,8,0,146,16,91,14,1,0,230,175,932,131,819,80,169,92,0,8,582,102,0,4,18,0,51,4,15,2,1,223,1,131,6,0,35,0,549,0,0,0,80,0,272,0,171,24,267,202,232,42,194,246,597,400,196,0,0
石川,金沢国際ホテル,76,322.0,76,307.0,76,533.0,76,19,30,27,0,1,6,10,19,25,11,4,0,0,0,38,36,2,0,0,0,1,0,0,0,0,0,0,2,4,7,3,2,2,10,3,0,10,1,1,10,2,1,2,6,2,2,0,0,0,0,1,0,1,0,0,0,2,0,0,0,0,0,0,1,3,40,19,6,8,21,2,1,12,0,1,1,1,13,0,0,0,17,7,24,2,20,0,14,4,0,1,11,1,0,0,1,0,15,0,1,0,0,6,0,2,0,0,1,0,52,0,0,0,3,0,9,0,20,2,1,0,3,1,4,4,29,32,11,0,0
石川,金沢城,1,4.0,1,4.0,1,5.0,1,0,0,1,0,0,0,0,0,0,0,1,0,0,0,1,0,0,0,0,0,0,0,0,0,0,0,0,0,0,0,0,0,0,1,0,0,0,0,0,0,0,0,0,0,0,0,0,0,0,0,0,0,0,0,0,0,0,0,0,0,0,0,0,0,0,1,0,0,0,0,0,0,0,0,0,0,0,0,0,0,0,0,0,0,0,1,0,0,0,0,0,0,0,0,0,0,0,0,0,0,0,0,0,0,0,0,0,0,0,1,0,0,0,0,0,0,0,0,0,0,0,0,0,0,0,1,0,0,0,0
石川,金沢城公園,804,2881.0,632,3444.0,804,6802.0,804,446,261,97,0,20,136,152,156,203,109,28,0,0,0,313,480,11,16,4,2,5,1,4,4,14,17,12,49,54,137,59,14,26,55,9,5,13,15,26,66,11,9,22,62,42,8,2,1,0,5,2,1,2,1,3,0,11,3,1,0,5,1,1,4,106,289,271,65,73,164,78,110,192,7,1,67,12,70,13,1,0,120,135,505,113,548,45,82,49,0,3,300,49,0,4,23,0,32,4,11,1,1,110,2,68,4,0,12,0,423,0,0,0,50,0,229,0,113,14,201,76,117,37,22,167,344,218,75,0,0
石川,金沢家,10,45.0,10,44.0,10,83.0,10,5,3,2,0,0,0,3,4,1,1,1,0,0,0,4,6,0,1,0,0,0,0,1,0,0,0,0,0,0,1,0,0,0,1,0,0,0,0,1,0,0,0,0,4,0,0,0,0,0,0,0,0,0,0,0,0,0,0,1,0,0,0,0,0,0,6,2,1,1,4,0,1,0,0,0,3,0,1,1,0,0,1,3,2,0,4,1,0,2,0,1,2,1,0,0,0,0,1,0,0,0,0,3,0,0,0,0,0,0,5,0,0,0,0,0,0,0,1,0,0,0,1,0,2,1,2,6,1,0,0
石川,金沢市老舗記念館,10,46.0,10,46.0,10,88.0,10,7,2,1,0,0,1,1,4,3,0,1,0,0,0,5,5,0,0,0,0,0,1,0,0,0,0,1,0,0,2,0,0,0,0,0,0,0,0,0,0,0,1,0,0,2,0,0,0,0,0,2,0,0,0,0,0,1,0,0,0,0,0,0,0,0,3,3,3,1,3,1,1,3,0,0,1,0,0,0,0,0,0,2,6,1,9,0,0,0,0,0,4,2,0,0,0,0,0,0,0,0,0,2,0,1,0,0,0,0,3,0,0,0,0,0,4,0,1,0,4,3,1,0,0,3,1,4,2,0,0
石川,金沢東急ホテル,85,342.0,75,381.0,85,723.0,85,50,24,11,0,1,13,8,17,28,14,3,1,0,0,31,52,2,2,0,0,0,0,0,0,1,1,1,5,1,20,10,0,1,15,1,0,2,2,5,3,2,1,5,2,2,2,0,0,0,1,0,0,0,0,0,0,0,0,0,0,0,0,0,0,4,39,31,9,2,9,4,11,32,0,0,11,1,5,1,0,0,20,6,60,7,42,5,18,1,0,1,34,4,0,0,3,0,4,0,2,0,0,10,0,6,0,0,1,0,42,0,0,0,6,0,24,0,25,3,11,3,9,3,6,10,27,27,21,0,0
石川,金沢港クルーズターミナル,99,441.0,99,399.0,99,786.0,99,41,38,20,0,2,13,17,16,29,18,4,0,0,0,38,61,0,0,3,0,0,1,0,0,0,0,2,1,1,16,8,3,11,28,4,0,2,3,0,3,0,2,2,4,1,1,1,0,0,0,0,0,0,0,0,0,0,0,1,0,0,0,0,1,32,23,26,12,6,13,7,12,25,0,0,3,5,16,0,0,0,14,15,44,3,25,5,11,6,0,3,25,3,0,1,5,0,7,1,0,0,0,18,0,5,2,0,3,0,36,0,0,0,5,0,15,0,17,1,17,2,20,4,7,17,42,27,13,0,0
石川,金沢湯涌夢二館,14,60.0,14,61.0,14,113.0,14,8,3,3,0,0,0,0,6,5,2,1,0,0,0,3,11,0,0,0,0,0,0,0,0,0,0,0,0,0,0,0,0,2,6,2,0,0,1,0,0,0,1,1,1,0,0,0,0,0,0,0,0,0,0,0,0,0,0,0,0,0,0,0,0,6,5,1,2,0,2,0,1,6,0,0,3,0,1,0,0,0,4,6,4,1,7,1,3,1,0,0,3,2,0,0,1,0,0,0,0,0,0,1,0,2,0,0,1,0,6,0,0,0,0,0,2,0,3,0,4,0,3,0,0,3,5,4,2,0,0
石川,金沢湯涌温泉　百楽荘　神楽,1,5.0,1,4.0,1,7.0,1,0,1,0,0,0,1,0,0,0,0,0,0,0,0,1,0,0,0,0,0,0,0,0,0,0,0,0,0,0,0,1,0,0,0,0,0,0,0,0,0,0,0,0,0,0,0,0,0,0,0,0,0,0,0,0,0,0,0,0,0,0,0,0,0,0,1,0,0,0,0,0,0,1,0,0,0,0,0,0,0,0,1,1,1,0,1,0,0,0,0,0,0,1,0,0,0,0,0,0,0,0,0,1,0,0,0,0,0,0,1,0,0,0,0,0,0,0,0,0,1,0,1,0,0,0,1,0,0,0,0
石川,金沢白鳥路　ホテル山楽,1,5.0,1,5.0,1,10.0,1,1,0,0,0,0,0,0,0,1,0,0,0,0,0,0,1,0,0,0,0,0,0,0,0,0,0,0,0,0,1,0,0,0,0,0,0,0,0,0,0,0,0,0,0,0,0,0,0,0,0,0,0,0,0,0,0,0,0,0,0,0,0,0,0,0,0,1,0,0,0,0,0,1,0,0,0,0,0,0,0,0,0,0,1,0,1,0,1,0,0,0,1,0,0,0,0,0,0,0,0,0,0,0,0,0,0,0,0,0,1,0,0,0,0,0,1,0,0,0,0,0,0,0,0,0,0,1,0,0,0
石川,金沢能楽美術館,34,162.0,34,147.0,34,268.0,34,14,14,6,0,0,3,4,9,8,8,2,0,0,0,9,25,0,0,0,0,1,0,0,2,0,0,0,2,4,5,3,0,0,4,0,0,0,0,1,3,1,0,0,3,3,2,0,0,0,0,0,0,0,0,0,0,0,0,0,0,0,0,0,0,4,8,10,6,6,13,3,4,11,0,0,0,0,1,0,0,0,5,6,22,6,20,6,2,2,0,0,12,0,0,0,0,0,0,0,0,0,0,2,0,0,0,0,0,0,14,0,0,0,1,0,7,0,3,0,15,3,4,2,3,8,12,10,4,0,0
石川,金沢茶屋,8,36.0,8,37.0,8,77.0,8,8,0,0,0,0,0,2,2,3,1,0,0,0,0,2,6,0,0,0,0,0,0,0,0,0,0,0,1,0,1,3,0,0,1,0,0,0,0,0,0,0,0,0,0,2,0,0,0,0,0,0,0,0,0,0,0,0,0,0,0,0,0,0,0,0,2,4,2,0,0,0,2,1,0,0,3,0,1,0,0,0,5,4,8,1,4,0,1,0,0,0,5,0,0,0,0,0,0,0,0,0,0,3,0,0,0,0,0,0,6,0,0,0,0,0,0,0,2,0,2,1,1,0,0,0,3,3,2,0,0
石川,金沢蓄音器館,111,518.0,111,512.0,111,970.0,111,66,39,6,0,4,20,27,16,27,12,5,0,0,0,45,65,1,2,0,0,1,0,0,2,2,0,1,8,5,27,12,0,1,12,6,0,2,1,2,5,5,0,4,3,3,1,0,0,1,1,1,0,0,2,0,0,1,0,0,0,0,0,0,0,17,31,35,16,12,28,7,12,31,0,0,11,1,8,0,0,0,18,17,77,8,60,8,9,7,0,1,50,7,0,0,1,0,6,0,2,3,2,17,0,11,0,0,1,0,47,0,0,0,6,0,20,0,10,2,26,7,18,5,9,21,43,28,19,0,0
石川,金沢駅,727,2771.0,605,3137.0,727,6223.0,727,394,266,67,0,14,130,140,162,161,106,12,1,1,0,252,459,16,8,0,5,5,0,5,5,13,4,12,48,34,153,66,7,17,27,8,5,20,8,12,43,7,6,20,77,35,11,4,2,0,8,20,5,4,1,0,1,11,1,2,1,1,0,2,3,71,280,235,70,71,188,55,86,174,6,1,72,26,40,3,0,1,121,109,493,44,354,42,117,49,0,4,262,35,0,3,11,0,59,3,13,3,2,176,2,89,7,0,24,0,396,0,0,0,59,0,186,1,134,14,150,87,108,34,30,120,297,205,105,0,0
石川,金沢駅アパホテル,1,5.0,1,5.0,1,10.0,1,1,0,0,0,0,0,0,0,0,1,0,0,0,0,0,1,0,0,0,0,0,0,0,0,0,0,0,0,0,1,0,0,0,0,0,0,0,0,0,0,0,0,0,0,0,0,0,0,0,0,0,0,0,0,0,0,0,0,0,0,0,0,0,0,0,1,0,0,0,0,0,0,1,0,0,0,0,0,0,0,0,0,1,1,0,0,0,0,0,0,0,0,0,0,0,0,0,0,0,0,0,0,0,0,0,0,0,0,0,0,0,0,0,0,0,1,0,0,0,0,0,0,0,0,0,1,0,0,0,0
石川,金澤の宿 桜橋,1,5.0,1,5.0,1,10.0,1,1,0,0,0,0,0,0,1,0,0,0,0,0,0,0,1,0,0,0,0,0,0,0,0,0,0,0,0,0,0,0,0,0,0,0,0,0,0,0,1,0,0,0,0,0,0,0,0,0,0,0,0,0,0,0,0,0,0,0,0,0,0,0,0,0,1,0,0,0,0,0,0,0,0,0,0,0,1,0,0,0,0,0,1,0,0,0,0,0,0,0,0,0,0,0,0,0,0,0,0,0,0,0,0,0,0,0,0,0,1,0,0,0,0,0,0,0,0,0,0,0,0,0,0,0,0,0,1,0,0
石川,金澤湯涌温泉 百楽荘 別邸神楽KAGURA,1,5.0,1,5.0,1,9.0,1,1,0,0,0,0,0,0,0,0,1,0,0,0,0,0,1,0,0,0,0,0,0,0,0,0,0,0,0,0,0,0,0,0,0,0,0,0,1,0,0,0,0,0,0,0,0,0,0,0,0,0,0,0,0,0,0,0,0,0,0,0,0,0,0,0,1,0,0,0,0,0,0,1,0,0,0,0,0,0,0,0,1,1,1,0,1,0,0,0,0,0,1,0,0,0,0,0,0,0,0,0,0,1,0,0,0,0,0,0,0,0,0,0,0,0,0,0,0,0,0,0,0,0,0,0,0,1,0,0,0
石川,銭がめ,10,46.0,10,46.0,10,84.0,10,6,3,1,0,0,1,4,1,1,3,0,0,0,0,4,6,0,1,0,0,0,0,0,0,2,0,0,0,0,1,1,0,1,1,0,0,0,0,0,1,0,0,0,0,0,0,0,0,0,0,2,0,0,0,0,0,0,0,0,0,0,0,0,0,1,3,3,1,2,0,2,5,2,0,0,0,0,1,0,0,0,3,9,8,2,3,3,0,0,0,0,4,0,0,0,0,0,0,0,0,0,0,2,0,2,0,0,1,0,6,0,0,0,0,0,2,0,6,0,1,1,0,1,0,2,4,3,1,0,0
石川,長町武家屋敷休憩館,148,477.0,103,640.0,148,1246.0,148,76,53,19,0,6,26,23,30,35,23,5,0,0,0,51,95,2,5,2,0,0,0,0,0,3,1,8,7,19,31,11,3,4,4,0,0,1,4,3,10,0,1,5,10,7,4,0,1,0,0,2,0,0,0,0,0,1,1,0,0,0,0,0,0,9,51,49,28,11,18,15,14,52,0,0,21,3,6,0,0,0,28,29,102,13,102,9,15,4,0,2,68,9,0,0,0,0,3,0,3,1,1,19,0,6,1,0,4,0,61,0,0,0,5,0,41,0,17,2,51,20,18,5,14,22,57,42,27,0,0
石川,青の洞窟,1,5.0,1,5.0,1,10.0,1,1,0,0,0,0,0,1,0,0,0,0,0,0,0,1,0,0,0,0,0,0,0,0,0,0,0,0,0,0,1,0,0,0,0,0,0,0,0,0,0,0,0,0,0,0,0,0,0,0,0,0,0,0,0,0,0,0,0,0,0,0,0,0,0,0,1,0,0,0,0,0,0,0,0,0,1,0,0,0,0,0,0,0,1,0,1,0,0,0,0,0,0,0,0,0,0,0,0,0,0,0,0,0,0,1,0,0,0,0,1,0,0,0,0,0,1,0,0,0,0,0,0,0,0,0,1,0,0,0,0
石川,食事処縁,20,93.0,20,95.0,20,189.0,20,17,3,0,0,1,6,4,3,4,2,0,0,0,0,12,8,0,0,0,0,0,0,0,0,0,1,1,0,0,5,5,0,0,1,0,0,2,0,1,0,3,0,1,0,0,0,0,0,0,0,0,0,0,0,0,0,0,0,0,0,0,0,0,0,0,8,5,2,5,5,2,5,1,3,0,0,2,0,0,0,0,2,0,6,0,1,0,0,0,0,0,3,1,0,0,6,0,6,0,0,2,2,0,0,0,0,0,0,0,5,0,0,0,0,0,1,0,12,3,0,2,0,0,1,5,7,5,3,0,0
石川,香林坊地下駐車場,123,554.0,123,541.0,123,1025.0,123,60,43,20,0,2,20,29,30,31,9,2,0,0,0,45,76,2,0,2,0,0,0,0,0,0,0,2,0,2,9,2,3,21,60,5,0,4,1,0,4,0,1,2,3,1,0,0,0,0,0,0,0,0,0,0,0,0,0,1,0,0,0,0,0,76,25,13,4,5,25,6,3,29,0,0,26,1,18,0,0,0,15,13,45,0,11,5,54,5,0,0,15,1,0,0,0,0,5,0,2,0,0,30,0,12,0,0,0,0,41,0,0,0,14,0,18,0,38,0,7,0,33,3,3,10,50,44,19,0,0
石川,香林坊大和,12,55.0,12,49.0,12,98.0,12,5,6,1,0,0,0,5,4,1,2,0,0,0,0,6,6,0,0,0,0,0,0,0,0,0,0,0,0,0,0,0,0,3,3,2,0,0,0,0,2,0,0,0,1,0,0,1,0,0,0,0,0,0,0,0,0,0,0,0,0,0,0,0,0,6,3,3,0,0,2,1,2,2,0,0,0,0,3,0,0,0,2,3,6,0,3,0,4,1,0,0,2,1,0,0,1,0,1,0,0,0,0,3,0,0,0,0,0,0,5,0,0,0,2,0,1,0,4,0,0,0,2,0,1,2,5,4,1,0,0
石川,魚料理・民宿 やまじゅう,18,18.0,4,83.0,18,167.0,18,15,2,1,0,0,2,3,9,2,1,1,0,0,0,10,8,0,0,1,0,0,0,0,0,0,0,2,1,0,2,1,0,1,2,0,0,1,4,0,0,0,1,0,1,0,0,0,0,0,0,0,0,0,0,0,0,0,0,0,1,0,0,0,0,0,10,2,0,6,0,1,2,2,2,0,1,4,6,0,0,0,5,4,12,0,1,1,1,0,0,0,2,0,0,0,0,0,5,0,0,1,1,0,0,0,0,0,0,0,2,0,0,0,0,0,2,0,10,0,0,0,1,0,3,1,8,8,1,0,0
石川,鳥越一向一揆歴史館,5,24.0,5,23.0,5,37.0,5,2,2,1,0,0,2,1,0,2,0,0,0,0,0,2,3,0,0,0,0,0,0,0,0,0,0,0,1,0,2,0,0,0,1,0,0,0,0,0,1,0,0,0,0,0,0,0,0,0,0,0,0,0,0,0,0,0,0,0,0,0,0,0,0,1,4,0,0,0,1,2,0,2,0,0,0,0,0,0,0,0,1,3,4,0,5,0,0,0,0,0,0,0,0,0,2,0,0,0,0,1,1,2,0,1,0,0,0,0,3,0,0,0,0,0,1,0,0,0,1,1,1,0,0,1,2,2,0,0,0
石川,鵜川ハーバービュー,2,9.0,2,10.0,2,13.0,2,0,1,1,0,0,2,0,0,0,0,0,0,0,0,1,1,0,0,0,0,0,0,0,0,0,0,0,0,0,0,1,0,0,0,0,0,0,0,0,0,0,0,0,0,0,0,0,0,0,0,0,1,0,0,0,0,0,0,0,0,0,0,0,0,0,0,2,0,0,0,0,1,1,0,0,0,0,0,0,0,0,0,1,1,0,0,0,0,0,0,1,0,0,0,0,0,0,0,0,0,0,0,0,0,0,0,0,0,0,1,0,0,0,0,0,0,0,1,0,0,0,0,0,0,0,2,0,0,0,0
石川,鵜様道中ミュージアム,1,5.0,1,5.0,1,10.0,1,1,0,0,0,0,0,0,0,0,1,0,0,0,0,1,0,0,0,0,0,0,0,0,0,0,0,0,0,0,0,0,0,0,0,0,0,1,0,0,0,0,0,0,0,0,0,0,0,0,0,0,0,0,0,0,0,0,0,0,0,0,0,0,0,0,0,0,0,1,0,0,0,1,0,0,0,0,0,0,0,0,0,0,0,0,1,0,0,0,0,0,0,0,0,0,0,0,0,0,0,0,0,1,0,0,0,0,0,0,0,0,0,0,0,0,0,0,0,0,0,0,0,0,0,0,0,0,1,0,0
石川,鶉荘（吉野工芸の里）,1,5.0,1,4.0,1,8.0,1,0,1,0,0,0,0,0,0,0,1,0,0,0,0,0,1,0,0,0,0,0,0,0,0,0,0,0,0,0,0,0,0,1,0,0,0,0,0,0,0,0,0,0,0,0,0,0,0,0,0,0,0,0,0,0,0,0,0,0,0,0,0,0,0,1,0,0,0,0,0,0,0,1,0,0,0,0,0,0,0,0,0,0,0,0,0,0,0,0,0,0,0,0,0,0,0,0,0,0,0,0,0,0,0,0,0,0,0,0,0,0,0,0,0,0,0,0,0,0,0,0,0,0,1,0,0,1,0,0,0
石川,鶴来総合文化会館クレイン,1,5.0,1,4.0,1,10.0,1,1,0,0,0,0,0,0,1,0,0,0,0,0,0,0,1,0,0,0,0,0,0,0,0,0,0,0,0,0,0,0,0,0,1,0,0,0,0,0,0,0,0,0,0,0,0,0,0,0,0,0,0,0,0,0,0,0,0,0,0,0,0,0,0,0,1,0,0,0,0,0,0,0,0,0,0,0,1,0,0,0,1,1,1,0,0,0,0,0,0,0,0,0,0,0,0,0,0,0,0,0,0,0,0,0,0,0,0,0,0,0,0,0,0,0,0,0,0,0,0,0,0,0,1,0,1,0,0,0,0
石川,鶴来駅,11,45.0,11,44.0,11,83.0,11,2,7,2,0,0,0,2,3,6,0,0,0,0,0,5,6,0,0,0,0,0,0,0,0,0,0,1,2,0,3,0,0,2,2,0,0,0,0,0,0,0,0,1,0,0,0,0,0,0,0,0,0,0,0,0,0,0,0,0,0,0,0,0,0,6,1,3,1,0,5,1,0,1,0,0,0,0,3,1,0,0,1,0,3,0,6,0,3,1,0,0,4,0,0,0,0,0,0,0,1,0,0,2,0,2,0,0,1,0,6,0,0,0,0,0,0,0,3,1,3,1,0,1,0,2,6,2,1,0,0
石川,黒川温泉 セミナーハウス 山びこ,3,14.0,3,13.0,3,22.0,3,1,1,1,0,0,0,2,1,0,0,0,0,0,0,3,0,0,0,0,0,0,0,0,0,0,0,0,1,0,1,0,0,0,1,0,0,0,0,0,0,0,0,0,0,0,0,0,0,0,0,0,0,0,0,0,0,0,0,0,0,0,0,0,0,0,1,2,0,0,0,0,0,0,1,0,0,2,0,0,0,0,0,0,0,0,1,0,0,0,0,0,0,0,0,0,0,0,2,0,0,0,0,0,0,0,0,0,0,0,1,0,0,0,1,0,1,0,0,0,1,0,0,0,2,0,2,0,1,0,0
石川,龍屋,7,34.0,7,32.0,7,59.0,7,4,2,1,0,1,1,1,1,0,3,0,0,0,0,2,5,0,0,0,0,0,0,0,0,0,0,0,0,0,1,1,0,1,2,0,0,1,0,0,0,0,0,0,0,1,0,0,0,0,0,0,0,0,0,0,0,0,0,0,0,0,0,0,0,4,2,1,0,0,1,1,2,1,0,0,0,0,0,0,0,0,1,1,6,3,1,0,1,0,0,1,0,0,0,0,1,0,0,0,0,0,0,0,0,0,0,0,0,0,3,0,0,0,0,0,0,0,3,0,0,0,0,1,1,2,3,2,0,0,0
石川,（株）トヨタレンタリース石川 小松空港前店,5,25.0,5,24.0,5,50.0,5,5,0,0,0,0,0,1,1,3,0,0,0,0,0,3,2,0,0,0,0,0,0,0,0,0,0,0,0,0,3,0,0,0,0,0,0,0,0,0,0,0,0,0,0,0,0,0,0,0,0,0,1,0,0,0,0,0,0,0,1,0,0,0,0,1,4,0,0,0,3,0,0,0,0,0,1,0,1,0,0,0,2,2,3,0,0,1,0,0,0,0,0,0,0,0,0,0,1,0,0,0,0,0,0,0,0,0,0,0,3,0,0,0,0,0,0,0,1,0,0,0,2,0,0,0,0,2,3,0,0
石川,＜INAKA Backpacker House Station 1＞,1,4.0,1,4.0,1,7.0,1,0,1,0,0,0,1,0,0,0,0,0,0,0,0,1,0,0,0,0,0,0,0,0,0,0,0,0,0,0,0,0,0,0,0,0,0,0,0,0,0,0,0,0,0,1,0,0,0,0,0,0,0,0,0,0,0,0,0,0,0,0,0,0,0,0,0,0,0,1,1,0,0,0,0,0,0,0,0,0,0,0,0,0,0,0,0,0,0,0,0,0,0,1,0,0,0,0,0,0,0,0,0,0,0,0,0,0,1,0,1,0,0,0,0,0,0,0,0,0,0,0,0,0,0,1,0,0,0,0,0
石川,＜INAKA Backpacker House Station 2＞,2,10.0,2,10.0,2,19.0,2,2,0,0,0,0,1,0,0,1,0,0,0,0,0,2,0,0,0,0,0,0,0,0,0,0,0,0,0,0,0,0,0,1,0,0,0,0,0,0,0,0,0,1,0,0,0,0,0,0,0,0,0,0,0,0,0,0,0,0,0,0,0,0,0,0,1,0,0,1,1,0,0,1,0,0,0,0,0,0,0,0,0,1,1,1,1,0,1,1,0,1,1,1,0,0,0,0,0,0,0,0,0,0,0,0,0,0,0,0,0,0,0,0,0,0,0,0,1,0,0,0,0,0,1,0,1,0,1,0,0
石川,ＡＢホテル金沢,19,45.0,11,83.0,19,166.0,19,11,6,2,0,1,2,2,4,6,3,1,0,0,0,6,13,0,0,0,0,0,0,0,0,0,0,0,3,0,1,2,1,0,0,0,0,1,3,2,1,0,2,0,3,0,0,0,0,0,0,0,0,0,0,0,0,0,0,0,0,0,0,0,0,0,5,7,4,3,3,1,2,5,0,0,0,2,4,2,0,0,2,5,9,0,7,1,2,1,0,0,5,1,0,0,1,0,2,0,0,0,0,2,0,0,0,0,0,0,17,0,0,0,1,0,1,0,1,0,0,0,2,1,0,2,3,11,3,0,0
石川,ＨＯＴＥＬゆめのゆ,25,87.0,21,109.0,25,212.0,25,12,11,2,0,0,0,4,9,5,5,2,0,0,0,12,13,0,0,0,0,0,0,0,0,0,0,0,0,1,0,0,1,6,1,2,0,2,3,0,2,0,1,1,0,2,1,1,0,0,0,0,0,0,0,0,0,0,0,0,0,0,1,0,0,0,15,6,2,2,9,3,0,6,1,0,1,0,5,0,0,0,12,19,9,1,8,1,3,0,0,0,4,1,0,1,1,0,2,1,0,0,0,1,0,0,1,0,0,0,21,0,0,0,1,0,4,0,4,0,3,1,2,1,2,3,12,10,0,0,0
石川,ＨＯＴＥＬ金沢　兼六荘,86,374.0,86,372.0,86,659.0,86,33,33,20,0,0,9,9,8,24,29,7,0,0,0,45,40,1,0,1,0,1,0,3,1,1,1,0,0,4,14,4,3,3,2,0,0,2,2,4,10,1,2,2,7,8,2,1,0,0,2,2,0,0,0,2,0,0,0,0,0,0,0,1,0,1,31,33,11,10,19,1,3,34,1,0,6,5,1,3,0,0,11,3,46,10,41,8,10,3,0,1,32,4,0,1,2,0,12,1,1,0,0,6,0,4,0,0,0,0,52,0,0,1,3,0,16,0,12,2,10,6,11,4,10,18,36,22,10,0,0
石川,ＪＲ西日本レンタカー＆リース（株）金沢営業所,10,45.0,10,41.0,10,83.0,10,5,4,1,0,0,1,3,3,0,0,3,0,0,0,4,6,0,0,0,0,0,0,0,0,0,0,0,0,0,1,0,0,0,2,0,0,0,0,0,1,0,0,0,1,0,0,3,0,0,0,0,1,0,1,0,0,0,0,0,0,0,0,0,0,1,4,4,0,1,1,2,0,0,0,0,3,1,0,0,0,0,0,0,6,0,5,0,0,0,0,0,2,0,0,0,1,0,2,0,0,0,0,1,0,0,0,0,0,0,4,0,0,0,1,0,0,0,0,0,3,0,2,0,0,1,6,2,1,0,0
福井,JAM福井勝山マウンテンリゾート エリア,12,55.0,12,54.0,12,99.0,12,7,3,2,0,0,0,7,2,1,2,0,0,0,0,4,8,0,0,0,0,0,0,0,0,0,0,0,0,0,3,0,0,2,1,1,0,0,0,1,2,0,0,0,1,0,1,0,0,0,0,0,0,0,0,0,0,0,0,0,0,0,0,0,0,2,6,4,0,0,2,0,0,1,0,0,0,0,8,0,0,0,1,3,2,0,2,8,0,0,0,0,3,1,0,0,0,0,0,0,0,0,0,3,0,0,0,0,1,0,6,0,0,2,0,0,1,0,0,0,2,0,2,0,0,1,2,6,1,0,2
福井,JR九頭竜湖駅 エリア,823,3200.0,823,3233.0,823,5899.0,823,216,324,283,1,6,52,91,158,314,157,44,0,0,0,368,425,30,0,1,0,0,2,1,1,2,0,3,9,12,29,17,0,6,30,252,3,9,79,20,214,12,15,23,39,26,9,1,0,0,1,0,1,0,1,0,0,1,0,1,0,0,0,2,1,425,207,113,31,47,122,41,48,342,25,0,48,7,75,0,0,0,50,110,252,80,176,84,93,33,8,26,93,10,10,5,143,29,11,55,6,0,0,55,0,14,0,0,8,0,299,0,0,13,42,0,110,0,81,2,150,42,115,20,66,176,238,233,52,0,124
福井,JR敦賀駅前 エリア,1603,6612.0,1603,6573.0,1603,12012.0,1603,515,645,443,2,10,121,258,336,528,287,55,6,0,0,840,711,52,8,3,1,3,1,2,1,17,7,7,40,37,140,88,7,30,61,251,1,14,49,27,113,14,61,83,258,137,23,7,4,0,32,10,4,3,9,5,1,12,3,6,7,1,4,11,0,434,623,279,122,145,665,84,67,445,5,0,60,102,68,0,0,0,143,133,477,56,324,66,136,70,24,43,284,12,11,6,74,105,316,126,14,0,0,142,0,70,0,0,13,0,782,0,0,104,70,0,168,0,182,20,288,102,178,64,75,264,497,402,199,0,241
福井,JR美浜駅 エリア,1574,6624.0,1574,6531.0,1574,11909.0,1574,513,669,392,2,7,82,199,310,556,353,64,1,0,0,605,925,44,4,0,0,0,0,0,1,2,4,5,18,9,59,26,1,13,50,617,2,7,63,19,133,17,92,132,138,106,15,4,3,1,6,7,0,4,3,0,3,3,1,0,3,1,1,1,0,898,372,142,67,95,285,95,108,680,34,0,64,18,109,0,0,0,119,159,589,88,277,71,268,51,12,86,192,26,8,10,238,69,45,103,11,0,0,150,0,30,0,0,7,0,592,0,0,30,83,0,174,0,184,6,321,79,188,49,98,346,485,392,113,0,238
福井,JR芦原温泉駅 エリア,867,3615.0,867,3550.0,867,6490.0,867,286,335,246,1,9,61,156,192,255,162,27,4,0,0,330,508,29,2,0,0,2,0,2,0,3,2,4,31,27,98,24,5,18,60,309,0,10,14,8,41,5,27,23,86,31,7,1,0,1,3,2,2,0,3,2,0,7,0,1,0,0,0,5,1,343,255,160,58,51,165,37,53,262,1,0,68,13,138,0,0,0,152,226,311,27,148,78,65,52,15,8,133,13,1,5,52,59,34,52,10,0,0,100,0,17,0,0,10,0,328,0,0,62,60,0,147,0,106,9,142,60,101,31,31,157,311,197,76,0,126
福井,あわら湯のまち エリア,5016,21609.0,5016,21517.0,5016,40224.0,5016,2128,2026,862,13,36,607,788,863,1305,1116,271,16,1,0,1991,2900,125,21,7,6,7,2,5,11,39,22,32,140,127,414,195,42,171,298,1074,6,64,161,86,473,72,199,190,561,300,96,28,10,7,27,23,9,8,19,11,4,26,4,3,1,6,1,5,3,750,3005,859,228,174,404,321,333,1633,104,1,467,87,700,0,0,0,2063,2822,2597,131,1014,892,228,104,41,64,433,65,12,26,147,140,117,255,54,0,0,878,0,135,0,0,96,0,2641,0,0,438,226,0,804,0,658,36,590,164,372,155,164,803,1703,1260,500,0,750
福井,うみんぴあ大飯 エリア,1419,6041.0,1419,5993.0,1419,11191.0,1419,546,585,288,7,8,46,223,296,473,307,53,6,0,0,566,792,61,3,0,1,0,0,1,1,2,0,3,14,6,45,14,2,10,35,379,0,5,42,9,97,23,91,255,155,172,12,5,1,0,13,5,2,1,6,1,2,5,0,0,0,0,0,0,1,719,412,133,60,95,217,59,47,551,13,0,74,19,265,0,0,0,173,159,507,46,194,107,215,78,8,98,162,24,16,5,212,72,55,109,11,0,0,151,0,21,0,0,10,0,550,0,0,53,42,0,118,0,160,3,255,81,160,45,113,276,440,402,114,0,187
福井,うるしの里 エリア,340,1446.0,340,1448.0,340,2595.0,340,123,126,91,0,2,39,48,54,133,52,9,3,0,0,136,192,12,3,0,0,0,0,0,0,0,3,1,6,13,18,8,0,2,37,133,1,1,9,0,24,5,6,10,24,22,3,2,1,0,3,1,1,1,1,0,1,0,0,0,0,0,0,0,0,183,69,40,20,28,65,12,29,145,6,0,20,5,17,0,0,0,24,46,96,14,80,22,64,30,6,4,57,15,0,0,54,22,20,20,6,0,0,33,0,3,0,0,5,0,101,0,0,3,9,0,56,0,50,5,61,16,42,11,29,64,121,80,32,0,43
福井,えちぜん鉄道 松岡駅 エリア,588,2454.0,588,2482.0,588,4539.0,588,185,285,118,3,3,65,66,78,174,174,20,5,0,0,326,255,7,3,0,0,3,1,0,0,1,0,4,13,10,49,13,4,22,62,190,0,1,13,8,53,5,17,17,40,22,5,6,1,1,5,2,0,1,4,0,2,5,0,0,2,0,0,2,1,293,158,78,30,29,45,46,47,294,2,0,35,13,25,0,0,0,66,115,353,27,139,75,27,16,5,6,44,6,3,1,44,30,14,35,5,0,0,74,0,16,0,0,8,0,213,0,0,2,24,0,153,0,91,3,51,8,76,11,22,80,240,167,55,0,46
福井,えちぜん鉄道 永平寺口駅 エリア,326,1353.0,326,1360.0,326,2449.0,326,74,174,78,1,2,8,26,54,81,137,14,3,0,0,197,125,4,0,0,0,0,0,0,0,0,2,1,1,4,12,2,1,1,36,185,0,3,4,3,19,3,3,5,18,15,2,1,0,0,0,1,0,1,0,1,0,1,0,1,0,0,0,0,0,212,61,32,3,18,31,12,18,191,1,0,12,4,26,0,0,0,15,24,170,7,54,19,22,11,0,7,32,1,0,4,39,12,5,25,2,0,0,30,0,5,0,0,1,0,110,0,0,8,19,0,100,0,33,1,41,4,28,6,15,47,168,66,17,0,28
福井,かずら橋 エリア,1759,7496.0,1759,7415.0,1759,13699.0,1759,633,766,360,6,13,79,174,333,597,437,112,8,0,0,746,954,59,2,0,0,0,0,1,1,2,2,2,12,15,53,22,2,22,94,649,4,5,356,9,195,32,72,54,77,45,13,3,0,0,5,2,0,1,4,0,0,1,0,0,0,0,1,1,0,1037,488,122,60,52,142,89,71,805,11,0,83,20,251,0,0,0,216,434,703,193,398,150,134,57,17,168,164,32,10,7,307,94,23,108,20,0,0,186,0,27,0,0,14,0,661,0,0,68,79,0,268,0,291,15,309,74,192,57,104,338,617,421,130,0,253
福井,かつやま恐竜の森 エリア,4060,18343.0,4060,18061.0,4060,34657.0,4060,2313,1305,442,40,68,586,1074,928,785,485,89,5,0,0,1765,2154,141,33,6,6,16,3,9,16,30,18,25,139,132,456,224,36,98,160,196,19,52,124,107,516,93,125,171,606,308,76,25,6,6,42,53,13,11,22,13,5,29,4,6,6,3,2,10,4,912,1578,1026,295,249,298,301,288,782,66,2,227,54,1327,0,0,0,484,833,1280,91,893,2704,184,65,55,63,333,72,48,14,133,168,52,231,21,0,0,652,0,192,0,0,68,0,2048,0,0,92,256,0,733,0,629,14,482,94,581,133,135,680,1344,1209,448,0,379
福井,かにファクトリー 甲羅組 エリア,262,1097.0,262,1098.0,262,1998.0,262,104,89,69,0,1,14,51,52,65,64,15,0,0,0,90,169,3,2,0,0,0,0,0,0,1,0,0,2,0,1,3,0,4,14,57,1,1,32,3,48,8,34,10,23,11,2,1,0,0,0,0,1,2,0,0,0,1,0,0,0,0,0,0,0,154,68,29,9,2,14,8,18,84,4,0,10,1,80,0,0,0,29,37,133,4,40,74,48,12,1,8,33,9,0,0,20,9,0,20,1,0,0,59,0,7,0,0,3,0,118,0,0,4,41,0,31,0,23,2,22,8,32,2,8,47,80,65,20,0,50
福井,だるまちゃん広場 エリア,397,1595.0,397,1562.0,397,3059.0,397,165,122,110,1,1,23,78,100,82,71,40,1,0,0,173,209,15,0,0,0,1,0,0,1,0,0,1,2,1,9,3,0,1,10,257,0,4,11,3,48,1,10,5,18,8,1,0,0,0,0,1,0,0,0,0,0,0,0,1,0,0,0,0,0,294,55,23,8,17,68,17,9,103,30,0,19,4,101,0,0,0,26,22,95,19,42,48,43,49,18,8,53,1,3,19,18,26,6,50,5,0,0,48,0,4,0,0,0,0,121,0,0,0,19,0,41,0,83,1,53,17,45,6,29,82,125,124,17,0,49
福井,はたや記念館 ゆめおーれ勝山 エリア,497,2128.0,497,2113.0,497,3771.0,497,178,186,133,2,5,36,80,92,163,90,25,4,0,0,199,284,14,1,1,0,0,0,0,0,0,1,2,7,5,16,5,1,4,53,252,0,0,23,6,36,2,7,7,37,20,4,0,3,0,0,0,1,0,0,2,1,0,0,0,0,0,0,0,0,320,86,49,17,25,91,23,21,179,5,0,23,0,84,0,0,0,22,53,123,13,108,76,53,26,4,13,81,40,8,2,69,16,7,34,4,0,0,38,0,4,0,0,5,0,152,0,0,5,20,0,53,0,47,1,125,24,62,11,36,109,162,118,32,0,76
福井,ふくい鮮いちば エリア,771,3208.0,771,3339.0,771,5959.0,771,315,270,186,0,4,67,109,163,242,160,24,2,0,0,339,409,23,1,0,0,0,0,0,1,3,1,2,11,12,36,18,0,7,37,376,1,10,37,8,58,12,20,24,49,25,9,1,1,0,1,2,0,1,1,2,1,2,0,0,0,0,0,0,1,435,171,94,23,48,150,70,47,296,3,0,44,14,40,0,0,0,62,94,433,28,83,58,145,27,15,10,80,9,6,1,44,53,28,43,13,0,0,102,0,22,0,0,14,0,314,0,0,16,55,0,90,0,153,4,59,19,94,17,43,152,267,181,75,0,96
福井,まちの市場 こってコテいけだ エリア,572,2385.0,572,2399.0,572,4289.0,572,187,228,157,2,6,35,93,118,174,126,14,4,0,0,272,284,16,0,0,0,1,0,0,0,1,0,0,2,1,15,2,1,8,35,270,0,1,113,3,55,5,12,12,16,8,2,1,0,0,1,0,0,0,0,3,2,1,0,1,0,0,0,0,0,412,101,26,16,17,86,28,24,200,2,0,25,7,121,0,0,0,45,64,184,47,101,52,62,33,3,37,71,8,2,1,111,27,11,35,5,0,0,46,0,4,0,0,5,0,170,0,0,2,30,0,58,0,97,4,116,21,86,11,38,86,221,139,36,0,90
福井,まちの駅 こってコテいけだ エリア,104,440.0,104,447.0,104,823.0,104,44,33,27,0,1,3,11,19,37,25,7,1,0,0,44,55,5,1,0,0,0,0,0,0,0,0,0,0,1,1,1,0,1,7,43,0,0,24,0,15,0,1,2,2,3,1,0,0,0,0,0,1,0,0,0,0,0,0,0,0,0,0,0,0,75,18,0,4,7,15,6,8,53,2,0,6,0,8,0,0,0,4,16,42,10,16,5,14,2,2,4,12,0,0,0,23,8,0,4,2,0,0,6,0,2,0,0,1,0,37,0,0,1,2,0,12,0,15,2,18,3,10,3,7,24,36,18,2,0,24
福井,スキージャム勝山 エリア,278,1203.0,278,1199.0,278,2246.0,278,124,111,43,2,2,17,47,80,80,35,15,0,0,0,114,151,13,0,0,0,0,0,0,0,1,0,3,1,6,17,14,1,3,6,60,0,0,2,3,21,3,8,22,69,22,5,1,2,1,1,0,0,1,1,0,1,2,0,0,0,0,0,0,1,78,96,71,20,13,16,10,9,66,2,0,12,3,90,0,0,0,30,75,46,7,28,73,11,8,4,15,14,6,111,0,7,9,2,3,2,0,0,36,0,6,0,0,3,0,146,0,0,35,13,0,27,0,45,1,38,4,14,8,10,48,78,93,30,0,29
福井,スーベニアショップ ラプトル エリア,428,1777.0,428,1759.0,428,3225.0,428,130,181,117,3,1,46,122,106,83,55,12,0,0,0,168,249,11,4,1,1,1,0,0,1,4,3,3,14,11,43,20,7,12,18,39,2,6,13,18,60,13,8,19,45,31,11,4,1,2,2,1,0,0,1,2,1,4,0,0,1,0,0,1,0,111,160,99,30,28,36,16,26,98,10,0,25,6,161,0,0,0,24,77,102,13,81,290,26,8,2,12,27,6,3,0,12,19,2,19,2,0,0,29,0,4,0,0,2,0,131,0,0,8,20,0,50,0,34,1,53,25,105,7,45,62,152,123,36,0,55
福井,スーベニアショップふらぷとる エリア,436,1808.0,436,1786.0,436,3376.0,436,151,180,105,2,0,43,118,120,91,51,11,0,0,0,196,226,14,3,0,1,1,0,0,0,2,4,5,29,19,48,36,5,14,19,26,2,10,19,9,46,8,17,16,45,29,3,4,0,0,3,1,1,0,0,4,0,2,0,1,0,0,0,2,2,77,183,112,39,25,49,29,36,95,10,0,12,3,140,0,0,0,43,70,114,14,111,252,24,11,6,6,39,6,3,0,19,10,5,16,2,0,0,25,0,11,0,0,4,0,141,0,0,13,9,0,60,0,37,1,73,32,75,4,40,57,150,131,49,0,49
福井,タケフナイフビレッジ エリア,252,1060.0,252,1046.0,252,1898.0,252,82,102,68,0,1,16,35,49,90,43,18,0,0,0,98,145,9,2,0,0,0,0,0,0,3,2,0,8,8,14,13,2,4,12,96,1,1,7,2,26,3,7,13,6,9,2,2,0,0,1,4,0,1,0,1,1,0,0,0,1,0,0,0,0,124,58,43,6,21,37,22,29,95,12,0,13,2,12,0,0,0,12,31,91,23,71,27,32,16,2,4,37,10,0,3,30,12,5,24,2,0,0,19,0,3,0,0,1,0,91,0,0,4,13,0,37,0,44,2,38,12,28,7,14,52,81,68,18,0,33
福井,フルーツライン エリア,634,2607.0,634,2640.0,634,4697.0,634,209,228,197,1,3,22,70,89,241,151,54,3,0,0,210,398,26,0,0,0,0,0,1,1,0,0,0,4,4,25,7,2,18,117,317,0,1,13,21,28,5,9,15,21,11,7,0,0,0,2,1,0,0,0,1,0,1,0,0,0,0,0,2,0,388,155,45,23,23,90,34,26,289,1,0,59,1,50,0,0,0,55,84,219,22,81,38,163,38,4,7,53,11,2,2,75,28,7,28,6,0,0,46,0,7,0,0,4,0,206,0,0,12,32,0,69,0,109,5,118,30,79,18,33,135,245,141,29,0,84
福井,メガネストリート エリア,499,2080.0,499,2072.0,499,3744.0,499,172,183,144,1,4,55,77,109,149,79,21,4,0,0,202,278,19,4,0,1,1,0,0,2,1,3,3,10,15,45,7,5,5,32,112,1,3,29,7,47,7,16,30,49,29,11,5,0,1,6,4,0,2,1,0,1,2,0,1,1,0,0,0,0,186,158,90,32,33,88,34,41,193,4,0,23,7,46,0,0,0,35,52,144,12,118,59,61,31,13,6,86,15,3,3,66,29,11,39,4,0,0,57,0,11,0,0,4,0,174,0,0,10,20,0,56,0,63,2,79,30,44,11,30,90,166,115,54,0,74
福井,レインボーライン エリア,1353,5913.0,1353,5805.0,1353,11127.0,1353,647,516,190,6,9,88,181,235,433,330,70,1,0,0,595,721,37,3,0,0,1,1,0,3,10,6,2,27,23,91,53,5,23,50,168,2,11,63,18,202,44,74,89,181,101,30,12,3,0,15,15,1,4,8,3,1,5,0,2,0,1,0,2,0,528,472,215,63,75,90,90,110,533,58,0,94,12,133,0,0,0,152,208,615,165,580,134,99,24,5,52,151,11,7,2,203,40,17,60,14,0,0,135,0,17,0,0,13,0,632,0,0,35,98,0,220,0,145,13,275,55,121,49,52,295,479,311,122,0,146
福井,一乗谷朝倉氏遺跡 エリア,2370,10045.0,2370,9880.0,2370,18171.0,2370,810,986,574,6,21,147,252,479,735,599,124,7,0,0,1096,1178,96,25,4,1,5,1,4,2,19,8,14,59,54,184,129,10,53,125,604,4,25,92,47,279,34,75,73,179,117,37,13,6,1,23,16,3,4,7,7,0,15,4,1,2,2,0,2,1,876,738,427,178,151,415,106,156,945,50,0,142,24,203,0,0,0,238,425,705,123,1067,275,129,70,17,61,275,27,9,9,167,93,56,148,15,0,0,138,0,38,0,0,22,0,919,0,0,50,191,0,476,0,256,8,447,115,264,77,120,431,880,549,194,0,316
福井,三国湊 エリア,1185,5006.0,1185,5015.0,1185,9181.0,1185,381,551,253,3,13,87,124,206,328,338,83,3,0,0,467,682,36,6,1,0,1,2,2,1,8,3,16,27,30,120,60,3,22,66,401,1,8,22,15,82,15,25,43,95,54,12,4,2,0,12,8,3,0,1,1,0,7,1,1,0,0,1,0,3,433,384,218,64,86,119,56,134,485,34,0,71,11,107,0,0,0,184,368,596,41,351,140,60,47,13,30,221,16,6,10,62,48,16,48,19,0,0,166,0,35,0,0,13,0,490,0,0,34,55,0,285,0,170,9,214,61,108,38,46,254,487,251,62,0,131
福井,三方五湖ネイチャークルーズ エリア,67,306.0,67,300.0,67,566.0,67,35,25,7,0,1,4,9,3,24,17,9,0,0,0,23,43,1,0,0,0,0,0,0,0,1,0,0,3,1,5,0,0,1,2,12,0,0,2,2,14,0,5,2,8,7,2,0,0,0,0,0,0,0,0,0,0,0,0,0,0,0,0,0,0,28,27,5,5,2,6,1,6,31,1,0,5,1,7,0,0,0,13,15,35,13,26,4,5,1,0,6,6,3,0,0,13,0,1,2,0,0,0,9,0,0,0,0,0,0,25,0,0,1,1,0,13,0,7,0,16,4,6,2,2,19,19,19,1,0,9
福井,丸岡城 エリア,1606,6690.0,1606,6661.0,1606,12219.0,1606,529,669,408,7,14,90,130,286,529,454,85,11,0,0,749,794,63,20,2,2,2,0,1,1,6,5,12,40,46,156,84,16,29,108,371,2,18,44,38,148,38,42,52,133,89,26,6,3,0,16,13,1,11,5,3,5,5,0,1,2,1,1,1,1,548,466,342,119,131,280,76,95,701,12,0,105,29,112,0,0,0,132,294,567,84,757,153,49,38,11,15,206,15,12,10,85,70,58,64,16,0,0,90,0,19,0,0,7,0,631,0,0,38,74,0,348,0,183,8,235,80,170,50,76,310,609,390,108,0,189
福井,九頭竜川 エリア（鮎・釣り）,42,175.0,42,175.0,42,287.0,42,13,15,14,0,1,9,2,9,9,11,1,0,0,0,21,19,2,0,0,0,0,0,0,0,0,0,0,4,0,3,0,0,1,4,19,0,0,1,1,6,0,1,1,0,0,0,0,0,0,0,0,0,0,0,0,0,1,0,0,0,0,0,0,0,25,9,6,1,1,6,5,2,15,0,0,3,0,2,0,0,0,4,4,24,0,7,0,4,1,0,7,0,0,0,0,3,7,0,1,2,0,0,3,0,2,0,0,1,0,17,0,0,0,2,0,7,0,10,1,2,4,6,0,1,12,16,9,4,0,1
福井,今庄365アウトドアビレッジ エリア,24,108.0,24,111.0,24,201.0,24,13,8,3,0,0,0,3,4,10,6,1,0,0,0,11,13,0,0,0,0,0,0,0,0,0,0,0,0,0,0,0,0,0,1,9,0,0,0,0,3,1,5,1,3,0,0,0,0,0,0,0,0,0,1,0,0,0,0,0,0,0,0,0,0,12,9,2,1,0,3,6,0,9,0,0,0,0,3,0,0,0,3,15,4,0,1,2,3,0,0,3,2,0,0,0,2,0,0,0,1,0,0,2,0,0,0,0,1,0,10,0,0,1,0,0,2,0,6,0,1,1,1,0,3,5,7,5,3,0,4
福井,今庄宿 エリア,200,799.0,200,800.0,200,1482.0,200,70,68,62,1,0,14,22,36,68,46,12,1,0,0,104,91,5,1,0,0,1,0,0,0,0,0,0,2,2,10,9,0,2,5,69,0,0,10,1,15,3,7,11,23,22,4,0,0,0,0,0,0,0,0,1,0,2,0,0,0,0,0,0,0,110,36,22,10,22,73,8,6,62,1,0,14,3,13,0,0,0,14,14,73,11,47,8,14,20,1,5,57,5,0,0,13,13,12,9,2,0,0,10,0,1,0,0,2,0,81,0,0,3,6,0,13,0,23,0,52,12,21,12,9,42,63,51,17,0,27
福井,六呂師高原 エリア,385,1599.0,385,1613.0,385,2902.0,385,134,142,109,1,1,15,50,68,138,93,16,3,0,0,151,222,12,0,0,0,0,0,0,0,0,1,3,1,5,4,2,0,4,26,232,1,0,23,6,29,3,10,5,19,7,1,0,0,0,0,0,0,0,0,0,0,2,1,0,0,0,0,0,0,277,58,30,8,12,46,17,30,154,4,0,28,3,54,0,0,0,23,43,118,35,62,29,38,33,1,24,42,13,0,3,81,15,3,24,5,0,0,29,0,5,0,0,3,0,127,0,0,3,11,0,53,0,59,3,83,15,51,14,23,97,115,93,27,0,53
福井,刃物の里 エリア,58,234.0,58,240.0,58,431.0,58,16,28,14,0,0,3,7,8,23,8,8,1,0,0,32,24,2,0,0,0,0,0,0,0,0,0,1,0,0,1,1,0,0,1,23,0,0,0,0,5,0,4,1,3,15,0,0,0,0,0,0,0,0,1,0,0,2,0,0,0,0,0,0,0,31,11,4,1,11,15,1,5,18,0,0,7,1,4,0,0,0,2,5,19,2,13,3,7,5,0,0,5,1,0,0,4,2,9,2,0,0,0,5,0,0,0,0,0,0,22,0,0,1,0,0,4,0,10,1,7,3,10,3,2,17,15,18,2,0,6
福井,劔神社 エリア,494,2098.0,494,2084.0,494,3686.0,494,171,179,144,2,5,23,53,81,158,149,19,4,0,0,195,293,6,1,1,0,0,0,0,0,0,0,0,3,8,16,2,0,5,34,324,0,2,5,2,19,10,10,14,18,11,3,1,0,0,0,1,0,1,0,0,0,2,0,1,0,0,0,0,0,343,77,43,10,21,60,28,45,222,1,0,21,4,40,0,0,0,34,60,197,20,115,13,44,32,2,17,55,5,1,4,58,21,10,30,8,0,0,38,0,8,0,0,6,0,153,0,0,6,12,0,52,0,102,2,103,21,52,15,32,110,201,107,27,0,49
福井,北ノ庄 エリア,488,2035.0,488,2032.0,488,3788.0,488,155,228,105,0,0,25,51,109,128,157,16,2,0,0,261,209,18,6,1,0,1,0,2,1,2,3,0,9,14,42,17,2,12,12,165,1,9,4,3,78,5,10,12,26,34,1,0,0,0,2,1,3,1,0,1,1,4,0,0,1,1,0,1,0,229,106,81,41,31,137,24,34,206,2,1,14,5,24,0,0,0,21,48,187,22,146,41,28,18,4,8,85,6,2,2,15,20,11,28,4,0,0,21,0,5,0,0,3,0,137,0,0,10,25,0,123,0,38,2,67,47,58,14,18,79,247,77,34,0,51
福井,北前船主の館 右近家 エリア,147,527.0,147,520.0,147,1006.0,147,41,38,68,1,1,4,10,37,52,26,16,0,0,0,63,80,4,1,0,0,0,0,0,0,0,0,0,3,6,3,0,0,0,0,36,1,0,8,2,45,2,1,15,13,7,1,0,0,0,0,3,0,0,0,0,0,0,0,0,0,0,0,0,0,86,30,10,6,15,27,7,6,48,31,0,3,1,6,0,0,0,7,15,52,7,28,4,26,6,0,5,19,3,0,1,14,5,7,11,1,0,0,9,0,1,0,0,0,0,62,0,0,2,2,0,12,0,13,0,26,13,9,3,12,23,40,59,11,0,14
福井,北潟湖 エリア,1186,4934.0,1186,4924.0,1186,8933.0,1186,386,477,323,3,5,55,125,211,382,315,83,6,0,1,485,660,41,5,0,0,2,1,0,2,6,0,3,13,12,55,16,4,36,183,457,2,6,34,10,85,13,38,44,88,36,8,3,0,0,3,0,2,0,2,4,2,5,1,1,0,0,2,2,0,566,352,152,47,69,117,69,64,538,8,0,76,4,134,0,0,0,158,271,436,77,242,97,166,58,12,31,133,12,1,7,174,31,12,80,7,0,0,115,0,14,0,0,10,0,443,0,0,49,77,0,206,0,148,9,213,58,121,34,63,260,422,248,69,0,187
福井,北陸新幹線 越前たけふ駅 エリア,1746,7150.0,1746,7105.0,1746,12684.0,1746,570,599,577,2,9,90,226,316,613,398,86,6,0,0,785,887,74,9,0,0,0,0,1,5,2,9,4,34,11,48,23,6,23,101,606,2,11,109,25,208,27,78,85,159,102,18,3,1,1,12,4,3,2,6,0,1,0,1,0,1,1,1,3,0,895,459,195,92,105,312,106,88,741,39,0,105,24,131,0,0,0,137,229,586,71,294,102,251,82,30,34,230,14,12,13,237,101,63,136,14,0,0,118,0,33,0,0,19,0,632,0,0,38,148,0,255,0,187,8,295,80,201,38,124,368,558,443,101,0,276
福井,名勝 養浩館庭園 エリア,446,1901.0,446,1876.0,446,3552.0,446,155,211,80,0,3,21,33,100,110,154,20,5,0,0,254,166,26,3,0,0,3,0,0,0,2,1,3,11,11,44,16,3,9,8,173,0,2,3,4,73,3,9,7,26,18,5,0,0,0,1,4,0,0,0,0,0,2,0,0,1,1,0,0,0,228,97,60,25,36,130,17,18,203,2,0,21,3,12,0,0,0,29,44,160,39,174,54,5,17,5,5,72,2,2,0,14,11,6,16,1,0,0,8,0,6,0,0,4,0,134,0,0,7,13,0,143,0,28,2,78,34,50,17,14,75,247,64,23,0,37
福井,名田庄 エリア,540,2198.0,540,2207.0,540,3919.0,540,157,200,183,0,2,12,54,103,214,143,11,1,0,0,244,277,19,0,0,0,0,0,0,0,0,0,0,8,6,8,3,0,5,7,116,0,0,12,7,16,8,15,124,129,61,7,2,0,0,0,3,0,0,1,1,0,0,0,0,0,0,0,0,1,329,117,50,17,27,122,12,22,271,2,0,21,7,29,0,0,0,31,45,195,40,98,14,78,18,0,43,37,4,4,5,155,19,13,57,7,0,0,29,0,17,0,0,2,0,188,0,0,9,13,0,55,0,53,0,132,41,67,22,59,120,192,141,24,0,63
福井,大安禅寺 エリア,77,318.0,77,319.0,77,540.0,77,17,27,33,0,0,4,11,20,20,16,4,1,1,0,27,50,0,0,0,0,0,0,0,0,0,0,2,0,1,3,2,1,0,5,29,0,0,1,2,7,2,2,5,8,5,2,0,0,0,0,0,0,0,0,0,0,0,0,0,0,0,0,0,0,29,31,11,3,3,12,10,11,17,2,0,4,0,7,0,0,0,9,23,19,6,16,6,3,8,3,1,2,1,1,2,5,6,3,8,0,0,0,8,0,1,0,0,0,0,29,0,0,4,1,0,8,0,13,0,9,2,3,3,5,21,19,21,7,0,9
福井,大本山 永平寺 エリア,5126,22610.0,5126,22076.0,5126,42203.0,5126,2373,2032,721,6,73,512,674,963,1683,1051,154,10,0,0,2185,2774,167,68,10,13,34,10,17,13,50,36,61,234,191,744,352,46,118,192,246,10,88,158,139,594,92,128,193,521,331,80,46,21,10,55,49,10,22,29,11,6,45,9,9,12,4,4,8,7,1035,1872,1408,435,376,587,282,484,1847,91,2,477,82,309,0,0,0,617,1219,2095,289,3031,798,209,111,105,66,646,94,20,14,258,216,125,394,28,0,0,442,0,107,0,0,61,0,2496,0,0,134,247,0,1155,0,770,30,832,223,485,210,274,921,1679,1359,538,0,629
福井,小浜 エリア（宿泊施設）,691,2998.0,691,2975.0,691,5487.0,691,267,304,120,1,5,34,92,115,236,154,50,4,0,0,327,345,19,4,0,0,1,0,0,2,3,2,2,19,16,65,36,3,15,20,71,1,8,14,11,66,10,28,51,116,84,8,1,1,0,3,6,1,0,11,0,1,2,0,3,3,2,1,0,0,38,405,128,53,67,100,33,55,240,14,0,51,34,63,0,0,0,217,92,347,30,162,30,33,26,2,57,133,18,3,3,42,65,89,50,6,0,0,80,0,12,0,0,5,0,397,0,0,69,14,0,86,0,100,6,69,27,50,26,35,97,236,218,74,0,66
福井,小浜市 阿納 エリア,759,3369.0,759,3376.0,759,6254.0,759,358,296,105,3,3,42,81,117,234,230,48,1,0,0,340,406,13,0,0,0,0,0,0,0,0,3,2,9,13,56,18,0,13,19,77,1,10,28,6,69,6,64,105,127,86,25,3,1,0,6,4,0,0,2,2,2,2,0,0,0,0,0,0,0,12,574,115,30,28,15,51,72,328,12,0,32,15,80,0,0,0,355,110,599,22,109,25,38,6,3,76,59,9,8,11,25,17,4,38,2,0,0,100,0,13,0,0,12,0,427,0,0,78,62,0,76,0,127,3,61,13,37,26,30,115,272,216,78,0,78
福井,小浜市まちの駅 エリア,218,873.0,218,870.0,218,1575.0,218,58,86,74,0,2,13,24,41,93,35,10,0,0,0,93,118,7,0,0,0,0,0,1,0,0,0,0,2,3,16,6,0,0,0,68,0,1,1,2,19,5,26,19,29,9,2,0,0,0,3,1,1,0,3,0,0,1,0,0,0,0,0,0,0,119,51,18,13,17,45,11,13,100,2,0,10,1,12,0,0,0,8,14,58,6,49,3,26,12,1,7,52,3,1,1,17,10,6,20,1,0,0,21,0,3,0,0,2,0,83,0,0,6,7,0,18,0,21,2,48,15,15,8,17,47,70,53,10,0,38
福井,平泉寺白山神社 エリア,404,1748.0,404,1698.0,404,3241.0,404,177,146,81,0,3,37,41,61,139,96,24,3,0,0,169,219,16,3,0,0,0,0,0,0,2,2,1,15,13,33,10,6,5,40,69,2,3,26,15,62,12,9,7,33,17,9,1,1,1,0,3,0,0,1,0,0,1,0,1,1,0,0,0,0,152,121,79,25,27,57,22,27,176,15,0,34,2,15,0,0,0,25,61,102,18,227,39,23,13,1,10,50,6,3,2,49,15,4,16,1,0,0,24,0,6,0,0,8,0,167,0,0,6,14,0,60,0,47,5,69,29,38,12,29,102,140,86,23,0,53
福井,御食国若狭おばま食文化館 エリア,579,2505.0,579,2479.0,579,4552.0,579,217,239,123,0,6,39,73,116,201,124,20,0,0,0,229,331,19,3,1,0,2,0,0,0,1,1,0,4,11,19,7,0,2,12,144,1,5,21,3,38,9,83,103,54,30,11,1,2,0,2,2,0,0,2,0,0,5,0,0,0,0,0,0,0,332,146,46,21,34,83,50,32,234,5,0,38,3,54,0,0,0,47,88,247,22,119,20,82,28,2,52,93,28,4,4,52,32,11,42,3,0,0,39,0,12,0,0,7,0,213,0,0,12,21,0,64,0,76,3,118,33,59,19,43,136,192,144,28,0,79
福井,敦賀市立博物館 エリア,359,1486.0,359,1479.0,359,2644.0,359,119,123,117,0,7,33,54,66,113,72,14,0,0,0,163,182,14,1,0,1,0,0,0,0,0,2,0,6,7,22,16,1,10,23,77,0,1,15,4,27,9,31,19,44,26,6,1,0,0,5,0,0,0,3,0,0,1,0,1,0,0,0,0,0,170,95,40,28,26,84,32,29,123,1,0,11,8,25,0,0,0,23,45,150,10,109,24,30,20,3,14,93,0,4,1,23,11,19,14,6,0,0,41,0,14,0,0,2,0,158,0,0,9,15,0,32,0,42,4,79,25,50,15,11,65,119,95,32,0,48
福井,新庄 渓流の里 エリア,4,17.0,4,18.0,4,31.0,4,2,0,2,0,0,0,3,1,0,0,0,0,0,0,2,2,0,0,0,0,0,0,0,0,0,0,0,0,0,3,0,0,0,0,0,0,0,0,0,0,0,0,0,1,0,0,0,0,0,0,0,0,0,0,0,0,0,0,0,0,0,0,0,0,1,1,0,1,1,0,2,0,0,0,0,0,0,2,0,0,0,1,0,3,0,0,0,0,0,0,1,0,0,0,0,1,2,0,0,0,0,0,0,0,0,0,0,0,0,1,0,0,0,0,0,0,0,2,0,1,0,1,0,0,0,1,2,0,0,1
福井,日本海さかな街 エリア,924,3737.0,924,3770.0,924,6828.0,924,297,364,263,1,3,52,136,192,272,210,55,3,0,0,390,511,23,0,0,0,3,0,0,0,1,2,2,8,17,36,14,0,6,18,88,2,5,78,9,219,47,66,69,110,63,16,2,1,1,10,6,2,1,4,4,2,5,0,0,0,1,2,3,1,456,283,100,37,48,112,54,69,339,63,0,71,18,80,0,0,0,68,103,444,35,201,54,159,21,4,29,100,12,7,1,65,19,23,43,2,0,0,48,0,11,0,0,5,0,336,0,0,17,30,0,100,0,96,7,173,47,132,34,84,201,275,272,72,0,104
福井,明通寺 エリア,1205,5242.0,1205,5166.0,1205,9454.0,1205,442,509,254,1,4,33,116,180,409,360,95,6,1,0,587,579,39,10,1,0,3,1,0,2,6,4,1,61,31,104,55,5,21,55,240,4,9,40,21,107,13,70,99,104,80,18,9,2,1,11,1,2,2,3,1,0,5,0,2,0,0,1,0,0,495,342,181,87,100,260,42,116,542,7,0,66,16,35,0,0,0,118,121,511,110,780,53,69,29,9,21,211,11,2,5,114,45,34,60,8,0,0,59,0,15,0,0,12,0,617,0,0,32,68,0,230,0,122,8,282,81,67,59,39,254,468,257,86,0,140
福井,東尋坊 エリア,1326,5448.0,1326,5499.0,1326,10354.0,1326,479,566,281,2,15,196,237,290,334,219,32,1,0,0,516,762,48,16,0,3,4,0,1,2,14,5,12,50,51,220,110,8,27,38,113,7,17,38,30,122,33,31,42,135,77,21,10,4,2,23,10,2,8,6,3,1,10,1,6,6,1,1,4,1,204,522,407,96,97,139,130,118,420,21,0,97,16,156,0,0,0,198,339,535,46,606,271,58,27,14,23,185,17,7,4,71,63,21,60,8,0,0,161,0,40,0,0,22,0,588,0,0,53,57,0,272,0,152,12,176,67,129,48,68,215,479,343,116,0,173
福井,武生駅 エリア,287,1194.0,287,1194.0,287,2141.0,287,92,109,86,1,0,19,23,60,116,53,15,0,0,0,112,166,9,1,1,0,1,0,0,0,1,1,0,1,1,11,9,0,3,14,115,1,2,8,1,35,12,11,14,21,15,4,0,0,1,2,0,0,0,0,0,0,1,0,0,0,0,0,0,0,129,99,30,11,18,57,8,24,114,0,0,25,4,19,0,0,0,24,32,98,15,77,21,22,21,7,7,57,4,0,0,20,25,8,22,3,0,0,27,0,6,0,0,2,0,118,0,0,12,16,0,47,0,37,4,65,18,30,16,10,73,85,72,21,0,36
福井,水島 エリア,49,222.0,49,225.0,49,453.0,49,37,9,3,0,6,2,4,11,17,9,0,0,0,0,32,17,0,0,0,0,0,0,0,0,1,0,0,1,1,5,1,0,1,0,0,0,0,2,1,13,1,2,7,5,2,4,1,0,0,0,0,0,0,1,0,0,0,0,0,0,0,0,0,0,1,29,13,3,3,6,2,2,5,1,0,1,3,16,0,0,0,8,0,13,0,8,4,1,1,0,27,2,0,8,1,3,1,3,4,0,0,0,6,0,2,0,0,0,0,16,0,0,2,3,0,5,0,14,0,2,2,3,0,3,8,19,11,6,0,5
福井,水晶浜 エリア,182,782.0,182,778.0,182,1395.0,182,62,79,41,1,1,7,41,53,46,20,11,2,0,0,75,102,5,0,0,0,0,0,0,0,0,0,0,0,0,4,3,0,2,1,49,1,6,12,3,27,4,8,9,25,12,7,1,0,0,5,1,0,0,1,0,0,0,0,0,0,0,0,1,0,44,97,27,8,6,5,6,22,30,3,0,9,9,64,0,0,0,43,12,91,9,23,10,8,18,0,45,10,5,5,2,10,4,10,7,2,0,0,30,0,1,0,0,2,0,96,0,0,12,6,0,23,0,29,0,22,2,14,7,7,38,38,59,19,0,28
福井,河野北前船主通りエリア,116,491.0,116,499.0,116,906.0,116,45,44,27,0,1,2,15,21,40,28,9,0,0,0,59,51,6,0,1,0,0,0,0,0,0,1,1,0,2,3,0,0,0,2,34,0,3,8,1,24,0,9,8,9,8,0,0,0,1,0,0,1,0,0,0,0,0,0,0,0,0,0,0,0,59,38,7,3,9,17,4,11,50,1,0,9,2,4,0,0,0,10,21,49,2,41,6,8,4,3,10,16,3,0,0,16,2,6,4,2,0,0,9,0,0,0,0,0,0,46,0,0,4,4,0,14,0,10,1,13,7,14,4,14,26,38,28,9,0,15
福井,波松 エリア,49,215.0,49,215.0,49,373.0,49,18,16,15,0,0,1,15,10,17,6,0,0,0,0,16,26,7,0,0,0,0,0,0,0,0,0,0,0,1,0,0,0,1,0,39,0,0,2,0,3,0,0,0,2,0,0,0,0,0,0,0,0,0,0,0,0,1,0,0,0,0,0,0,0,40,4,3,1,1,3,5,8,9,0,0,2,0,12,0,0,0,2,4,25,2,11,3,5,3,1,1,9,1,1,0,5,1,0,3,0,0,0,11,0,0,0,0,0,0,15,0,0,0,3,0,7,0,12,0,5,4,6,1,2,8,23,11,2,0,5
福井,湖上館パムコ（水月湖）エリア,565,2416.0,565,2438.0,565,4484.0,565,218,239,108,1,5,32,49,92,236,128,21,1,0,0,232,319,14,1,0,0,0,0,0,1,0,1,1,5,6,23,18,2,12,24,72,2,1,33,6,83,13,47,66,59,62,9,4,1,1,7,1,0,0,1,1,0,2,0,0,0,0,0,0,0,244,222,57,22,20,27,43,55,284,3,0,22,4,34,0,0,0,89,85,389,54,139,33,57,5,4,41,46,8,8,3,89,13,8,26,6,0,0,95,0,11,0,0,10,0,257,0,0,9,97,0,68,0,89,3,67,11,62,20,14,112,175,157,63,0,58
福井,熊川宿 エリア,931,3819.0,931,3807.0,931,6912.0,931,284,381,266,1,13,51,90,143,375,219,36,3,0,0,421,466,44,3,2,0,1,0,0,1,0,0,0,21,10,39,15,3,2,28,147,1,7,42,21,77,24,112,122,145,60,19,0,0,0,6,7,2,1,3,2,0,4,0,0,0,0,0,2,2,457,269,104,43,58,138,43,61,447,7,0,52,11,47,0,0,0,85,100,393,63,285,29,99,28,7,41,181,8,3,5,139,24,11,50,4,0,0,70,0,15,0,0,10,0,374,0,0,17,63,0,128,0,76,3,198,64,112,34,67,174,311,223,76,0,147
福井,神楽通り エリア,290,1175.0,290,1202.0,290,2161.0,290,93,112,85,0,1,16,48,61,109,40,15,0,0,0,110,169,11,0,0,0,0,0,0,0,0,0,0,3,5,22,7,0,3,6,111,1,3,13,3,22,5,20,12,26,20,1,0,0,0,4,0,0,0,2,0,0,0,0,0,0,1,0,0,0,157,67,28,17,21,71,13,39,89,0,0,17,10,19,0,0,0,11,25,111,12,69,11,33,24,2,6,78,0,0,1,7,15,18,23,5,0,0,33,0,7,0,0,2,0,103,0,0,6,26,0,35,0,33,4,58,23,33,10,16,68,81,81,27,0,33
福井,福井駅前 エリア,3582,15044.0,3582,15009.0,3582,28333.0,3582,1449,1409,724,7,18,343,627,792,1017,670,100,8,0,0,1526,1897,159,32,4,2,15,1,1,6,19,21,28,134,129,506,194,12,63,101,948,13,35,56,44,283,20,99,96,361,166,37,14,3,2,31,23,6,6,6,11,5,26,2,2,7,2,2,6,2,1226,988,741,330,297,1107,179,249,988,19,0,172,114,378,0,0,0,289,419,1130,140,786,461,352,225,92,35,628,49,12,14,93,281,291,249,38,0,0,452,0,143,0,0,59,0,1452,0,0,126,234,0,633,0,512,36,579,331,449,143,156,623,1200,872,382,0,505
福井,福井駅前 エリア（宿泊施設）,1395,5818.0,1395,5825.0,1395,10975.0,1395,521,602,272,2,9,104,201,278,469,304,22,6,0,0,698,654,43,24,1,3,8,1,7,1,23,13,13,40,48,206,80,18,32,43,151,7,13,24,27,139,12,22,54,152,102,16,7,4,1,15,9,6,8,7,6,6,21,1,5,7,3,4,2,3,93,603,379,170,150,431,79,82,387,18,0,47,100,127,0,0,0,126,122,476,42,305,257,73,59,44,17,171,13,13,10,36,83,308,111,11,0,0,131,0,36,0,0,22,0,787,0,0,152,46,0,204,0,153,11,115,64,87,39,77,235,454,382,162,0,162
福井,竹田エリア,356,1541.0,356,1546.0,356,2760.0,356,131,145,80,0,1,19,37,68,124,90,16,1,0,0,145,203,8,2,0,0,3,0,0,0,3,2,0,7,8,21,16,4,19,41,76,0,0,17,1,35,9,13,11,29,24,4,1,0,1,0,2,0,0,4,0,2,1,0,0,0,0,0,0,0,115,140,46,29,26,28,21,23,148,2,0,23,4,48,0,0,0,55,93,173,21,81,50,32,9,7,15,31,5,3,4,35,19,3,35,1,0,0,40,0,7,0,0,3,0,159,0,0,15,30,0,56,0,69,1,31,8,31,6,20,68,101,103,36,0,48
福井,箸のふるさと館WAKASA エリア,136,564.0,136,564.0,136,1018.0,136,49,45,42,0,1,4,22,25,47,30,7,0,0,0,50,82,4,0,0,0,0,0,0,0,0,0,0,1,3,10,2,1,2,0,21,0,3,5,0,6,2,22,20,18,13,2,1,0,0,2,0,1,0,1,0,0,0,0,0,0,0,0,0,0,57,33,21,15,10,19,7,10,66,1,0,5,2,16,0,0,0,10,10,61,4,20,4,23,6,1,8,22,9,1,1,11,4,3,9,0,0,0,8,0,1,0,0,1,0,46,0,0,4,4,0,9,0,11,2,25,6,22,3,14,33,45,29,5,0,24
福井,紫式部公園 エリア,775,3141.0,775,3076.0,775,5604.0,775,203,319,253,0,6,36,67,114,216,252,80,4,0,0,321,428,26,8,0,0,0,0,0,1,1,4,7,14,13,26,23,3,16,66,168,1,5,41,11,152,19,39,27,58,39,8,3,0,1,6,4,0,3,2,2,0,2,0,0,1,0,0,0,1,386,198,109,33,49,109,19,52,360,57,0,48,4,27,0,0,0,58,102,263,72,327,87,72,54,9,18,140,7,0,4,65,41,7,45,1,0,0,32,0,8,0,0,5,0,301,0,0,11,70,0,114,0,75,1,209,49,77,35,42,199,252,180,44,0,100
福井,美浜町レイクセンター エリア,389,1689.0,389,1680.0,389,3120.0,389,165,153,71,1,1,19,45,73,142,94,10,4,0,0,151,227,11,3,0,0,0,0,0,0,1,1,0,3,5,25,14,0,8,16,81,0,4,15,9,33,11,21,32,54,32,10,2,0,0,2,0,0,1,1,2,0,1,0,0,0,0,0,0,2,164,135,57,18,15,45,24,33,154,6,0,24,9,40,0,0,0,61,74,177,53,147,22,33,10,1,25,49,11,1,3,70,17,8,24,2,0,0,25,0,3,0,0,2,0,166,0,0,10,8,0,43,0,41,6,103,18,36,16,31,81,126,102,41,0,39
福井,美浜町健康楽膳拠点施設こるぱエリア,48,200.0,48,198.0,48,359.0,48,17,15,16,0,0,0,7,6,13,10,12,0,0,0,22,25,1,0,0,0,0,0,0,0,0,0,0,2,0,0,0,0,0,2,31,0,0,0,0,4,0,0,3,2,2,2,0,0,0,0,0,0,0,0,0,0,0,0,0,0,0,0,0,0,33,9,3,2,1,11,0,1,23,0,0,2,1,3,0,0,0,6,5,16,1,7,3,10,3,0,3,3,5,0,0,4,1,2,1,0,0,0,6,0,1,0,0,0,0,20,0,0,0,1,0,5,0,3,0,6,2,6,2,2,20,8,10,4,0,6
福井,芝政ワールド エリア,151,641.0,151,651.0,151,1192.0,151,60,62,29,2,2,4,51,64,15,12,1,0,0,0,58,84,9,0,0,0,0,0,0,0,0,1,0,1,2,2,1,0,10,21,43,1,1,3,1,15,2,13,5,10,15,1,1,0,0,0,1,0,0,0,0,0,1,0,0,0,0,0,0,0,61,57,29,1,3,8,9,3,10,3,0,2,0,96,0,0,0,14,36,30,3,10,110,5,6,0,10,1,2,1,0,5,3,0,2,2,0,0,11,0,2,0,0,4,0,78,0,0,0,26,0,13,0,12,0,19,2,10,2,12,16,59,44,20,0,12
福井,花の駅 ゆりの里公園 エリア,922,3873.0,922,3850.0,922,6992.0,922,315,367,240,6,3,40,218,238,167,219,27,4,0,0,361,520,41,1,0,0,1,0,0,0,3,2,2,7,4,21,7,0,14,83,610,0,5,20,4,34,7,12,17,36,17,5,0,0,0,3,2,0,1,0,0,0,3,0,0,0,0,0,1,0,646,142,74,31,29,83,27,20,247,1,0,33,0,397,0,0,0,61,99,261,72,70,223,95,91,4,22,69,24,6,3,63,54,8,54,10,0,0,117,0,14,0,0,9,0,276,0,0,10,54,0,189,0,136,4,117,20,105,18,38,166,386,223,57,0,90
福井,若州一滴文庫 エリア,140,607.0,140,602.0,140,1087.0,140,53,56,31,0,4,6,16,33,38,39,4,0,0,0,60,79,1,1,0,0,0,0,0,0,0,0,0,0,1,7,2,0,0,2,45,0,0,2,1,6,0,9,47,5,7,2,0,1,0,0,2,0,0,0,0,0,0,0,0,0,0,0,0,0,94,25,5,3,13,29,4,4,49,0,0,2,1,30,0,0,0,6,44,43,2,17,10,21,7,1,17,15,4,5,0,17,7,0,7,2,0,0,10,0,2,0,0,4,0,51,0,0,4,3,0,15,0,33,0,22,11,17,5,13,39,46,36,4,0,15
福井,若狭フィッシャーマンズワーフ エリア,753,3097.0,753,3093.0,753,5612.0,753,226,304,223,2,10,42,123,133,252,163,27,1,0,0,343,393,17,2,0,0,1,0,1,0,1,0,1,43,6,34,10,0,4,10,154,0,6,25,4,47,17,92,117,89,58,6,2,1,0,10,3,1,3,2,1,0,1,0,1,0,0,0,0,0,382,232,66,29,44,141,37,27,342,9,0,42,4,53,0,0,0,66,52,336,27,142,19,121,29,2,36,86,12,5,3,92,37,19,47,2,0,0,33,0,18,0,0,10,0,282,0,0,16,28,0,68,0,92,1,121,41,91,24,60,160,277,176,45,0,95
福井,若狭和田 エリア,179,771.0,179,775.0,179,1400.0,179,69,69,41,2,0,8,21,66,45,25,12,0,0,0,68,104,7,0,1,0,0,0,0,2,0,0,0,2,0,5,0,0,3,4,42,0,1,4,3,8,5,9,36,27,19,2,2,1,1,0,0,0,0,0,0,0,0,0,1,0,1,0,0,0,83,59,13,7,17,22,4,8,45,1,0,6,5,56,0,0,0,21,14,75,6,21,29,17,9,1,17,23,5,3,1,22,10,13,11,4,0,0,31,0,1,0,0,6,0,71,0,0,8,6,0,26,0,34,0,37,11,29,4,12,43,57,43,13,0,23
福井,若狭海遊バザール 千鳥苑 エリア,215,846.0,215,849.0,215,1509.0,215,50,87,78,0,0,3,23,46,77,57,9,0,0,0,79,133,3,1,0,0,0,0,0,0,0,0,0,1,1,10,0,0,2,1,74,0,4,14,2,21,9,12,13,33,12,1,0,0,0,3,0,0,0,0,0,0,0,1,0,0,0,0,0,0,159,31,14,4,7,35,10,18,101,9,0,10,2,8,0,0,0,9,14,69,11,54,7,51,3,1,9,31,3,1,0,35,11,3,7,2,0,0,10,0,7,0,0,2,0,69,0,0,1,4,0,18,0,23,4,49,14,18,6,21,54,73,48,14,0,26
福井,若狭高浜 エリア,358,1530.0,358,1532.0,358,2804.0,358,134,156,68,3,1,13,35,83,118,97,8,0,0,0,156,186,16,0,0,0,0,0,0,0,0,0,0,0,1,15,6,0,0,3,104,0,1,7,2,17,10,17,71,46,39,3,0,1,0,1,2,3,1,6,1,0,0,0,0,0,0,0,0,1,200,82,32,14,30,55,29,14,162,5,0,11,8,42,0,0,0,22,21,131,20,51,13,51,16,0,45,48,5,5,1,34,16,16,31,4,0,0,47,0,8,0,0,3,0,148,0,0,14,13,0,43,0,57,2,58,19,54,21,23,86,97,101,40,0,34
福井,赤礁崎オートキャンプ場 エリア,59,265.0,59,262.0,59,492.0,59,30,20,9,0,1,3,8,19,14,14,0,0,0,0,26,31,2,0,0,0,0,0,0,0,0,0,0,0,0,0,1,0,0,1,5,0,0,1,0,2,0,11,21,10,5,2,0,0,0,0,0,0,0,0,0,0,0,0,0,0,0,0,0,0,21,29,7,2,0,4,1,8,13,0,0,1,1,20,0,0,0,6,4,13,0,1,0,6,1,0,45,0,1,2,0,4,1,0,2,2,0,0,5,0,1,0,0,4,0,28,0,0,5,0,0,2,0,14,0,4,5,3,1,2,10,26,15,1,0,7
福井,越前そばの里 エリア,4856,21218.0,4856,21389.0,4856,38686.0,4856,2112,1775,969,13,44,382,488,758,1606,1238,304,22,1,0,2225,2510,121,8,2,2,8,1,1,9,9,6,7,41,30,115,65,10,111,242,1910,1,12,322,30,609,142,247,247,342,179,57,12,5,1,21,13,3,5,7,3,2,5,0,1,2,1,6,3,1,2840,1279,433,118,186,518,264,294,1996,52,2,444,125,315,0,0,0,549,858,2698,199,671,287,612,126,66,64,289,94,22,25,350,314,239,389,26,0,0,299,0,43,0,0,34,0,1598,0,0,65,472,0,569,0,1154,32,553,96,585,85,476,1124,1736,1137,324,0,535
福井,越前和紙の里 エリア,367,1473.0,367,1481.0,367,2646.0,367,108,125,134,0,2,20,36,82,102,90,31,4,0,0,159,190,18,3,0,0,1,0,0,1,1,0,0,3,7,13,8,0,4,30,110,0,5,21,3,67,4,13,20,25,19,4,1,1,0,2,0,0,0,0,0,0,0,0,0,0,0,0,0,1,200,85,37,13,32,67,31,22,123,38,0,11,4,23,0,0,0,18,37,121,18,91,32,46,22,4,4,53,34,1,1,40,24,4,23,1,0,0,25,0,5,0,0,4,0,145,0,0,5,6,0,43,0,42,4,85,21,33,8,20,83,123,102,21,0,38
福井,越前大仏 エリア,369,1509.0,369,1484.0,369,2683.0,369,107,117,145,0,3,26,48,137,102,41,12,0,0,0,124,232,13,5,0,1,1,0,0,0,2,1,3,13,11,26,8,3,7,16,46,1,3,19,8,44,4,74,6,27,17,2,2,0,0,6,3,0,3,0,1,0,5,1,0,0,0,0,0,0,153,108,62,22,24,66,39,26,103,5,0,51,4,31,0,0,0,14,34,119,33,163,68,22,7,3,6,43,10,3,0,47,19,9,15,1,0,0,44,0,6,0,0,1,0,177,0,0,5,8,0,60,0,39,2,45,12,32,13,20,120,103,62,31,0,53
福井,越前大野城・城下町 エリア,2256,9461.0,2256,9408.0,2256,17250.0,2256,726,1005,525,2,12,157,213,386,813,571,91,10,1,0,1059,1112,85,15,0,3,5,2,5,4,6,9,10,45,46,153,90,8,53,138,686,4,10,106,57,286,39,55,64,172,85,31,8,1,1,15,3,3,4,4,9,4,8,1,0,1,2,2,1,2,1069,540,336,162,149,391,105,138,993,14,1,133,19,168,0,0,0,144,295,827,170,1041,202,195,95,16,60,438,19,6,10,192,122,39,106,32,0,0,212,0,45,0,0,30,0,962,0,0,44,120,0,510,0,265,15,479,134,276,89,95,433,823,532,195,0,273
福井,越前松島水族館 エリア,674,2918.0,674,2899.0,674,5454.0,674,271,303,100,2,4,33,127,121,122,221,40,4,0,0,324,328,22,0,1,0,1,0,0,3,4,2,3,17,13,37,23,0,15,51,156,0,7,12,6,86,6,26,33,87,60,4,5,1,2,6,1,0,1,0,0,1,3,0,0,0,0,0,0,1,170,292,147,42,23,48,28,26,270,1,0,29,2,165,0,0,0,148,218,290,28,148,200,28,12,3,23,51,14,1,0,39,17,7,20,3,0,0,50,0,15,0,0,9,0,270,0,0,97,27,0,159,0,65,0,103,23,51,14,23,126,277,163,60,0,48
福井,越前海岸 くりや旅館街 エリア,292,1326.0,292,1330.0,292,2455.0,292,146,111,35,0,1,16,30,43,84,94,23,1,0,0,118,160,14,0,0,0,0,0,0,2,3,1,4,5,5,46,14,0,1,2,25,1,3,13,4,35,7,8,18,54,26,7,3,0,0,2,1,1,0,0,1,0,0,0,0,0,0,0,0,0,5,208,55,21,3,4,24,16,147,0,0,25,4,12,0,0,0,168,162,241,9,48,20,14,5,2,11,8,7,5,0,12,8,0,20,2,0,0,25,0,3,0,0,11,0,176,0,0,46,8,0,38,0,42,2,10,1,13,8,13,41,111,67,39,0,34
福井,越前海岸 北部 エリア,413,1786.0,413,1788.0,413,3323.0,413,171,173,69,1,0,30,56,83,107,113,20,3,0,0,173,229,11,1,0,0,0,0,0,0,3,0,5,4,6,26,10,2,12,22,151,0,8,23,6,41,7,15,16,32,14,4,2,0,0,2,0,0,0,0,1,0,0,0,0,0,0,0,0,0,147,184,61,11,10,37,20,34,147,4,0,21,4,69,0,0,0,71,178,192,25,64,42,18,8,1,43,30,9,3,1,32,17,6,20,7,0,0,50,0,9,0,0,4,0,204,0,0,27,25,0,77,0,63,4,54,15,45,14,22,92,142,102,38,0,39
福井,越前海岸 茂原民宿街 エリア,36,162.0,36,163.0,36,312.0,36,22,11,3,0,0,2,4,8,12,9,1,0,0,0,17,18,1,0,0,0,0,0,0,0,0,0,0,2,0,0,1,0,1,3,4,0,1,3,0,8,0,6,4,2,1,0,0,0,0,0,0,0,0,0,0,0,0,0,0,0,0,0,0,0,1,33,1,0,1,0,1,8,9,1,0,3,1,5,0,0,0,7,6,25,0,8,1,3,1,0,3,3,1,2,2,1,0,1,5,0,0,0,1,0,1,0,0,0,0,19,0,0,6,0,0,1,0,11,0,2,1,1,1,3,8,11,10,2,0,5
福井,越前海岸 越前岬 エリア,339,1410.0,339,1418.0,339,2556.0,339,123,122,94,1,2,12,31,53,89,123,27,0,1,0,118,208,13,0,0,0,0,0,0,1,2,0,5,4,2,14,4,0,7,20,116,5,5,25,2,60,3,12,9,22,10,7,0,0,0,0,1,0,0,2,1,0,0,0,0,0,0,0,0,0,186,87,38,12,16,30,16,37,136,12,0,24,1,31,0,0,0,33,75,178,55,73,17,32,14,1,7,20,1,6,1,34,13,2,17,5,0,0,37,0,12,0,0,6,0,144,0,0,13,17,0,68,0,35,3,86,23,38,12,27,79,106,81,26,0,47
福井,越前海岸 高佐米ノ旅館街 エリア,150,639.0,150,641.0,150,1188.0,150,56,68,26,0,0,6,12,34,48,40,10,0,0,0,64,82,4,0,0,0,0,0,0,0,0,0,0,3,0,3,4,0,0,6,22,0,1,8,2,35,7,16,9,17,12,4,0,0,0,0,0,0,0,0,0,0,1,0,0,0,0,0,0,0,57,68,15,6,4,16,11,10,63,4,0,9,1,11,0,0,0,24,70,91,1,11,9,14,5,0,15,7,4,8,4,8,4,1,9,2,0,0,11,0,3,0,0,0,0,85,0,0,8,7,0,16,0,24,0,23,2,17,3,2,40,52,31,19,0,8
福井,越前漁港 エリア,70,309.0,70,310.0,70,594.0,70,40,21,9,0,0,5,6,10,27,16,6,0,0,0,23,43,4,0,0,0,0,0,0,0,0,0,0,1,0,1,2,0,0,4,28,0,0,6,5,6,4,5,2,3,2,0,0,0,0,0,0,0,0,1,0,0,0,0,0,0,0,0,0,0,43,19,5,1,2,7,6,7,29,0,0,3,1,7,0,0,0,3,15,45,7,8,5,8,6,0,2,2,0,0,0,8,1,1,2,1,0,0,13,0,1,0,0,3,0,29,0,0,2,3,0,9,0,16,0,5,0,6,3,1,18,26,13,3,0,10
福井,越前陶芸村 エリア,571,2436.0,571,2424.0,571,4428.0,571,217,215,139,4,3,29,70,101,214,119,27,3,1,0,224,338,9,5,0,0,0,0,0,1,0,0,1,3,9,15,7,3,2,43,318,2,4,10,11,38,11,13,16,26,23,5,0,0,0,3,0,0,1,1,0,0,0,0,0,0,0,0,0,0,360,105,56,21,29,72,32,30,236,4,0,38,1,64,0,0,0,49,80,189,62,91,43,76,97,3,9,54,20,3,1,65,28,11,27,4,0,0,54,0,7,0,0,5,0,196,0,0,21,30,0,83,0,76,3,131,19,50,17,27,126,196,112,49,0,88
福井,道の駅「シーサイド高浜」 エリア,451,1743.0,451,1748.0,451,3060.0,451,112,149,190,1,0,19,50,95,167,107,11,1,0,0,219,219,13,3,0,0,0,0,1,2,1,0,1,4,4,13,3,1,0,7,118,0,3,19,2,24,13,18,88,45,63,4,2,1,0,4,2,1,0,2,0,0,1,0,0,0,1,0,0,0,250,93,31,23,54,116,12,16,181,1,0,11,9,53,0,0,0,17,97,112,19,71,17,43,20,2,40,44,2,6,1,89,21,31,29,2,0,0,25,0,8,0,0,3,0,160,0,0,10,8,0,36,0,48,1,101,37,31,17,36,115,140,125,19,0,52
福井,道の駅「パークイン丹生ヶ丘」 エリア,823,3321.0,823,3309.0,823,5736.0,823,195,314,314,4,3,37,117,139,256,223,41,3,0,0,329,472,22,3,0,0,0,0,0,1,0,0,0,13,2,22,17,0,12,58,446,1,5,30,9,44,7,27,28,49,25,13,2,1,0,4,0,0,1,0,1,0,1,0,0,0,0,0,1,0,470,219,77,22,35,106,45,45,343,2,0,47,5,126,0,0,0,91,203,267,46,99,72,92,52,6,20,64,13,0,3,99,38,18,50,4,0,0,46,0,9,0,0,3,0,265,0,0,41,21,0,94,0,110,4,171,31,106,19,53,202,291,182,52,0,96
福井,道の駅「三方五湖」  エリア,1469,6160.0,1469,6093.0,1469,11345.0,1469,512,619,338,3,9,79,154,253,517,365,79,10,0,0,621,801,47,5,1,0,4,1,1,5,3,7,2,21,18,65,37,9,18,56,355,2,13,57,22,146,27,89,131,147,153,12,8,4,5,20,4,1,4,5,3,2,4,0,0,0,0,0,1,1,510,584,190,84,101,153,77,119,645,15,0,77,24,123,0,0,0,247,336,642,114,354,132,132,44,6,78,168,16,8,20,213,57,35,85,16,0,0,114,0,28,0,0,13,0,655,0,0,65,53,0,208,0,174,13,300,77,125,55,88,271,490,375,113,0,220
福井,道の駅「南えちぜん山海里」 エリア,2379,10365.0,2379,10275.0,2379,19383.0,2379,1087,903,389,3,15,126,370,483,815,480,79,7,1,0,969,1316,94,3,2,0,2,1,1,1,2,2,1,15,10,47,37,18,48,150,682,5,10,92,49,294,39,145,134,298,171,49,16,1,3,19,9,2,6,5,3,1,2,0,1,2,0,0,0,1,992,791,335,120,141,330,104,105,940,9,1,159,25,346,0,0,0,200,307,798,133,358,250,382,90,25,48,209,29,33,9,309,167,82,190,19,0,0,181,0,35,0,0,23,0,768,0,0,53,113,0,234,0,298,15,435,101,283,69,262,460,770,637,165,0,347
福井,道の駅「恐竜渓谷かつやま」 エリア,1956,8240.0,1956,8144.0,1956,15079.0,1956,716,732,508,7,16,147,341,445,598,331,66,5,0,0,760,1126,70,11,0,5,7,0,2,4,4,6,11,36,19,92,65,4,35,105,604,8,24,84,38,197,30,125,65,187,90,29,7,5,1,11,7,4,8,6,7,0,4,1,2,2,1,0,3,0,897,555,262,116,126,273,101,104,716,3,0,132,16,340,0,0,0,103,207,451,84,321,526,217,72,16,54,189,20,68,10,250,101,42,127,13,0,0,192,0,33,0,0,17,0,736,0,0,36,77,0,208,0,203,8,304,70,233,52,163,413,611,578,121,0,233
福井,道の駅「禅の里」 エリア,851,3458.0,851,3449.0,851,6215.0,851,214,367,270,1,6,39,117,152,275,213,44,4,0,0,400,417,34,3,1,1,3,0,0,2,1,0,6,6,7,43,17,1,19,76,333,0,11,44,11,67,12,21,23,68,35,17,4,0,0,5,3,2,2,2,0,1,4,0,0,0,0,0,0,0,477,203,84,43,44,135,44,37,399,1,0,43,5,87,0,0,0,40,97,280,39,138,123,100,30,4,22,73,7,6,5,129,34,17,60,11,0,0,56,0,2,0,0,4,0,267,0,0,5,23,0,123,0,98,4,132,35,88,13,94,163,312,212,55,0,109
福井,道の駅「若狭おばま」 エリア,1580,6821.0,1580,6787.0,1580,12589.0,1580,639,633,308,2,12,65,224,331,561,330,54,1,0,0,637,881,62,13,2,0,1,0,0,2,2,1,1,20,15,53,23,2,19,40,389,2,12,61,13,106,24,199,180,172,152,18,4,5,6,15,6,2,4,4,3,0,5,0,2,0,1,0,0,1,850,413,149,73,95,252,81,79,709,6,1,129,19,119,0,0,0,136,128,636,80,313,60,304,49,5,74,237,23,8,12,240,84,41,114,9,0,0,127,0,32,0,0,18,0,674,0,0,36,58,0,162,0,166,2,304,91,177,47,110,369,480,386,105,0,240
福井,道の駅「西山公園」 エリア,801,3395.0,801,3365.0,801,6219.0,801,298,324,179,1,2,49,115,143,255,197,35,4,0,0,315,453,33,9,0,2,1,0,0,1,1,1,1,8,7,21,9,2,10,60,379,1,2,26,8,54,13,26,36,67,28,9,3,0,0,3,4,1,2,1,3,0,1,0,0,0,0,0,1,0,471,175,82,31,42,142,39,30,338,5,0,52,5,88,0,0,0,44,61,203,94,129,93,133,43,17,7,95,8,2,1,100,35,10,63,10,0,0,55,0,21,0,0,4,0,244,0,0,19,43,0,89,0,105,2,130,37,93,23,60,205,278,159,45,0,114
福井,道の駅「越前」 エリア,1816,7554.0,1816,7587.0,1816,14089.0,1816,676,718,422,9,19,107,245,323,621,409,80,3,0,0,763,1003,50,8,2,1,1,1,0,3,6,8,12,39,22,78,30,4,18,88,591,1,12,93,37,176,61,124,122,155,71,12,6,0,0,10,8,2,3,1,1,0,6,0,2,0,0,0,1,0,904,515,210,86,101,186,132,114,827,3,0,105,12,207,0,0,0,164,486,824,86,276,134,249,96,11,74,131,25,11,6,234,53,15,102,6,0,0,138,0,29,0,0,22,0,755,0,0,55,65,0,205,0,229,7,320,93,241,79,122,381,629,457,124,0,225
福井,道の駅「越前おおの荒島の郷」 エリア,1390,6037.0,1390,5974.0,1390,11338.0,1390,648,512,230,3,3,55,171,241,498,345,71,3,0,0,573,754,63,1,0,2,1,0,1,0,1,3,2,25,11,42,30,2,11,108,544,2,15,138,28,234,17,29,25,69,21,14,1,0,1,2,6,0,0,2,1,0,0,0,0,0,0,0,0,1,789,312,152,48,89,200,62,76,676,11,0,62,4,141,0,0,0,69,173,431,116,257,131,261,67,4,68,143,14,14,4,260,75,17,82,12,0,0,91,0,21,0,0,11,0,462,0,0,19,85,0,159,0,186,11,232,73,144,36,148,290,451,339,75,0,235
福井,道の駅みくに ふれあいパーク三里浜 エリア,1096,4493.0,1096,4506.0,1096,8113.0,1096,327,444,325,5,5,46,129,200,378,255,74,4,0,0,481,582,33,4,1,0,3,0,1,1,1,1,6,18,10,57,22,1,11,104,375,3,8,31,31,100,14,36,64,95,49,23,9,1,0,3,2,1,4,3,0,0,1,0,0,0,1,0,1,0,431,391,174,42,58,162,65,51,453,1,0,72,32,116,0,0,0,105,167,366,39,171,119,174,61,13,31,94,10,3,5,125,46,66,58,11,0,0,82,0,16,0,0,8,0,367,0,0,55,37,0,93,0,169,2,171,32,141,22,70,228,381,276,62,0,149
福井,金ヶ崎 エリア,1579,6562.0,1579,6572.0,1579,11708.0,1579,453,679,447,2,17,126,253,308,480,337,50,5,1,0,709,823,47,6,2,1,3,3,3,0,10,7,8,30,28,98,54,2,25,73,264,2,7,70,18,176,30,147,105,202,120,27,4,0,0,20,8,1,1,8,3,1,7,0,0,1,0,0,4,0,730,468,205,85,91,288,95,107,601,15,0,84,26,164,0,0,0,127,181,670,85,561,145,128,84,18,35,366,17,1,3,145,51,37,82,10,0,0,142,0,40,0,0,21,0,723,0,0,23,59,0,219,0,139,9,340,88,223,51,71,310,500,407,137,0,225
福井,青葉山ハーバルビレッジ エリア,52,230.0,52,225.0,52,410.0,52,27,13,12,1,0,3,10,8,12,14,4,0,0,0,22,30,0,0,0,0,0,0,0,0,0,0,0,0,0,0,0,0,0,0,16,0,0,1,0,1,0,1,19,9,3,1,0,0,0,1,0,0,0,0,0,0,0,0,0,0,0,0,0,0,39,10,2,0,1,6,0,6,14,0,0,4,0,16,0,0,0,1,2,19,4,3,3,3,3,0,15,4,1,2,0,7,4,1,7,1,0,0,7,0,0,0,0,0,0,15,0,0,2,0,0,5,0,16,0,8,0,3,1,3,18,14,10,4,0,6
