日付,TIF,移動元,移動先,回答数
2023-04-28,福井,うみんぴあ大飯 エリア,一乗谷朝倉氏遺跡,1
2023-04-28,福井,一乗谷朝倉氏遺跡,大本山 永平寺 エリア,1
2023-04-28,福井,一乗谷朝倉氏遺跡 エリア,越前大野城,1
2023-04-28,福井,丸岡城,うみんぴあ大飯 エリア,1
2023-04-28,福井,丸岡城,一乗谷朝倉氏遺跡 エリア,1
2023-04-28,福井,丸岡城,北潟湖 エリア,1
2023-04-28,福井,北潟湖 エリア,一乗谷朝倉氏遺跡,1
2023-04-28,福井,大本山 永平寺 エリア,丸岡城,1
2023-04-28,福井,大本山永平寺,一乗谷朝倉氏遺跡 エリア,1
2023-04-28,福井,福井駅前 エリア（宿泊施設）,福井駅,1
2023-04-28,福井,越前海岸 北部 エリア,丸岡城,1
2023-04-28,福井,越前陶芸村,越前海岸 越前岬 エリア,1
2023-04-28,福井,道の駅「三方五湖」  エリア,大本山永平寺,1
2023-04-29,福井,JR敦賀駅前 エリア,敦賀赤レンガ倉庫,1
2023-04-29,福井,JR芦原温泉駅 エリア,吉崎御坊跡,1
2023-04-29,福井,JR芦原温泉駅 エリア,金沢駅周辺（石川県）,1
2023-04-29,福井,あわら湯のまち エリア,山中温泉（石川県）,1
2023-04-29,福井,あわら湯のまち エリア,東尋坊,1
2023-04-29,福井,あわら湯のまち エリア,酒蔵,1
2023-04-29,福井,あわら湯のまち エリア,金津創作の森,1
2023-04-29,福井,はたや記念館 ゆめおーれ勝山 エリア,道の駅「越前おおの荒島の郷」,1
2023-04-29,福井,びわ湖（滋賀県）,熊川宿 エリア,1
2023-04-29,福井,ふくい鮮いちば エリア,越前大野城,1
2023-04-29,福井,まちの市場 こってコテいけだ エリア,ツリーピクニックアドベンチャーいけだ,1
2023-04-29,福井,ゆりの里公園ユリーム春江,道の駅みくに ふれあいパーク三里浜 エリア,1
2023-04-29,福井,レインボーライン,うみんぴあ大飯 エリア,1
2023-04-29,福井,レインボーライン,大本山 永平寺 エリア,1
2023-04-29,福井,レインボーライン,道の駅「南えちぜん山海里」 エリア,1
2023-04-29,福井,レインボーライン エリア,大本山永平寺,1
2023-04-29,福井,レインボーライン エリア,道の駅「うみんぴあ大飯」,1
2023-04-29,福井,一乗谷朝倉氏遺跡,一乗谷朝倉氏遺跡 エリア,1
2023-04-29,福井,一乗谷朝倉氏遺跡,北潟湖 エリア,1
2023-04-29,福井,一乗谷朝倉氏遺跡,北陸新幹線 越前たけふ駅 エリア,1
2023-04-29,福井,一乗谷朝倉氏遺跡,越前そばの里 エリア,1
2023-04-29,福井,一乗谷朝倉氏遺跡,越前大野城・城下町 エリア,1
2023-04-29,福井,一乗谷朝倉氏遺跡,道の駅「恐竜渓谷かつやま」 エリア,1
2023-04-29,福井,一乗谷朝倉氏遺跡 エリア,一乗谷朝倉氏遺跡,1
2023-04-29,福井,一乗谷朝倉氏遺跡 エリア,越前大野城,1
2023-04-29,福井,丸岡城,あわら湯のまち エリア,1
2023-04-29,福井,丸岡城,劔神社 エリア,1
2023-04-29,福井,丸岡城,越前大野城・城下町 エリア,1
2023-04-29,福井,丸岡城 エリア,越前大仏,1
2023-04-29,福井,人道の港 敦賀ムゼウム,金ヶ崎 エリア,1
2023-04-29,福井,劔神社 エリア,越前大野城,1
2023-04-29,福井,北の庄城址・柴田公園,大本山 永平寺 エリア,1
2023-04-29,福井,北潟湖 エリア,岡太神社・大瀧神社,1
2023-04-29,福井,北陸新幹線 越前たけふ駅 エリア,「ちひろの生まれた家」記念館,1
2023-04-29,福井,北陸新幹線 越前たけふ駅 エリア,氣比神宮,1
2023-04-29,福井,大本山 永平寺 エリア,かずら橋,1
2023-04-29,福井,大本山永平寺,あわら湯のまち エリア,1
2023-04-29,福井,大本山永平寺,ふくい鮮いちば エリア,1
2023-04-29,福井,大本山永平寺,北陸新幹線 越前たけふ駅 エリア,1
2023-04-29,福井,小浜市水産食品センター（若狭小浜お魚センター）,明通寺 エリア,1
2023-04-29,福井,小浜市水産食品センター（若狭小浜お魚センター）,若狭フィッシャーマンズワーフ エリア,1
2023-04-29,福井,平泉寺白山神社,道の駅「南えちぜん山海里」 エリア,1
2023-04-29,福井,敦賀市立博物館 エリア,日本海さかな街,1
2023-04-29,福井,敦賀駅,日本海さかな街 エリア,1
2023-04-29,福井,敦賀駅,紫式部公園 エリア,1
2023-04-29,福井,日本海さかな街,明通寺 エリア,1
2023-04-29,福井,日本海さかな街,紫式部公園 エリア,1
2023-04-29,福井,日本海さかな街,越前そばの里 エリア,1
2023-04-29,福井,日本海さかな街,道の駅「三方五湖」  エリア,1
2023-04-29,福井,明通寺 エリア,若狭フィッシャーマンズワーフ,1
2023-04-29,福井,東尋坊,JR芦原温泉駅 エリア,1
2023-04-29,福井,東尋坊,あわら湯のまち エリア,3
2023-04-29,福井,東尋坊,道の駅「越前」 エリア,1
2023-04-29,福井,武生駅 エリア,「ちひろの生まれた家」記念館,1
2023-04-29,福井,武生駅 エリア,岡太神社・大瀧神社,1
2023-04-29,福井,氣比神宮,JR敦賀駅前 エリア,1
2023-04-29,福井,氣比神宮,敦賀市立博物館 エリア,1
2023-04-29,福井,湖上館パムコ（水月湖）エリア,一乗谷朝倉氏遺跡,1
2023-04-29,福井,熊川宿 エリア,道の駅「若狭おばま」,1
2023-04-29,福井,福井県立恐竜博物館,道の駅「恐竜渓谷かつやま」 エリア,1
2023-04-29,福井,福井駅前 エリア,丸岡城,1
2023-04-29,福井,福井駅前 エリア,氣比神宮,1
2023-04-29,福井,紫式部公園 エリア,日本海さかな街,1
2023-04-29,福井,紫式部公園 エリア,越前がにミュージアム,1
2023-04-29,福井,紫式部公園 エリア,越前打刃物会館,1
2023-04-29,福井,若狭フィッシャーマンズワーフ エリア,御食国若狭おばま食文化館,1
2023-04-29,福井,若狭瓜割名水公園 瓜割の滝,御食国若狭おばま食文化館 エリア,1
2023-04-29,福井,越前がにミュージアム,北陸新幹線 越前たけふ駅 エリア,1
2023-04-29,福井,越前そばの里 エリア,ふれあいパーク三里浜(道の駅「みくに」),1
2023-04-29,福井,越前そばの里 エリア,東尋坊,1
2023-04-29,福井,越前そばの里 エリア,越前がにミュージアム,1
2023-04-29,福井,越前そばの里 エリア,越前大野城,1
2023-04-29,福井,越前大仏,あわら湯のまち エリア,1
2023-04-29,福井,越前大野城,丸岡城 エリア,1
2023-04-29,福井,越前大野城,湖上館パムコ（水月湖）エリア,2
2023-04-29,福井,越前大野城,越前大野城・城下町 エリア,1
2023-04-29,福井,越前大野城,越前海岸 越前岬 エリア,1
2023-04-29,福井,越前大野城・城下町 エリア,丸岡城,1
2023-04-29,福井,越前大野城・城下町 エリア,大本山永平寺,1
2023-04-29,福井,越前大野城・城下町 エリア,越前大野城,1
2023-04-29,福井,越前海岸,紫式部公園 エリア,1
2023-04-29,福井,越前海岸 越前岬 エリア,丸岡城,1
2023-04-29,福井,道の駅「一乗谷あさくら水の駅」,一乗谷朝倉氏遺跡 エリア,2
2023-04-29,福井,道の駅「九頭竜・和泉ふれあい会館」,JR九頭竜湖駅 エリア,1
2023-04-29,福井,道の駅「恐竜渓谷かつやま」,はたや記念館 ゆめおーれ勝山 エリア,1
2023-04-29,福井,道の駅「恐竜渓谷かつやま」 エリア,はたや記念館 ゆめおーれ勝山,1
2023-04-29,福井,道の駅「恐竜渓谷かつやま」 エリア,越前大野城,1
2023-04-29,福井,道の駅「西山公園」,福井駅前 エリア,1
2023-04-29,福井,道の駅「越前おおの荒島の郷」,道の駅「恐竜渓谷かつやま」 エリア,1
2023-04-29,福井,道の駅みくに ふれあいパーク三里浜 エリア,道の駅「さかい」（坂井地域交流センター「いねす」）,1
2023-04-29,福井,金ヶ崎 エリア,道の駅「越前」,1
2023-04-29,福井,青葉山,若狭高浜 エリア,1
2023-04-29,福井,龍双ヶ滝,まちの市場 こってコテいけだ エリア,1
2023-04-30,福井,JR九頭竜湖駅 エリア,越前大野城,1
2023-04-30,福井,JR敦賀駅前 エリア,大本山永平寺,1
2023-04-30,福井,あわら湯のまち エリア,レインボーライン,1
2023-04-30,福井,あわら湯のまち エリア,三國湊レトロ,1
2023-04-30,福井,あわら湯のまち エリア,丸岡城,1
2023-04-30,福井,うみんぴあ大飯 エリア,一乗谷朝倉氏遺跡,1
2023-04-30,福井,きのこの森,若州一滴文庫 エリア,1
2023-04-30,福井,エルパ,越前そばの里 エリア,1
2023-04-30,福井,ファーマーズマーケットきららの丘,JR芦原温泉駅 エリア,1
2023-04-30,福井,フルーツライン エリア,三國湊レトロ,1
2023-04-30,福井,ホテルうみんぴあ,道の駅「シーサイド高浜」 エリア,1
2023-04-30,福井,レインボーライン,明通寺 エリア,1
2023-04-30,福井,一乗谷朝倉氏遺跡,JR敦賀駅前 エリア,1
2023-04-30,福井,一乗谷朝倉氏遺跡,あわら湯のまち エリア,2
2023-04-30,福井,一乗谷朝倉氏遺跡,一乗谷朝倉氏遺跡 エリア,2
2023-04-30,福井,一乗谷朝倉氏遺跡,北潟湖 エリア,1
2023-04-30,福井,一乗谷朝倉氏遺跡,北陸新幹線 越前たけふ駅 エリア,2
2023-04-30,福井,一乗谷朝倉氏遺跡,大本山 永平寺 エリア,1
2023-04-30,福井,一乗谷朝倉氏遺跡,越前海岸 くりや旅館街 エリア,1
2023-04-30,福井,一乗谷朝倉氏遺跡,道の駅「パークイン丹生ヶ丘」 エリア,1
2023-04-30,福井,一乗谷朝倉氏遺跡,道の駅「三方五湖」  エリア,1
2023-04-30,福井,一乗谷朝倉氏遺跡,道の駅「南えちぜん山海里」 エリア,1
2023-04-30,福井,一乗谷朝倉氏遺跡 エリア,一乗谷朝倉氏遺跡,1
2023-04-30,福井,一乗谷朝倉氏遺跡 エリア,丸岡城,1
2023-04-30,福井,一乗谷朝倉氏遺跡 エリア,越前大野城,1
2023-04-30,福井,丸岡城,丸岡城 エリア,1
2023-04-30,福井,丸岡城,大本山 永平寺 エリア,1
2023-04-30,福井,丸岡城,湖上館パムコ（水月湖）エリア,1
2023-04-30,福井,丸岡城 エリア,一乗谷朝倉氏遺跡,1
2023-04-30,福井,丸岡城 エリア,吉崎御坊跡,1
2023-04-30,福井,今庄宿,越前そばの里 エリア,1
2023-04-30,福井,北潟湖 エリア,一乗谷朝倉氏遺跡,1
2023-04-30,福井,北陸新幹線 越前たけふ駅 エリア,レインボーライン,1
2023-04-30,福井,北陸新幹線 越前たけふ駅 エリア,越前がにミュージアム,1
2023-04-30,福井,北陸新幹線 越前たけふ駅 エリア,越前そばの里,1
2023-04-30,福井,吉崎御坊跡,北潟湖 エリア,1
2023-04-30,福井,大本山 永平寺 エリア,丸岡城,1
2023-04-30,福井,大本山 永平寺 エリア,東尋坊,2
2023-04-30,福井,大本山 永平寺 エリア,福井県立恐竜博物館,1
2023-04-30,福井,大本山 永平寺 エリア,福井駅,1
2023-04-30,福井,大本山 永平寺 エリア,越前大野城,1
2023-04-30,福井,大本山 永平寺 エリア,道の駅「さかい」（坂井地域交流センター「いねす」）,1
2023-04-30,福井,大本山永平寺,丸岡城 エリア,1
2023-04-30,福井,大本山永平寺,大本山 永平寺 エリア,1
2023-04-30,福井,大本山永平寺,日本海さかな街 エリア,1
2023-04-30,福井,小浜市水産食品センター（若狭小浜お魚センター）,JR敦賀駅前 エリア,1
2023-04-30,福井,小浜市水産食品センター（若狭小浜お魚センター）,うみんぴあ大飯 エリア,1
2023-04-30,福井,山中温泉（石川県）,北潟湖 エリア,1
2023-04-30,福井,山中温泉（石川県）,大本山 永平寺 エリア,1
2023-04-30,福井,彦根城（滋賀県）,大本山 永平寺 エリア,2
2023-04-30,福井,敦賀赤レンガ倉庫,金ヶ崎 エリア,1
2023-04-30,福井,明通寺 エリア,神宮寺,1
2023-04-30,福井,明通寺 エリア,舞鶴（京都府）,1
2023-04-30,福井,東尋坊,大本山 永平寺 エリア,1
2023-04-30,福井,氣比神宮,福井駅前 エリア,1
2023-04-30,福井,熊川宿,道の駅「三方五湖」  エリア,1
2023-04-30,福井,熊川宿,金ヶ崎 エリア,1
2023-04-30,福井,福井県産業会館,福井駅前 エリア（宿泊施設）,1
2023-04-30,福井,福井駅前 エリア（宿泊施設）,東尋坊,1
2023-04-30,福井,羽賀寺,小浜 エリア（宿泊施設）,1
2023-04-30,福井,若狭フィッシャーマンズワーフ,明通寺 エリア,1
2023-04-30,福井,西山動物園,北陸新幹線 越前たけふ駅 エリア,2
2023-04-30,福井,西山動物園,道の駅「南えちぜん山海里」 エリア,1
2023-04-30,福井,越前そばの里 エリア,越前大野城,1
2023-04-30,福井,越前大仏,北潟湖 エリア,1
2023-04-30,福井,越前大野城,うみんぴあ大飯 エリア,1
2023-04-30,福井,越前大野城,一乗谷朝倉氏遺跡 エリア,2
2023-04-30,福井,越前大野城,北ノ庄 エリア,1
2023-04-30,福井,越前大野城,名勝 養浩館庭園 エリア,1
2023-04-30,福井,越前大野城,大本山 永平寺 エリア,1
2023-04-30,福井,越前大野城,福井駅前 エリア,2
2023-04-30,福井,越前大野城,越前大野城・城下町 エリア,1
2023-04-30,福井,越前大野城・城下町 エリア,一乗谷朝倉氏遺跡,1
2023-04-30,福井,越前海岸 くりや旅館街 エリア,氣比神宮,1
2023-04-30,福井,越前海岸 北部 エリア,福井県立恐竜博物館,1
2023-04-30,福井,道の駅「九頭竜・和泉ふれあい会館」,福井駅前 エリア（宿泊施設）,1
2023-04-30,福井,道の駅「九頭竜・和泉ふれあい会館」,越前大野城・城下町 エリア,2
2023-04-30,福井,道の駅「南えちぜん山海里」 エリア,越前そばの里,1
2023-04-30,福井,道の駅「南えちぜん山海里」 エリア,越前大野城,1
2023-04-30,福井,道の駅「西山公園」,北陸新幹線 越前たけふ駅 エリア,1
2023-04-30,福井,金ヶ崎 エリア,一乗谷朝倉氏遺跡,1
2023-04-30,福井,金ヶ崎 エリア,人道の港 敦賀ムゼウム,1
2023-05-01,福井,JR九頭竜湖駅 エリア,大本山永平寺,1
2023-05-01,福井,JR敦賀駅前 エリア,東尋坊,1
2023-05-01,福井,あわら温泉街,あわら湯のまち エリア,1
2023-05-01,福井,あわら湯のまち エリア,東尋坊,2
2023-05-01,福井,あわら湯のまち エリア,越前海岸,1
2023-05-01,福井,うみんぴあ大飯 エリア,一乗谷朝倉氏遺跡,1
2023-05-01,福井,エルガイアおおい,レインボーライン エリア,1
2023-05-01,福井,レインボーライン エリア,氣比神宮,1
2023-05-01,福井,一乗谷朝倉氏遺跡,あわら湯のまち エリア,1
2023-05-01,福井,一乗谷朝倉氏遺跡,えちぜん鉄道 永平寺口駅 エリア,1
2023-05-01,福井,一乗谷朝倉氏遺跡,一乗谷朝倉氏遺跡 エリア,2
2023-05-01,福井,一乗谷朝倉氏遺跡,三国湊 エリア,1
2023-05-01,福井,一乗谷朝倉氏遺跡,大本山 永平寺 エリア,2
2023-05-01,福井,一乗谷朝倉氏遺跡,湖上館パムコ（水月湖）エリア,1
2023-05-01,福井,一乗谷朝倉氏遺跡,福井駅前 エリア（宿泊施設）,1
2023-05-01,福井,一乗谷朝倉氏遺跡,越前大野城・城下町 エリア,4
2023-05-01,福井,一乗谷朝倉氏遺跡,道の駅「南えちぜん山海里」 エリア,1
2023-05-01,福井,一乗谷朝倉氏遺跡 エリア,東尋坊,1
2023-05-01,福井,一乗谷朝倉氏遺跡 エリア,福井県立恐竜博物館,1
2023-05-01,福井,一乗谷朝倉氏遺跡 エリア,福井駅,2
2023-05-01,福井,一乗谷朝倉氏遺跡 エリア,越前大野城,1
2023-05-01,福井,三国サンセットビーチ,東尋坊 エリア,1
2023-05-01,福井,三国湊 エリア,三國湊レトロ,1
2023-05-01,福井,丸岡城,あわら湯のまち エリア,1
2023-05-01,福井,丸岡城,一乗谷朝倉氏遺跡 エリア,1
2023-05-01,福井,丸岡城,丸岡城 エリア,1
2023-05-01,福井,丸岡城,大本山 永平寺 エリア,2
2023-05-01,福井,兼六園,北潟湖 エリア,1
2023-05-01,福井,劔神社,道の駅「越前」 エリア,1
2023-05-01,福井,北の庄城址・柴田公園,一乗谷朝倉氏遺跡 エリア,1
2023-05-01,福井,北潟湖 エリア,山代温泉（石川県）,1
2023-05-01,福井,北陸新幹線 越前たけふ駅 エリア,御誕生寺,1
2023-05-01,福井,呼鳥門,道の駅「パークイン丹生ヶ丘」 エリア,1
2023-05-01,福井,大本山 永平寺 エリア,一乗谷朝倉氏遺跡,2
2023-05-01,福井,大本山 永平寺 エリア,平泉寺白山神社,1
2023-05-01,福井,大本山 永平寺 エリア,東尋坊,1
2023-05-01,福井,大本山 永平寺 エリア,越前大野城,1
2023-05-01,福井,大本山永平寺,あわら湯のまち エリア,1
2023-05-01,福井,大本山永平寺,えちぜん鉄道 永平寺口駅 エリア,1
2023-05-01,福井,大本山永平寺,一乗谷朝倉氏遺跡 エリア,4
2023-05-01,福井,大本山永平寺,北陸新幹線 越前たけふ駅 エリア,1
2023-05-01,福井,大本山永平寺,大本山 永平寺 エリア,3
2023-05-01,福井,大本山永平寺,平泉寺白山神社 エリア,1
2023-05-01,福井,岡太神社・大瀧神社,大本山 永平寺 エリア,1
2023-05-01,福井,岡太神社・大瀧神社,越前そばの里 エリア,2
2023-05-01,福井,御食国若狭おばま食文化館 エリア,若狭和田ビーチ,1
2023-05-01,福井,敦賀赤レンガ倉庫,あわら湯のまち エリア,1
2023-05-01,福井,敦賀赤レンガ倉庫,金ヶ崎 エリア,1
2023-05-01,福井,東尋坊,一乗谷朝倉氏遺跡 エリア,1
2023-05-01,福井,東尋坊,大本山 永平寺 エリア,2
2023-05-01,福井,東尋坊,道の駅「パークイン丹生ヶ丘」 エリア,1
2023-05-01,福井,東尋坊 エリア,ふれあいパーク三里浜(道の駅「みくに」),1
2023-05-01,福井,氣比神宮,JR敦賀駅前 エリア,1
2023-05-01,福井,氣比神宮,JR芦原温泉駅 エリア,1
2023-05-01,福井,氣比神宮,北ノ庄 エリア,1
2023-05-01,福井,氣比神宮,北潟湖 エリア,1
2023-05-01,福井,氣比神宮,湖上館パムコ（水月湖）エリア,1
2023-05-01,福井,湖上館パムコ（水月湖）エリア,レインボーライン,1
2023-05-01,福井,熊川宿 エリア,敦賀赤レンガ倉庫,1
2023-05-01,福井,福井県立恐竜博物館,道の駅「恐竜渓谷かつやま」 エリア,1
2023-05-01,福井,福井駅前 エリア,東尋坊,1
2023-05-01,福井,福井駅前 エリア（宿泊施設）,北の庄城址・柴田公園,1
2023-05-01,福井,若州一滴文庫 エリア,ホテルうみんぴあ,1
2023-05-01,福井,若狭和田ビーチ,うみんぴあ大飯 エリア,2
2023-05-01,福井,西山動物園,まちの市場 こってコテいけだ エリア,1
2023-05-01,福井,越前そばの里 エリア,大本山永平寺,1
2023-05-01,福井,越前和紙の里,北潟湖 エリア,1
2023-05-01,福井,越前大仏,JR九頭竜湖駅 エリア,1
2023-05-01,福井,越前大仏,一乗谷朝倉氏遺跡 エリア,1
2023-05-01,福井,越前大野城,一乗谷朝倉氏遺跡 エリア,1
2023-05-01,福井,越前大野城,丸岡城 エリア,1
2023-05-01,福井,越前大野城・城下町 エリア,丸岡城,2
2023-05-01,福井,越前大野城・城下町 エリア,氣比神宮,1
2023-05-01,福井,道の駅「シーサイド高浜」 エリア,舞鶴（京都府）,1
2023-05-01,福井,道の駅「恐竜渓谷かつやま」,大本山 永平寺 エリア,1
2023-05-01,福井,道の駅「恐竜渓谷かつやま」 エリア,はたや記念館 ゆめおーれ勝山,1
2023-05-01,福井,道の駅「恐竜渓谷かつやま」 エリア,東尋坊,1
2023-05-01,福井,道の駅「若狭熊川宿」,熊川宿 エリア,1
2023-05-01,福井,道の駅「越前」,紫式部公園 エリア,1
2023-05-01,福井,金ヶ崎 エリア,レインボーライン,1
2023-05-02,福井,JR芦原温泉駅 エリア,東尋坊,1
2023-05-02,福井,あわら温泉街,大本山 永平寺 エリア,1
2023-05-02,福井,あわら湯のまち エリア,あわら温泉屋台村「湯けむり横丁」,1
2023-05-02,福井,あわら湯のまち エリア,ふれあいパーク三里浜(道の駅「みくに」),1
2023-05-02,福井,あわら湯のまち エリア,三國湊レトロ,1
2023-05-02,福井,あわら湯のまち エリア,丸岡城,1
2023-05-02,福井,あわら湯のまち エリア,東尋坊,1
2023-05-02,福井,うみんぴあ大飯 エリア,福井県こども家族館,1
2023-05-02,福井,うみんぴあ大飯 エリア,道の駅「うみんぴあ大飯」,1
2023-05-02,福井,えちぜん鉄道 松岡駅 エリア,越前大野城,1
2023-05-02,福井,えちぜん鉄道 永平寺口駅 エリア,一乗谷朝倉氏遺跡,2
2023-05-02,福井,ふくい鮮いちば エリア,敦賀赤レンガ倉庫,2
2023-05-02,福井,めがねミュージアム,道の駅「西山公園」 エリア,1
2023-05-02,福井,エルガイアおおい,うみんぴあ大飯 エリア,1
2023-05-02,福井,ホテルうみんぴあ,道の駅「シーサイド高浜」 エリア,1
2023-05-02,福井,一乗谷朝倉氏遺跡,あわら湯のまち エリア,1
2023-05-02,福井,一乗谷朝倉氏遺跡,えちぜん鉄道 松岡駅 エリア,1
2023-05-02,福井,一乗谷朝倉氏遺跡,えちぜん鉄道 永平寺口駅 エリア,1
2023-05-02,福井,一乗谷朝倉氏遺跡,一乗谷朝倉氏遺跡 エリア,1
2023-05-02,福井,一乗谷朝倉氏遺跡,大本山 永平寺 エリア,2
2023-05-02,福井,一乗谷朝倉氏遺跡,湖上館パムコ（水月湖）エリア,1
2023-05-02,福井,一乗谷朝倉氏遺跡,越前大野城・城下町 エリア,1
2023-05-02,福井,一乗谷朝倉氏遺跡,道の駅「パークイン丹生ヶ丘」 エリア,1
2023-05-02,福井,一乗谷朝倉氏遺跡,道の駅「恐竜渓谷かつやま」 エリア,1
2023-05-02,福井,一乗谷朝倉氏遺跡,道の駅「西山公園」 エリア,1
2023-05-02,福井,一乗谷朝倉氏遺跡 エリア,丸岡城,1
2023-05-02,福井,一乗谷朝倉氏遺跡 エリア,越前大野城,1
2023-05-02,福井,三丁町,小浜 エリア（宿泊施設）,1
2023-05-02,福井,三国サンセットビーチ,ふくい鮮いちば エリア,1
2023-05-02,福井,三方五湖,大本山 永平寺 エリア,1
2023-05-02,福井,丸岡城,JR九頭竜湖駅 エリア,1
2023-05-02,福井,丸岡城,えちぜん鉄道 永平寺口駅 エリア,1
2023-05-02,福井,丸岡城,北陸新幹線 越前たけふ駅 エリア,1
2023-05-02,福井,丸岡城,道の駅「恐竜渓谷かつやま」 エリア,1
2023-05-02,福井,人道の港 敦賀ムゼウム,金ヶ崎 エリア,1
2023-05-02,福井,今庄宿,道の駅「南えちぜん山海里」 エリア,2
2023-05-02,福井,今庄宿 エリア,道の駅「南えちぜん山海里」,1
2023-05-02,福井,劔神社 エリア,敦賀赤レンガ倉庫,1
2023-05-02,福井,北潟湖 エリア,一乗谷朝倉氏遺跡,1
2023-05-02,福井,北陸新幹線 越前たけふ駅 エリア,レインボーライン,1
2023-05-02,福井,北陸新幹線 越前たけふ駅 エリア,越前大仏,1
2023-05-02,福井,吉崎御坊跡,ふくい鮮いちば エリア,1
2023-05-02,福井,大本山 永平寺 エリア,一乗谷朝倉氏遺跡,1
2023-05-02,福井,大本山 永平寺 エリア,北の庄城址・柴田公園,1
2023-05-02,福井,大本山 永平寺 エリア,平泉寺白山神社,1
2023-05-02,福井,大本山 永平寺 エリア,東尋坊,2
2023-05-02,福井,大本山 永平寺 エリア,道の駅「西山公園」,1
2023-05-02,福井,大本山永平寺,レインボーライン エリア,1
2023-05-02,福井,大本山永平寺,大本山 永平寺 エリア,1
2023-05-02,福井,宝慶寺,越前大野城・城下町 エリア,1
2023-05-02,福井,岡太神社・大瀧神社,湖上館パムコ（水月湖）エリア,1
2023-05-02,福井,東尋坊,JR芦原温泉駅 エリア,1
2023-05-02,福井,東尋坊,あわら湯のまち エリア,3
2023-05-02,福井,東尋坊,大本山 永平寺 エリア,1
2023-05-02,福井,武生駅 エリア,今庄宿,2
2023-05-02,福井,氣比神宮,レインボーライン エリア,1
2023-05-02,福井,氣比神宮,今庄宿 エリア,1
2023-05-02,福井,氣比神宮,武生駅 エリア,2
2023-05-02,福井,氣比神宮,金ヶ崎 エリア,1
2023-05-02,福井,永平寺,丸岡城 エリア,1
2023-05-02,福井,湖上館パムコ（水月湖）エリア,福井県年縞博物館,1
2023-05-02,福井,福井駅前 エリア,「ちひろの生まれた家」記念館,1
2023-05-02,福井,越前大野城,JR九頭竜湖駅 エリア,1
2023-05-02,福井,越前大野城,北潟湖 エリア,1
2023-05-02,福井,越前大野城,大本山 永平寺 エリア,2
2023-05-02,福井,越前大野城,越前大野城・城下町 エリア,1
2023-05-02,福井,越前大野城・城下町 エリア,一乗谷朝倉氏遺跡,2
2023-05-02,福井,越前大野城・城下町 エリア,敦賀赤レンガ倉庫,1
2023-05-02,福井,越前大野城・城下町 エリア,越前大仏,1
2023-05-02,福井,越前大野城・城下町 エリア,道の駅「越前おおの荒島の郷」,1
2023-05-02,福井,道の駅「うみんぴあ大飯」,うみんぴあ大飯 エリア,1
2023-05-02,福井,道の駅「パークイン丹生ヶ丘」 エリア,敦賀赤レンガ倉庫,1
2023-05-02,福井,道の駅「一乗谷あさくら水の駅」,越前大野城・城下町 エリア,1
2023-05-02,福井,道の駅「南えちぜん山海里」 エリア,今庄宿,1
2023-05-02,福井,道の駅「恐竜渓谷かつやま」 エリア,大本山永平寺,1
2023-05-02,福井,道の駅「越前」,道の駅「越前」 エリア,1
2023-05-02,福井,道の駅「越前」 エリア,劔神社,1
2023-05-02,福井,金ヶ崎 エリア,一乗谷朝倉氏遺跡,1
2023-05-02,福井,金ヶ崎 エリア,敦賀赤レンガ倉庫,1
2023-05-03,福井,JR九頭竜湖駅 エリア,越前大野城,2
2023-05-03,福井,JR九頭竜湖駅 エリア,郡上八幡（岐阜県）,1
2023-05-03,福井,JR敦賀駅前 エリア,日本海さかな街,1
2023-05-03,福井,JR敦賀駅前 エリア,氣比神宮,1
2023-05-03,福井,JR芦原温泉駅 エリア,吉崎御坊跡,1
2023-05-03,福井,あわら温泉街,あわら湯のまち エリア,1
2023-05-03,福井,あわら温泉街,東尋坊 エリア,1
2023-05-03,福井,あわら湯のまち エリア,大本山永平寺,2
2023-05-03,福井,あわら湯のまち エリア,越前大仏,1
2023-05-03,福井,うみんぴあ大飯 エリア,UMIKARA,1
2023-05-03,福井,うみんぴあ大飯 エリア,エルガイアおおい,1
2023-05-03,福井,うみんぴあ大飯 エリア,レインボーライン,1
2023-05-03,福井,うみんぴあ大飯 エリア,御食国若狭おばま食文化館,1
2023-05-03,福井,うみんぴあ大飯 エリア,道の駅「三方五湖」,1
2023-05-03,福井,かずら橋 エリア,越前大野城,1
2023-05-03,福井,ふれあいパーク三里浜(道の駅「みくに」),大本山 永平寺 エリア,1
2023-05-03,福井,エルガイアおおい,うみんぴあ大飯 エリア,2
2023-05-03,福井,スキージャム勝山 エリア,大本山永平寺,1
2023-05-03,福井,ツリーピクニックアドベンチャーいけだ,かずら橋 エリア,1
2023-05-03,福井,レインボーライン,レインボーライン エリア,1
2023-05-03,福井,レインボーライン エリア,御食国若狭おばま食文化館,1
2023-05-03,福井,一乗谷朝倉氏遺跡,一乗谷朝倉氏遺跡 エリア,6
2023-05-03,福井,一乗谷朝倉氏遺跡,大本山 永平寺 エリア,1
2023-05-03,福井,一乗谷朝倉氏遺跡,日本海さかな街 エリア,1
2023-05-03,福井,一乗谷朝倉氏遺跡,明通寺 エリア,1
2023-05-03,福井,一乗谷朝倉氏遺跡,越前大野城・城下町 エリア,1
2023-05-03,福井,一乗谷朝倉氏遺跡 エリア,一乗谷朝倉氏遺跡,1
2023-05-03,福井,一乗谷朝倉氏遺跡 エリア,丸岡城,1
2023-05-03,福井,一乗谷朝倉氏遺跡 エリア,大本山永平寺,2
2023-05-03,福井,一乗谷朝倉氏遺跡 エリア,越前打刃物会館,1
2023-05-03,福井,一乗谷朝倉氏遺跡 エリア,道の駅「西山公園」,2
2023-05-03,福井,三国湊 エリア,一乗谷朝倉氏遺跡,1
2023-05-03,福井,三国湊 エリア,福井駅,1
2023-05-03,福井,三方五湖,明通寺 エリア,1
2023-05-03,福井,丸岡城,レインボーライン エリア,1
2023-05-03,福井,丸岡城,丸岡城 エリア,1
2023-05-03,福井,丸岡城,北潟湖 エリア,1
2023-05-03,福井,丸岡城,福井駅前 エリア,1
2023-05-03,福井,丸岡城,道の駅「越前」 エリア,1
2023-05-03,福井,丸岡城 エリア,一筆啓上 日本一短い手紙の館,1
2023-05-03,福井,丸岡城 エリア,丸岡城,1
2023-05-03,福井,九頭竜湖,道の駅「南えちぜん山海里」 エリア,1
2023-05-03,福井,劔神社 エリア,越前海岸,1
2023-05-03,福井,北の庄城址・柴田公園,あわら湯のまち エリア,1
2023-05-03,福井,北潟湖 エリア,越前大仏,1
2023-05-03,福井,北陸新幹線 越前たけふ駅 エリア,丸岡城,1
2023-05-03,福井,北陸新幹線 越前たけふ駅 エリア,道の駅「若狭熊川宿」,1
2023-05-03,福井,北陸新幹線 越前たけふ駅 エリア,道の駅「西山公園」,1
2023-05-03,福井,千古の家(坪川家住宅),丸岡城 エリア,1
2023-05-03,福井,吉崎御坊跡,かずら橋 エリア,1
2023-05-03,福井,吉崎御坊跡,越前松島水族館 エリア,1
2023-05-03,福井,大本山 永平寺 エリア,レインボーライン,1
2023-05-03,福井,大本山 永平寺 エリア,一乗谷朝倉氏遺跡,3
2023-05-03,福井,大本山 永平寺 エリア,吉崎御坊跡,1
2023-05-03,福井,大本山 永平寺 エリア,大本山永平寺,1
2023-05-03,福井,大本山 永平寺 エリア,山代温泉（石川県）,1
2023-05-03,福井,大本山 永平寺 エリア,岡太神社・大瀧神社,1
2023-05-03,福井,大本山 永平寺 エリア,彦根城（滋賀県）,1
2023-05-03,福井,大本山 永平寺 エリア,敦賀赤レンガ倉庫,1
2023-05-03,福井,大本山 永平寺 エリア,東尋坊,2
2023-05-03,福井,大本山 永平寺 エリア,氣比神宮,1
2023-05-03,福井,大本山 永平寺 エリア,福井県立恐竜博物館,1
2023-05-03,福井,大本山 永平寺 エリア,越前大野城,1
2023-05-03,福井,大本山 永平寺 エリア,越前松島水族館,1
2023-05-03,福井,大本山永平寺,えちぜん鉄道 松岡駅 エリア,1
2023-05-03,福井,大本山永平寺,一乗谷朝倉氏遺跡 エリア,1
2023-05-03,福井,大本山永平寺,大本山 永平寺 エリア,5
2023-05-03,福井,大本山永平寺,道の駅「恐竜渓谷かつやま」 エリア,1
2023-05-03,福井,山代温泉（石川県）,大本山 永平寺 エリア,1
2023-05-03,福井,平泉寺白山神社,一乗谷朝倉氏遺跡 エリア,1
2023-05-03,福井,御食国若狭おばま食文化館 エリア,道の駅「三方五湖」,1
2023-05-03,福井,敦賀赤レンガ倉庫,明通寺 エリア,1
2023-05-03,福井,敦賀赤レンガ倉庫,道の駅「シーサイド高浜」 エリア,1
2023-05-03,福井,敦賀駅,東尋坊 エリア,1
2023-05-03,福井,日本海さかな街,JR敦賀駅前 エリア,1
2023-05-03,福井,明通寺 エリア,ホテルうみんぴあ,1
2023-05-03,福井,明通寺 エリア,三方五湖,1
2023-05-03,福井,明通寺 エリア,国分寺 (小浜市),1
2023-05-03,福井,明通寺 エリア,小浜市水産食品センター（若狭小浜お魚センター）,1
2023-05-03,福井,明通寺 エリア,熊川宿,1
2023-05-03,福井,明通寺 エリア,道の駅「若狭おばま」,1
2023-05-03,福井,東尋坊,三国湊 エリア,1
2023-05-03,福井,東尋坊,大本山 永平寺 エリア,2
2023-05-03,福井,東尋坊,道の駅みくに ふれあいパーク三里浜 エリア,1
2023-05-03,福井,東尋坊 エリア,小松空港（石川県）,1
2023-05-03,福井,武生中央公園,越前そばの里 エリア,1
2023-05-03,福井,気比の松原,日本海さかな街 エリア,1
2023-05-03,福井,氣比神宮,JR九頭竜湖駅 エリア,1
2023-05-03,福井,氣比神宮,大本山 永平寺 エリア,1
2023-05-03,福井,氣比神宮,敦賀市立博物館 エリア,1
2023-05-03,福井,氣比神宮,福井駅前 エリア（宿泊施設）,1
2023-05-03,福井,水晶浜海水浴場,大本山 永平寺 エリア,1
2023-05-03,福井,熊川宿,名田庄 エリア,1
2023-05-03,福井,熊川宿,明通寺 エリア,1
2023-05-03,福井,福井県立恐竜博物館,道の駅「三方五湖」  エリア,1
2023-05-03,福井,福井駅前 エリア（宿泊施設）,大本山永平寺,1
2023-05-03,福井,福井駅前 エリア（宿泊施設）,東尋坊,1
2023-05-03,福井,舞鶴（京都府）,うみんぴあ大飯 エリア,1
2023-05-03,福井,若狭フィッシャーマンズワーフ,御食国若狭おばま食文化館 エリア,1
2023-05-03,福井,若狭三方縄文博物館,明通寺 エリア,1
2023-05-03,福井,西山動物園,越前そばの里 エリア,1
2023-05-03,福井,越前がにミュージアム,劔神社 エリア,1
2023-05-03,福井,越前がにミュージアム,越前海岸 越前岬 エリア,1
2023-05-03,福井,越前和紙の里,北潟湖 エリア,1
2023-05-03,福井,越前和紙の里,道の駅「南えちぜん山海里」 エリア,1
2023-05-03,福井,越前和紙の里 エリア,道の駅「西山公園」,1
2023-05-03,福井,越前大仏,あわら湯のまち エリア,1
2023-05-03,福井,越前大仏,越前和紙の里 エリア,1
2023-05-03,福井,越前大仏,越前陶芸村 エリア,1
2023-05-03,福井,越前大野城,うるしの里 エリア,1
2023-05-03,福井,越前大野城,レインボーライン エリア,1
2023-05-03,福井,越前大野城,一乗谷朝倉氏遺跡 エリア,1
2023-05-03,福井,越前大野城,大本山 永平寺 エリア,1
2023-05-03,福井,越前大野城,福井駅前 エリア（宿泊施設）,1
2023-05-03,福井,越前大野城,越前大野城・城下町 エリア,3
2023-05-03,福井,越前大野城,道の駅「南えちぜん山海里」 エリア,1
2023-05-03,福井,越前大野城,道の駅「恐竜渓谷かつやま」 エリア,2
2023-05-03,福井,越前大野城・城下町 エリア,越前大野城,1
2023-05-03,福井,越前陶芸村,劔神社 エリア,1
2023-05-03,福井,道の駅「さかい」（坂井地域交流センター「いねす」）,道の駅「越前」 エリア,1
2023-05-03,福井,道の駅「シーサイド高浜」 エリア,越前大野城,1
2023-05-03,福井,道の駅「パークイン丹生ヶ丘」,北陸新幹線 越前たけふ駅 エリア,3
2023-05-03,福井,道の駅「パークイン丹生ヶ丘」,道の駅「南えちぜん山海里」 エリア,1
2023-05-03,福井,道の駅「三方五湖」,大本山 永平寺 エリア,1
2023-05-03,福井,道の駅「三方五湖」,熊川宿 エリア,1
2023-05-03,福井,道の駅「三方五湖」,道の駅「三方五湖」  エリア,1
2023-05-03,福井,道の駅「三方五湖」  エリア,越前大野城,1
2023-05-03,福井,道の駅「九頭竜・和泉ふれあい会館」,一乗谷朝倉氏遺跡 エリア,1
2023-05-03,福井,道の駅「南えちぜん山海里」 エリア,びわ湖（滋賀県）,1
2023-05-03,福井,道の駅「恐竜渓谷かつやま」 エリア,越前大仏,1
2023-05-03,福井,道の駅「若狭おばま」,うみんぴあ大飯 エリア,1
2023-05-03,福井,道の駅「若狭熊川宿」,うみんぴあ大飯 エリア,1
2023-05-03,福井,道の駅「若狭熊川宿」,小浜市 阿納 エリア,1
2023-05-03,福井,道の駅「西山公園」,大本山 永平寺 エリア,1
2023-05-03,福井,道の駅「西山公園」,越前そばの里 エリア,1
2023-05-03,福井,道の駅「越前」 エリア,道の駅「パークイン丹生ヶ丘」,1
2023-05-03,福井,道の駅みくに ふれあいパーク三里浜 エリア,福井県立恐竜博物館,1
2023-05-03,福井,金津創作の森,JR芦原温泉駅 エリア,1
2023-05-03,福井,雄島,東尋坊 エリア,1
2023-05-04,福井,JR九頭竜湖駅 エリア,道の駅「九頭竜・和泉ふれあい会館」,1
2023-05-04,福井,JR芦原温泉駅 エリア,三國湊レトロ,1
2023-05-04,福井,JR芦原温泉駅 エリア,東尋坊,1
2023-05-04,福井,あわら温泉屋台村「湯けむり横丁」,あわら湯のまち エリア,1
2023-05-04,福井,あわら温泉街,大本山 永平寺 エリア,1
2023-05-04,福井,あわら湯のまち エリア,東尋坊,2
2023-05-04,福井,あわら湯のまち エリア,越前松島水族館,1
2023-05-04,福井,うみんぴあ大飯 エリア,レインボーライン,1
2023-05-04,福井,かずら橋,北陸新幹線 越前たけふ駅 エリア,1
2023-05-04,福井,めがねミュージアム,あわら湯のまち エリア,1
2023-05-04,福井,サンドーム福井,大本山 永平寺 エリア,1
2023-05-04,福井,フルーツライン エリア,吉崎御坊跡,1
2023-05-04,福井,ホテルうみんぴあ,若狭高浜 エリア,1
2023-05-04,福井,レインボーライン,レインボーライン エリア,2
2023-05-04,福井,レインボーライン,日本海さかな街 エリア,1
2023-05-04,福井,レインボーライン,熊川宿 エリア,1
2023-05-04,福井,レインボーライン エリア,気比の松原,1
2023-05-04,福井,レインボーライン エリア,福井県立恐竜博物館,1
2023-05-04,福井,レインボーライン エリア,道の駅「三方五湖」,1
2023-05-04,福井,一乗谷朝倉氏遺跡,JR芦原温泉駅 エリア,1
2023-05-04,福井,一乗谷朝倉氏遺跡,あわら湯のまち エリア,1
2023-05-04,福井,一乗谷朝倉氏遺跡,一乗谷朝倉氏遺跡 エリア,4
2023-05-04,福井,一乗谷朝倉氏遺跡,北ノ庄 エリア,1
2023-05-04,福井,一乗谷朝倉氏遺跡,大本山 永平寺 エリア,1
2023-05-04,福井,一乗谷朝倉氏遺跡,小浜 エリア（宿泊施設）,1
2023-05-04,福井,一乗谷朝倉氏遺跡,日本海さかな街 エリア,1
2023-05-04,福井,一乗谷朝倉氏遺跡,越前海岸 北部 エリア,1
2023-05-04,福井,一乗谷朝倉氏遺跡,道の駅「越前」 エリア,2
2023-05-04,福井,一乗谷朝倉氏遺跡 エリア,大本山永平寺,1
2023-05-04,福井,一乗谷朝倉氏遺跡 エリア,越前大野城,1
2023-05-04,福井,三方五湖,大本山 永平寺 エリア,1
2023-05-04,福井,三方五湖,熊川宿 エリア,1
2023-05-04,福井,三方五湖,若狭海遊バザール 千鳥苑 エリア,2
2023-05-04,福井,丸岡城,あわら湯のまち エリア,1
2023-05-04,福井,丸岡城,一乗谷朝倉氏遺跡 エリア,1
2023-05-04,福井,丸岡城,丸岡城 エリア,2
2023-05-04,福井,丸岡城,北ノ庄 エリア,1
2023-05-04,福井,丸岡城,大本山 永平寺 エリア,2
2023-05-04,福井,丸岡城,明通寺 エリア,1
2023-05-04,福井,丸岡城,越前大野城・城下町 エリア,1
2023-05-04,福井,丸岡城 エリア,一乗谷朝倉氏遺跡,1
2023-05-04,福井,丸岡城 エリア,道の駅「さかい」（坂井地域交流センター「いねす」）,1
2023-05-04,福井,五湖の駅,レインボーライン エリア,1
2023-05-04,福井,劔神社 エリア,越前がにミュージアム,1
2023-05-04,福井,北の庄城址・柴田公園,名勝 養浩館庭園 エリア,1
2023-05-04,福井,北の庄城址・柴田公園,福井駅前 エリア,1
2023-05-04,福井,北の庄城址・柴田公園,福井駅前 エリア（宿泊施設）,1
2023-05-04,福井,北潟湖 エリア,一乗谷朝倉氏遺跡,2
2023-05-04,福井,北陸新幹線 越前たけふ駅 エリア,敦賀赤レンガ倉庫,1
2023-05-04,福井,大本山 永平寺 エリア,あわら温泉街,1
2023-05-04,福井,大本山 永平寺 エリア,うるしの里,1
2023-05-04,福井,大本山 永平寺 エリア,一乗谷朝倉氏遺跡,3
2023-05-04,福井,大本山 永平寺 エリア,丸岡城,2
2023-05-04,福井,大本山 永平寺 エリア,九頭竜湖,1
2023-05-04,福井,大本山 永平寺 エリア,大本山永平寺,1
2023-05-04,福井,大本山 永平寺 エリア,東尋坊,3
2023-05-04,福井,大本山 永平寺 エリア,福井駅,2
2023-05-04,福井,大本山 永平寺 エリア,越前大仏,2
2023-05-04,福井,大本山 永平寺 エリア,越前大野城,2
2023-05-04,福井,大本山 永平寺 エリア,道の駅「越前おおの荒島の郷」,1
2023-05-04,福井,大本山永平寺,一乗谷朝倉氏遺跡 エリア,1
2023-05-04,福井,大本山永平寺,北陸新幹線 越前たけふ駅 エリア,1
2023-05-04,福井,大本山永平寺,大本山 永平寺 エリア,6
2023-05-04,福井,大本山永平寺,東尋坊 エリア,1
2023-05-04,福井,大本山永平寺,道の駅「南えちぜん山海里」 エリア,1
2023-05-04,福井,大本山永平寺,道の駅「西山公園」 エリア,1
2023-05-04,福井,大本山永平寺,道の駅みくに ふれあいパーク三里浜 エリア,1
2023-05-04,福井,小浜市まちの駅 エリア,道の駅「若狭おばま」,1
2023-05-04,福井,小浜市まちの駅・旭座,明通寺 エリア,1
2023-05-04,福井,平泉寺白山神社,一乗谷朝倉氏遺跡 エリア,2
2023-05-04,福井,平泉寺白山神社 エリア,一乗谷朝倉氏遺跡,1
2023-05-04,福井,御食国若狭おばま食文化館 エリア,レインボーライン,1
2023-05-04,福井,敦賀赤レンガ倉庫,紫式部公園 エリア,1
2023-05-04,福井,敦賀赤レンガ倉庫,金ヶ崎 エリア,2
2023-05-04,福井,日本海さかな街,日本海さかな街 エリア,1
2023-05-04,福井,日本海さかな街 エリア,氣比神宮,2
2023-05-04,福井,明通寺,明通寺 エリア,1
2023-05-04,福井,明通寺,若狭フィッシャーマンズワーフ エリア,1
2023-05-04,福井,明通寺 エリア,三方五湖,1
2023-05-04,福井,明通寺 エリア,敦賀赤レンガ倉庫,1
2023-05-04,福井,明通寺 エリア,気比の松原,1
2023-05-04,福井,明通寺 エリア,熊川宿,1
2023-05-04,福井,明通寺 エリア,若狭瓜割名水公園 瓜割の滝,2
2023-05-04,福井,東尋坊,あわら湯のまち エリア,1
2023-05-04,福井,東尋坊,丸岡城 エリア,1
2023-05-04,福井,東尋坊,北潟湖 エリア,1
2023-05-04,福井,東尋坊,大本山 永平寺 エリア,1
2023-05-04,福井,東尋坊,越前海岸 くりや旅館街 エリア,1
2023-05-04,福井,東尋坊,道の駅「越前」 エリア,2
2023-05-04,福井,氣比神宮,だるまちゃん広場 エリア,1
2023-05-04,福井,氣比神宮,レインボーライン エリア,1
2023-05-04,福井,氣比神宮,北陸新幹線 越前たけふ駅 エリア,1
2023-05-04,福井,氣比神宮,敦賀市立博物館 エリア,1
2023-05-04,福井,氣比神宮,水島 エリア,1
2023-05-04,福井,氣比神宮,熊川宿 エリア,1
2023-05-04,福井,氣比神宮,道の駅「三方五湖」  エリア,1
2023-05-04,福井,水島 エリア,氣比神宮,1
2023-05-04,福井,熊川宿,明通寺 エリア,2
2023-05-04,福井,熊川宿 エリア,若狭歴史博物館,1
2023-05-04,福井,白山平泉寺歴史探遊館 まほろば,大本山 永平寺 エリア,1
2023-05-04,福井,福井県年縞博物館,道の駅「三方五湖」  エリア,1
2023-05-04,福井,福井県立恐竜博物館,大本山 永平寺 エリア,1
2023-05-04,福井,福井駅,大本山 永平寺 エリア,1
2023-05-04,福井,紫式部公園 エリア,一乗谷朝倉氏遺跡,1
2023-05-04,福井,若狭フィッシャーマンズワーフ,御食国若狭おばま食文化館 エリア,1
2023-05-04,福井,若狭フィッシャーマンズワーフ エリア,熊川宿,1
2023-05-04,福井,若狭三方縄文博物館,明通寺 エリア,1
2023-05-04,福井,若狭歴史博物館,明通寺 エリア,1
2023-05-04,福井,若狭海遊バザール 千鳥苑 エリア,氣比神宮,2
2023-05-04,福井,若狭高浜 エリア,多田寺,1
2023-05-04,福井,西山公園,越前そばの里 エリア,1
2023-05-04,福井,越前がにミュージアム,越前海岸 越前岬 エリア,1
2023-05-04,福井,越前そばの里 エリア,越前大仏,1
2023-05-04,福井,越前そばの里 エリア,道の駅「西山公園」,1
2023-05-04,福井,越前和紙の里,武生駅 エリア,2
2023-05-04,福井,越前和紙の里,越前和紙の里 エリア,1
2023-05-04,福井,越前和紙の里 エリア,道の駅「南えちぜん山海里」,1
2023-05-04,福井,越前大野城,JR九頭竜湖駅 エリア,1
2023-05-04,福井,越前大野城,丸岡城 エリア,1
2023-05-04,福井,越前大野城,北潟湖 エリア,1
2023-05-04,福井,越前大野城,北陸新幹線 越前たけふ駅 エリア,2
2023-05-04,福井,越前大野城,大本山 永平寺 エリア,1
2023-05-04,福井,越前大野城,越前大野城・城下町 エリア,2
2023-05-04,福井,越前大野城,道の駅「恐竜渓谷かつやま」 エリア,1
2023-05-04,福井,越前大野城,道の駅「越前」 エリア,1
2023-05-04,福井,越前大野城・城下町 エリア,九頭竜湖,1
2023-05-04,福井,越前大野城・城下町 エリア,東尋坊,1
2023-05-04,福井,越前大野城・城下町 エリア,越前大仏,1
2023-05-04,福井,越前大野城・城下町 エリア,越前大野城,1
2023-05-04,福井,越前大野城・城下町 エリア,道の駅「越前おおの荒島の郷」,1
2023-05-04,福井,越前松島水族館,大本山 永平寺 エリア,1
2023-05-04,福井,越前海岸,越前海岸 北部 エリア,1
2023-05-04,福井,越前海岸 くりや旅館街 エリア,越前がにミュージアム,1
2023-05-04,福井,越前海岸 北部 エリア,大本山永平寺,1
2023-05-04,福井,越前海岸 越前岬 エリア,道の駅「パークイン丹生ヶ丘」,1
2023-05-04,福井,越前陶芸村,劔神社 エリア,1
2023-05-04,福井,越前陶芸村 エリア,劔神社,1
2023-05-04,福井,道の駅「シーサイド高浜」,若狭高浜 エリア,1
2023-05-04,福井,道の駅「三方五湖」  エリア,若狭三方縄文博物館,2
2023-05-04,福井,道の駅「九頭竜・和泉ふれあい会館」,大本山 永平寺 エリア,1
2023-05-04,福井,道の駅「九頭竜・和泉ふれあい会館」,平泉寺白山神社 エリア,1
2023-05-04,福井,道の駅「九頭竜・和泉ふれあい会館」,越前大野城・城下町 エリア,3
2023-05-04,福井,道の駅「恐竜渓谷かつやま」,北潟湖 エリア,1
2023-05-04,福井,道の駅「恐竜渓谷かつやま」,大本山 永平寺 エリア,1
2023-05-04,福井,道の駅「恐竜渓谷かつやま」 エリア,一乗谷朝倉氏遺跡,1
2023-05-04,福井,道の駅「恐竜渓谷かつやま」 エリア,大本山永平寺,1
2023-05-04,福井,道の駅「恐竜渓谷かつやま」 エリア,道の駅「九頭竜・和泉ふれあい会館」,1
2023-05-04,福井,道の駅「若狭おばま」,箸のふるさと館WAKASA エリア,1
2023-05-04,福井,道の駅「若狭熊川宿」,熊川宿 エリア,1
2023-05-04,福井,道の駅「西山公園」 エリア,丸岡城,1
2023-05-04,福井,道の駅「越前」 エリア,一乗谷朝倉氏遺跡,1
2023-05-04,福井,道の駅「越前」 エリア,大本山永平寺,1
2023-05-04,福井,道の駅「越前」 エリア,越前がにミュージアム,1
2023-05-04,福井,道の駅みくに ふれあいパーク三里浜 エリア,東尋坊,1
2023-05-04,福井,金ヶ崎 エリア,レインボーライン,1
2023-05-04,福井,養浩館庭園,福井駅前 エリア,1
2023-05-05,福井,「ちひろの生まれた家」記念館,武生駅 エリア,1
2023-05-05,福井,「ちひろの生まれた家」記念館,道の駅「三方五湖」  エリア,2
2023-05-05,福井,あわら温泉街,ふくい鮮いちば エリア,1
2023-05-05,福井,あわら温泉街,一乗谷朝倉氏遺跡 エリア,1
2023-05-05,福井,あわら温泉街,大本山 永平寺 エリア,1
2023-05-05,福井,うみんぴあ大飯 エリア,きのこの森,1
2023-05-05,福井,うみんぴあ大飯 エリア,道の駅「シーサイド高浜」,1
2023-05-05,福井,きららの丘,北潟湖 エリア,1
2023-05-05,福井,はたや記念館 ゆめおーれ勝山,道の駅「恐竜渓谷かつやま」 エリア,1
2023-05-05,福井,ふくい鮮いちば エリア,氣比神宮,1
2023-05-05,福井,ふくい鮮いちば エリア,福井駅,1
2023-05-05,福井,ふれあいパーク三里浜(道の駅「みくに」),三国湊 エリア,2
2023-05-05,福井,めがねミュージアム,大本山 永平寺 エリア,1
2023-05-05,福井,めがねミュージアム,紫式部公園 エリア,1
2023-05-05,福井,ゆりの里公園ユリーム春江,あわら湯のまち エリア,1
2023-05-05,福井,ゆりの里公園ユリーム春江,道の駅みくに ふれあいパーク三里浜 エリア,1
2023-05-05,福井,フルーツライン エリア,三國湊レトロ,1
2023-05-05,福井,フルーツライン エリア,吉崎御坊跡,1
2023-05-05,福井,レインボーライン エリア,敦賀赤レンガ倉庫,1
2023-05-05,福井,レインボーライン エリア,若狭瓜割名水公園 瓜割の滝,1
2023-05-05,福井,レインボーライン エリア,道の駅「三方五湖」,1
2023-05-05,福井,一乗谷朝倉氏遺跡,ふくい鮮いちば エリア,1
2023-05-05,福井,一乗谷朝倉氏遺跡,スキージャム勝山 エリア,2
2023-05-05,福井,一乗谷朝倉氏遺跡,フルーツライン エリア,1
2023-05-05,福井,一乗谷朝倉氏遺跡,一乗谷朝倉氏遺跡 エリア,1
2023-05-05,福井,一乗谷朝倉氏遺跡,丸岡城 エリア,2
2023-05-05,福井,一乗谷朝倉氏遺跡,福井駅前 エリア,1
2023-05-05,福井,一乗谷朝倉氏遺跡,越前陶芸村 エリア,2
2023-05-05,福井,一乗谷朝倉氏遺跡,道の駅「恐竜渓谷かつやま」 エリア,1
2023-05-05,福井,一乗谷朝倉氏遺跡,道の駅「西山公園」 エリア,1
2023-05-05,福井,一乗谷朝倉氏遺跡,道の駅みくに ふれあいパーク三里浜 エリア,2
2023-05-05,福井,一乗谷朝倉氏遺跡 エリア,一乗谷朝倉氏遺跡,1
2023-05-05,福井,一乗谷朝倉氏遺跡 エリア,氣比神宮,1
2023-05-05,福井,一乗谷朝倉氏遺跡 エリア,越前大野城,1
2023-05-05,福井,三丁町,道の駅「若狭おばま」 エリア,2
2023-05-05,福井,三国サンセットビーチ,大本山 永平寺 エリア,1
2023-05-05,福井,三国湊 エリア,三國湊レトロ,1
2023-05-05,福井,三方五湖,レインボーライン エリア,1
2023-05-05,福井,三方五湖,大本山 永平寺 エリア,1
2023-05-05,福井,三方五湖,御食国若狭おばま食文化館 エリア,1
2023-05-05,福井,三方五湖,道の駅「三方五湖」  エリア,1
2023-05-05,福井,丸岡城,あわら湯のまち エリア,1
2023-05-05,福井,丸岡城,一乗谷朝倉氏遺跡 エリア,1
2023-05-05,福井,丸岡城,三国湊 エリア,1
2023-05-05,福井,丸岡城,大本山 永平寺 エリア,4
2023-05-05,福井,丸岡城 エリア,一乗谷朝倉氏遺跡,1
2023-05-05,福井,九頭竜湖,丸岡城 エリア,1
2023-05-05,福井,人道の港 敦賀ムゼウム,JR敦賀駅前 エリア,1
2023-05-05,福井,劔神社,越前陶芸村 エリア,1
2023-05-05,福井,北の庄城址・柴田公園,北ノ庄 エリア,1
2023-05-05,福井,北潟湖 エリア,ファーマーズマーケットきららの丘,1
2023-05-05,福井,北潟湖 エリア,山中温泉（石川県）,1
2023-05-05,福井,北潟湖 エリア,金津創作の森,1
2023-05-05,福井,北潟湖畔公園・サイクリングパーク,北潟湖 エリア,1
2023-05-05,福井,千古の家(坪川家住宅),丸岡城 エリア,1
2023-05-05,福井,吉崎御坊跡,フルーツライン エリア,2
2023-05-05,福井,吉崎御坊跡,北潟湖 エリア,1
2023-05-05,福井,名田庄 エリア,道の駅「名田庄」,1
2023-05-05,福井,大本山 永平寺 エリア,あわら温泉街,1
2023-05-05,福井,大本山 永平寺 エリア,一乗谷朝倉氏遺跡,1
2023-05-05,福井,大本山 永平寺 エリア,東尋坊,4
2023-05-05,福井,大本山 永平寺 エリア,越前がにミュージアム,1
2023-05-05,福井,大本山 永平寺 エリア,越前大仏,1
2023-05-05,福井,大本山 永平寺 エリア,道の駅「西山公園」,1
2023-05-05,福井,大本山永平寺,一乗谷朝倉氏遺跡 エリア,2
2023-05-05,福井,大本山永平寺,北陸新幹線 越前たけふ駅 エリア,2
2023-05-05,福井,大本山永平寺,大本山 永平寺 エリア,1
2023-05-05,福井,大本山永平寺,東尋坊 エリア,1
2023-05-05,福井,大本山永平寺,福井駅前 エリア,1
2023-05-05,福井,大本山永平寺,越前海岸 くりや旅館街 エリア,2
2023-05-05,福井,大本山永平寺,道の駅「パークイン丹生ヶ丘」 エリア,1
2023-05-05,福井,小浜市水産食品センター（若狭小浜お魚センター）,名田庄 エリア,1
2023-05-05,福井,平泉寺白山神社,大本山 永平寺 エリア,1
2023-05-05,福井,平泉寺白山神社 エリア,大本山永平寺,1
2023-05-05,福井,御食国若狭おばま食文化館,御食国若狭おばま食文化館 エリア,1
2023-05-05,福井,御食国若狭おばま食文化館,明通寺 エリア,1
2023-05-05,福井,敦賀赤レンガ倉庫,金ヶ崎 エリア,1
2023-05-05,福井,明通寺,御食国若狭おばま食文化館 エリア,1
2023-05-05,福井,明通寺,明通寺 エリア,2
2023-05-05,福井,明通寺 エリア,神宮寺,1
2023-05-05,福井,明通寺 エリア,若狭歴史博物館,1
2023-05-05,福井,明通寺 エリア,若狭瓜割名水公園 瓜割の滝,1
2023-05-05,福井,明通寺 エリア,道の駅「若狭おばま」,1
2023-05-05,福井,東尋坊,あわら湯のまち エリア,1
2023-05-05,福井,東尋坊,えちぜん鉄道 永平寺口駅 エリア,1
2023-05-05,福井,東尋坊,三国湊 エリア,1
2023-05-05,福井,東尋坊,丸岡城 エリア,1
2023-05-05,福井,東尋坊,大本山 永平寺 エリア,2
2023-05-05,福井,東尋坊 エリア,丸岡城,1
2023-05-05,福井,武生駅 エリア,越前そばの里,1
2023-05-05,福井,気比の松原,道の駅「若狭おばま」 エリア,1
2023-05-05,福井,氣比神宮,北ノ庄 エリア,1
2023-05-05,福井,氣比神宮,大本山 永平寺 エリア,1
2023-05-05,福井,氣比神宮,明通寺 エリア,1
2023-05-05,福井,熊川宿 エリア,レインボーライン,1
2023-05-05,福井,福井サンドーム,大本山 永平寺 エリア,1
2023-05-05,福井,福井和泉スキー場,JR九頭竜湖駅 エリア,1
2023-05-05,福井,福井県こども家族館,うみんぴあ大飯 エリア,1
2023-05-05,福井,福井駅,北潟湖 エリア,1
2023-05-05,福井,福井駅,北陸新幹線 越前たけふ駅 エリア,1
2023-05-05,福井,福井駅,大本山 永平寺 エリア,2
2023-05-05,福井,福井駅前 エリア,大安禅寺,1
2023-05-05,福井,福井駅前 エリア,山中温泉（石川県）,1
2023-05-05,福井,福井駅前 エリア,越前大仏,1
2023-05-05,福井,若狭フィッシャーマンズワーフ エリア,福井県こども家族館,1
2023-05-05,福井,若狭歴史博物館,レインボーライン エリア,1
2023-05-05,福井,西山動物園,大本山 永平寺 エリア,1
2023-05-05,福井,西山動物園,花の駅 ゆりの里公園 エリア,1
2023-05-05,福井,越前がにミュージアム,越前海岸 高佐米ノ旅館街 エリア,1
2023-05-05,福井,越前和紙の里,花の駅 ゆりの里公園 エリア,1
2023-05-05,福井,越前大野城,一乗谷朝倉氏遺跡 エリア,3
2023-05-05,福井,越前大野城,越前大野城・城下町 エリア,2
2023-05-05,福井,越前大野城,越前松島水族館 エリア,1
2023-05-05,福井,越前大野城・城下町 エリア,岡太神社・大瀧神社,1
2023-05-05,福井,越前大野城・城下町 エリア,東尋坊,1
2023-05-05,福井,越前大野城・城下町 エリア,福井県立恐竜博物館,1
2023-05-05,福井,越前打刃物会館,だるまちゃん広場 エリア,1
2023-05-05,福井,越前松島水族館 エリア,丸岡城,2
2023-05-05,福井,越前海岸 くりや旅館街 エリア,氣比神宮,1
2023-05-05,福井,越前陶芸村 エリア,丸岡城,1
2023-05-05,福井,道の駅「うみんぴあ大飯」,道の駅「シーサイド高浜」 エリア,1
2023-05-05,福井,道の駅「シーサイド高浜」 エリア,舞鶴（京都府）,1
2023-05-05,福井,道の駅「三方五湖」,大本山 永平寺 エリア,1
2023-05-05,福井,道の駅「三方五湖」  エリア,敦賀赤レンガ倉庫,2
2023-05-05,福井,道の駅「九頭竜・和泉ふれあい会館」,越前大野城・城下町 エリア,1
2023-05-05,福井,道の駅「恐竜渓谷かつやま」,大本山 永平寺 エリア,1
2023-05-05,福井,道の駅「恐竜渓谷かつやま」 エリア,福井県立恐竜博物館,1
2023-05-05,福井,道の駅「若狭おばま」 エリア,若狭フィッシャーマンズワーフ,1
2023-05-05,福井,道の駅「西山公園」 エリア,一乗谷朝倉氏遺跡,1
2023-05-06,福井,JR敦賀駅前 エリア,人道の港 敦賀ムゼウム,1
2023-05-06,福井,あわら温泉街,三国湊 エリア,1
2023-05-06,福井,あわら湯のまち エリア,一乗谷朝倉氏遺跡,1
2023-05-06,福井,あわら湯のまち エリア,東尋坊,2
2023-05-06,福井,あわら湯のまち エリア,芝政ワールド,1
2023-05-06,福井,うみんぴあ大飯 エリア,エルガイアおおい,1
2023-05-06,福井,えちぜん鉄道 松岡駅 エリア,越前大野城,1
2023-05-06,福井,かずら橋,越前大野城・城下町 エリア,1
2023-05-06,福井,かずら橋 エリア,御誕生寺,1
2023-05-06,福井,はたや記念館 ゆめおーれ勝山 エリア,越前大仏,1
2023-05-06,福井,まちの市場 こってコテいけだ エリア,越前大野城,1
2023-05-06,福井,めがねミュージアム,大本山 永平寺 エリア,1
2023-05-06,福井,めがねミュージアム,道の駅「西山公園」 エリア,1
2023-05-06,福井,サンドーム福井,福井駅前 エリア,1
2023-05-06,福井,スキージャム勝山,道の駅「恐竜渓谷かつやま」 エリア,1
2023-05-06,福井,ファーマーズマーケットきららの丘,北潟湖 エリア,1
2023-05-06,福井,レインボーライン,大本山 永平寺 エリア,1
2023-05-06,福井,レインボーライン エリア,三方五湖,1
2023-05-06,福井,レインボーライン エリア,北の庄城址・柴田公園,1
2023-05-06,福井,レインボーライン エリア,若狭瓜割名水公園 瓜割の滝,1
2023-05-06,福井,一乗谷朝倉氏遺跡,あわら湯のまち エリア,3
2023-05-06,福井,一乗谷朝倉氏遺跡,一乗谷朝倉氏遺跡 エリア,4
2023-05-06,福井,一乗谷朝倉氏遺跡,北ノ庄 エリア,1
2023-05-06,福井,一乗谷朝倉氏遺跡,北前船主の館 右近家 エリア,1
2023-05-06,福井,一乗谷朝倉氏遺跡,北陸新幹線 越前たけふ駅 エリア,1
2023-05-06,福井,一乗谷朝倉氏遺跡,大本山 永平寺 エリア,4
2023-05-06,福井,一乗谷朝倉氏遺跡,紫式部公園 エリア,1
2023-05-06,福井,一乗谷朝倉氏遺跡,越前そばの里 エリア,1
2023-05-06,福井,一乗谷朝倉氏遺跡,越前大野城・城下町 エリア,1
2023-05-06,福井,一乗谷朝倉氏遺跡,道の駅「越前」 エリア,1
2023-05-06,福井,一乗谷朝倉氏遺跡,金ヶ崎 エリア,1
2023-05-06,福井,一乗谷朝倉氏遺跡 エリア,あわら温泉街,2
2023-05-06,福井,一乗谷朝倉氏遺跡 エリア,一乗谷朝倉氏遺跡,2
2023-05-06,福井,一乗谷朝倉氏遺跡 エリア,丸岡城,1
2023-05-06,福井,一乗谷朝倉氏遺跡 エリア,氣比神宮,1
2023-05-06,福井,一乗谷朝倉氏遺跡 エリア,越前がにミュージアム,1
2023-05-06,福井,一乗谷朝倉氏遺跡 エリア,道の駅「西山公園」,1
2023-05-06,福井,三方五湖,明通寺 エリア,2
2023-05-06,福井,三方五湖,湖上館パムコ（水月湖）エリア,1
2023-05-06,福井,丸岡城,JR芦原温泉駅 エリア,1
2023-05-06,福井,丸岡城,えちぜん鉄道 永平寺口駅 エリア,1
2023-05-06,福井,丸岡城,かずら橋 エリア,1
2023-05-06,福井,丸岡城,一乗谷朝倉氏遺跡 エリア,1
2023-05-06,福井,丸岡城,丸岡城 エリア,1
2023-05-06,福井,丸岡城,名勝 養浩館庭園 エリア,1
2023-05-06,福井,丸岡城,大本山 永平寺 エリア,2
2023-05-06,福井,丸岡城,花の駅 ゆりの里公園 エリア,1
2023-05-06,福井,丸岡城 エリア,一乗谷朝倉氏遺跡,1
2023-05-06,福井,九頭竜湖,平泉寺白山神社 エリア,1
2023-05-06,福井,九頭竜湖,越前大野城・城下町 エリア,1
2023-05-06,福井,北の庄城址・柴田公園,一乗谷朝倉氏遺跡 エリア,1
2023-05-06,福井,北前船主の館 右近家 エリア,越前がにミュージアム,1
2023-05-06,福井,北潟湖 エリア,あわら温泉屋台村「湯けむり横丁」,1
2023-05-06,福井,北潟湖 エリア,あわら温泉街,1
2023-05-06,福井,北潟湖 エリア,越前大仏,1
2023-05-06,福井,北陸新幹線 越前たけふ駅 エリア,タケフナイフビレッジ,1
2023-05-06,福井,北陸新幹線 越前たけふ駅 エリア,日本海さかな街,1
2023-05-06,福井,北陸新幹線 越前たけふ駅 エリア,西山動物園,1
2023-05-06,福井,吉崎御坊跡,北潟湖 エリア,1
2023-05-06,福井,名勝 養浩館庭園 エリア,氣比神宮,1
2023-05-06,福井,大本山 永平寺 エリア,あわら温泉街,1
2023-05-06,福井,大本山 永平寺 エリア,めがねミュージアム,1
2023-05-06,福井,大本山 永平寺 エリア,一乗谷朝倉氏遺跡,4
2023-05-06,福井,大本山 永平寺 エリア,吉崎御坊跡,1
2023-05-06,福井,大本山 永平寺 エリア,山代温泉（石川県）,1
2023-05-06,福井,大本山 永平寺 エリア,東尋坊,1
2023-05-06,福井,大本山 永平寺 エリア,福井駅,1
2023-05-06,福井,大本山 永平寺 エリア,西山動物園,1
2023-05-06,福井,大本山 永平寺 エリア,越前大野城,1
2023-05-06,福井,大本山 永平寺 エリア,越前海岸,1
2023-05-06,福井,大本山 永平寺 エリア,金沢駅周辺（石川県）,1
2023-05-06,福井,大本山永平寺,ふくい鮮いちば エリア,1
2023-05-06,福井,大本山永平寺,一乗谷朝倉氏遺跡 エリア,3
2023-05-06,福井,大本山永平寺,北潟湖 エリア,1
2023-05-06,福井,大本山永平寺,大本山 永平寺 エリア,1
2023-05-06,福井,大本山永平寺,越前海岸 越前岬 エリア,1
2023-05-06,福井,天橋立（京都府）,道の駅「三方五湖」  エリア,1
2023-05-06,福井,小浜 エリア（宿泊施設）,小浜市水産食品センター（若狭小浜お魚センター）,1
2023-05-06,福井,小浜 エリア（宿泊施設）,道の駅「若狭熊川宿」,2
2023-05-06,福井,小浜市 阿納 エリア,若狭フィッシャーマンズワーフ,1
2023-05-06,福井,山代温泉（石川県）,道の駅「南えちぜん山海里」 エリア,1
2023-05-06,福井,帰宅,道の駅「南えちぜん山海里」 エリア,1
2023-05-06,福井,平泉寺白山神社,大本山 永平寺 エリア,1
2023-05-06,福井,平泉寺白山神社 エリア,福井駅,2
2023-05-06,福井,平泉寺白山神社 エリア,道の駅「恐竜渓谷かつやま」,1
2023-05-06,福井,御誕生寺,越前そばの里 エリア,1
2023-05-06,福井,御食国若狭おばま食文化館,小浜 エリア（宿泊施設）,2
2023-05-06,福井,敦賀赤レンガ倉庫,JR敦賀駅前 エリア,1
2023-05-06,福井,敦賀赤レンガ倉庫,一乗谷朝倉氏遺跡 エリア,1
2023-05-06,福井,敦賀赤レンガ倉庫,御食国若狭おばま食文化館 エリア,1
2023-05-06,福井,敦賀鉄道資料館（旧敦賀港駅舎 ）,金ヶ崎 エリア,1
2023-05-06,福井,日本海さかな街,JR敦賀駅前 エリア,1
2023-05-06,福井,日本海さかな街,道の駅「若狭おばま」 エリア,1
2023-05-06,福井,日本海さかな街 エリア,敦賀駅,1
2023-05-06,福井,明通寺,明通寺 エリア,1
2023-05-06,福井,明通寺 エリア,丸岡城,1
2023-05-06,福井,明通寺 エリア,国分寺 (小浜市),1
2023-05-06,福井,東尋坊,あわら湯のまち エリア,2
2023-05-06,福井,東尋坊,ふくい鮮いちば エリア,1
2023-05-06,福井,東尋坊,三国湊 エリア,1
2023-05-06,福井,東尋坊,大本山 永平寺 エリア,2
2023-05-06,福井,氣比神宮,JR敦賀駅前 エリア,1
2023-05-06,福井,氣比神宮,小浜市 阿納 エリア,1
2023-05-06,福井,氣比神宮,道の駅「越前」 エリア,1
2023-05-06,福井,湖上館パムコ（水月湖）エリア,若狭三方縄文博物館,1
2023-05-06,福井,熊川宿,明通寺 エリア,1
2023-05-06,福井,白山平泉寺歴史探遊館 まほろば,はたや記念館 ゆめおーれ勝山 エリア,1
2023-05-06,福井,白山平泉寺歴史探遊館 まほろば,平泉寺白山神社 エリア,1
2023-05-06,福井,白山平泉寺歴史探遊館 まほろば,福井駅前 エリア,2
2023-05-06,福井,福井県こども家族館,うみんぴあ大飯 エリア,2
2023-05-06,福井,福井県年縞博物館,道の駅「三方五湖」  エリア,1
2023-05-06,福井,福井県立恐竜博物館,はたや記念館 ゆめおーれ勝山 エリア,1
2023-05-06,福井,福井県立恐竜博物館,道の駅「越前」 エリア,1
2023-05-06,福井,福井駅,大本山 永平寺 エリア,1
2023-05-06,福井,福井駅,福井駅前 エリア,2
2023-05-06,福井,福井駅前 エリア,一乗谷朝倉氏遺跡,1
2023-05-06,福井,紫式部公園 エリア,越前和紙の里,1
2023-05-06,福井,自宅,道の駅「南えちぜん山海里」 エリア,1
2023-05-06,福井,芝政ワールド,あわら湯のまち エリア,1
2023-05-06,福井,花の駅 ゆりの里公園 エリア,一乗谷朝倉氏遺跡,1
2023-05-06,福井,若狭フィッシャーマンズワーフ エリア,道の駅「若狭おばま」,1
2023-05-06,福井,若狭瓜割名水公園 瓜割の滝,日本海さかな街 エリア,1
2023-05-06,福井,西山動物園,一乗谷朝倉氏遺跡 エリア,1
2023-05-06,福井,西山動物園,北陸新幹線 越前たけふ駅 エリア,1
2023-05-06,福井,赤礁崎オートキャンプ場 エリア,若狭フィッシャーマンズワーフ,1
2023-05-06,福井,越前がにミュージアム,北陸新幹線 越前たけふ駅 エリア,1
2023-05-06,福井,越前がにミュージアム,道の駅「越前」 エリア,1
2023-05-06,福井,越前そばの里,北陸新幹線 越前たけふ駅 エリア,1
2023-05-06,福井,越前そばの里,道の駅「南えちぜん山海里」 エリア,1
2023-05-06,福井,越前そばの里,道の駅「越前」 エリア,1
2023-05-06,福井,越前そばの里 エリア,越前がにミュージアム,1
2023-05-06,福井,越前大仏,うみんぴあ大飯 エリア,1
2023-05-06,福井,越前大仏,ふくい鮮いちば エリア,1
2023-05-06,福井,越前大仏,大本山 永平寺 エリア,1
2023-05-06,福井,越前大野城,大本山 永平寺 エリア,2
2023-05-06,福井,越前大野城,東尋坊 エリア,1
2023-05-06,福井,越前大野城,越前大野城・城下町 エリア,2
2023-05-06,福井,越前大野城,道の駅「三方五湖」  エリア,1
2023-05-06,福井,越前大野城・城下町 エリア,大本山永平寺,2
2023-05-06,福井,越前松島水族館,丸岡城 エリア,1
2023-05-06,福井,越前松島水族館 エリア,福井県立恐竜博物館,1
2023-05-06,福井,越前海岸 越前岬 エリア,越前和紙の里,1
2023-05-06,福井,越前陶芸村,道の駅「西山公園」 エリア,1
2023-05-06,福井,越前陶芸村 エリア,越前がにミュージアム,1
2023-05-06,福井,道の駅「さかい」（坂井地域交流センター「いねす」）,あわら湯のまち エリア,1
2023-05-06,福井,道の駅「シーサイド高浜」,うみんぴあ大飯 エリア,1
2023-05-06,福井,道の駅「一乗谷あさくら水の駅」,大本山 永平寺 エリア,1
2023-05-06,福井,道の駅「三方五湖」,湖上館パムコ（水月湖）エリア,1
2023-05-06,福井,道の駅「三方五湖」  エリア,一乗谷朝倉氏遺跡,1
2023-05-06,福井,道の駅「三方五湖」  エリア,三方五湖,1
2023-05-06,福井,道の駅「九頭竜・和泉ふれあい会館」,越前大野城・城下町 エリア,1
2023-05-06,福井,道の駅「恐竜渓谷かつやま」,道の駅「恐竜渓谷かつやま」 エリア,1
2023-05-06,福井,道の駅「恐竜渓谷かつやま」 エリア,福井県立恐竜博物館,1
2023-05-06,福井,道の駅「恐竜渓谷かつやま」 エリア,福井駅,1
2023-05-06,福井,道の駅「恐竜渓谷かつやま」 エリア,道の駅「禅の里」,1
2023-05-06,福井,道の駅「若狭おばま」,若狭フィッシャーマンズワーフ エリア,1
2023-05-06,福井,道の駅「若狭熊川宿」,小浜市 阿納 エリア,1
2023-05-06,福井,道の駅「西山公園」 エリア,うるしの里,1
2023-05-06,福井,道の駅「越前」,北陸新幹線 越前たけふ駅 エリア,1
2023-05-06,福井,道の駅「越前」 エリア,三国サンセットビーチ,1
2023-05-06,福井,道の駅「越前」 エリア,大本山永平寺,1
2023-05-06,福井,道の駅「越前」 エリア,氣比神宮,1
2023-05-06,福井,道の駅「越前」 エリア,福井駅,1
2023-05-06,福井,道の駅「越前おおの荒島の郷」,JR九頭竜湖駅 エリア,1
2023-05-06,福井,道の駅「越前おおの荒島の郷」,一乗谷朝倉氏遺跡 エリア,1
2023-05-06,福井,酒蔵,あわら湯のまち エリア,1
2023-05-06,福井,金ヶ崎 エリア,一乗谷朝倉氏遺跡,1
2023-05-06,福井,金沢駅周辺（石川県）,福井駅前 エリア,1
2023-05-07,福井,JR九頭竜湖駅 エリア,越前大野城,1
2023-05-07,福井,JR敦賀駅前 エリア,日本海さかな街,1
2023-05-07,福井,JR芦原温泉駅 エリア,あわら温泉「芦湯」,1
2023-05-07,福井,JR芦原温泉駅 エリア,北の庄城址・柴田公園,1
2023-05-07,福井,JR芦原温泉駅 エリア,吉崎御坊跡,1
2023-05-07,福井,JR芦原温泉駅 エリア,東尋坊,1
2023-05-07,福井,「ちひろの生まれた家」記念館,武生駅 エリア,1
2023-05-07,福井,「ちひろの生まれた家」記念館,道の駅「三方五湖」  エリア,2
2023-05-07,福井,かつやまディノパーク,道の駅「恐竜渓谷かつやま」 エリア,1
2023-05-07,福井,はたや記念館 ゆめおーれ勝山,道の駅「恐竜渓谷かつやま」 エリア,1
2023-05-07,福井,はたや記念館 ゆめおーれ勝山 エリア,道の駅「越前おおの荒島の郷」,1
2023-05-07,福井,びわ湖（滋賀県）,道の駅「三方五湖」  エリア,1
2023-05-07,福井,ふれあいパーク三里浜(道の駅「みくに」),道の駅みくに ふれあいパーク三里浜 エリア,1
2023-05-07,福井,ファーマーズマーケットきららの丘,道の駅みくに ふれあいパーク三里浜 エリア,1
2023-05-07,福井,レインボーライン,御食国若狭おばま食文化館 エリア,1
2023-05-07,福井,レインボーライン エリア,日本海さかな街,1
2023-05-07,福井,一乗谷朝倉氏遺跡,一乗谷朝倉氏遺跡 エリア,1
2023-05-07,福井,一乗谷朝倉氏遺跡,丸岡城 エリア,1
2023-05-07,福井,一乗谷朝倉氏遺跡,北陸新幹線 越前たけふ駅 エリア,1
2023-05-07,福井,一乗谷朝倉氏遺跡,名田庄 エリア,1
2023-05-07,福井,一乗谷朝倉氏遺跡,大本山 永平寺 エリア,1
2023-05-07,福井,一乗谷朝倉氏遺跡,平泉寺白山神社 エリア,1
2023-05-07,福井,一乗谷朝倉氏遺跡,武生駅 エリア,1
2023-05-07,福井,一乗谷朝倉氏遺跡 エリア,丸岡城,1
2023-05-07,福井,一乗谷朝倉氏遺跡 エリア,道の駅「一乗谷あさくら水の駅」,1
2023-05-07,福井,三国港,あわら湯のまち エリア,1
2023-05-07,福井,丸岡城,JR芦原温泉駅 エリア,1
2023-05-07,福井,丸岡城,はたや記念館 ゆめおーれ勝山 エリア,1
2023-05-07,福井,丸岡城,大本山 永平寺 エリア,1
2023-05-07,福井,丸岡城,越前大野城・城下町 エリア,1
2023-05-07,福井,北前船主の館 右近家,道の駅「越前」 エリア,1
2023-05-07,福井,北潟湖 エリア,一乗谷朝倉氏遺跡,1
2023-05-07,福井,吉崎御坊跡,あわら湯のまち エリア,1
2023-05-07,福井,吉崎御坊跡,北潟湖 エリア,2
2023-05-07,福井,大本山 永平寺 エリア,一乗谷朝倉氏遺跡,2
2023-05-07,福井,大本山 永平寺 エリア,東尋坊,2
2023-05-07,福井,大本山 永平寺 エリア,福井駅,1
2023-05-07,福井,大本山 永平寺 エリア,越前海岸,1
2023-05-07,福井,大本山 永平寺 エリア,養浩館庭園,1
2023-05-07,福井,大本山永平寺,JR芦原温泉駅 エリア,1
2023-05-07,福井,大本山永平寺,えちぜん鉄道 永平寺口駅 エリア,1
2023-05-07,福井,大本山永平寺,一乗谷朝倉氏遺跡 エリア,1
2023-05-07,福井,大本山永平寺,大本山 永平寺 エリア,2
2023-05-07,福井,大本山永平寺,福井駅前 エリア,2
2023-05-07,福井,大本山永平寺,道の駅「南えちぜん山海里」 エリア,1
2023-05-07,福井,大本山永平寺,道の駅「禅の里」 エリア,1
2023-05-07,福井,山代温泉（石川県）,JR芦原温泉駅 エリア,1
2023-05-07,福井,平泉寺白山神社,道の駅「恐竜渓谷かつやま」 エリア,1
2023-05-07,福井,平泉寺白山神社 エリア,大本山永平寺,1
2023-05-07,福井,敦賀駅,日本海さかな街 エリア,1
2023-05-07,福井,日本海さかな街 エリア,若狭海遊バザール千鳥苑 若狭美浜 海の駅,1
2023-05-07,福井,明通寺,明通寺 エリア,1
2023-05-07,福井,東尋坊,大本山 永平寺 エリア,4
2023-05-07,福井,武生駅 エリア,「ちひろの生まれた家」記念館,1
2023-05-07,福井,武生駅 エリア,敦賀赤レンガ倉庫,1
2023-05-07,福井,氣比神宮,レインボーライン エリア,1
2023-05-07,福井,福井県こども家族館,うみんぴあ大飯 エリア,1
2023-05-07,福井,福井駅,武生駅 エリア,1
2023-05-07,福井,福井駅前 エリア,小松空港（石川県）,2
2023-05-07,福井,羽二重餅の古里,大本山 永平寺 エリア,1
2023-05-07,福井,舞鶴（京都府）,若狭和田 エリア,1
2023-05-07,福井,舞鶴（京都府）,道の駅「シーサイド高浜」 エリア,1
2023-05-07,福井,若狭たかはま エルどらんど,うみんぴあ大飯 エリア,1
2023-05-07,福井,若狭フィッシャーマンズワーフ,明通寺 エリア,1
2023-05-07,福井,若狭高浜 エリア,舞鶴（京都府）,1
2023-05-07,福井,西山動物園,うるしの里 エリア,1
2023-05-07,福井,西山動物園,大本山 永平寺 エリア,1
2023-05-07,福井,越前そばの里,道の駅「西山公園」 エリア,1
2023-05-07,福井,越前和紙の里,北陸新幹線 越前たけふ駅 エリア,1
2023-05-07,福井,越前大仏,三国湊 エリア,1
2023-05-07,福井,越前大野城,道の駅「越前」 エリア,1
2023-05-07,福井,越前大野城・城下町 エリア,大本山永平寺,1
2023-05-07,福井,越前大野城・城下町 エリア,東尋坊,1
2023-05-07,福井,越前松島水族館,丸岡城 エリア,1
2023-05-07,福井,越前海岸,武生駅 エリア,1
2023-05-07,福井,越前陶芸村 エリア,越前そばの里,1
2023-05-07,福井,道の駅「三方五湖」,JR美浜駅 エリア,1
2023-05-07,福井,道の駅「三方五湖」  エリア,人道の港 敦賀ムゼウム,1
2023-05-07,福井,道の駅「三方五湖」  エリア,福井県年縞博物館,1
2023-05-07,福井,道の駅「三方五湖」  エリア,福井駅,1
2023-05-07,福井,道の駅「九頭竜・和泉ふれあい会館」,大本山 永平寺 エリア,1
2023-05-07,福井,道の駅「九頭竜・和泉ふれあい会館」,越前大野城・城下町 エリア,1
2023-05-07,福井,道の駅「南えちぜん山海里」 エリア,三方五湖,1
2023-05-07,福井,道の駅「名田庄」,名田庄 エリア,1
2023-05-07,福井,道の駅「名田庄」,道の駅「若狭おばま」 エリア,1
2023-05-07,福井,道の駅「恐竜渓谷かつやま」 エリア,大本山永平寺,1
2023-05-07,福井,道の駅「禅の里」,北潟湖 エリア,1
2023-05-07,福井,道の駅「禅の里」,大本山 永平寺 エリア,1
2023-05-07,福井,道の駅「禅の里」 エリア,福井県立恐竜博物館,1
2023-05-07,福井,道の駅「禅の里」 エリア,越前大野城,1
2023-05-07,福井,道の駅「西山公園」,大本山 永平寺 エリア,1
2023-05-07,福井,道の駅「西山公園」,道の駅「西山公園」 エリア,1
2023-05-07,福井,道の駅「越前」 エリア,福井県立恐竜博物館,1
2023-05-07,福井,道の駅「越前」 エリア,越前がにミュージアム,1
2023-05-07,福井,道の駅「越前」 エリア,道の駅「名田庄」,1
2023-05-07,福井,道の駅みくに ふれあいパーク三里浜 エリア,ゆりの里公園ユリーム春江,1
2023-05-07,福井,金津創作の森,JR芦原温泉駅 エリア,1
2023-05-08,福井,「ちひろの生まれた家」記念館,道の駅「越前」 エリア,1
2023-05-08,福井,あわら温泉街,三国湊 エリア,1
2023-05-08,福井,ふくい鮮いちば エリア,東尋坊,1
2023-05-08,福井,ホテルうみんぴあ,うみんぴあ大飯 エリア,1
2023-05-08,福井,レインボーライン,湖上館パムコ（水月湖）エリア,1
2023-05-08,福井,一乗谷朝倉氏遺跡,北陸新幹線 越前たけふ駅 エリア,1
2023-05-08,福井,一乗谷朝倉氏遺跡,道の駅「越前」 エリア,1
2023-05-08,福井,三国湊 エリア,福井駅,1
2023-05-08,福井,三國湊レトロ,福井駅前 エリア,1
2023-05-08,福井,丸岡城,大本山 永平寺 エリア,1
2023-05-08,福井,今庄宿,福井駅前 エリア,1
2023-05-08,福井,劔神社,道の駅みくに ふれあいパーク三里浜 エリア,1
2023-05-08,福井,北潟湖 エリア,あわら温泉街,1
2023-05-08,福井,北陸新幹線 越前たけふ駅 エリア,丸岡城,1
2023-05-08,福井,大本山 永平寺 エリア,平泉寺白山神社,1
2023-05-08,福井,大本山 永平寺 エリア,福井駅,1
2023-05-08,福井,大本山 永平寺 エリア,道の駅「禅の里」,1
2023-05-08,福井,大本山永平寺,大本山 永平寺 エリア,1
2023-05-08,福井,大本山永平寺,福井駅前 エリア（宿泊施設）,1
2023-05-08,福井,山中温泉（石川県）,北潟湖 エリア,1
2023-05-08,福井,敦賀赤レンガ倉庫,金ヶ崎 エリア,1
2023-05-08,福井,東尋坊,大本山 永平寺 エリア,2
2023-05-08,福井,福井駅,大本山 永平寺 エリア,1
2023-05-08,福井,福井駅前 エリア,一乗谷朝倉氏遺跡,1
2023-05-08,福井,福井駅前 エリア（宿泊施設）,平泉寺白山神社,1
2023-05-08,福井,越前そばの里 エリア,山中温泉（石川県）,1
2023-05-08,福井,越前大仏,一乗谷朝倉氏遺跡 エリア,1
2023-05-08,福井,越前大野城,一乗谷朝倉氏遺跡 エリア,2
2023-05-08,福井,越前大野城,丸岡城 エリア,1
2023-05-08,福井,越前大野城,大本山 永平寺 エリア,1
2023-05-08,福井,道の駅「三方五湖」  エリア,氣比神宮,1
2023-05-08,福井,道の駅「若狭熊川宿」,うみんぴあ大飯 エリア,1
2023-05-08,福井,道の駅「越前」 エリア,三方五湖,1
2023-05-08,福井,道の駅「越前」 エリア,越前がにミュージアム,1
2023-05-08,福井,道の駅「越前おおの荒島の郷」,越前大野城・城下町 エリア,1
2023-05-08,福井,道の駅みくに ふれあいパーク三里浜 エリア,一乗谷朝倉氏遺跡,1
2023-05-09,福井,JR敦賀駅前 エリア,氣比神宮,1
2023-05-09,福井,JR芦原温泉駅 エリア,丸岡城,1
2023-05-09,福井,あわら湯のまち エリア,三國湊レトロ,1
2023-05-09,福井,ふくい鮮いちば エリア,越前大野城,1
2023-05-09,福井,フルーツライン エリア,丸岡城,1
2023-05-09,福井,レインボーライン,レインボーライン エリア,1
2023-05-09,福井,レインボーライン,湖上館パムコ（水月湖）エリア,1
2023-05-09,福井,一乗谷朝倉氏遺跡,JR芦原温泉駅 エリア,1
2023-05-09,福井,一乗谷朝倉氏遺跡,あわら湯のまち エリア,1
2023-05-09,福井,一乗谷朝倉氏遺跡,一乗谷朝倉氏遺跡 エリア,2
2023-05-09,福井,一乗谷朝倉氏遺跡,北陸新幹線 越前たけふ駅 エリア,1
2023-05-09,福井,一乗谷朝倉氏遺跡,大本山 永平寺 エリア,1
2023-05-09,福井,一乗谷朝倉氏遺跡,道の駅「南えちぜん山海里」 エリア,1
2023-05-09,福井,一乗谷朝倉氏遺跡 エリア,一乗谷朝倉氏遺跡,1
2023-05-09,福井,一乗谷朝倉氏遺跡 エリア,三方五湖,1
2023-05-09,福井,丸岡城,ふくい鮮いちば エリア,1
2023-05-09,福井,北陸新幹線 越前たけふ駅 エリア,日本海さかな街,1
2023-05-09,福井,大本山 永平寺 エリア,大本山永平寺,2
2023-05-09,福井,大本山 永平寺 エリア,越前海岸,1
2023-05-09,福井,大本山永平寺,大本山 永平寺 エリア,1
2023-05-09,福井,大本山永平寺,越前松島水族館 エリア,1
2023-05-09,福井,小浜 エリア（宿泊施設）,越前大仏,2
2023-05-09,福井,平泉寺白山神社,越前そばの里 エリア,1
2023-05-09,福井,御食国若狭おばま食文化館,若狭フィッシャーマンズワーフ エリア,1
2023-05-09,福井,東尋坊,大本山 永平寺 エリア,2
2023-05-09,福井,氣比神宮,JR敦賀駅前 エリア,2
2023-05-09,福井,福井県立恐竜博物館,道の駅「恐竜渓谷かつやま」 エリア,1
2023-05-09,福井,若狭フィッシャーマンズワーフ エリア,三方五湖,1
2023-05-09,福井,西山動物園,越前そばの里 エリア,1
2023-05-09,福井,越前がにミュージアム,北前船主の館 右近家 エリア,1
2023-05-09,福井,越前そばの里 エリア,越前海岸,1
2023-05-09,福井,越前大野城,一乗谷朝倉氏遺跡 エリア,1
2023-05-09,福井,越前大野城,道の駅「越前」 エリア,1
2023-05-09,福井,越前海岸,北陸新幹線 越前たけふ駅 エリア,1
2023-05-09,福井,道の駅「シーサイド高浜」 エリア,丸岡城,1
2023-05-09,福井,道の駅「南えちぜん山海里」 エリア,氣比神宮,1
2023-05-09,福井,道の駅「恐竜渓谷かつやま」 エリア,敦賀赤レンガ倉庫,1
2023-05-09,福井,道の駅「若狭おばま」,JR敦賀駅前 エリア,1
2023-05-09,福井,道の駅「越前」,越前そばの里 エリア,1
2023-05-09,福井,養浩館庭園,福井駅前 エリア,1
2023-05-10,福井,あわら温泉街,道の駅みくに ふれあいパーク三里浜 エリア,1
2023-05-10,福井,えちぜん鉄道 永平寺口駅 エリア,一乗谷朝倉氏遺跡,1
2023-05-10,福井,一乗谷朝倉氏遺跡,大本山 永平寺 エリア,1
2023-05-10,福井,一乗谷朝倉氏遺跡 エリア,大本山永平寺,1
2023-05-10,福井,一乗谷朝倉氏遺跡 エリア,道の駅「越前おおの荒島の郷」,1
2023-05-10,福井,三国サンセットビーチ,道の駅みくに ふれあいパーク三里浜 エリア,1
2023-05-10,福井,丸岡城,えちぜん鉄道 永平寺口駅 エリア,1
2023-05-10,福井,丸岡城 エリア,大本山永平寺,1
2023-05-10,福井,丸岡城 エリア,越前大野城,1
2023-05-10,福井,北前船主の館 右近家,越前そばの里 エリア,1
2023-05-10,福井,北陸新幹線 越前たけふ駅 エリア,越前そばの里,1
2023-05-10,福井,大本山 永平寺 エリア,北の庄城址・柴田公園,1
2023-05-10,福井,日本海さかな街,若狭フィッシャーマンズワーフ エリア,1
2023-05-10,福井,若狭フィッシャーマンズワーフ エリア,小浜市水産食品センター（若狭小浜お魚センター）,1
2023-05-10,福井,越前和紙の里,北陸新幹線 越前たけふ駅 エリア,1
2023-05-10,福井,越前大仏,大本山 永平寺 エリア,1
2023-05-10,福井,越前大野城・城下町 エリア,丸岡城,1
2023-05-10,福井,越前海岸,道の駅「越前」 エリア,1
2023-05-10,福井,越前陶芸村,道の駅「南えちぜん山海里」 エリア,1
2023-05-10,福井,道の駅「一乗谷あさくら水の駅」,一乗谷朝倉氏遺跡 エリア,1
2023-05-10,福井,道の駅「南えちぜん山海里」,丸岡城 エリア,1
2023-05-10,福井,道の駅「越前」 エリア,越前大野城,1
2023-05-10,福井,道の駅みくに ふれあいパーク三里浜 エリア,丸岡城,1
2023-05-10,福井,龍双ヶ滝,越前大野城・城下町 エリア,1
2023-05-11,福井,JR敦賀駅前 エリア,敦賀赤レンガ倉庫,1
2023-05-11,福井,あわら湯のまち エリア,大本山永平寺,1
2023-05-11,福井,レインボーライン,明通寺 エリア,1
2023-05-11,福井,一乗谷朝倉氏遺跡,うみんぴあ大飯 エリア,1
2023-05-11,福井,一乗谷朝倉氏遺跡,大本山 永平寺 エリア,1
2023-05-11,福井,一乗谷朝倉氏遺跡,武生駅 エリア,1
2023-05-11,福井,丸岡城,丸岡城 エリア,1
2023-05-11,福井,丸岡城,劔神社 エリア,1
2023-05-11,福井,丸岡城,東尋坊 エリア,1
2023-05-11,福井,丸岡城 エリア,東尋坊,1
2023-05-11,福井,人魚の浜海水浴場,小浜 エリア（宿泊施設）,1
2023-05-11,福井,劔神社 エリア,丸岡城,1
2023-05-11,福井,大安禅寺 エリア,一乗谷朝倉氏遺跡,1
2023-05-11,福井,大本山 永平寺 エリア,丸岡城,1
2023-05-11,福井,大本山永平寺,丸岡城 エリア,1
2023-05-11,福井,明通寺 エリア,メタセコイア並木（滋賀県）,1
2023-05-11,福井,東尋坊,越前大野城・城下町 エリア,1
2023-05-11,福井,福井駅前 エリア,一乗谷朝倉氏遺跡,1
2023-05-11,福井,越前がにミュージアム,あわら湯のまち エリア,1
2023-05-11,福井,越前和紙の里,越前そばの里 エリア,1
2023-05-11,福井,越前和紙の里 エリア,越前そばの里,1
2023-05-11,福井,越前大仏,えちぜん鉄道 松岡駅 エリア,1
2023-05-11,福井,越前大仏,道の駅「南えちぜん山海里」 エリア,1
2023-05-11,福井,越前大野城・城下町 エリア,福井駅,1
2023-05-11,福井,越前松島水族館,あわら湯のまち エリア,1
2023-05-11,福井,道の駅「南えちぜん山海里」 エリア,大本山永平寺,1
2023-05-12,福井,JR芦原温泉駅 エリア,丸岡城,1
2023-05-12,福井,あわら温泉屋台村「湯けむり横丁」,あわら湯のまち エリア,1
2023-05-12,福井,あわら湯のまち エリア,敦賀赤レンガ倉庫,1
2023-05-12,福井,えちぜん鉄道 松岡駅 エリア,丸岡城,1
2023-05-12,福井,ゆりの里公園ユリーム春江,北潟湖 エリア,1
2023-05-12,福井,レインボーライン,レインボーライン エリア,1
2023-05-12,福井,レインボーライン,若狭海遊バザール 千鳥苑 エリア,1
2023-05-12,福井,レインボーライン,道の駅「三方五湖」  エリア,1
2023-05-12,福井,レインボーライン エリア,天橋立（京都府）,1
2023-05-12,福井,一乗谷朝倉氏遺跡,一乗谷朝倉氏遺跡 エリア,1
2023-05-12,福井,一乗谷朝倉氏遺跡,大本山 永平寺 エリア,2
2023-05-12,福井,一乗谷朝倉氏遺跡,平泉寺白山神社 エリア,1
2023-05-12,福井,一乗谷朝倉氏遺跡,紫式部公園 エリア,1
2023-05-12,福井,一乗谷朝倉氏遺跡 エリア,越前大野城,1
2023-05-12,福井,一乗谷朝倉氏遺跡 エリア,道の駅「一乗谷あさくら水の駅」,1
2023-05-12,福井,丸岡城,一乗谷朝倉氏遺跡 エリア,1
2023-05-12,福井,丸岡城,北ノ庄 エリア,1
2023-05-12,福井,丸岡城,大本山 永平寺 エリア,1
2023-05-12,福井,北の庄城址・柴田公園,越前海岸 北部 エリア,1
2023-05-12,福井,北潟湖 エリア,ゆりの里公園ユリーム春江,1
2023-05-12,福井,国分寺 (小浜市),小浜市 阿納 エリア,1
2023-05-12,福井,大本山 永平寺 エリア,一乗谷朝倉氏遺跡,2
2023-05-12,福井,大本山 永平寺 エリア,丸岡城,1
2023-05-12,福井,大本山 永平寺 エリア,敦賀赤レンガ倉庫,1
2023-05-12,福井,大本山 永平寺 エリア,東尋坊,1
2023-05-12,福井,大本山永平寺,えちぜん鉄道 松岡駅 エリア,1
2023-05-12,福井,大本山永平寺,メガネストリート エリア,1
2023-05-12,福井,大本山永平寺,丸岡城 エリア,1
2023-05-12,福井,大本山永平寺,大本山 永平寺 エリア,1
2023-05-12,福井,小浜市 阿納 エリア,レインボーライン,1
2023-05-12,福井,小浜市 阿納 エリア,三方五湖,1
2023-05-12,福井,平泉寺白山神社 エリア,越前大仏,1
2023-05-12,福井,熊川宿,小浜市 阿納 エリア,1
2023-05-12,福井,福井市内,大本山 永平寺 エリア,1
2023-05-12,福井,福井県立恐竜博物館,大本山 永平寺 エリア,1
2023-05-12,福井,福井駅,一乗谷朝倉氏遺跡 エリア,1
2023-05-12,福井,福井駅,福井駅前 エリア（宿泊施設）,1
2023-05-12,福井,花の駅 ゆりの里公園 エリア,東尋坊,1
2023-05-12,福井,越前和紙の里,越前陶芸村 エリア,1
2023-05-12,福井,越前大仏,北陸新幹線 越前たけふ駅 エリア,1
2023-05-12,福井,越前大野城・城下町 エリア,三方五湖,1
2023-05-13,福井,JR美浜駅 エリア,敦賀駅,1
2023-05-13,福井,だるまちゃん広場 エリア,西山動物園,1
2023-05-13,福井,フルーツライン エリア,金津創作の森,1
2023-05-13,福井,レインボーライン,湖上館パムコ（水月湖）エリア,1
2023-05-13,福井,一乗谷朝倉氏遺跡,えちぜん鉄道 永平寺口駅 エリア,1
2023-05-13,福井,一乗谷朝倉氏遺跡,一乗谷朝倉氏遺跡 エリア,1
2023-05-13,福井,一乗谷朝倉氏遺跡,北陸新幹線 越前たけふ駅 エリア,2
2023-05-13,福井,一乗谷朝倉氏遺跡,越前大野城・城下町 エリア,1
2023-05-13,福井,三國湊レトロ,あわら湯のまち エリア,1
2023-05-13,福井,丸岡城,あわら湯のまち エリア,1
2023-05-13,福井,北の庄城址・柴田公園,越前大野城・城下町 エリア,1
2023-05-13,福井,北陸新幹線 越前たけふ駅 エリア,大本山永平寺,1
2023-05-13,福井,北陸新幹線 越前たけふ駅 エリア,越前和紙の里,1
2023-05-13,福井,北陸新幹線 越前たけふ駅 エリア,道の駅「越前」,1
2023-05-13,福井,大本山 永平寺 エリア,一乗谷朝倉氏遺跡,1
2023-05-13,福井,大本山永平寺,えちぜん鉄道 松岡駅 エリア,1
2023-05-13,福井,大本山永平寺,北陸新幹線 越前たけふ駅 エリア,1
2023-05-13,福井,平泉寺白山神社 エリア,大本山永平寺,1
2023-05-13,福井,御誕生寺,北陸新幹線 越前たけふ駅 エリア,1
2023-05-13,福井,御誕生寺,越前そばの里 エリア,1
2023-05-13,福井,敦賀赤レンガ倉庫,熊川宿 エリア,1
2023-05-13,福井,敦賀赤レンガ倉庫,金ヶ崎 エリア,1
2023-05-13,福井,敦賀駅,JR敦賀駅前 エリア,1
2023-05-13,福井,明通寺,御食国若狭おばま食文化館 エリア,1
2023-05-13,福井,気比の松原,JR美浜駅 エリア,1
2023-05-13,福井,氣比神宮,越前海岸 くりや旅館街 エリア,1
2023-05-13,福井,西山動物園,越前そばの里 エリア,1
2023-05-13,福井,越前がにミュージアム,越前そばの里 エリア,1
2023-05-13,福井,越前そばの里 エリア,丸岡城,1
2023-05-13,福井,越前そばの里 エリア,御誕生寺,1
2023-05-13,福井,越前そばの里 エリア,氣比神宮,1
2023-05-13,福井,越前そばの里 エリア,越前大仏,1
2023-05-13,福井,越前そばの里 エリア,道の駅「西山公園」,1
2023-05-13,福井,越前そばの里 エリア,金沢駅周辺（石川県）,1
2023-05-13,福井,越前和紙の里,道の駅「越前」 エリア,2
2023-05-13,福井,越前大野城,越前そばの里 エリア,1
2023-05-13,福井,越前大野城・城下町 エリア,越前大野城,1
2023-05-13,福井,越前打刃物会館,越前そばの里 エリア,1
2023-05-13,福井,越前海岸,越前そばの里 エリア,1
2023-05-13,福井,越前海岸 くりや旅館街 エリア,大本山永平寺,1
2023-05-13,福井,道の駅「さかい」（坂井地域交流センター「いねす」）,丸岡城 エリア,1
2023-05-13,福井,道の駅「一乗谷あさくら水の駅」,一乗谷朝倉氏遺跡 エリア,1
2023-05-13,福井,道の駅「一乗谷あさくら水の駅」,大本山 永平寺 エリア,1
2023-05-13,福井,道の駅「三方五湖」  エリア,若狭三方縄文博物館,1
2023-05-13,福井,道の駅「名田庄」,名田庄 エリア,1
2023-05-13,福井,道の駅「恐竜渓谷かつやま」,道の駅「越前おおの荒島の郷」 エリア,1
2023-05-13,福井,道の駅「河野」,北陸新幹線 越前たけふ駅 エリア,1
2023-05-13,福井,道の駅みくに ふれあいパーク三里浜 エリア,一乗谷朝倉氏遺跡,2
2023-05-13,福井,金ヶ崎 エリア,敦賀鉄道資料館（旧敦賀港駅舎 ）,1
2023-05-13,福井,金沢,JR芦原温泉駅 エリア,1
2023-05-14,福井,JR敦賀駅前 エリア,国分寺 (小浜市),1
2023-05-14,福井,JR美浜駅 エリア,三方五湖,1
2023-05-14,福井,JR芦原温泉駅 エリア,あわら温泉街,1
2023-05-14,福井,UMIKARA,若州一滴文庫 エリア,1
2023-05-14,福井,あわら温泉街,あわら湯のまち エリア,3
2023-05-14,福井,あわら温泉街,北潟湖 エリア,1
2023-05-14,福井,あわら湯のまち エリア,丸岡城,1
2023-05-14,福井,あわら湯のまち エリア,大本山永平寺,1
2023-05-14,福井,うみんぴあ大飯 エリア,三方五湖,1
2023-05-14,福井,うみんぴあ大飯 エリア,熊川宿,1
2023-05-14,福井,うみんぴあ大飯 エリア,舞鶴（京都府）,1
2023-05-14,福井,うみんぴあ大飯 エリア,若狭たかはま エルどらんど,1
2023-05-14,福井,うみんぴあ大飯 エリア,道の駅「若狭おばま」,1
2023-05-14,福井,うるしの里 エリア,めがねミュージアム,1
2023-05-14,福井,はたや記念館 ゆめおーれ勝山,道の駅「恐竜渓谷かつやま」 エリア,1
2023-05-14,福井,めがねミュージアム,越前そばの里 エリア,1
2023-05-14,福井,レインボーライン,うみんぴあ大飯 エリア,1
2023-05-14,福井,レインボーライン,レインボーライン エリア,1
2023-05-14,福井,レインボーライン エリア,若狭フィッシャーマンズワーフ,1
2023-05-14,福井,レインボーライン エリア,若狭瓜割名水公園 瓜割の滝,1
2023-05-14,福井,一乗谷朝倉氏遺跡,大本山 永平寺 エリア,1
2023-05-14,福井,一乗谷朝倉氏遺跡,越前大仏 エリア,1
2023-05-14,福井,一乗谷朝倉氏遺跡 エリア,越前大野城,1
2023-05-14,福井,一乗谷朝倉氏遺跡 エリア,越前松島水族館,1
2023-05-14,福井,一乗谷朝倉氏遺跡 エリア,道の駅「西山公園」,1
2023-05-14,福井,三方五湖,レインボーライン エリア,1
2023-05-14,福井,三方五湖,北潟湖 エリア,1
2023-05-14,福井,三方五湖,日本海さかな街 エリア,1
2023-05-14,福井,三方五湖,湖上館パムコ（水月湖）エリア,1
2023-05-14,福井,丸岡城,道の駅「南えちぜん山海里」 エリア,1
2023-05-14,福井,丸岡城,道の駅「越前」 エリア,1
2023-05-14,福井,丸岡城,道の駅みくに ふれあいパーク三里浜 エリア,1
2023-05-14,福井,丸岡城 エリア,大本山永平寺,1
2023-05-14,福井,丸岡城 エリア,東尋坊,1
2023-05-14,福井,劔神社,劔神社 エリア,1
2023-05-14,福井,劔神社 エリア,越前海岸,1
2023-05-14,福井,北の庄城址・柴田公園,福井駅前 エリア,1
2023-05-14,福井,北陸新幹線 越前たけふ駅 エリア,東尋坊,1
2023-05-14,福井,北陸新幹線 越前たけふ駅 エリア,越前打刃物会館,1
2023-05-14,福井,北陸新幹線 越前たけふ駅 エリア,道の駅「南えちぜん山海里」,1
2023-05-14,福井,名田庄 エリア,道の駅「名田庄」,1
2023-05-14,福井,大本山 永平寺 エリア,あわら温泉街,2
2023-05-14,福井,大本山 永平寺 エリア,大本山永平寺,1
2023-05-14,福井,大本山 永平寺 エリア,越前大野城,1
2023-05-14,福井,大本山 永平寺 エリア,道の駅「西山公園」,1
2023-05-14,福井,大本山永平寺,うみんぴあ大飯 エリア,1
2023-05-14,福井,大本山永平寺,大本山 永平寺 エリア,1
2023-05-14,福井,大本山永平寺,越前海岸 北部 エリア,2
2023-05-14,福井,小浜 エリア（宿泊施設）,三方五湖,1
2023-05-14,福井,小浜市水産食品センター（若狭小浜お魚センター）,箸のふるさと館WAKASA エリア,1
2023-05-14,福井,日本海さかな街 エリア,若狭フィッシャーマンズワーフ,1
2023-05-14,福井,明通寺,小浜 エリア（宿泊施設）,1
2023-05-14,福井,東尋坊,うるしの里 エリア,1
2023-05-14,福井,東尋坊,丸岡城 エリア,1
2023-05-14,福井,東尋坊,大本山 永平寺 エリア,2
2023-05-14,福井,東尋坊,東尋坊 エリア,1
2023-05-14,福井,東尋坊,道の駅「南えちぜん山海里」 エリア,1
2023-05-14,福井,氣比神宮,JR敦賀駅前 エリア,1
2023-05-14,福井,氣比神宮,JR美浜駅 エリア,1
2023-05-14,福井,氣比神宮,うみんぴあ大飯 エリア,1
2023-05-14,福井,氣比神宮,レインボーライン エリア,2
2023-05-14,福井,湖上館パムコ（水月湖）エリア,一乗谷朝倉氏遺跡,1
2023-05-14,福井,湖上館パムコ（水月湖）エリア,福井県年縞博物館,1
2023-05-14,福井,福井県年縞博物館,レインボーライン エリア,1
2023-05-14,福井,福井県年縞博物館,道の駅「三方五湖」  エリア,1
2023-05-14,福井,福井県立恐竜博物館,一乗谷朝倉氏遺跡 エリア,1
2023-05-14,福井,箸のふるさと館WAKASA エリア,道の駅「若狭おばま」,1
2023-05-14,福井,舞鶴（京都府）,うみんぴあ大飯 エリア,1
2023-05-14,福井,若狭フィッシャーマンズワーフ エリア,道の駅「うみんぴあ大飯」,1
2023-05-14,福井,若狭瓜割名水公園 瓜割の滝,若狭フィッシャーマンズワーフ エリア,1
2023-05-14,福井,西山動物園,丸岡城 エリア,1
2023-05-14,福井,越前がにミュージアム,道の駅「越前」 エリア,1
2023-05-14,福井,越前そばの里,越前そばの里 エリア,1
2023-05-14,福井,越前そばの里 エリア,一乗谷朝倉氏遺跡,1
2023-05-14,福井,越前そばの里 エリア,越前がにミュージアム,1
2023-05-14,福井,越前そばの里 エリア,越前大仏,1
2023-05-14,福井,越前そばの里 エリア,道の駅「越前」,1
2023-05-14,福井,越前大仏,北陸新幹線 越前たけふ駅 エリア,1
2023-05-14,福井,越前大野城,北陸新幹線 越前たけふ駅 エリア,2
2023-05-14,福井,越前大野城,越前そばの里 エリア,2
2023-05-14,福井,越前大野城,越前大仏 エリア,1
2023-05-14,福井,道の駅「うみんぴあ大飯」,若狭和田 エリア,1
2023-05-14,福井,道の駅「三方五湖」  エリア,北の庄城址・柴田公園,1
2023-05-14,福井,道の駅「南えちぜん山海里」 エリア,道の駅「河野」,1
2023-05-14,福井,道の駅「恐竜渓谷かつやま」,一乗谷朝倉氏遺跡 エリア,1
2023-05-14,福井,道の駅「恐竜渓谷かつやま」 エリア,道の駅「一乗谷あさくら水の駅」,1
2023-05-14,福井,道の駅「禅の里」,道の駅「恐竜渓谷かつやま」 エリア,1
2023-05-14,福井,道の駅「若狭おばま」,うみんぴあ大飯 エリア,1
2023-05-14,福井,道の駅「若狭熊川宿」,若狭フィッシャーマンズワーフ エリア,1
2023-05-14,福井,道の駅「若狭熊川宿」,道の駅「シーサイド高浜」 エリア,1
2023-05-14,福井,道の駅「西山公園」,北陸新幹線 越前たけふ駅 エリア,1
2023-05-14,福井,道の駅みくに ふれあいパーク三里浜 エリア,越前がにミュージアム,1
2023-05-14,福井,金津創作の森,フルーツライン エリア,1
2023-05-14,福井,雄島,あわら湯のまち エリア,1
2023-05-15,福井,JR敦賀駅前 エリア,敦賀赤レンガ倉庫,1
2023-05-15,福井,JR芦原温泉駅 エリア,芝政ワールド,1
2023-05-15,福井,あわら湯のまち エリア,ふれあいパーク三里浜(道の駅「みくに」),1
2023-05-15,福井,あわら湯のまち エリア,一乗谷朝倉氏遺跡,1
2023-05-15,福井,うみんぴあ大飯 エリア,氣比神宮,1
2023-05-15,福井,えちぜん鉄道 永平寺口駅 エリア,一乗谷朝倉氏遺跡,1
2023-05-15,福井,ファーマーズマーケットきららの丘,あわら湯のまち エリア,1
2023-05-15,福井,ファーマーズマーケットきららの丘,フルーツライン エリア,1
2023-05-15,福井,フルーツライン エリア,吉崎御坊跡,1
2023-05-15,福井,レインボーライン,北陸新幹線 越前たけふ駅 エリア,1
2023-05-15,福井,一乗谷朝倉氏遺跡,越前そばの里 エリア,1
2023-05-15,福井,一乗谷朝倉氏遺跡,道の駅「南えちぜん山海里」 エリア,1
2023-05-15,福井,一乗谷朝倉氏遺跡 エリア,福井県立恐竜博物館,1
2023-05-15,福井,三国サンセットビーチ,大本山 永平寺 エリア,1
2023-05-15,福井,丸岡城,若狭フィッシャーマンズワーフ エリア,1
2023-05-15,福井,丸岡城,越前大野城・城下町 エリア,2
2023-05-15,福井,人道の港 敦賀ムゼウム,金ヶ崎 エリア,1
2023-05-15,福井,北潟湖 エリア,丸岡城,1
2023-05-15,福井,北潟湖 エリア,越前大仏,1
2023-05-15,福井,北陸新幹線 越前たけふ駅 エリア,あわら温泉街,1
2023-05-15,福井,北陸新幹線 越前たけふ駅 エリア,道の駅「西山公園」,1
2023-05-15,福井,大本山 永平寺 エリア,吉崎御坊跡,1
2023-05-15,福井,大本山 永平寺 エリア,福井県立恐竜博物館,1
2023-05-15,福井,大本山 永平寺 エリア,越前大仏,1
2023-05-15,福井,大本山 永平寺 エリア,越前海岸,1
2023-05-15,福井,大本山永平寺,福井駅前 エリア（宿泊施設）,1
2023-05-15,福井,大本山永平寺,越前そばの里 エリア,1
2023-05-15,福井,岡太神社・大瀧神社,道の駅「若狭おばま」 エリア,1
2023-05-15,福井,平泉寺白山神社,大本山 永平寺 エリア,1
2023-05-15,福井,東尋坊,一乗谷朝倉氏遺跡 エリア,1
2023-05-15,福井,氣比神宮,JR敦賀駅前 エリア,1
2023-05-15,福井,氣比神宮,大本山 永平寺 エリア,1
2023-05-15,福井,氣比神宮,金ヶ崎 エリア,1
2023-05-15,福井,福井駅,大本山 永平寺 エリア,1
2023-05-15,福井,福井駅前 エリア（宿泊施設）,三國湊レトロ,1
2023-05-15,福井,竹田水車メロディパーク,道の駅「禅の里」 エリア,1
2023-05-15,福井,越前そばの里 エリア,丸岡城,2
2023-05-15,福井,越前そばの里 エリア,福井県立恐竜博物館,1
2023-05-15,福井,越前和紙の里,越前そばの里 エリア,1
2023-05-15,福井,越前大野城,一乗谷朝倉氏遺跡 エリア,1
2023-05-15,福井,越前大野城・城下町 エリア,あわら温泉街,1
2023-05-15,福井,越前大野城・城下町 エリア,一乗谷朝倉氏遺跡,1
2023-05-15,福井,道の駅「さかい」（坂井地域交流センター「いねす」）,北潟湖 エリア,1
2023-05-15,福井,道の駅「南えちぜん山海里」 エリア,越前大野城,1
2023-05-15,福井,道の駅「禅の里」 エリア,道の駅「さかい」（坂井地域交流センター「いねす」）,1
2023-05-15,福井,道の駅「若狭おばま」 エリア,岡太神社・大瀧神社,1
2023-05-15,福井,金ヶ崎 エリア,東尋坊,1
2023-05-15,福井,金津創作の森,北潟湖 エリア,2
2023-05-16,福井,あわら温泉「芦湯」,丸岡城 エリア,1
2023-05-16,福井,あわら温泉街,三国湊 エリア,1
2023-05-16,福井,あわら温泉街,道の駅「西山公園」 エリア,1
2023-05-16,福井,あわら湯のまち エリア,東尋坊,1
2023-05-16,福井,あわら湯のまち エリア,氣比神宮,1
2023-05-16,福井,あわら湯のまち エリア,越前大野城,1
2023-05-16,福井,あわら湯のまち エリア,越前松島水族館,1
2023-05-16,福井,一乗谷朝倉氏遺跡,あわら湯のまち エリア,1
2023-05-16,福井,一乗谷朝倉氏遺跡,一乗谷朝倉氏遺跡 エリア,1
2023-05-16,福井,一乗谷朝倉氏遺跡,越前大野城・城下町 エリア,1
2023-05-16,福井,一乗谷朝倉氏遺跡 エリア,東尋坊,1
2023-05-16,福井,一乗谷朝倉氏遺跡 エリア,越前大野城,1
2023-05-16,福井,三國湊レトロ,あわら湯のまち エリア,1
2023-05-16,福井,丸岡城,あわら湯のまち エリア,1
2023-05-16,福井,丸岡城,丸岡城 エリア,1
2023-05-16,福井,丸岡城,東尋坊 エリア,1
2023-05-16,福井,北の庄城址・柴田公園,福井駅前 エリア,1
2023-05-16,福井,吉崎御坊跡,あわら湯のまち エリア,1
2023-05-16,福井,大本山 永平寺 エリア,越前大仏,1
2023-05-16,福井,岡太神社・大瀧神社,越前そばの里 エリア,1
2023-05-16,福井,帰宅,一乗谷朝倉氏遺跡 エリア,1
2023-05-16,福井,敦賀鉄道資料館（旧敦賀港駅舎 ）,金ヶ崎 エリア,1
2023-05-16,福井,明通寺 エリア,神宮寺,1
2023-05-16,福井,明通寺 エリア,道の駅「若狭おばま」,1
2023-05-16,福井,東尋坊,丸岡城 エリア,1
2023-05-16,福井,東尋坊,福井駅前 エリア,2
2023-05-16,福井,東尋坊,道の駅「南えちぜん山海里」 エリア,1
2023-05-16,福井,東尋坊 エリア,越前松島水族館,1
2023-05-16,福井,氣比神宮,明通寺 エリア,1
2023-05-16,福井,氣比神宮,越前そばの里 エリア,1
2023-05-16,福井,氣比神宮,越前松島水族館 エリア,1
2023-05-16,福井,熊川宿,明通寺 エリア,1
2023-05-16,福井,神宮寺,明通寺 エリア,1
2023-05-16,福井,福井県立恐竜博物館,道の駅「越前おおの荒島の郷」 エリア,1
2023-05-16,福井,福井駅前 エリア,大本山永平寺,1
2023-05-16,福井,若狭瓜割名水公園 瓜割の滝,明通寺 エリア,1
2023-05-16,福井,越前そばの里 エリア,一乗谷朝倉氏遺跡,3
2023-05-16,福井,越前大野城・城下町 エリア,岡太神社・大瀧神社,1
2023-05-16,福井,越前松島水族館 エリア,東尋坊,1
2023-05-16,福井,道の駅「南えちぜん山海里」 エリア,道の駅「三方五湖」,1
2023-05-16,福井,道の駅「恐竜渓谷かつやま」,道の駅「越前おおの荒島の郷」 エリア,1
2023-05-16,福井,道の駅「禅の里」 エリア,越前大仏,1
2023-05-16,福井,道の駅「若狭おばま」 エリア,敦賀赤レンガ倉庫,1
2023-05-16,福井,道の駅「越前おおの荒島の郷」 エリア,東尋坊,1
2023-05-16,福井,野外恐竜博物館,うみんぴあ大飯 エリア,1
2023-05-16,福井,雄島,あわら湯のまち エリア,1
2023-05-16,福井,養浩館庭園,あわら湯のまち エリア,1
2023-05-17,福井,あわら温泉街,三国湊 エリア,1
2023-05-17,福井,あわら湯のまち エリア,一乗谷朝倉氏遺跡,1
2023-05-17,福井,あわら湯のまち エリア,丸岡城,1
2023-05-17,福井,あわら湯のまち エリア,敦賀駅,1
2023-05-17,福井,あわら湯のまち エリア,越前大野城,1
2023-05-17,福井,あわら湯のまち エリア,道の駅「若狭おばま」,1
2023-05-17,福井,かずら橋,一乗谷朝倉氏遺跡 エリア,1
2023-05-17,福井,エルガイアおおい,若州一滴文庫 エリア,1
2023-05-17,福井,一乗谷朝倉氏遺跡,ふくい鮮いちば エリア,1
2023-05-17,福井,一乗谷朝倉氏遺跡,越前大野城・城下町 エリア,1
2023-05-17,福井,三国湊 エリア,一乗谷朝倉氏遺跡,1
2023-05-17,福井,劔神社,道の駅「パークイン丹生ヶ丘」 エリア,1
2023-05-17,福井,北の庄城址・柴田公園,福井駅前 エリア,1
2023-05-17,福井,北の庄城址・柴田公園,福井駅前 エリア（宿泊施設）,1
2023-05-17,福井,北潟湖 エリア,三国サンセットビーチ,1
2023-05-17,福井,吉崎御坊跡,丸岡城 エリア,1
2023-05-17,福井,吉崎御坊跡,北潟湖 エリア,1
2023-05-17,福井,大本山永平寺,道の駅「南えちぜん山海里」 エリア,2
2023-05-17,福井,帰宅,道の駅「南えちぜん山海里」 エリア,1
2023-05-17,福井,平泉寺白山神社 エリア,越前大仏,1
2023-05-17,福井,敦賀赤レンガ倉庫,道の駅「三方五湖」  エリア,1
2023-05-17,福井,敦賀駅,あわら湯のまち エリア,1
2023-05-17,福井,日本海さかな街,北陸新幹線 越前たけふ駅 エリア,1
2023-05-17,福井,日本海さかな街,明通寺 エリア,1
2023-05-17,福井,明通寺 エリア,若狭瓜割名水公園 瓜割の滝,1
2023-05-17,福井,東尋坊,あわら湯のまち エリア,1
2023-05-17,福井,氣比神宮,越前松島水族館 エリア,1
2023-05-17,福井,熊川宿,道の駅「南えちぜん山海里」 エリア,1
2023-05-17,福井,越前そばの里 エリア,道の駅「南えちぜん山海里」,1
2023-05-17,福井,越前大仏,あわら湯のまち エリア,1
2023-05-17,福井,越前大仏,越前そばの里 エリア,1
2023-05-17,福井,越前大仏,道の駅「恐竜渓谷かつやま」 エリア,1
2023-05-17,福井,越前大野城,あわら湯のまち エリア,1
2023-05-17,福井,越前大野城,平泉寺白山神社 エリア,1
2023-05-17,福井,越前大野城,越前海岸 北部 エリア,1
2023-05-17,福井,越前大野城・城下町 エリア,丸岡城,1
2023-05-17,福井,越前大野城・城下町 エリア,越前大仏,1
2023-05-17,福井,越前松島水族館 エリア,大本山永平寺,1
2023-05-17,福井,越前海岸 北部 エリア,丸岡城,1
2023-05-17,福井,道の駅「さかい」（坂井地域交流センター「いねす」）,あわら湯のまち エリア,1
2023-05-17,福井,道の駅「パークイン丹生ヶ丘」 エリア,西山動物園,1
2023-05-17,福井,道の駅「南えちぜん山海里」 エリア,今庄宿,1
2023-05-17,福井,道の駅「南えちぜん山海里」 エリア,大本山永平寺,1
2023-05-17,福井,金津創作の森,道の駅みくに ふれあいパーク三里浜 エリア,1
2023-05-18,福井,JR敦賀駅前 エリア,一乗谷朝倉氏遺跡,1
2023-05-18,福井,うみんぴあ大飯 エリア,赤礁崎オートキャンプ場,1
2023-05-18,福井,うみんぴあ大飯 エリア,道の駅「シーサイド高浜」,1
2023-05-18,福井,レインボーライン,若狭フィッシャーマンズワーフ エリア,1
2023-05-18,福井,一乗谷朝倉氏遺跡,あわら湯のまち エリア,1
2023-05-18,福井,一乗谷朝倉氏遺跡,レインボーライン エリア,1
2023-05-18,福井,一乗谷朝倉氏遺跡 エリア,レインボーライン,1
2023-05-18,福井,一乗谷朝倉氏遺跡 エリア,丸岡城,1
2023-05-18,福井,一乗谷朝倉氏遺跡 エリア,大本山永平寺,1
2023-05-18,福井,三方五湖,うみんぴあ大飯 エリア,1
2023-05-18,福井,丸岡城,大本山 永平寺 エリア,1
2023-05-18,福井,北の庄城址・柴田公園,福井駅前 エリア,1
2023-05-18,福井,吉崎御坊跡,フルーツライン エリア,1
2023-05-18,福井,大本山永平寺,一乗谷朝倉氏遺跡 エリア,1
2023-05-18,福井,大本山永平寺,熊川宿 エリア,1
2023-05-18,福井,御食国若狭おばま食文化館,うみんぴあ大飯 エリア,1
2023-05-18,福井,敦賀鉄道資料館（旧敦賀港駅舎 ）,金ヶ崎 エリア,1
2023-05-18,福井,敦賀駅,JR敦賀駅前 エリア,1
2023-05-18,福井,明通寺 エリア,羽賀寺,1
2023-05-18,福井,東尋坊,丸岡城 エリア,1
2023-05-18,福井,東尋坊 エリア,大本山永平寺,1
2023-05-18,福井,氣比神宮,道の駅「南えちぜん山海里」 エリア,1
2023-05-18,福井,熊川宿,うみんぴあ大飯 エリア,1
2023-05-18,福井,熊川宿 エリア,氣比神宮,1
2023-05-18,福井,福井駅前 エリア,北の庄城址・柴田公園,1
2023-05-18,福井,若狭フィッシャーマンズワーフ エリア,熊川宿,1
2023-05-18,福井,西山動物園,丸岡城 エリア,1
2023-05-18,福井,越前大仏 エリア,道の駅「越前おおの荒島の郷」,1
2023-05-18,福井,越前大野城,一乗谷朝倉氏遺跡 エリア,1
2023-05-18,福井,越前大野城,東尋坊 エリア,1
2023-05-18,福井,越前大野城・城下町 エリア,敦賀赤レンガ倉庫,1
2023-05-18,福井,道の駅「南えちぜん山海里」 エリア,一乗谷朝倉氏遺跡,1
2023-05-18,福井,金ヶ崎 エリア,一乗谷朝倉氏遺跡,1
2023-05-19,福井,JR美浜駅 エリア,若狭三方縄文博物館,1
2023-05-19,福井,JR芦原温泉駅 エリア,三国サンセットビーチ,1
2023-05-19,福井,あわら湯のまち エリア,三國湊レトロ,1
2023-05-19,福井,あわら湯のまち エリア,大本山永平寺,1
2023-05-19,福井,あわら湯のまち エリア,岡太神社・大瀧神社,1
2023-05-19,福井,あわら湯のまち エリア,東尋坊,2
2023-05-19,福井,あわら湯のまち エリア,西山動物園,1
2023-05-19,福井,うみんぴあ大飯 エリア,道の駅「河野」,1
2023-05-19,福井,タケフナイフビレッジ,越前そばの里 エリア,1
2023-05-19,福井,メタセコイア並木（滋賀県）,道の駅「三方五湖」  エリア,1
2023-05-19,福井,レインボーライン,うみんぴあ大飯 エリア,1
2023-05-19,福井,レインボーライン エリア,氣比神宮,1
2023-05-19,福井,一乗谷朝倉氏遺跡,JR美浜駅 エリア,1
2023-05-19,福井,一乗谷朝倉氏遺跡,あわら湯のまち エリア,1
2023-05-19,福井,一乗谷朝倉氏遺跡,スキージャム勝山 エリア,1
2023-05-19,福井,一乗谷朝倉氏遺跡,一乗谷朝倉氏遺跡 エリア,2
2023-05-19,福井,一乗谷朝倉氏遺跡,丸岡城 エリア,1
2023-05-19,福井,一乗谷朝倉氏遺跡,劔神社 エリア,1
2023-05-19,福井,一乗谷朝倉氏遺跡,北ノ庄 エリア,1
2023-05-19,福井,一乗谷朝倉氏遺跡,大本山 永平寺 エリア,1
2023-05-19,福井,一乗谷朝倉氏遺跡 エリア,丸岡城,1
2023-05-19,福井,一乗谷朝倉氏遺跡 エリア,北の庄城址・柴田公園,1
2023-05-19,福井,一乗谷朝倉氏遺跡 エリア,大本山永平寺,1
2023-05-19,福井,丸岡城,あわら湯のまち エリア,3
2023-05-19,福井,丸岡城 エリア,丸岡城,1
2023-05-19,福井,今庄宿 エリア,一乗谷朝倉氏遺跡,1
2023-05-19,福井,北の庄城址・柴田公園,福井駅前 エリア,1
2023-05-19,福井,北ノ庄 エリア,福井駅,1
2023-05-19,福井,北陸新幹線 越前たけふ駅 エリア,丸岡城,1
2023-05-19,福井,北陸新幹線 越前たけふ駅 エリア,岡太神社・大瀧神社,1
2023-05-19,福井,北陸新幹線 越前たけふ駅 エリア,越前和紙の里,1
2023-05-19,福井,大本山 永平寺 エリア,丸岡城,1
2023-05-19,福井,大本山 永平寺 エリア,越前大野城,1
2023-05-19,福井,大本山永平寺,丸岡城 エリア,1
2023-05-19,福井,大本山永平寺,大本山 永平寺 エリア,1
2023-05-19,福井,御誕生寺,北陸新幹線 越前たけふ駅 エリア,1
2023-05-19,福井,敦賀赤レンガ倉庫,敦賀市立博物館 エリア,1
2023-05-19,福井,東尋坊 エリア,越前大野城,1
2023-05-19,福井,熊川宿 エリア,大本山永平寺,1
2023-05-19,福井,白山平泉寺歴史探遊館 まほろば,越前そばの里 エリア,1
2023-05-19,福井,福井駅,あわら湯のまち エリア,1
2023-05-19,福井,福井駅前 エリア,養浩館庭園,1
2023-05-19,福井,福井駅前 エリア（宿泊施設）,大本山永平寺,1
2023-05-19,福井,芝政ワールド,三国湊 エリア,1
2023-05-19,福井,若狭三方縄文博物館,道の駅「三方五湖」  エリア,1
2023-05-19,福井,赤礁崎オートキャンプ場,道の駅「シーサイド高浜」 エリア,1
2023-05-19,福井,越前がにミュージアム,越前松島水族館 エリア,1
2023-05-19,福井,越前そばの里 エリア,今庄宿,1
2023-05-19,福井,越前そばの里 エリア,岡太神社・大瀧神社,1
2023-05-19,福井,越前そばの里 エリア,道の駅「越前」,1
2023-05-19,福井,越前和紙の里 エリア,岡太神社・大瀧神社,1
2023-05-19,福井,越前大野城,あわら湯のまち エリア,1
2023-05-19,福井,越前大野城,東尋坊 エリア,2
2023-05-19,福井,越前大野城,越前そばの里 エリア,1
2023-05-19,福井,越前松島水族館 エリア,あわら温泉街,1
2023-05-19,福井,越前陶芸村,福井駅前 エリア（宿泊施設）,1
2023-05-19,福井,越前陶芸村 エリア,福井駅,1
2023-05-19,福井,道の駅「うみんぴあ大飯」,若狭高浜 エリア,1
2023-05-19,福井,道の駅「さかい」（坂井地域交流センター「いねす」）,道の駅「南えちぜん山海里」 エリア,1
2023-05-19,福井,道の駅「シーサイド高浜」 エリア,エルガイアおおい,1
2023-05-19,福井,道の駅「三方五湖」  エリア,福井県年縞博物館,1
2023-05-19,福井,道の駅「若狭熊川宿」,レインボーライン エリア,1
2023-05-19,福井,道の駅「越前おおの荒島の郷」,あわら湯のまち エリア,1
2023-05-19,福井,金ヶ崎 エリア,越前大仏,1
2023-05-19,福井,金沢駅周辺（石川県）,あわら湯のまち エリア,1
2023-05-20,福井,JR芦原温泉駅 エリア,東尋坊,1
2023-05-20,福井,あわら温泉街,北潟湖 エリア,1
2023-05-20,福井,あわら湯のまち エリア,平泉寺白山神社,1
2023-05-20,福井,あわら湯のまち エリア,東尋坊,4
2023-05-20,福井,うみんぴあ大飯 エリア,御食国若狭おばま食文化館,1
2023-05-20,福井,うみんぴあ大飯 エリア,道の駅「河野」,1
2023-05-20,福井,エンゼルライン,レインボーライン エリア,1
2023-05-20,福井,スキージャム勝山,道の駅「越前おおの荒島の郷」 エリア,1
2023-05-20,福井,フルーツライン エリア,あわら温泉街,1
2023-05-20,福井,メタセコイア並木（滋賀県）,道の駅「三方五湖」  エリア,1
2023-05-20,福井,レインボーライン エリア,日本海さかな街,1
2023-05-20,福井,一乗谷朝倉氏遺跡,ふくい鮮いちば エリア,2
2023-05-20,福井,一乗谷朝倉氏遺跡,丸岡城 エリア,1
2023-05-20,福井,一乗谷朝倉氏遺跡,越前そばの里 エリア,1
2023-05-20,福井,一乗谷朝倉氏遺跡 エリア,敦賀赤レンガ倉庫,1
2023-05-20,福井,三国湊 エリア,一乗谷朝倉氏遺跡,1
2023-05-20,福井,三国湊 エリア,越前大仏,1
2023-05-20,福井,三方五湖,レインボーライン エリア,1
2023-05-20,福井,丸岡城,丸岡城 エリア,1
2023-05-20,福井,丸岡城,北陸新幹線 越前たけふ駅 エリア,1
2023-05-20,福井,丸岡城,道の駅「西山公園」 エリア,1
2023-05-20,福井,九頭竜湖,あわら湯のまち エリア,1
2023-05-20,福井,五湖の駅,湖上館パムコ（水月湖）エリア,1
2023-05-20,福井,劔神社,越前陶芸村 エリア,1
2023-05-20,福井,北陸新幹線 越前たけふ駅 エリア,一乗谷朝倉氏遺跡,1
2023-05-20,福井,北陸新幹線 越前たけふ駅 エリア,丸岡城,1
2023-05-20,福井,吉崎御坊跡,フルーツライン エリア,1
2023-05-20,福井,名勝 養浩館庭園 エリア,越前大野城,1
2023-05-20,福井,大本山 永平寺 エリア,一乗谷朝倉氏遺跡,2
2023-05-20,福井,大本山 永平寺 エリア,丸岡城,1
2023-05-20,福井,大本山 永平寺 エリア,岡太神社・大瀧神社,1
2023-05-20,福井,大本山 永平寺 エリア,越前大仏,1
2023-05-20,福井,大本山永平寺,道の駅「南えちぜん山海里」 エリア,1
2023-05-20,福井,小浜市まちの駅・旭座,道の駅「若狭おばま」 エリア,1
2023-05-20,福井,岡太神社・大瀧神社,大本山 永平寺 エリア,1
2023-05-20,福井,岡太神社・大瀧神社,越前そばの里 エリア,2
2023-05-20,福井,平泉寺白山神社,あわら湯のまち エリア,1
2023-05-20,福井,御食国若狭おばま食文化館,小浜市まちの駅 エリア,1
2023-05-20,福井,敦賀赤レンガ倉庫,越前そばの里 エリア,1
2023-05-20,福井,日本海さかな街,レインボーライン エリア,1
2023-05-20,福井,日本海さかな街 エリア,三方五湖,1
2023-05-20,福井,東尋坊,大本山 永平寺 エリア,2
2023-05-20,福井,梅の里会館,湖上館パムコ（水月湖）エリア,1
2023-05-20,福井,氣比神宮,うみんぴあ大飯 エリア,1
2023-05-20,福井,氣比神宮,一乗谷朝倉氏遺跡 エリア,1
2023-05-20,福井,氣比神宮,三国湊 エリア,1
2023-05-20,福井,氣比神宮,越前海岸 くりや旅館街 エリア,1
2023-05-20,福井,水晶浜海水浴場,若狭フィッシャーマンズワーフ エリア,1
2023-05-20,福井,永平寺,あわら湯のまち エリア,1
2023-05-20,福井,湖上館パムコ（水月湖）エリア,レインボーライン,1
2023-05-20,福井,熊川宿,うみんぴあ大飯 エリア,1
2023-05-20,福井,熊川宿,小浜 エリア（宿泊施設）,1
2023-05-20,福井,熊川宿,若狭フィッシャーマンズワーフ エリア,1
2023-05-20,福井,白山平泉寺歴史探遊館 まほろば,道の駅「越前おおの荒島の郷」 エリア,1
2023-05-20,福井,福井駅,あわら湯のまち エリア,1
2023-05-20,福井,福井駅,名勝 養浩館庭園 エリア,1
2023-05-20,福井,福井駅,大本山 永平寺 エリア,1
2023-05-20,福井,福井駅前 エリア,越前松島水族館,1
2023-05-20,福井,自宅,道の駅「南えちぜん山海里」 エリア,1
2023-05-20,福井,芝政ワールド,福井駅前 エリア,1
2023-05-20,福井,若狭フィッシャーマンズワーフ エリア,敦賀赤レンガ倉庫,1
2023-05-20,福井,若狭高浜 エリア,若狭フィッシャーマンズワーフ,1
2023-05-20,福井,若狭高浜 エリア,道の駅「シーサイド高浜」,1
2023-05-20,福井,越前そばの里 エリア,一乗谷朝倉氏遺跡,1
2023-05-20,福井,越前そばの里 エリア,今庄宿,1
2023-05-20,福井,越前そばの里 エリア,岡太神社・大瀧神社,1
2023-05-20,福井,越前そばの里 エリア,越前和紙の里,1
2023-05-20,福井,越前そばの里 エリア,越前大野城,1
2023-05-20,福井,越前和紙の里,越前そばの里 エリア,1
2023-05-20,福井,越前大仏,越前大仏 エリア,1
2023-05-20,福井,越前大野城,越前そばの里 エリア,1
2023-05-20,福井,越前大野城,越前大仏 エリア,1
2023-05-20,福井,越前大野城・城下町 エリア,平泉寺白山神社,1
2023-05-20,福井,越前海岸,越前海岸 北部 エリア,1
2023-05-20,福井,道の駅「うみんぴあ大飯」,うみんぴあ大飯 エリア,1
2023-05-20,福井,道の駅「パークイン丹生ヶ丘」,道の駅「パークイン丹生ヶ丘」 エリア,1
2023-05-20,福井,道の駅「三方五湖」,湖上館パムコ（水月湖）エリア,1
2023-05-20,福井,道の駅「三方五湖」  エリア,福井県年縞博物館,1
2023-05-20,福井,道の駅「三方五湖」  エリア,若狭三方縄文博物館,1
2023-05-20,福井,道の駅「禅の里」,あわら湯のまち エリア,1
2023-05-20,福井,道の駅「越前」,劔神社 エリア,1
2023-05-20,福井,道の駅「越前」,越前海岸 くりや旅館街 エリア,1
2023-05-20,福井,道の駅「越前おおの荒島の郷」,JR九頭竜湖駅 エリア,1
2023-05-20,福井,道の駅「越前おおの荒島の郷」 エリア,道の駅「九頭竜・和泉ふれあい会館」,1
2023-05-20,福井,養浩館庭園,越前大野城・城下町 エリア,1
2023-05-21,福井,JR九頭竜湖駅 エリア,九頭竜湖,1
2023-05-21,福井,JR敦賀駅前 エリア,敦賀赤レンガ倉庫,2
2023-05-21,福井,JR芦原温泉駅 エリア,丸岡城,1
2023-05-21,福井,JR芦原温泉駅 エリア,福井駅,1
2023-05-21,福井,あわら温泉「芦湯」,JR芦原温泉駅 エリア,1
2023-05-21,福井,あわら温泉街,北潟湖 エリア,1
2023-05-21,福井,あわら温泉街,越前松島水族館 エリア,1
2023-05-21,福井,あわら湯のまち エリア,丸岡城,1
2023-05-21,福井,あわら湯のまち エリア,瀧谷寺,1
2023-05-21,福井,あわら湯のまち エリア,越前大野城,1
2023-05-21,福井,うみんぴあ大飯 エリア,小浜市水産食品センター（若狭小浜お魚センター）,1
2023-05-21,福井,うみんぴあ大飯 エリア,敦賀駅,1
2023-05-21,福井,うるしの里,一乗谷朝倉氏遺跡 エリア,1
2023-05-21,福井,えちぜん鉄道 永平寺口駅 エリア,大本山永平寺,1
2023-05-21,福井,はたや記念館 ゆめおーれ勝山 エリア,勝山城博物館,1
2023-05-21,福井,めがねミュージアム,越前海岸 くりや旅館街 エリア,1
2023-05-21,福井,ゆりの里公園ユリーム春江,北潟湖 エリア,1
2023-05-21,福井,セントピアあわら,あわら湯のまち エリア,1
2023-05-21,福井,フルーツライン エリア,三國湊レトロ,1
2023-05-21,福井,フルーツライン エリア,丸岡城,1
2023-05-21,福井,メガネストリート エリア,越前がにミュージアム,1
2023-05-21,福井,メガネストリート エリア,道の駅「越前」,1
2023-05-21,福井,レインボーライン エリア,一乗谷朝倉氏遺跡,1
2023-05-21,福井,一乗谷朝倉氏遺跡,あわら湯のまち エリア,2
2023-05-21,福井,一乗谷朝倉氏遺跡,大本山 永平寺 エリア,1
2023-05-21,福井,一乗谷朝倉氏遺跡,福井駅前 エリア,1
2023-05-21,福井,一乗谷朝倉氏遺跡,福井駅前 エリア（宿泊施設）,1
2023-05-21,福井,一乗谷朝倉氏遺跡,道の駅「越前」 エリア,1
2023-05-21,福井,一乗谷朝倉氏遺跡,道の駅みくに ふれあいパーク三里浜 エリア,1
2023-05-21,福井,一乗谷朝倉氏遺跡 エリア,あわら温泉街,1
2023-05-21,福井,一乗谷朝倉氏遺跡 エリア,丸岡城,2
2023-05-21,福井,三國湊レトロ,あわら湯のまち エリア,1
2023-05-21,福井,三國湊レトロ,道の駅「南えちぜん山海里」 エリア,2
2023-05-21,福井,三國湊レトロ,道の駅みくに ふれあいパーク三里浜 エリア,2
2023-05-21,福井,三方五湖,一乗谷朝倉氏遺跡 エリア,1
2023-05-21,福井,三方五湖,道の駅「若狭おばま」 エリア,1
2023-05-21,福井,丸岡城,えちぜん鉄道 永平寺口駅 エリア,1
2023-05-21,福井,丸岡城,丸岡城 エリア,1
2023-05-21,福井,丸岡城,北陸新幹線 越前たけふ駅 エリア,1
2023-05-21,福井,北潟湖 エリア,あわら温泉街,1
2023-05-21,福井,北潟湖 エリア,ゆりの里公園ユリーム春江,1
2023-05-21,福井,北潟湖 エリア,ファーマーズマーケットきららの丘,1
2023-05-21,福井,北陸新幹線 越前たけふ駅 エリア,越前陶芸村,1
2023-05-21,福井,国分寺 (小浜市),若狭高浜 エリア,2
2023-05-21,福井,大本山 永平寺 エリア,一乗谷朝倉氏遺跡,1
2023-05-21,福井,大本山 永平寺 エリア,丸岡城,2
2023-05-21,福井,大本山 永平寺 エリア,福井駅,1
2023-05-21,福井,大本山永平寺,あわら湯のまち エリア,1
2023-05-21,福井,大本山永平寺,えちぜん鉄道 永平寺口駅 エリア,1
2023-05-21,福井,大本山永平寺,大本山 永平寺 エリア,2
2023-05-21,福井,小浜 エリア（宿泊施設）,敦賀駅,1
2023-05-21,福井,小浜市まちの駅・旭座,小浜 エリア（宿泊施設）,1
2023-05-21,福井,小浜市水産食品センター（若狭小浜お魚センター）,若狭フィッシャーマンズワーフ エリア,1
2023-05-21,福井,明通寺 エリア,若狭三方縄文博物館,1
2023-05-21,福井,東尋坊,あわら湯のまち エリア,1
2023-05-21,福井,東尋坊,北潟湖 エリア,1
2023-05-21,福井,氣比神宮,JR敦賀駅前 エリア,1
2023-05-21,福井,熊川宿,明通寺 エリア,1
2023-05-21,福井,熊川宿,道の駅「三方五湖」  エリア,1
2023-05-21,福井,白山平泉寺歴史探遊館 まほろば,道の駅「越前おおの荒島の郷」 エリア,1
2023-05-21,福井,福井駅,一乗谷朝倉氏遺跡 エリア,1
2023-05-21,福井,福井駅前 エリア（宿泊施設）,一乗谷朝倉氏遺跡,1
2023-05-21,福井,若狭フィッシャーマンズワーフ エリア,熊川宿,1
2023-05-21,福井,若狭瓜割名水公園 瓜割の滝,若狭フィッシャーマンズワーフ エリア,1
2023-05-21,福井,若狭高浜 エリア,多田寺,1
2023-05-21,福井,西山動物園,道の駅「西山公園」 エリア,1
2023-05-21,福井,谷口屋,大本山 永平寺 エリア,1
2023-05-21,福井,赤礁崎オートキャンプ場,うみんぴあ大飯 エリア,1
2023-05-21,福井,越前そばの里,越前そばの里 エリア,1
2023-05-21,福井,越前そばの里 エリア,丸岡城,1
2023-05-21,福井,越前そばの里 エリア,氣比神宮,1
2023-05-21,福井,越前そばの里 エリア,越前海岸,1
2023-05-21,福井,越前そばの里 エリア,越前陶芸村,1
2023-05-21,福井,越前そばの里 エリア,道の駅「さかい」（坂井地域交流センター「いねす」）,1
2023-05-21,福井,越前和紙の里,だるまちゃん広場 エリア,1
2023-05-21,福井,越前大仏,北陸新幹線 越前たけふ駅 エリア,1
2023-05-21,福井,越前大野城,一乗谷朝倉氏遺跡 エリア,1
2023-05-21,福井,越前大野城,越前そばの里 エリア,1
2023-05-21,福井,道の駅「うみんぴあ大飯」,JR敦賀駅前 エリア,1
2023-05-21,福井,道の駅「三方五湖」  エリア,一乗谷朝倉氏遺跡,1
2023-05-21,福井,道の駅「南えちぜん山海里」 エリア,レインボーライン,1
2023-05-21,福井,道の駅「南えちぜん山海里」 エリア,小浜市水産食品センター（若狭小浜お魚センター）,1
2023-05-21,福井,道の駅「恐竜渓谷かつやま」,北潟湖 エリア,1
2023-05-21,福井,道の駅「禅の里」,大本山 永平寺 エリア,1
2023-05-21,福井,道の駅「若狭おばま」 エリア,氣比神宮,1
2023-05-21,福井,道の駅「若狭おばま」 エリア,道の駅「うみんぴあ大飯」,1
2023-05-21,福井,道の駅「若狭熊川宿」,道の駅「若狭おばま」 エリア,1
2023-05-21,福井,道の駅「越前」 エリア,福井県立恐竜博物館,1
2023-05-21,福井,道の駅「越前おおの荒島の郷」,JR九頭竜湖駅 エリア,1
2023-05-21,福井,道の駅「越前おおの荒島の郷」,はたや記念館 ゆめおーれ勝山 エリア,1
2023-05-21,福井,道の駅みくに ふれあいパーク三里浜 エリア,丸岡城,2
2023-05-21,福井,道の駅蓮如の里あわら,あわら湯のまち エリア,1
2023-05-21,福井,金津創作の森,あわら湯のまち エリア,1
2023-05-22,福井,JR敦賀駅前 エリア,敦賀赤レンガ倉庫,1
2023-05-22,福井,あわら温泉屋台村「湯けむり横丁」,あわら湯のまち エリア,1
2023-05-22,福井,あわら温泉街,道の駅「西山公園」 エリア,1
2023-05-22,福井,あわら湯のまち エリア,東尋坊,1
2023-05-22,福井,うみんぴあ大飯 エリア,舞鶴（京都府）,1
2023-05-22,福井,えちぜん鉄道 永平寺口駅 エリア,一乗谷朝倉氏遺跡,1
2023-05-22,福井,えちぜん鉄道 永平寺口駅 エリア,大本山永平寺,1
2023-05-22,福井,スキージャム勝山,スキージャム勝山 エリア,1
2023-05-22,福井,スキージャム勝山,道の駅「恐竜渓谷かつやま」 エリア,1
2023-05-22,福井,一乗谷朝倉氏遺跡,JR敦賀駅前 エリア,1
2023-05-22,福井,一乗谷朝倉氏遺跡,あわら湯のまち エリア,1
2023-05-22,福井,一乗谷朝倉氏遺跡,丸岡城 エリア,1
2023-05-22,福井,一乗谷朝倉氏遺跡,越前大野城・城下町 エリア,1
2023-05-22,福井,一乗谷朝倉氏遺跡,道の駅「越前」 エリア,1
2023-05-22,福井,一乗谷朝倉氏遺跡 エリア,一乗谷朝倉氏遺跡,1
2023-05-22,福井,一乗谷朝倉氏遺跡 エリア,丸岡城,1
2023-05-22,福井,丸岡城,えちぜん鉄道 永平寺口駅 エリア,1
2023-05-22,福井,丸岡城,大本山 永平寺 エリア,1
2023-05-22,福井,丸岡城,越前松島水族館 エリア,1
2023-05-22,福井,丸岡城 エリア,一乗谷朝倉氏遺跡,1
2023-05-22,福井,丸岡城 エリア,北の庄城址・柴田公園,1
2023-05-22,福井,北の庄城址・柴田公園,一乗谷朝倉氏遺跡 エリア,1
2023-05-22,福井,北の庄城址・柴田公園,北潟湖 エリア,1
2023-05-22,福井,北潟湖 エリア,丸岡城,1
2023-05-22,福井,北潟湖 エリア,氣比神宮,1
2023-05-22,福井,大本山 永平寺 エリア,道の駅「越前」,1
2023-05-22,福井,日本海さかな街,日本海さかな街 エリア,1
2023-05-22,福井,東尋坊,大本山 永平寺 エリア,1
2023-05-22,福井,東尋坊,道の駅「恐竜渓谷かつやま」 エリア,1
2023-05-22,福井,福井県こども家族館,うみんぴあ大飯 エリア,1
2023-05-22,福井,福井駅,一乗谷朝倉氏遺跡 エリア,1
2023-05-22,福井,福井駅,大本山 永平寺 エリア,1
2023-05-22,福井,福井駅前 エリア,一乗谷朝倉氏遺跡,1
2023-05-22,福井,福井駅前 エリア（宿泊施設）,一乗谷朝倉氏遺跡,1
2023-05-22,福井,越前そばの里 エリア,福井駅,1
2023-05-22,福井,越前大野城,越前そばの里 エリア,1
2023-05-22,福井,越前大野城・城下町 エリア,白山平泉寺歴史探遊館 まほろば,1
2023-05-22,福井,越前松島水族館 エリア,一乗谷朝倉氏遺跡,1
2023-05-22,福井,道の駅「三方五湖」  エリア,道の駅「越前」,1
2023-05-22,福井,道の駅「南えちぜん山海里」,道の駅「南えちぜん山海里」 エリア,1
2023-05-22,福井,道の駅「南えちぜん山海里」 エリア,丸岡城,1
2023-05-22,福井,道の駅「恐竜渓谷かつやま」 エリア,金沢駅周辺（石川県）,1
2023-05-22,福井,道の駅「禅の里」,道の駅「禅の里」 エリア,1
2023-05-22,福井,道の駅「若狭熊川宿」,JR敦賀駅前 エリア,1
2023-05-22,福井,道の駅「越前」,北潟湖 エリア,1
2023-05-22,福井,道の駅「越前」 エリア,三方五湖,1
2023-05-22,福井,金ヶ崎,JR敦賀駅前 エリア,1
2023-05-23,福井,JR九頭竜湖駅 エリア,道の駅「越前おおの荒島の郷」,2
2023-05-23,福井,あわら湯のまち エリア,丸岡城,1
2023-05-23,福井,うみんぴあ大飯 エリア,ホテルうみんぴあ,1
2023-05-23,福井,レインボーライン,越前海岸 くりや旅館街 エリア,1
2023-05-23,福井,レインボーライン エリア,福井県年縞博物館,1
2023-05-23,福井,レインボーライン エリア,福井県海浜自然センター,1
2023-05-23,福井,一乗谷朝倉氏遺跡,大本山 永平寺 エリア,2
2023-05-23,福井,一乗谷朝倉氏遺跡,越前大野城・城下町 エリア,1
2023-05-23,福井,一乗谷朝倉氏遺跡 エリア,丸岡城,1
2023-05-23,福井,一乗谷朝倉氏遺跡 エリア,東尋坊,1
2023-05-23,福井,一乗谷朝倉氏遺跡 エリア,越前大野城,1
2023-05-23,福井,三国サンセットビーチ,北潟湖 エリア,1
2023-05-23,福井,丸岡城,一乗谷朝倉氏遺跡 エリア,1
2023-05-23,福井,劔神社,劔神社 エリア,1
2023-05-23,福井,北潟湖 エリア,あわら温泉街,1
2023-05-23,福井,北潟湖 エリア,三國湊レトロ,1
2023-05-23,福井,北陸新幹線 越前たけふ駅 エリア,岡太神社・大瀧神社,1
2023-05-23,福井,北陸新幹線 越前たけふ駅 エリア,敦賀鉄道資料館（旧敦賀港駅舎 ）,1
2023-05-23,福井,吉崎御坊跡,北潟湖 エリア,1
2023-05-23,福井,大本山 永平寺 エリア,三國湊レトロ,1
2023-05-23,福井,大本山 永平寺 エリア,丸岡城,1
2023-05-23,福井,大本山永平寺,一乗谷朝倉氏遺跡 エリア,1
2023-05-23,福井,敦賀赤レンガ倉庫,敦賀市立博物館 エリア,1
2023-05-23,福井,敦賀赤レンガ倉庫,越前そばの里 エリア,1
2023-05-23,福井,明通寺,明通寺 エリア,1
2023-05-23,福井,東尋坊,JR芦原温泉駅 エリア,1
2023-05-23,福井,東尋坊,三国湊 エリア,1
2023-05-23,福井,東尋坊,大本山 永平寺 エリア,2
2023-05-23,福井,氣比神宮,北陸新幹線 越前たけふ駅 エリア,1
2023-05-23,福井,福井県年縞博物館,レインボーライン エリア,1
2023-05-23,福井,福井駅前 エリア,東尋坊,1
2023-05-23,福井,福井駅前 エリア,越前大野城,1
2023-05-23,福井,若狭三方縄文博物館,道の駅「三方五湖」  エリア,1
2023-05-23,福井,越前そばの里,北陸新幹線 越前たけふ駅 エリア,1
2023-05-23,福井,越前大野城,一乗谷朝倉氏遺跡 エリア,1
2023-05-23,福井,越前大野城,道の駅「越前おおの荒島の郷」 エリア,2
2023-05-23,福井,道の駅「さかい」（坂井地域交流センター「いねす」）,JR芦原温泉駅 エリア,1
2023-05-23,福井,道の駅「一乗谷あさくら水の駅」,一乗谷朝倉氏遺跡 エリア,1
2023-05-23,福井,道の駅「一乗谷あさくら水の駅」,道の駅「越前おおの荒島の郷」 エリア,1
2023-05-23,福井,道の駅「三方五湖」,あわら湯のまち エリア,1
2023-05-23,福井,道の駅「三方五湖」  エリア,若狭町観光船レイククルーズ,1
2023-05-23,福井,道の駅「九頭竜・和泉ふれあい会館」,一乗谷朝倉氏遺跡 エリア,1
2023-05-23,福井,道の駅「九頭竜・和泉ふれあい会館」,道の駅「越前おおの荒島の郷」 エリア,1
2023-05-23,福井,道の駅「越前おおの荒島の郷」,道の駅「南えちぜん山海里」 エリア,1
2023-05-23,福井,道の駅「越前おおの荒島の郷」 エリア,九頭竜湖,1
2023-05-23,福井,道の駅「越前おおの荒島の郷」 エリア,越前大野城,1
2023-05-23,福井,道の駅「越前おおの荒島の郷」 エリア,道の駅「禅の里」,1
2023-05-24,福井,あわら温泉街,あわら湯のまち エリア,1
2023-05-24,福井,あわら湯のまち エリア,あわら温泉屋台村「湯けむり横丁」,1
2023-05-24,福井,あわら湯のまち エリア,ふれあいパーク三里浜(道の駅「みくに」),1
2023-05-24,福井,あわら湯のまち エリア,東尋坊,1
2023-05-24,福井,ふくい鮮いちば エリア,北の庄城址・柴田公園,1
2023-05-24,福井,レインボーライン,レインボーライン エリア,1
2023-05-24,福井,レインボーライン エリア,氣比神宮,1
2023-05-24,福井,一乗谷朝倉氏遺跡,あわら湯のまち エリア,1
2023-05-24,福井,一乗谷朝倉氏遺跡,丸岡城 エリア,1
2023-05-24,福井,一乗谷朝倉氏遺跡 エリア,福井駅,1
2023-05-24,福井,三方五湖,湖上館パムコ（水月湖）エリア,1
2023-05-24,福井,北の庄城址・柴田公園,福井駅前 エリア,1
2023-05-24,福井,大本山 永平寺 エリア,一乗谷朝倉氏遺跡,1
2023-05-24,福井,大本山 永平寺 エリア,丸岡城,1
2023-05-24,福井,大本山 永平寺 エリア,岡太神社・大瀧神社,1
2023-05-24,福井,大本山永平寺,あわら湯のまち エリア,1
2023-05-24,福井,大本山永平寺,一乗谷朝倉氏遺跡 エリア,1
2023-05-24,福井,大本山永平寺,大本山 永平寺 エリア,1
2023-05-24,福井,大本山永平寺,小浜市 阿納 エリア,1
2023-05-24,福井,小浜市 阿納 エリア,天橋立（京都府）,1
2023-05-24,福井,福井駅,大本山 永平寺 エリア,1
2023-05-24,福井,福井駅前 エリア,一乗谷朝倉氏遺跡,1
2023-05-24,福井,福井駅前 エリア,養浩館庭園,1
2023-05-24,福井,若狭海遊バザール 千鳥苑 エリア,レインボーライン,1
2023-05-24,福井,越前和紙の里,北陸新幹線 越前たけふ駅 エリア,1
2023-05-24,福井,越前大仏,道の駅「越前おおの荒島の郷」 エリア,1
2023-05-24,福井,越前大野城,名勝 養浩館庭園 エリア,1
2023-05-24,福井,越前大野城,大本山 永平寺 エリア,1
2023-05-24,福井,越前大野城,福井駅前 エリア,1
2023-05-24,福井,越前松島水族館 エリア,ファーマーズマーケットきららの丘,1
2023-05-24,福井,道の駅「三方五湖」,湖上館パムコ（水月湖）エリア,1
2023-05-24,福井,道の駅「越前おおの荒島の郷」 エリア,越前大野城,1
2023-05-24,福井,道の駅みくに ふれあいパーク三里浜 エリア,東尋坊,1
2023-05-24,福井,道の駅武生,越前そばの里 エリア,1
2023-05-25,福井,うみんぴあ大飯 エリア,レインボーライン,1
2023-05-25,福井,うみんぴあ大飯 エリア,道の駅「シーサイド高浜」,1
2023-05-25,福井,めがねミュージアム,うるしの里 エリア,1
2023-05-25,福井,めがねミュージアム,メガネストリート エリア,1
2023-05-25,福井,メガネストリート エリア,うるしの里,1
2023-05-25,福井,レインボーライン,うみんぴあ大飯 エリア,1
2023-05-25,福井,一乗谷朝倉氏遺跡,大本山 永平寺 エリア,1
2023-05-25,福井,三国サンセットビーチ,越前松島水族館 エリア,1
2023-05-25,福井,三国湊 エリア,東尋坊,1
2023-05-25,福井,北潟湖 エリア,丸岡城,1
2023-05-25,福井,北潟湖 エリア,敦賀赤レンガ倉庫,1
2023-05-25,福井,吉崎御坊跡,北潟湖 エリア,1
2023-05-25,福井,大本山 永平寺 エリア,丸岡城,2
2023-05-25,福井,大本山永平寺,丸岡城 エリア,1
2023-05-25,福井,山中温泉（石川県）,北潟湖 エリア,1
2023-05-25,福井,東尋坊,北潟湖 エリア,1
2023-05-25,福井,東尋坊,大本山 永平寺 エリア,2
2023-05-25,福井,東尋坊,越前そばの里 エリア,1
2023-05-25,福井,氣比神宮,うみんぴあ大飯 エリア,1
2023-05-25,福井,氣比神宮,福井駅前 エリア,1
2023-05-25,福井,氣比神宮,道の駅「若狭おばま」 エリア,1
2023-05-25,福井,福井駅,メガネストリート エリア,1
2023-05-25,福井,若狭三方縄文博物館,若狭フィッシャーマンズワーフ エリア,1
2023-05-25,福井,越前そばの里 エリア,越前打刃物会館,1
2023-05-25,福井,越前そばの里 エリア,越前海岸,1
2023-05-25,福井,越前そばの里 エリア,道の駅「恐竜渓谷かつやま」,1
2023-05-25,福井,養浩館庭園,丸岡城 エリア,1
2023-05-26,福井,JR敦賀駅前 エリア,氣比神宮,1
2023-05-26,福井,あわら湯のまち エリア,一乗谷朝倉氏遺跡,1
2023-05-26,福井,あわら湯のまち エリア,越前大野城,1
2023-05-26,福井,あわら湯のまち エリア,野外恐竜博物館,1
2023-05-26,福井,レインボーライン エリア,一乗谷朝倉氏遺跡,1
2023-05-26,福井,一乗谷朝倉氏遺跡,あわら湯のまち エリア,2
2023-05-26,福井,一乗谷朝倉氏遺跡,平泉寺白山神社 エリア,1
2023-05-26,福井,一乗谷朝倉氏遺跡,熊川宿 エリア,1
2023-05-26,福井,一乗谷朝倉氏遺跡,道の駅「南えちぜん山海里」 エリア,1
2023-05-26,福井,一乗谷朝倉氏遺跡 エリア,大本山永平寺,2
2023-05-26,福井,一乗谷朝倉氏遺跡 エリア,越前大仏,1
2023-05-26,福井,三国サンセットビーチ,道の駅みくに ふれあいパーク三里浜 エリア,1
2023-05-26,福井,三國湊レトロ,東尋坊 エリア,1
2023-05-26,福井,三方五湖,明通寺 エリア,1
2023-05-26,福井,人道の港 敦賀ムゼウム,JR敦賀駅前 エリア,1
2023-05-26,福井,北潟湖 エリア,東尋坊,1
2023-05-26,福井,名田庄 エリア,小浜市水産食品センター（若狭小浜お魚センター）,1
2023-05-26,福井,国分寺 (小浜市),明通寺 エリア,1
2023-05-26,福井,大本山 永平寺 エリア,一乗谷朝倉氏遺跡,2
2023-05-26,福井,大本山 永平寺 エリア,東尋坊,1
2023-05-26,福井,大本山 永平寺 エリア,白山平泉寺歴史探遊館 まほろば,1
2023-05-26,福井,大本山永平寺,三国湊 エリア,1
2023-05-26,福井,大本山永平寺,道の駅「恐竜渓谷かつやま」 エリア,1
2023-05-26,福井,山中温泉（石川県）,北潟湖 エリア,1
2023-05-26,福井,平泉寺白山神社 エリア,越前大仏,1
2023-05-26,福井,敦賀赤レンガ倉庫,紫式部公園 エリア,1
2023-05-26,福井,日本海さかな街,うみんぴあ大飯 エリア,1
2023-05-26,福井,明通寺 エリア,レインボーライン,1
2023-05-26,福井,明通寺 エリア,熊川宿,1
2023-05-26,福井,明通寺 エリア,神宮寺,1
2023-05-26,福井,東尋坊,一乗谷朝倉氏遺跡 エリア,1
2023-05-26,福井,東尋坊,東尋坊 エリア,1
2023-05-26,福井,東尋坊 エリア,あわら温泉街,1
2023-05-26,福井,氣比神宮,レインボーライン エリア,1
2023-05-26,福井,湖上館パムコ（水月湖）エリア,丸岡城,1
2023-05-26,福井,湖上館パムコ（水月湖）エリア,熊川宿,1
2023-05-26,福井,熊川宿,湖上館パムコ（水月湖）エリア,2
2023-05-26,福井,熊川宿 エリア,丸岡城,2
2023-05-26,福井,紫式部公園 エリア,福井県立恐竜博物館,1
2023-05-26,福井,西山動物園,道の駅「西山公園」 エリア,1
2023-05-26,福井,越前大仏,東尋坊 エリア,1
2023-05-26,福井,越前大野城,福井駅前 エリア,1
2023-05-26,福井,道の駅「うみんぴあ大飯」,道の駅「シーサイド高浜」 エリア,1
2023-05-26,福井,道の駅「恐竜渓谷かつやま」 エリア,白山平泉寺歴史探遊館 まほろば,1
2023-05-26,福井,道の駅「若狭熊川宿」,レインボーライン エリア,1
2023-05-26,福井,道の駅みくに ふれあいパーク三里浜 エリア,東尋坊,1
2023-05-27,福井,JR敦賀駅前 エリア,敦賀赤レンガ倉庫,1
2023-05-27,福井,JR敦賀駅前 エリア,水晶浜海水浴場,1
2023-05-27,福井,あわら温泉街,フルーツライン エリア,2
2023-05-27,福井,あわら温泉街,北潟湖 エリア,2
2023-05-27,福井,あわら湯のまち エリア,一乗谷朝倉氏遺跡,1
2023-05-27,福井,はたや記念館 ゆめおーれ勝山 エリア,スキージャム勝山,1
2023-05-27,福井,はたや記念館 ゆめおーれ勝山 エリア,越前大野城,1
2023-05-27,福井,ハピリン,福井駅前 エリア,1
2023-05-27,福井,レインボーライン,JR敦賀駅前 エリア,1
2023-05-27,福井,レインボーライン,道の駅「三方五湖」  エリア,2
2023-05-27,福井,レインボーライン エリア,氣比神宮,1
2023-05-27,福井,一乗谷朝倉氏遺跡,一乗谷朝倉氏遺跡 エリア,2
2023-05-27,福井,一乗谷朝倉氏遺跡,北陸新幹線 越前たけふ駅 エリア,1
2023-05-27,福井,一乗谷朝倉氏遺跡,大本山 永平寺 エリア,1
2023-05-27,福井,一乗谷朝倉氏遺跡,越前そばの里 エリア,1
2023-05-27,福井,一乗谷朝倉氏遺跡 エリア,岡太神社・大瀧神社,1
2023-05-27,福井,一乗谷朝倉氏遺跡 エリア,越前大野城,2
2023-05-27,福井,丸岡城,あわら湯のまち エリア,1
2023-05-27,福井,丸岡城,越前海岸 北部 エリア,1
2023-05-27,福井,丸岡城 エリア,一乗谷朝倉氏遺跡,1
2023-05-27,福井,九頭竜湖,大本山 永平寺 エリア,1
2023-05-27,福井,北潟湖 エリア,あわら温泉街,1
2023-05-27,福井,北潟湖 エリア,一乗谷朝倉氏遺跡,1
2023-05-27,福井,北潟湖 エリア,北潟湖畔公園・サイクリングパーク,1
2023-05-27,福井,北陸新幹線 越前たけふ駅 エリア,越前がにミュージアム,1
2023-05-27,福井,大本山 永平寺 エリア,一乗谷朝倉氏遺跡,3
2023-05-27,福井,大本山 永平寺 エリア,東尋坊,1
2023-05-27,福井,大本山永平寺,あわら湯のまち エリア,1
2023-05-27,福井,大本山永平寺,北潟湖 エリア,1
2023-05-27,福井,大本山永平寺,北陸新幹線 越前たけふ駅 エリア,1
2023-05-27,福井,大本山永平寺,越前そばの里 エリア,1
2023-05-27,福井,岡太神社・大瀧神社,越前和紙の里 エリア,1
2023-05-27,福井,平泉寺白山神社 エリア,勝山城博物館,1
2023-05-27,福井,日本海さかな街,越前陶芸村 エリア,1
2023-05-27,福井,日本海さかな街 エリア,人道の港 敦賀ムゼウム,1
2023-05-27,福井,東尋坊,あわら湯のまち エリア,1
2023-05-27,福井,東尋坊,三国湊 エリア,1
2023-05-27,福井,東尋坊,越前大野城・城下町 エリア,1
2023-05-27,福井,東尋坊,道の駅「南えちぜん山海里」 エリア,1
2023-05-27,福井,氣比神宮,JR敦賀駅前 エリア,1
2023-05-27,福井,氣比神宮,大本山 永平寺 エリア,1
2023-05-27,福井,氣比神宮,明通寺 エリア,1
2023-05-27,福井,永平寺,越前大野城・城下町 エリア,1
2023-05-27,福井,熊川宿,小浜市まちの駅 エリア,1
2023-05-27,福井,白山平泉寺歴史探遊館 まほろば,はたや記念館 ゆめおーれ勝山 エリア,1
2023-05-27,福井,福井市立郷土歴史博物館,名勝 養浩館庭園 エリア,1
2023-05-27,福井,福井駅,道の駅「恐竜渓谷かつやま」 エリア,1
2023-05-27,福井,福井駅前 エリア,白山平泉寺歴史探遊館 まほろば,1
2023-05-27,福井,若狭和田ビーチ,レインボーライン エリア,1
2023-05-27,福井,越前そばの里 エリア,越前和紙の里,1
2023-05-27,福井,越前そばの里 エリア,道の駅「恐竜渓谷かつやま」,1
2023-05-27,福井,越前和紙の里 エリア,越前打刃物会館,1
2023-05-27,福井,越前大仏,はたや記念館 ゆめおーれ勝山 エリア,1
2023-05-27,福井,越前大野城,名勝 養浩館庭園 エリア,1
2023-05-27,福井,越前大野城,越前そばの里 エリア,1
2023-05-27,福井,越前大野城,越前大野城・城下町 エリア,1
2023-05-27,福井,越前大野城,道の駅「恐竜渓谷かつやま」 エリア,1
2023-05-27,福井,越前大野城,道の駅「越前おおの荒島の郷」 エリア,2
2023-05-27,福井,越前大野城・城下町 エリア,勝山城博物館,1
2023-05-27,福井,越前陶芸村,紫式部公園 エリア,1
2023-05-27,福井,越前陶芸村,道の駅「南えちぜん山海里」 エリア,1
2023-05-27,福井,越前陶芸村 エリア,越前そばの里,1
2023-05-27,福井,道の駅「さかい」（坂井地域交流センター「いねす」）,道の駅みくに ふれあいパーク三里浜 エリア,1
2023-05-27,福井,道の駅「一乗谷あさくら水の駅」,一乗谷朝倉氏遺跡 エリア,1
2023-05-27,福井,道の駅「南えちぜん山海里」 エリア,あわら温泉街,1
2023-05-27,福井,道の駅「南えちぜん山海里」 エリア,越前和紙の里,1
2023-05-27,福井,道の駅「名田庄」,名田庄 エリア,1
2023-05-27,福井,道の駅「恐竜渓谷かつやま」,道の駅「禅の里」 エリア,1
2023-05-27,福井,道の駅「恐竜渓谷かつやま」 エリア,三国サンセットビーチ,1
2023-05-27,福井,道の駅「恐竜渓谷かつやま」 エリア,東尋坊,1
2023-05-27,福井,道の駅「西山公園」,越前そばの里 エリア,1
2023-05-27,福井,道の駅「越前おおの荒島の郷」 エリア,大本山永平寺,1
2023-05-27,福井,道の駅みくに ふれあいパーク三里浜 エリア,越前松島水族館,1
2023-05-27,福井,金津創作の森,あわら湯のまち エリア,1
2023-05-27,福井,養浩館庭園,道の駅「南えちぜん山海里」 エリア,1
2023-05-28,福井,JR九頭竜湖駅 エリア,九頭竜湖,1
2023-05-28,福井,あわら温泉「芦湯」,大本山 永平寺 エリア,1
2023-05-28,福井,あわら温泉街,JR芦原温泉駅 エリア,1
2023-05-28,福井,あわら温泉街,東尋坊 エリア,1
2023-05-28,福井,あわら湯のまち エリア,大本山永平寺,1
2023-05-28,福井,あわら湯のまち エリア,東尋坊,1
2023-05-28,福井,あわら湯のまち エリア,福井駅,1
2023-05-28,福井,うみんぴあ大飯 エリア,若狭和田ビーチ,1
2023-05-28,福井,うみんぴあ大飯 エリア,道の駅「若狭おばま」,1
2023-05-28,福井,はたや記念館 ゆめおーれ勝山 エリア,道の駅「越前おおの荒島の郷」,1
2023-05-28,福井,サンドーム福井,越前そばの里 エリア,2
2023-05-28,福井,フルーツライン エリア,吉崎御坊跡,1
2023-05-28,福井,一乗谷朝倉氏遺跡,フルーツライン エリア,1
2023-05-28,福井,一乗谷朝倉氏遺跡,北陸新幹線 越前たけふ駅 エリア,2
2023-05-28,福井,一乗谷朝倉氏遺跡,大本山 永平寺 エリア,1
2023-05-28,福井,一乗谷朝倉氏遺跡,平泉寺白山神社 エリア,1
2023-05-28,福井,一乗谷朝倉氏遺跡,紫式部公園 エリア,1
2023-05-28,福井,一乗谷朝倉氏遺跡,越前そばの里 エリア,3
2023-05-28,福井,一乗谷朝倉氏遺跡,越前大野城・城下町 エリア,1
2023-05-28,福井,一乗谷朝倉氏遺跡,道の駅「三方五湖」  エリア,1
2023-05-28,福井,一乗谷朝倉氏遺跡 エリア,大本山永平寺,1
2023-05-28,福井,一乗谷朝倉氏遺跡 エリア,金沢駅周辺（石川県）,2
2023-05-28,福井,三方五湖,熊川宿 エリア,1
2023-05-28,福井,丸岡城,大本山 永平寺 エリア,1
2023-05-28,福井,丸岡城,越前そばの里 エリア,1
2023-05-28,福井,丸岡城,道の駅「三方五湖」  エリア,1
2023-05-28,福井,五湖の駅,道の駅「三方五湖」  エリア,1
2023-05-28,福井,六呂師高原 エリア,丸岡城,1
2023-05-28,福井,北潟湖 エリア,一乗谷朝倉氏遺跡,1
2023-05-28,福井,北陸新幹線 越前たけふ駅 エリア,越前大野城,1
2023-05-28,福井,吉崎御坊跡,北潟湖 エリア,1
2023-05-28,福井,吉崎御坊跡,道の駅「越前」 エリア,1
2023-05-28,福井,名田庄 エリア,若狭和田ビーチ,1
2023-05-28,福井,大安禅寺,あわら湯のまち エリア,1
2023-05-28,福井,大本山 永平寺 エリア,一乗谷朝倉氏遺跡,1
2023-05-28,福井,大本山 永平寺 エリア,丸岡城,2
2023-05-28,福井,大本山 永平寺 エリア,東尋坊,1
2023-05-28,福井,大本山永平寺,えちぜん鉄道 松岡駅 エリア,1
2023-05-28,福井,大本山永平寺,えちぜん鉄道 永平寺口駅 エリア,1
2023-05-28,福井,大本山永平寺,一乗谷朝倉氏遺跡 エリア,2
2023-05-28,福井,大本山永平寺,道の駅「南えちぜん山海里」 エリア,2
2023-05-28,福井,小浜市水産食品センター（若狭小浜お魚センター）,湖上館パムコ（水月湖）エリア,1
2023-05-28,福井,岡太神社・大瀧神社,越前そばの里 エリア,1
2023-05-28,福井,平泉寺白山神社 エリア,越前大野城,1
2023-05-28,福井,御食国若狭おばま食文化館,御食国若狭おばま食文化館 エリア,1
2023-05-28,福井,敦賀赤レンガ倉庫,JR敦賀駅前 エリア,1
2023-05-28,福井,敦賀赤レンガ倉庫,明通寺 エリア,1
2023-05-28,福井,敦賀赤レンガ倉庫,越前そばの里 エリア,1
2023-05-28,福井,日本海さかな街,金ヶ崎 エリア,1
2023-05-28,福井,明通寺 エリア,熊川宿,1
2023-05-28,福井,東尋坊,JR敦賀駅前 エリア,1
2023-05-28,福井,東尋坊,あわら湯のまち エリア,2
2023-05-28,福井,東尋坊,大本山 永平寺 エリア,1
2023-05-28,福井,東尋坊,越前そばの里 エリア,4
2023-05-28,福井,東尋坊 エリア,大本山永平寺,1
2023-05-28,福井,自宅,熊川宿 エリア,1
2023-05-28,福井,芝政ワールド,道の駅「南えちぜん山海里」 エリア,1
2023-05-28,福井,花の駅 ゆりの里公園 エリア,ふれあいパーク三里浜(道の駅「みくに」),1
2023-05-28,福井,越前そばの里 エリア,三国サンセットビーチ,1
2023-05-28,福井,越前そばの里 エリア,丸岡城,2
2023-05-28,福井,越前そばの里 エリア,大本山永平寺,1
2023-05-28,福井,越前そばの里 エリア,道の駅「河野」,1
2023-05-28,福井,越前そばの里 エリア,道の駅「若狭おばま」,1
2023-05-28,福井,越前そばの里 エリア,道の駅「越前」,1
2023-05-28,福井,越前大仏,道の駅「恐竜渓谷かつやま」 エリア,2
2023-05-28,福井,越前大野城,六呂師高原 エリア,1
2023-05-28,福井,越前大野城,越前そばの里 エリア,1
2023-05-28,福井,越前大野城,越前大野城・城下町 エリア,2
2023-05-28,福井,越前大野城,道の駅「南えちぜん山海里」 エリア,1
2023-05-28,福井,越前大野城,道の駅「恐竜渓谷かつやま」 エリア,4
2023-05-28,福井,越前大野城・城下町 エリア,平泉寺白山神社,2
2023-05-28,福井,越前大野城・城下町 エリア,道の駅「恐竜渓谷かつやま」,1
2023-05-28,福井,越前海岸 くりや旅館街 エリア,越前陶芸村,1
2023-05-28,福井,越前陶芸村,越前そばの里 エリア,4
2023-05-28,福井,道の駅「うみんぴあ大飯」,うみんぴあ大飯 エリア,1
2023-05-28,福井,道の駅「三方五湖」  エリア,レインボーライン,1
2023-05-28,福井,道の駅「九頭竜・和泉ふれあい会館」,はたや記念館 ゆめおーれ勝山 エリア,1
2023-05-28,福井,道の駅「南えちぜん山海里」 エリア,一乗谷朝倉氏遺跡,1
2023-05-28,福井,道の駅「恐竜渓谷かつやま」 エリア,勝山城博物館,1
2023-05-28,福井,道の駅「越前」,越前そばの里 エリア,1
2023-05-28,福井,道の駅「越前おおの荒島の郷」,JR九頭竜湖駅 エリア,1
2023-05-28,福井,道の駅「越前おおの荒島の郷」,はたや記念館 ゆめおーれ勝山 エリア,1
2023-05-28,福井,道の駅みくに ふれあいパーク三里浜 エリア,三国サンセットビーチ,1
2023-05-29,福井,「ちひろの生まれた家」記念館,武生駅 エリア,1
2023-05-29,福井,あわら温泉街,一乗谷朝倉氏遺跡 エリア,1
2023-05-29,福井,あわら湯のまち エリア,敦賀赤レンガ倉庫,1
2023-05-29,福井,あわら湯のまち エリア,金津創作の森,1
2023-05-29,福井,うるしの里,北陸新幹線 越前たけふ駅 エリア,1
2023-05-29,福井,かずら橋,一乗谷朝倉氏遺跡 エリア,1
2023-05-29,福井,かずら橋,道の駅「南えちぜん山海里」 エリア,1
2023-05-29,福井,レインボーライン エリア,小浜市水産食品センター（若狭小浜お魚センター）,1
2023-05-29,福井,レインボーライン エリア,日本海さかな街,1
2023-05-29,福井,一乗谷朝倉氏遺跡,一乗谷朝倉氏遺跡 エリア,1
2023-05-29,福井,一乗谷朝倉氏遺跡 エリア,一乗谷朝倉氏遺跡,1
2023-05-29,福井,一乗谷朝倉氏遺跡 エリア,福井県立恐竜博物館,1
2023-05-29,福井,一乗谷朝倉氏遺跡 エリア,越前大野城,1
2023-05-29,福井,三方五湖,日本海さかな街 エリア,1
2023-05-29,福井,丸岡城,あわら湯のまち エリア,1
2023-05-29,福井,丸岡城,福井駅前 エリア,1
2023-05-29,福井,丸岡城,道の駅「南えちぜん山海里」 エリア,2
2023-05-29,福井,丸岡城 エリア,越前大野城,2
2023-05-29,福井,九頭竜湖,越前そばの里 エリア,1
2023-05-29,福井,人道の港 敦賀ムゼウム,金ヶ崎 エリア,1
2023-05-29,福井,北ノ庄 エリア,福井駅,1
2023-05-29,福井,北陸新幹線 越前たけふ駅 エリア,越前大野城,1
2023-05-29,福井,名田庄 エリア,国分寺 (小浜市),1
2023-05-29,福井,大本山 永平寺 エリア,丸岡城,1
2023-05-29,福井,大本山 永平寺 エリア,東尋坊,1
2023-05-29,福井,大本山 永平寺 エリア,道の駅「南えちぜん山海里」,1
2023-05-29,福井,大本山永平寺,あわら湯のまち エリア,1
2023-05-29,福井,大本山永平寺,丸岡城 エリア,2
2023-05-29,福井,大本山永平寺,大本山 永平寺 エリア,1
2023-05-29,福井,小浜 エリア（宿泊施設）,御食国若狭おばま食文化館,1
2023-05-29,福井,平泉寺白山神社 エリア,一乗谷朝倉氏遺跡,1
2023-05-29,福井,御食国若狭おばま食文化館 エリア,エルガイアおおい,1
2023-05-29,福井,敦賀赤レンガ倉庫,北陸新幹線 越前たけふ駅 エリア,1
2023-05-29,福井,敦賀赤レンガ倉庫,日本海さかな街 エリア,1
2023-05-29,福井,敦賀赤レンガ倉庫,金ヶ崎 エリア,1
2023-05-29,福井,日本海さかな街 エリア,人道の港 敦賀ムゼウム,1
2023-05-29,福井,日本海さかな街 エリア,東尋坊,1
2023-05-29,福井,明通寺 エリア,三丁町,1
2023-05-29,福井,明通寺 エリア,明通寺,1
2023-05-29,福井,明通寺 エリア,熊川宿,1
2023-05-29,福井,東尋坊,あわら湯のまち エリア,1
2023-05-29,福井,武生駅 エリア,越前打刃物会館,1
2023-05-29,福井,神宮寺,明通寺 エリア,2
2023-05-29,福井,福井県立恐竜博物館,名田庄 エリア,1
2023-05-29,福井,福井駅,北ノ庄 エリア,1
2023-05-29,福井,福井駅,大本山 永平寺 エリア,1
2023-05-29,福井,福井駅前 エリア,大本山永平寺,1
2023-05-29,福井,福井駅前 エリア,越前大野城,1
2023-05-29,福井,若狭フィッシャーマンズワーフ,小浜 エリア（宿泊施設）,1
2023-05-29,福井,越前がにミュージアム,道の駅「越前」 エリア,2
2023-05-29,福井,越前そばの里 エリア,あわら温泉街,1
2023-05-29,福井,越前そばの里 エリア,越前松島水族館,1
2023-05-29,福井,越前そばの里 エリア,道の駅「三方五湖」,1
2023-05-29,福井,越前大野城,平泉寺白山神社 エリア,1
2023-05-29,福井,越前大野城,道の駅「越前おおの荒島の郷」 エリア,1
2023-05-29,福井,道の駅「うみんぴあ大飯」,道の駅「シーサイド高浜」 エリア,1
2023-05-29,福井,道の駅「シーサイド高浜」,御食国若狭おばま食文化館 エリア,1
2023-05-29,福井,道の駅「三方五湖」,レインボーライン エリア,1
2023-05-29,福井,道の駅「南えちぜん山海里」 エリア,丸岡城,1
2023-05-29,福井,道の駅「越前」 エリア,越前そばの里,1
2023-05-29,福井,道の駅「越前おおの荒島の郷」,道の駅「恐竜渓谷かつやま」 エリア,1
2023-05-29,福井,道の駅「越前おおの荒島の郷」 エリア,越前そばの里,1
2023-05-29,福井,金ヶ崎 エリア,人道の港 敦賀ムゼウム,1
2023-05-29,福井,金津創作の森,北潟湖 エリア,1
2023-05-30,福井,ふくい鮮いちば エリア,一乗谷朝倉氏遺跡,1
2023-05-30,福井,一乗谷朝倉氏遺跡,ふくい鮮いちば エリア,1
2023-05-30,福井,一乗谷朝倉氏遺跡,一乗谷朝倉氏遺跡 エリア,1
2023-05-30,福井,一乗谷朝倉氏遺跡 エリア,北の庄城址・柴田公園,1
2023-05-30,福井,三国湊 エリア,丸岡城,1
2023-05-30,福井,丸岡城,越前大野城・城下町 エリア,2
2023-05-30,福井,六呂師高原 エリア,道の駅「九頭竜・和泉ふれあい会館」,1
2023-05-30,福井,吉崎御坊跡,東尋坊 エリア,1
2023-05-30,福井,岡太神社・大瀧神社,あわら湯のまち エリア,1
2023-05-30,福井,敦賀赤レンガ倉庫,日本海さかな街 エリア,1
2023-05-30,福井,日本海さかな街 エリア,人道の港 敦賀ムゼウム,1
2023-05-30,福井,東尋坊,あわら湯のまち エリア,1
2023-05-30,福井,東尋坊,三国湊 エリア,1
2023-05-30,福井,東尋坊,越前海岸 北部 エリア,1
2023-05-30,福井,越前がにミュージアム,越前そばの里 エリア,1
2023-05-30,福井,越前そばの里 エリア,越前大野城,1
2023-05-30,福井,越前大野城,一乗谷朝倉氏遺跡 エリア,1
2023-05-30,福井,越前大野城,越前そばの里 エリア,1
2023-05-30,福井,越前大野城・城下町 エリア,福井駅,1
2023-05-30,福井,越前海岸 北部 エリア,越前がにミュージアム,1
2023-05-30,福井,道の駅「越前おおの荒島の郷」,六呂師高原 エリア,1
2023-05-31,福井,JR敦賀駅前 エリア,敦賀赤レンガ倉庫,1
2023-05-31,福井,JR美浜駅 エリア,敦賀赤レンガ倉庫,1
2023-05-31,福井,はたや記念館 ゆめおーれ勝山 エリア,勝山城博物館,1
2023-05-31,福井,ファーマーズマーケットきららの丘,道の駅みくに ふれあいパーク三里浜 エリア,1
2023-05-31,福井,レインボーライン,越前海岸 くりや旅館街 エリア,1
2023-05-31,福井,一乗谷朝倉氏遺跡,花の駅 ゆりの里公園 エリア,1
2023-05-31,福井,一乗谷朝倉氏遺跡,道の駅みくに ふれあいパーク三里浜 エリア,1
2023-05-31,福井,一乗谷朝倉氏遺跡 エリア,一乗谷朝倉氏遺跡,1
2023-05-31,福井,一乗谷朝倉氏遺跡 エリア,越前大野城,1
2023-05-31,福井,万葉の里 味真野苑（ミズバショウ・フジ・スイレン・ハギ）,北陸新幹線 越前たけふ駅 エリア,1
2023-05-31,福井,丸岡城,一乗谷朝倉氏遺跡 エリア,1
2023-05-31,福井,丸岡城,越前大野城・城下町 エリア,1
2023-05-31,福井,人道の港 敦賀ムゼウム,JR敦賀駅前 エリア,1
2023-05-31,福井,劔神社,道の駅「越前」 エリア,1
2023-05-31,福井,北潟湖 エリア,あわら温泉屋台村「湯けむり横丁」,1
2023-05-31,福井,北潟湖 エリア,一乗谷朝倉氏遺跡,1
2023-05-31,福井,北潟湖畔公園・サイクリングパーク,北潟湖 エリア,1
2023-05-31,福井,北陸新幹線 越前たけふ駅 エリア,道の駅「西山公園」,1
2023-05-31,福井,吉崎御坊跡,フルーツライン エリア,1
2023-05-31,福井,吉崎御坊跡,北潟湖 エリア,1
2023-05-31,福井,大本山 永平寺 エリア,東尋坊,1
2023-05-31,福井,大本山永平寺,道の駅「若狭おばま」 エリア,1
2023-05-31,福井,東尋坊,三国湊 エリア,1
2023-05-31,福井,熊川宿,レインボーライン エリア,1
2023-05-31,福井,熊川宿 エリア,三方五湖,1
2023-05-31,福井,熊川宿 エリア,若狭瓜割名水公園 瓜割の滝,1
2023-05-31,福井,福井駅,大本山 永平寺 エリア,1
2023-05-31,福井,花の駅 ゆりの里公園 エリア,越前大野城,1
2023-05-31,福井,越前そばの里 エリア,越前大仏,1
2023-05-31,福井,越前和紙の里,越前海岸 くりや旅館街 エリア,1
2023-05-31,福井,越前大仏,JR九頭竜湖駅 エリア,1
2023-05-31,福井,越前大仏,越前そばの里 エリア,1
2023-05-31,福井,越前大野城・城下町 エリア,一乗谷朝倉氏遺跡,1
2023-05-31,福井,越前水仙の里公園,福井駅前 エリア,1
2023-05-31,福井,道の駅「シーサイド高浜」,うみんぴあ大飯 エリア,1
2023-05-31,福井,道の駅「三方五湖」  エリア,天橋立（京都府）,1
2023-05-31,福井,道の駅「南えちぜん山海里」,越前そばの里 エリア,1
2023-05-31,福井,道の駅「恐竜渓谷かつやま」,はたや記念館 ゆめおーれ勝山 エリア,1
2023-05-31,福井,道の駅「若狭おばま」 エリア,熊川宿,1
2023-05-31,福井,道の駅「若狭熊川宿」,熊川宿 エリア,1
2023-05-31,福井,道の駅「越前」 エリア,越前がにミュージアム,1
2023-06-01,福井,JR九頭竜湖駅 エリア,道の駅「恐竜渓谷かつやま」,1
2023-06-01,福井,一乗谷朝倉氏遺跡,東尋坊 エリア,1
2023-06-01,福井,一乗谷朝倉氏遺跡,越前そばの里 エリア,1
2023-06-01,福井,丸岡城,JR芦原温泉駅 エリア,1
2023-06-01,福井,丸岡城,越前そばの里 エリア,1
2023-06-01,福井,六呂師高原 エリア,大本山永平寺,1
2023-06-01,福井,国分寺 (小浜市),御食国若狭おばま食文化館 エリア,1
2023-06-01,福井,大本山 永平寺 エリア,一乗谷朝倉氏遺跡,1
2023-06-01,福井,東尋坊,三国湊 エリア,1
2023-06-01,福井,越前そばの里 エリア,一乗谷朝倉氏遺跡,1
2023-06-01,福井,越前そばの里 エリア,越前大仏,1
2023-06-01,福井,越前和紙の里 エリア,大本山永平寺,1
2023-06-01,福井,越前大仏,六呂師高原 エリア,1
2023-06-01,福井,越前大野城,越前大野城・城下町 エリア,1
2023-06-01,福井,越前大野城・城下町 エリア,福井県立恐竜博物館,1
2023-06-01,福井,道の駅「一乗谷あさくら水の駅」,道の駅「越前おおの荒島の郷」 エリア,1
2023-06-01,福井,道の駅「九頭竜・和泉ふれあい会館」,平泉寺白山神社 エリア,1
2023-06-01,福井,道の駅「九頭竜・和泉ふれあい会館」,越前大野城・城下町 エリア,1
2023-06-01,福井,道の駅「九頭竜・和泉ふれあい会館」,道の駅「恐竜渓谷かつやま」 エリア,1
2023-06-01,福井,道の駅「恐竜渓谷かつやま」,道の駅「禅の里」 エリア,1
2023-06-01,福井,道の駅「恐竜渓谷かつやま」 エリア,道の駅「禅の里」,1
2023-06-01,福井,道の駅「禅の里」 エリア,道の駅「さかい」（坂井地域交流センター「いねす」）,1
2023-06-01,福井,道の駅「若狭おばま」,熊川宿 エリア,1
2023-06-01,福井,道の駅「越前おおの荒島の郷」,JR九頭竜湖駅 エリア,1
2023-06-01,福井,道の駅「越前おおの荒島の郷」 エリア,道の駅「九頭竜・和泉ふれあい会館」,1
2023-06-01,福井,道の駅みくに ふれあいパーク三里浜 エリア,吉崎御坊跡,1
2023-06-01,福井,養浩館庭園,道の駅みくに ふれあいパーク三里浜 エリア,1
2023-06-02,福井,あわら温泉街,あわら湯のまち エリア,1
2023-06-02,福井,あわら湯のまち エリア,あわら温泉街,1
2023-06-02,福井,あわら湯のまち エリア,大本山永平寺,1
2023-06-02,福井,あわら湯のまち エリア,東尋坊,1
2023-06-02,福井,うるしの里,一乗谷朝倉氏遺跡 エリア,1
2023-06-02,福井,メガネストリート エリア,西山動物園,1
2023-06-02,福井,一乗谷朝倉氏遺跡,あわら湯のまち エリア,1
2023-06-02,福井,一乗谷朝倉氏遺跡,道の駅「越前おおの荒島の郷」 エリア,1
2023-06-02,福井,一乗谷朝倉氏遺跡 エリア,大本山永平寺,1
2023-06-02,福井,三國湊レトロ,三国湊 エリア,1
2023-06-02,福井,丸岡城,メガネストリート エリア,1
2023-06-02,福井,丸岡城,越前松島水族館 エリア,1
2023-06-02,福井,大本山永平寺,福井駅前 エリア（宿泊施設）,1
2023-06-02,福井,白山平泉寺歴史探遊館 まほろば,道の駅「越前おおの荒島の郷」 エリア,1
2023-06-02,福井,福井県海浜自然センター,道の駅「三方五湖」  エリア,1
2023-06-02,福井,越前大野城・城下町 エリア,一乗谷朝倉氏遺跡,1
2023-06-02,福井,越前松島水族館 エリア,敦賀赤レンガ倉庫,1
2023-06-02,福井,道の駅「越前おおの荒島の郷」 エリア,一乗谷朝倉氏遺跡,1
2023-06-02,福井,道の駅「越前おおの荒島の郷」 エリア,九頭竜湖,1
2023-06-03,福井,JR敦賀駅前 エリア,敦賀赤レンガ倉庫,1
2023-06-03,福井,JR美浜駅 エリア,東尋坊,1
2023-06-03,福井,JR美浜駅 エリア,氣比神宮,1
2023-06-03,福井,JR美浜駅 エリア,水晶浜海水浴場,1
2023-06-03,福井,あわら温泉街,大本山 永平寺 エリア,1
2023-06-03,福井,あわら温泉街,道の駅「南えちぜん山海里」 エリア,1
2023-06-03,福井,あわら湯のまち エリア,勝山城博物館,1
2023-06-03,福井,あわら湯のまち エリア,吉崎御坊跡,1
2023-06-03,福井,うるしの里,道の駅「西山公園」 エリア,2
2023-06-03,福井,うるしの里 エリア,道の駅「西山公園」,1
2023-06-03,福井,ふれあいパーク三里浜(道の駅「みくに」),道の駅「パークイン丹生ヶ丘」 エリア,1
2023-06-03,福井,ふれあいパーク三里浜(道の駅「みくに」),道の駅「越前」 エリア,1
2023-06-03,福井,まちの市場 こってコテいけだ,まちの市場 こってコテいけだ エリア,1
2023-06-03,福井,スキージャム勝山,越前そばの里 エリア,1
2023-06-03,福井,ファーマーズマーケットきららの丘,道の駅みくに ふれあいパーク三里浜 エリア,1
2023-06-03,福井,フルーツライン エリア,ふれあいパーク三里浜(道の駅「みくに」),1
2023-06-03,福井,プラントピア,道の駅「パークイン丹生ヶ丘」 エリア,1
2023-06-03,福井,メガネストリート エリア,うるしの里,1
2023-06-03,福井,メガネストリート エリア,一乗谷朝倉氏遺跡,1
2023-06-03,福井,レインボーライン,北陸新幹線 越前たけふ駅 エリア,1
2023-06-03,福井,レインボーライン エリア,気比の松原,1
2023-06-03,福井,レインボーライン エリア,氣比神宮,2
2023-06-03,福井,レインボーライン エリア,越前大野城,1
2023-06-03,福井,一乗谷朝倉氏遺跡,レインボーライン エリア,1
2023-06-03,福井,一乗谷朝倉氏遺跡,一乗谷朝倉氏遺跡 エリア,2
2023-06-03,福井,一乗谷朝倉氏遺跡,北陸新幹線 越前たけふ駅 エリア,1
2023-06-03,福井,一乗谷朝倉氏遺跡,熊川宿 エリア,1
2023-06-03,福井,一乗谷朝倉氏遺跡,福井駅前 エリア,1
2023-06-03,福井,一乗谷朝倉氏遺跡,越前大野城・城下町 エリア,2
2023-06-03,福井,一乗谷朝倉氏遺跡,道の駅「禅の里」 エリア,1
2023-06-03,福井,一乗谷朝倉氏遺跡 エリア,越前大野城,1
2023-06-03,福井,三国湊 エリア,三國湊レトロ,1
2023-06-03,福井,丸岡城,一乗谷朝倉氏遺跡 エリア,1
2023-06-03,福井,丸岡城,丸岡城 エリア,1
2023-06-03,福井,丸岡城,北潟湖 エリア,1
2023-06-03,福井,丸岡城,大本山 永平寺 エリア,3
2023-06-03,福井,丸岡城,越前そばの里 エリア,1
2023-06-03,福井,丸岡城,道の駅「南えちぜん山海里」 エリア,1
2023-06-03,福井,今庄宿,メガネストリート エリア,1
2023-06-03,福井,劔神社,道の駅「パークイン丹生ヶ丘」 エリア,2
2023-06-03,福井,北潟湖 エリア,ふれあいパーク三里浜(道の駅「みくに」),1
2023-06-03,福井,北潟湖 エリア,山代温泉（石川県）,1
2023-06-03,福井,北潟湖 エリア,金津創作の森,1
2023-06-03,福井,北潟湖畔公園・サイクリングパーク,北潟湖 エリア,1
2023-06-03,福井,北陸新幹線 越前たけふ駅 エリア,一乗谷朝倉氏遺跡,2
2023-06-03,福井,北陸新幹線 越前たけふ駅 エリア,越前そばの里,1
2023-06-03,福井,北陸新幹線 越前たけふ駅 エリア,道の駅「南えちぜん山海里」,1
2023-06-03,福井,大本山 永平寺 エリア,丸岡城,2
2023-06-03,福井,大本山 永平寺 エリア,平泉寺白山神社,1
2023-06-03,福井,大本山永平寺,あわら湯のまち エリア,1
2023-06-03,福井,大本山永平寺,レインボーライン エリア,1
2023-06-03,福井,大本山永平寺,大本山 永平寺 エリア,1
2023-06-03,福井,大本山永平寺,福井駅前 エリア,1
2023-06-03,福井,敦賀赤レンガ倉庫,レインボーライン エリア,1
2023-06-03,福井,敦賀赤レンガ倉庫,金ヶ崎 エリア,1
2023-06-03,福井,敦賀駅,レインボーライン エリア,1
2023-06-03,福井,敦賀駅,今庄宿 エリア,1
2023-06-03,福井,日本海さかな街,JR美浜駅 エリア,1
2023-06-03,福井,日本海さかな街,メガネストリート エリア,1
2023-06-03,福井,日本海さかな街,道の駅「三方五湖」  エリア,1
2023-06-03,福井,日本海さかな街 エリア,レインボーライン,1
2023-06-03,福井,明通寺,明通寺 エリア,1
2023-06-03,福井,明通寺 エリア,道の駅「若狭おばま」,1
2023-06-03,福井,氣比神宮,大本山 永平寺 エリア,1
2023-06-03,福井,氣比神宮,日本海さかな街 エリア,1
2023-06-03,福井,氣比神宮,神楽通り エリア,1
2023-06-03,福井,熊川宿 エリア,越前大野城,1
2023-06-03,福井,福井駅前 エリア,丸岡城,1
2023-06-03,福井,福井駅前 エリア,養浩館庭園,1
2023-06-03,福井,若狭和田 エリア,レインボーライン,1
2023-06-03,福井,西山動物園,越前そばの里 エリア,1
2023-06-03,福井,越前そばの里,北潟湖 エリア,1
2023-06-03,福井,越前そばの里 エリア,一乗谷朝倉氏遺跡,1
2023-06-03,福井,越前そばの里 エリア,日本海さかな街,1
2023-06-03,福井,越前そばの里 エリア,東尋坊,1
2023-06-03,福井,越前大仏,大本山 永平寺 エリア,1
2023-06-03,福井,越前大野城,道の駅「パークイン丹生ヶ丘」 エリア,1
2023-06-03,福井,越前大野城・城下町 エリア,敦賀駅,1
2023-06-03,福井,越前松島水族館,北潟湖 エリア,1
2023-06-03,福井,越前海岸 北部 エリア,東尋坊,1
2023-06-03,福井,道の駅「うみんぴあ大飯」,JR美浜駅 エリア,1
2023-06-03,福井,道の駅「さかい」（坂井地域交流センター「いねす」）,フルーツライン エリア,1
2023-06-03,福井,道の駅「さかい」（坂井地域交流センター「いねす」）,北潟湖 エリア,1
2023-06-03,福井,道の駅「パークイン丹生ヶ丘」 エリア,道の駅「越前」,1
2023-06-03,福井,道の駅「三方五湖」,道の駅「若狭おばま」 エリア,1
2023-06-03,福井,道の駅「三方五湖」  エリア,若狭三方縄文博物館,1
2023-06-03,福井,道の駅「南えちぜん山海里」,うみんぴあ大飯 エリア,1
2023-06-03,福井,道の駅「南えちぜん山海里」,北陸新幹線 越前たけふ駅 エリア,1
2023-06-03,福井,道の駅「南えちぜん山海里」,道の駅「西山公園」 エリア,1
2023-06-03,福井,道の駅「河野」,北陸新幹線 越前たけふ駅 エリア,3
2023-06-03,福井,道の駅「若狭おばま」 エリア,道の駅「シーサイド高浜」,1
2023-06-03,福井,道の駅「若狭熊川宿」,若狭フィッシャーマンズワーフ エリア,1
2023-06-03,福井,道の駅「西山公園」,北陸新幹線 越前たけふ駅 エリア,1
2023-06-03,福井,道の駅「西山公園」 エリア,道の駅「西山公園」,1
2023-06-03,福井,道の駅「西山公園」 エリア,道の駅「越前」,1
2023-06-03,福井,道の駅「越前」 エリア,道の駅「河野」,1
2023-06-03,福井,道の駅みくに ふれあいパーク三里浜 エリア,あわら温泉街,1
2023-06-03,福井,道の駅みくに ふれあいパーク三里浜 エリア,道の駅「パークイン丹生ヶ丘」,1
2023-06-03,福井,金ヶ崎,JR敦賀駅前 エリア,1
2023-06-03,福井,金ヶ崎,日本海さかな街 エリア,1
2023-06-04,福井,JR敦賀駅前 エリア,人道の港 敦賀ムゼウム,1
2023-06-04,福井,JR美浜駅 エリア,日本海さかな街,1
2023-06-04,福井,「ちひろの生まれた家」記念館,越前そばの里 エリア,1
2023-06-04,福井,あわら温泉街,北潟湖 エリア,1
2023-06-04,福井,あわら湯のまち エリア,一乗谷朝倉氏遺跡,1
2023-06-04,福井,うみんぴあ大飯 エリア,熊川宿,1
2023-06-04,福井,はたや記念館 ゆめおーれ勝山,道の駅「恐竜渓谷かつやま」 エリア,1
2023-06-04,福井,はたや記念館 ゆめおーれ勝山 エリア,道の駅「恐竜渓谷かつやま」,1
2023-06-04,福井,ファーマーズマーケットきららの丘,フルーツライン エリア,1
2023-06-04,福井,フルーツライン エリア,三国サンセットビーチ,1
2023-06-04,福井,レインボーライン エリア,大本山永平寺,1
2023-06-04,福井,一乗谷朝倉氏遺跡,丸岡城 エリア,1
2023-06-04,福井,一乗谷朝倉氏遺跡,武生駅 エリア,1
2023-06-04,福井,一乗谷朝倉氏遺跡,越前大野城・城下町 エリア,2
2023-06-04,福井,一乗谷朝倉氏遺跡 エリア,丸岡城,1
2023-06-04,福井,丸岡城,あわら湯のまち エリア,1
2023-06-04,福井,丸岡城,道の駅「越前おおの荒島の郷」 エリア,1
2023-06-04,福井,丸岡城 エリア,一乗谷朝倉氏遺跡,1
2023-06-04,福井,今庄宿,道の駅「南えちぜん山海里」 エリア,1
2023-06-04,福井,六呂師高原 エリア,越前大仏,1
2023-06-04,福井,劔神社,越前海岸 越前岬 エリア,1
2023-06-04,福井,北前船主の館 右近家,越前そばの里 エリア,1
2023-06-04,福井,北陸新幹線 越前たけふ駅 エリア,岡太神社・大瀧神社,1
2023-06-04,福井,北陸新幹線 越前たけふ駅 エリア,福井駅,1
2023-06-04,福井,吉崎御坊跡,JR芦原温泉駅 エリア,1
2023-06-04,福井,吉崎御坊跡,北潟湖 エリア,1
2023-06-04,福井,名田庄 エリア,道の駅「うみんぴあ大飯」,1
2023-06-04,福井,大本山 永平寺 エリア,大本山永平寺,1
2023-06-04,福井,大本山 永平寺 エリア,越前大仏,1
2023-06-04,福井,大本山 永平寺 エリア,道の駅「越前」,1
2023-06-04,福井,大本山永平寺,レインボーライン エリア,1
2023-06-04,福井,大本山永平寺,大本山 永平寺 エリア,1
2023-06-04,福井,大本山永平寺,道の駅「越前」 エリア,2
2023-06-04,福井,小浜市 阿納 エリア,レインボーライン,1
2023-06-04,福井,小浜市まちの駅 エリア,道の駅「若狭おばま」,1
2023-06-04,福井,小浜市まちの駅・旭座,道の駅「若狭おばま」 エリア,1
2023-06-04,福井,小浜市水産食品センター（若狭小浜お魚センター）,若狭フィッシャーマンズワーフ エリア,1
2023-06-04,福井,敦賀赤レンガ倉庫,レインボーライン エリア,1
2023-06-04,福井,敦賀赤レンガ倉庫,日本海さかな街 エリア,1
2023-06-04,福井,敦賀赤レンガ倉庫,湖上館パムコ（水月湖）エリア,1
2023-06-04,福井,敦賀赤レンガ倉庫,越前海岸 くりや旅館街 エリア,1
2023-06-04,福井,敦賀赤レンガ倉庫,金ヶ崎 エリア,1
2023-06-04,福井,日本海さかな街,レインボーライン エリア,1
2023-06-04,福井,明通寺,うみんぴあ大飯 エリア,1
2023-06-04,福井,明通寺 エリア,神宮寺,1
2023-06-04,福井,武生駅 エリア,丸岡城,2
2023-06-04,福井,武生駅 エリア,越前そばの里,1
2023-06-04,福井,氣比神宮,JR敦賀駅前 エリア,1
2023-06-04,福井,氣比神宮,レインボーライン エリア,1
2023-06-04,福井,氣比神宮,越前そばの里 エリア,1
2023-06-04,福井,白山平泉寺歴史探遊館 まほろば,大本山 永平寺 エリア,1
2023-06-04,福井,神宮寺,明通寺 エリア,1
2023-06-04,福井,若狭フィッシャーマンズワーフ,小浜市まちの駅 エリア,1
2023-06-04,福井,若狭フィッシャーマンズワーフ エリア,道の駅「若狭おばま」,1
2023-06-04,福井,若狭三方縄文博物館,小浜市 阿納 エリア,1
2023-06-04,福井,越前そばの里,北陸新幹線 越前たけふ駅 エリア,1
2023-06-04,福井,越前そばの里,越前そばの里 エリア,1
2023-06-04,福井,越前そばの里 エリア,岡太神社・大瀧神社,1
2023-06-04,福井,越前そばの里 エリア,東尋坊,1
2023-06-04,福井,越前そばの里 エリア,氣比神宮,1
2023-06-04,福井,越前そばの里 エリア,越前海岸,1
2023-06-04,福井,越前そばの里 エリア,道の駅「南えちぜん山海里」,1
2023-06-04,福井,越前そばの里 エリア,道の駅「西山公園」,1
2023-06-04,福井,越前和紙の里,越前そばの里 エリア,1
2023-06-04,福井,越前大野城,六呂師高原 エリア,1
2023-06-04,福井,越前大野城,越前そばの里 エリア,1
2023-06-04,福井,越前大野城,越前大野城・城下町 エリア,2
2023-06-04,福井,越前大野城・城下町 エリア,三方五湖,1
2023-06-04,福井,越前岬,道の駅「越前」 エリア,1
2023-06-04,福井,越前海岸 越前岬 エリア,道の駅「越前」,1
2023-06-04,福井,道の駅,越前そばの里 エリア,1
2023-06-04,福井,道の駅「シーサイド高浜」,JR美浜駅 エリア,1
2023-06-04,福井,道の駅「パークイン丹生ヶ丘」,劔神社 エリア,1
2023-06-04,福井,道の駅「三方五湖」  エリア,敦賀駅,1
2023-06-04,福井,道の駅「南えちぜん山海里」,越前そばの里 エリア,1
2023-06-04,福井,道の駅「南えちぜん山海里」 エリア,敦賀赤レンガ倉庫,1
2023-06-04,福井,道の駅「恐竜渓谷かつやま」 エリア,一乗谷朝倉氏遺跡,1
2023-06-04,福井,道の駅「恐竜渓谷かつやま」 エリア,道の駅「禅の里」,1
2023-06-04,福井,道の駅「若狭おばま」,道の駅「若狭おばま」 エリア,1
2023-06-04,福井,道の駅「西山公園」,道の駅「越前」 エリア,1
2023-06-04,福井,道の駅「越前」,越前そばの里 エリア,1
2023-06-04,福井,道の駅「越前」,道の駅「西山公園」 エリア,1
2023-06-04,福井,道の駅「越前」,道の駅みくに ふれあいパーク三里浜 エリア,1
2023-06-04,福井,道の駅「越前」 エリア,氣比神宮,2
2023-06-04,福井,道の駅「越前」 エリア,道の駅「越前」,1
2023-06-04,福井,道の駅「越前おおの荒島の郷」,はたや記念館 ゆめおーれ勝山 エリア,1
2023-06-04,福井,道の駅みくに ふれあいパーク三里浜 エリア,道の駅「さかい」（坂井地域交流センター「いねす」）,2
2023-06-04,福井,金ヶ崎 エリア,日本海さかな街,1
2023-06-05,福井,JR敦賀駅前 エリア,福井県立恐竜博物館,1
2023-06-05,福井,あわら温泉「芦湯」,大本山 永平寺 エリア,1
2023-06-05,福井,あわら温泉街,大本山 永平寺 エリア,1
2023-06-05,福井,あわら湯のまち エリア,ふれあいパーク三里浜(道の駅「みくに」),1
2023-06-05,福井,あわら湯のまち エリア,東尋坊,1
2023-06-05,福井,レインボーライン,レインボーライン エリア,1
2023-06-05,福井,レインボーライン,道の駅「若狭おばま」 エリア,1
2023-06-05,福井,レインボーライン エリア,敦賀赤レンガ倉庫,1
2023-06-05,福井,レインボーライン エリア,若狭海遊バザール千鳥苑 若狭美浜 海の駅,1
2023-06-05,福井,一乗谷朝倉氏遺跡,丸岡城 エリア,1
2023-06-05,福井,三方五湖,明通寺 エリア,1
2023-06-05,福井,丸岡城,金ヶ崎 エリア,2
2023-06-05,福井,丸岡城 エリア,敦賀赤レンガ倉庫,1
2023-06-05,福井,九頭竜湖,JR九頭竜湖駅 エリア,1
2023-06-05,福井,九頭竜湖,大本山 永平寺 エリア,1
2023-06-05,福井,人魚の浜海水浴場,御食国若狭おばま食文化館 エリア,1
2023-06-05,福井,北の庄城址・柴田公園,大本山 永平寺 エリア,1
2023-06-05,福井,北潟湖 エリア,東尋坊,1
2023-06-05,福井,名田庄 エリア,きのこの森,1
2023-06-05,福井,大本山 永平寺 エリア,三国サンセットビーチ,1
2023-06-05,福井,大本山 永平寺 エリア,東尋坊,1
2023-06-05,福井,大本山 永平寺 エリア,金沢駅周辺（石川県）,1
2023-06-05,福井,山中温泉（石川県）,あわら湯のまち エリア,1
2023-06-05,福井,山中温泉（石川県）,大本山 永平寺 エリア,1
2023-06-05,福井,平泉寺白山神社,大本山 永平寺 エリア,1
2023-06-05,福井,御食国若狭おばま食文化館 エリア,小浜市水産食品センター（若狭小浜お魚センター）,1
2023-06-05,福井,敦賀赤レンガ倉庫,JR敦賀駅前 エリア,1
2023-06-05,福井,敦賀赤レンガ倉庫,JR美浜駅 エリア,1
2023-06-05,福井,明通寺,あわら湯のまち エリア,1
2023-06-05,福井,明通寺,レインボーライン エリア,1
2023-06-05,福井,明通寺 エリア,熊川宿,1
2023-06-05,福井,東尋坊,大本山 永平寺 エリア,1
2023-06-05,福井,氣比神宮,丸岡城 エリア,1
2023-06-05,福井,湖上館パムコ（水月湖）エリア,一乗谷朝倉氏遺跡,1
2023-06-05,福井,越前がにミュージアム,越前海岸 高佐米ノ旅館街 エリア,1
2023-06-05,福井,越前大野城,レインボーライン エリア,1
2023-06-05,福井,越前大野城,越前大野城・城下町 エリア,1
2023-06-05,福井,越前海岸,丸岡城 エリア,2
2023-06-05,福井,道の駅「南えちぜん山海里」 エリア,道の駅「河野」,1
2023-06-05,福井,道の駅「河野」,道の駅「恐竜渓谷かつやま」 エリア,1
2023-06-05,福井,道の駅「若狭おばま」 エリア,若狭瓜割名水公園 瓜割の滝,1
2023-06-05,福井,金ヶ崎 エリア,敦賀鉄道資料館（旧敦賀港駅舎 ）,1
2023-06-06,福井,JR美浜駅 エリア,道の駅「三方五湖」,1
2023-06-06,福井,うみんぴあ大飯 エリア,道の駅「シーサイド高浜」,1
2023-06-06,福井,ふくい鮮いちば エリア,丸岡城,1
2023-06-06,福井,めがねミュージアム,越前そばの里 エリア,1
2023-06-06,福井,レインボーライン,若狭フィッシャーマンズワーフ エリア,1
2023-06-06,福井,一乗谷朝倉氏遺跡,ふくい鮮いちば エリア,1
2023-06-06,福井,一乗谷朝倉氏遺跡,大本山 永平寺 エリア,1
2023-06-06,福井,一乗谷朝倉氏遺跡,越前大野城・城下町 エリア,1
2023-06-06,福井,三方五湖,明通寺 エリア,1
2023-06-06,福井,丸岡城,北ノ庄 エリア,1
2023-06-06,福井,丸岡城,大本山 永平寺 エリア,2
2023-06-06,福井,丸岡城,越前大野城・城下町 エリア,1
2023-06-06,福井,北の庄城址・柴田公園,JR芦原温泉駅 エリア,1
2023-06-06,福井,北ノ庄 エリア,北の庄城址・柴田公園,1
2023-06-06,福井,北陸新幹線 越前たけふ駅 エリア,一乗谷朝倉氏遺跡,1
2023-06-06,福井,吉崎御坊跡,フルーツライン エリア,1
2023-06-06,福井,名田庄 エリア,エルガイアおおい,1
2023-06-06,福井,大本山 永平寺 エリア,丸岡城,2
2023-06-06,福井,大本山永平寺,メガネストリート エリア,2
2023-06-06,福井,大本山永平寺,福井駅前 エリア（宿泊施設）,1
2023-06-06,福井,大本山永平寺,道の駅「南えちぜん山海里」 エリア,1
2023-06-06,福井,大本山永平寺,道の駅「越前おおの荒島の郷」 エリア,1
2023-06-06,福井,小浜市水産食品センター（若狭小浜お魚センター）,湖上館パムコ（水月湖）エリア,1
2023-06-06,福井,岡太神社・大瀧神社,道の駅「越前おおの荒島の郷」 エリア,1
2023-06-06,福井,御食国若狭おばま食文化館,うみんぴあ大飯 エリア,1
2023-06-06,福井,明通寺 エリア,レインボーライン,1
2023-06-06,福井,明通寺 エリア,若狭フィッシャーマンズワーフ,1
2023-06-06,福井,明通寺 エリア,道の駅「若狭おばま」,1
2023-06-06,福井,東尋坊,大本山 永平寺 エリア,1
2023-06-06,福井,氣比神宮,北陸新幹線 越前たけふ駅 エリア,1
2023-06-06,福井,氣比神宮,敦賀市立博物館 エリア,1
2023-06-06,福井,氣比神宮,明通寺 エリア,2
2023-06-06,福井,氣比神宮,金ヶ崎 エリア,1
2023-06-06,福井,熊川宿 エリア,道の駅「若狭おばま」,1
2023-06-06,福井,福井駅前 エリア（宿泊施設）,丸岡城,1
2023-06-06,福井,福井駅前 エリア（宿泊施設）,福井県立恐竜博物館,1
2023-06-06,福井,若狭フィッシャーマンズワーフ エリア,道の駅「三方五湖」,1
2023-06-06,福井,若狭フィッシャーマンズワーフ エリア,道の駅「若狭おばま」,1
2023-06-06,福井,越前大野城,あわら湯のまち エリア,1
2023-06-06,福井,越前大野城,大本山 永平寺 エリア,1
2023-06-06,福井,越前大野城・城下町 エリア,一乗谷朝倉氏遺跡,1
2023-06-06,福井,越前大野城・城下町 エリア,大本山永平寺,1
2023-06-06,福井,越前海岸 北部 エリア,一乗谷朝倉氏遺跡,1
2023-06-06,福井,道の駅「うみんぴあ大飯」,道の駅「シーサイド高浜」 エリア,1
2023-06-06,福井,道の駅「シーサイド高浜」,名田庄 エリア,1
2023-06-06,福井,道の駅「シーサイド高浜」 エリア,道の駅「名田庄」,1
2023-06-06,福井,道の駅「パークイン丹生ヶ丘」 エリア,越前陶芸村,1
2023-06-06,福井,道の駅「三方五湖」,熊川宿 エリア,1
2023-06-06,福井,道の駅「三方五湖」  エリア,道の駅「若狭熊川宿」,1
2023-06-06,福井,道の駅「若狭おばま」,うみんぴあ大飯 エリア,1
2023-06-06,福井,道の駅「若狭おばま」 エリア,道の駅「うみんぴあ大飯」,1
2023-06-06,福井,道の駅「若狭熊川宿」,道の駅「若狭おばま」 エリア,1
2023-06-06,福井,金ヶ崎 エリア,気比の松原,1
2023-06-06,福井,養浩館庭園,福井駅前 エリア,1
2023-06-07,福井,あわら温泉街,花の駅 ゆりの里公園 エリア,1
2023-06-07,福井,あわら湯のまち エリア,ゆりの里公園ユリーム春江,1
2023-06-07,福井,うみんぴあ大飯 エリア,道の駅「シーサイド高浜」,1
2023-06-07,福井,レインボーライン エリア,日本海さかな街,1
2023-06-07,福井,レインボーライン エリア,越前大野城,1
2023-06-07,福井,一乗谷朝倉氏遺跡,レインボーライン エリア,1
2023-06-07,福井,一乗谷朝倉氏遺跡,一乗谷朝倉氏遺跡 エリア,3
2023-06-07,福井,一乗谷朝倉氏遺跡,丸岡城 エリア,1
2023-06-07,福井,一乗谷朝倉氏遺跡,明通寺 エリア,1
2023-06-07,福井,一乗谷朝倉氏遺跡,金ヶ崎 エリア,1
2023-06-07,福井,一乗谷朝倉氏遺跡 エリア,北の庄城址・柴田公園,2
2023-06-07,福井,丸岡城,若州一滴文庫 エリア,1
2023-06-07,福井,北の庄城址・柴田公園,北ノ庄 エリア,1
2023-06-07,福井,北の庄城址・柴田公園,福井駅前 エリア（宿泊施設）,1
2023-06-07,福井,北ノ庄 エリア,一乗谷朝倉氏遺跡,1
2023-06-07,福井,北潟湖 エリア,あわら温泉街,1
2023-06-07,福井,北陸新幹線 越前たけふ駅 エリア,西山動物園,1
2023-06-07,福井,大本山 永平寺 エリア,東尋坊,1
2023-06-07,福井,岡太神社・大瀧神社,越前そばの里 エリア,1
2023-06-07,福井,敦賀赤レンガ倉庫,金ヶ崎 エリア,1
2023-06-07,福井,敦賀駅,金ヶ崎 エリア,1
2023-06-07,福井,明通寺 エリア,御食国若狭おばま食文化館,1
2023-06-07,福井,気比神宮,レインボーライン エリア,1
2023-06-07,福井,福井県年縞博物館,道の駅「三方五湖」  エリア,1
2023-06-07,福井,若狭瓜割名水公園 瓜割の滝,レインボーライン エリア,1
2023-06-07,福井,若狭瓜割名水公園 瓜割の滝,明通寺 エリア,1
2023-06-07,福井,越前そばの里 エリア,一乗谷朝倉氏遺跡,1
2023-06-07,福井,越前海岸,北陸新幹線 越前たけふ駅 エリア,1
2023-06-07,福井,道の駅「うみんぴあ大飯」,道の駅「シーサイド高浜」 エリア,1
2023-06-07,福井,道の駅「西山公園」,越前そばの里 エリア,1
2023-06-08,福井,JR敦賀駅前 エリア,金沢駅周辺（石川県）,1
2023-06-08,福井,うみんぴあ大飯 エリア,若狭たかはま エルどらんど,1
2023-06-08,福井,フルーツライン エリア,丸岡城,2
2023-06-08,福井,メガネストリート エリア,大本山永平寺,1
2023-06-08,福井,一乗谷朝倉氏遺跡,あわら湯のまち エリア,1
2023-06-08,福井,一乗谷朝倉氏遺跡,うるしの里 エリア,1
2023-06-08,福井,一乗谷朝倉氏遺跡,メガネストリート エリア,1
2023-06-08,福井,一乗谷朝倉氏遺跡,一乗谷朝倉氏遺跡 エリア,1
2023-06-08,福井,一乗谷朝倉氏遺跡,東尋坊 エリア,1
2023-06-08,福井,一乗谷朝倉氏遺跡,越前そばの里 エリア,2
2023-06-08,福井,一乗谷朝倉氏遺跡 エリア,丸岡城,1
2023-06-08,福井,一乗谷朝倉氏遺跡 エリア,東尋坊,1
2023-06-08,福井,一乗谷朝倉氏遺跡 エリア,越前和紙の里,1
2023-06-08,福井,三丁町,明通寺 エリア,1
2023-06-08,福井,三方五湖,大本山 永平寺 エリア,2
2023-06-08,福井,丸岡城,一乗谷朝倉氏遺跡 エリア,1
2023-06-08,福井,丸岡城,東尋坊 エリア,1
2023-06-08,福井,丸岡城,越前そばの里 エリア,1
2023-06-08,福井,丸岡城 エリア,道の駅「さかい」（坂井地域交流センター「いねす」）,1
2023-06-08,福井,北潟湖 エリア,丸岡城,1
2023-06-08,福井,北潟湖 エリア,吉崎御坊跡,1
2023-06-08,福井,吉崎御坊跡,北潟湖 エリア,1
2023-06-08,福井,大本山 永平寺 エリア,氣比神宮,1
2023-06-08,福井,大本山 永平寺 エリア,金沢駅周辺（石川県）,1
2023-06-08,福井,敦賀赤レンガ倉庫,一乗谷朝倉氏遺跡 エリア,1
2023-06-08,福井,明通寺 エリア,道の駅「若狭おばま」,1
2023-06-08,福井,東尋坊,道の駅「南えちぜん山海里」 エリア,1
2023-06-08,福井,氣比神宮,越前そばの里 エリア,1
2023-06-08,福井,福井県こども家族館,うみんぴあ大飯 エリア,1
2023-06-08,福井,福井駅,JR敦賀駅前 エリア,1
2023-06-08,福井,越前そばの里 エリア,丸岡城,1
2023-06-08,福井,越前そばの里 エリア,北の庄城址・柴田公園,1
2023-06-08,福井,越前大野城,丸岡城 エリア,1
2023-06-08,福井,越前大野城,道の駅「越前おおの荒島の郷」 エリア,1
2023-06-08,福井,道の駅「九頭竜・和泉ふれあい会館」,道の駅「越前おおの荒島の郷」 エリア,1
2023-06-08,福井,道の駅「名田庄」,うみんぴあ大飯 エリア,1
2023-06-08,福井,道の駅「越前」,越前そばの里 エリア,1
2023-06-08,福井,道の駅「越前おおの荒島の郷」 エリア,大本山永平寺,1
2023-06-08,福井,道の駅「越前おおの荒島の郷」 エリア,平泉寺白山神社,1
2023-06-08,福井,金津創作の森,フルーツライン エリア,1
2023-06-09,福井,JR敦賀駅前 エリア,氣比神宮,1
2023-06-09,福井,あわら温泉「芦湯」,あわら湯のまち エリア,1
2023-06-09,福井,あわら湯のまち エリア,大本山永平寺,2
2023-06-09,福井,えちぜん鉄道 永平寺口駅 エリア,越前大野城,1
2023-06-09,福井,めがねミュージアム,うるしの里 エリア,1
2023-06-09,福井,一乗谷朝倉氏遺跡,えちぜん鉄道 永平寺口駅 エリア,1
2023-06-09,福井,三國湊レトロ,三国湊 エリア,1
2023-06-09,福井,五湖の駅,レインボーライン エリア,1
2023-06-09,福井,六呂師高原,六呂師高原 エリア,1
2023-06-09,福井,国分寺 (小浜市),明通寺 エリア,2
2023-06-09,福井,大本山 永平寺 エリア,うるしの里,1
2023-06-09,福井,大本山永平寺,えちぜん鉄道 松岡駅 エリア,1
2023-06-09,福井,大本山永平寺,大本山 永平寺 エリア,1
2023-06-09,福井,大本山永平寺,道の駅「南えちぜん山海里」 エリア,1
2023-06-09,福井,敦賀赤レンガ倉庫,JR美浜駅 エリア,1
2023-06-09,福井,敦賀赤レンガ倉庫,熊川宿 エリア,1
2023-06-09,福井,明通寺 エリア,神宮寺,2
2023-06-09,福井,明通寺 エリア,若狭フィッシャーマンズワーフ,1
2023-06-09,福井,東尋坊,あわら湯のまち エリア,1
2023-06-09,福井,東尋坊 エリア,越前大仏,1
2023-06-09,福井,氣比神宮,若狭フィッシャーマンズワーフ エリア,1
2023-06-09,福井,氣比神宮,道の駅「越前」 エリア,1
2023-06-09,福井,熊川宿,明通寺 エリア,1
2023-06-09,福井,熊川宿,熊川宿 エリア,1
2023-06-09,福井,熊川宿 エリア,三方五湖,1
2023-06-09,福井,神宮寺,小浜市 阿納 エリア,1
2023-06-09,福井,若狭フィッシャーマンズワーフ エリア,氣比神宮,1
2023-06-09,福井,若狭三方縄文博物館,JR美浜駅 エリア,1
2023-06-09,福井,越前大野城,福井駅前 エリア,1
2023-06-09,福井,越前海岸 くりや旅館街 エリア,一乗谷朝倉氏遺跡,1
2023-06-10,福井,JR九頭竜湖駅 エリア,越前大仏,1
2023-06-10,福井,JR敦賀駅前 エリア,越前大野城,1
2023-06-10,福井,JR美浜駅 エリア,越前がにミュージアム,1
2023-06-10,福井,あわら湯のまち エリア,三国サンセットビーチ,1
2023-06-10,福井,あわら湯のまち エリア,氣比神宮,1
2023-06-10,福井,あわら湯のまち エリア,福井駅,1
2023-06-10,福井,レインボーライン,JR美浜駅 エリア,1
2023-06-10,福井,レインボーライン,湖上館パムコ（水月湖）エリア,2
2023-06-10,福井,レインボーライン,熊川宿 エリア,1
2023-06-10,福井,レインボーライン,道の駅「三方五湖」  エリア,1
2023-06-10,福井,レインボーライン エリア,東尋坊,1
2023-06-10,福井,レインボーライン エリア,熊川宿,1
2023-06-10,福井,一乗谷朝倉氏遺跡,レインボーライン エリア,1
2023-06-10,福井,一乗谷朝倉氏遺跡,一乗谷朝倉氏遺跡 エリア,1
2023-06-10,福井,一乗谷朝倉氏遺跡,三国湊 エリア,1
2023-06-10,福井,一乗谷朝倉氏遺跡,名勝 養浩館庭園 エリア,1
2023-06-10,福井,一乗谷朝倉氏遺跡,大本山 永平寺 エリア,1
2023-06-10,福井,一乗谷朝倉氏遺跡,越前そばの里 エリア,1
2023-06-10,福井,一乗谷朝倉氏遺跡,越前大野城・城下町 エリア,1
2023-06-10,福井,一乗谷朝倉氏遺跡 エリア,丸岡城,1
2023-06-10,福井,一乗谷朝倉氏遺跡 エリア,大本山永平寺,1
2023-06-10,福井,一乗谷朝倉氏遺跡 エリア,越前大野城,1
2023-06-10,福井,三国湊 エリア,丸岡城,1
2023-06-10,福井,三国湊 エリア,氣比神宮,1
2023-06-10,福井,三國湊レトロ,あわら湯のまち エリア,1
2023-06-10,福井,三國湊レトロ,三国湊 エリア,1
2023-06-10,福井,三方五湖,あわら湯のまち エリア,1
2023-06-10,福井,丸岡城,福井駅前 エリア（宿泊施設）,1
2023-06-10,福井,丸岡城,道の駅みくに ふれあいパーク三里浜 エリア,1
2023-06-10,福井,劔神社,越前陶芸村 エリア,2
2023-06-10,福井,北の庄城址・柴田公園,JR敦賀駅前 エリア,1
2023-06-10,福井,北の庄城址・柴田公園,北ノ庄 エリア,1
2023-06-10,福井,北の庄城址・柴田公園,福井駅前 エリア,1
2023-06-10,福井,北ノ庄 エリア,北の庄城址・柴田公園,1
2023-06-10,福井,北陸新幹線 越前たけふ駅 エリア,丸岡城,1
2023-06-10,福井,北陸新幹線 越前たけふ駅 エリア,越前大野城,1
2023-06-10,福井,北陸新幹線 越前たけふ駅 エリア,養浩館庭園,1
2023-06-10,福井,吉崎御坊跡,フルーツライン エリア,1
2023-06-10,福井,吉崎御坊跡,北潟湖 エリア,1
2023-06-10,福井,多田寺,道の駅「若狭おばま」 エリア,1
2023-06-10,福井,大本山 永平寺 エリア,丸岡城,3
2023-06-10,福井,大本山 永平寺 エリア,越前そばの里,1
2023-06-10,福井,大本山 永平寺 エリア,金沢駅周辺（石川県）,1
2023-06-10,福井,大本山永平寺,あわら湯のまち エリア,3
2023-06-10,福井,大本山永平寺,一乗谷朝倉氏遺跡 エリア,2
2023-06-10,福井,大本山永平寺,丸岡城 エリア,1
2023-06-10,福井,大本山永平寺,大本山 永平寺 エリア,1
2023-06-10,福井,帰宅,日本海さかな街 エリア,1
2023-06-10,福井,平泉寺白山神社,平泉寺白山神社 エリア,1
2023-06-10,福井,敦賀赤レンガ倉庫,うみんぴあ大飯 エリア,1
2023-06-10,福井,敦賀赤レンガ倉庫,北陸新幹線 越前たけふ駅 エリア,1
2023-06-10,福井,明通寺 エリア,三方五湖,1
2023-06-10,福井,東尋坊,大本山 永平寺 エリア,1
2023-06-10,福井,気比の松原,日本海さかな街 エリア,1
2023-06-10,福井,氣比神宮,敦賀市立博物館 エリア,3
2023-06-10,福井,氣比神宮,福井駅前 エリア,1
2023-06-10,福井,氣比神宮,越前そばの里 エリア,1
2023-06-10,福井,湖上館パムコ（水月湖）エリア,敦賀赤レンガ倉庫,1
2023-06-10,福井,湖上館パムコ（水月湖）エリア,東尋坊,1
2023-06-10,福井,福井県立恐竜博物館,レインボーライン エリア,1
2023-06-10,福井,福井駅,大本山 永平寺 エリア,1
2023-06-10,福井,福井駅前 エリア,あわら温泉街,1
2023-06-10,福井,福井駅前 エリア,岡太神社・大瀧神社,1
2023-06-10,福井,福井駅前 エリア（宿泊施設）,一乗谷朝倉氏遺跡,1
2023-06-10,福井,若狭和田ビーチ,レインボーライン エリア,1
2023-06-10,福井,若狭歴史博物館,道の駅「若狭おばま」 エリア,1
2023-06-10,福井,若狭瓜割名水公園 瓜割の滝,JR美浜駅 エリア,1
2023-06-10,福井,越前そばの里 エリア,越前和紙の里,1
2023-06-10,福井,越前大仏,一乗谷朝倉氏遺跡 エリア,1
2023-06-10,福井,越前大野城,JR九頭竜湖駅 エリア,1
2023-06-10,福井,越前大野城,だるまちゃん広場 エリア,1
2023-06-10,福井,越前大野城,福井駅前 エリア,1
2023-06-10,福井,越前大野城,越前大仏 エリア,1
2023-06-10,福井,越前大野城・城下町 エリア,越前大仏,1
2023-06-10,福井,越前大野城・城下町 エリア,越前大野城,1
2023-06-10,福井,越前打刃物会館,越前そばの里 エリア,1
2023-06-10,福井,越前海岸 くりや旅館街 エリア,越前そばの里,2
2023-06-10,福井,越前陶芸村 エリア,越前がにミュージアム,1
2023-06-10,福井,越前陶芸村 エリア,道の駅「パークイン丹生ヶ丘」,1
2023-06-10,福井,道の駅「パークイン丹生ヶ丘」,道の駅「パークイン丹生ヶ丘」 エリア,1
2023-06-10,福井,道の駅「三方五湖」  エリア,道の駅「若狭おばま」,2
2023-06-10,福井,道の駅「九頭竜・和泉ふれあい会館」,JR九頭竜湖駅 エリア,2
2023-06-10,福井,道の駅「河野」,越前そばの里 エリア,1
2023-06-10,福井,道の駅「若狭おばま」 エリア,羽賀寺,2
2023-06-10,福井,道の駅「越前」,道の駅「越前」 エリア,1
2023-06-10,福井,道の駅「越前おおの荒島の郷」,越前大野城・城下町 エリア,1
2023-06-10,福井,道の駅みくに ふれあいパーク三里浜 エリア,東尋坊,1
2023-06-10,福井,鷹巣海水浴場,越前海岸 くりや旅館街 エリア,2
2023-06-11,福井,JR九頭竜湖駅 エリア,越前大仏,1
2023-06-11,福井,JR敦賀駅前 エリア,日本海さかな街,1
2023-06-11,福井,JR美浜駅 エリア,越前大野城,1
2023-06-11,福井,あわら温泉街,東尋坊 エリア,1
2023-06-11,福井,あわら温泉街,越前そばの里 エリア,1
2023-06-11,福井,あわら湯のまち エリア,あわら温泉街,1
2023-06-11,福井,あわら湯のまち エリア,大本山永平寺,2
2023-06-11,福井,あわら湯のまち エリア,福井県立恐竜博物館,1
2023-06-11,福井,うみんぴあ大飯 エリア,エルガイアおおい,1
2023-06-11,福井,うみんぴあ大飯 エリア,道の駅「うみんぴあ大飯」,1
2023-06-11,福井,エルガイアおおい,赤礁崎オートキャンプ場 エリア,1
2023-06-11,福井,ツリーピクニックアドベンチャーいけだ,かずら橋 エリア,1
2023-06-11,福井,レインボーライン,JR敦賀駅前 エリア,1
2023-06-11,福井,レインボーライン エリア,福井県年縞博物館,1
2023-06-11,福井,一乗谷朝倉氏遺跡,JR敦賀駅前 エリア,1
2023-06-11,福井,一乗谷朝倉氏遺跡,JR美浜駅 エリア,1
2023-06-11,福井,一乗谷朝倉氏遺跡,一乗谷朝倉氏遺跡 エリア,1
2023-06-11,福井,一乗谷朝倉氏遺跡,北潟湖 エリア,1
2023-06-11,福井,一乗谷朝倉氏遺跡,大本山 永平寺 エリア,1
2023-06-11,福井,一乗谷朝倉氏遺跡,越前そばの里 エリア,3
2023-06-11,福井,一乗谷朝倉氏遺跡,越前大仏 エリア,1
2023-06-11,福井,三国湊 エリア,一乗谷朝倉氏遺跡,1
2023-06-11,福井,丸岡城,レインボーライン エリア,1
2023-06-11,福井,丸岡城,越前そばの里 エリア,1
2023-06-11,福井,北潟湖 エリア,吉崎御坊跡,1
2023-06-11,福井,北陸新幹線 越前たけふ駅 エリア,一乗谷朝倉氏遺跡,1
2023-06-11,福井,北陸新幹線 越前たけふ駅 エリア,西山動物園,2
2023-06-11,福井,名田庄 エリア,道の駅「シーサイド高浜」,1
2023-06-11,福井,大本山 永平寺 エリア,一乗谷朝倉氏遺跡,2
2023-06-11,福井,大本山 永平寺 エリア,東尋坊,1
2023-06-11,福井,大本山 永平寺 エリア,越前海岸,1
2023-06-11,福井,大本山永平寺,あわら湯のまち エリア,1
2023-06-11,福井,大本山永平寺,越前そばの里 エリア,1
2023-06-11,福井,大本山永平寺,道の駅「越前」 エリア,1
2023-06-11,福井,天橋立（京都府）,うみんぴあ大飯 エリア,1
2023-06-11,福井,岡太神社・大瀧神社,北陸新幹線 越前たけふ駅 エリア,1
2023-06-11,福井,岡太神社・大瀧神社,越前そばの里 エリア,2
2023-06-11,福井,帰宅,北陸新幹線 越前たけふ駅 エリア,1
2023-06-11,福井,平泉寺白山神社 エリア,氣比神宮,1
2023-06-11,福井,敦賀駅,JR敦賀駅前 エリア,1
2023-06-11,福井,日本海さかな街,水晶浜 エリア,1
2023-06-11,福井,日本海さかな街,道の駅「越前」 エリア,1
2023-06-11,福井,日本海さかな街 エリア,氣比神宮,1
2023-06-11,福井,明通寺,明通寺 エリア,1
2023-06-11,福井,明通寺 エリア,三方五湖,1
2023-06-11,福井,東尋坊,あわら湯のまち エリア,3
2023-06-11,福井,東尋坊,三国湊 エリア,2
2023-06-11,福井,東尋坊 エリア,三國湊レトロ,1
2023-06-11,福井,氣比神宮,JR敦賀駅前 エリア,1
2023-06-11,福井,氣比神宮,金ヶ崎 エリア,1
2023-06-11,福井,若狭三方縄文博物館,道の駅「三方五湖」  エリア,1
2023-06-11,福井,越前そばの里 エリア,一乗谷朝倉氏遺跡,1
2023-06-11,福井,越前そばの里 エリア,三方五湖,1
2023-06-11,福井,越前そばの里 エリア,岡太神社・大瀧神社,1
2023-06-11,福井,越前そばの里 エリア,敦賀赤レンガ倉庫,1
2023-06-11,福井,越前そばの里 エリア,東尋坊,1
2023-06-11,福井,越前そばの里 エリア,氣比神宮,1
2023-06-11,福井,越前和紙の里,越前そばの里 エリア,1
2023-06-11,福井,越前大仏,越前そばの里 エリア,1
2023-06-11,福井,越前大仏,道の駅「禅の里」 エリア,1
2023-06-11,福井,越前大野城,越前大野城・城下町 エリア,1
2023-06-11,福井,越前大野城,金ヶ崎 エリア,1
2023-06-11,福井,越前大野城・城下町 エリア,越前大仏,1
2023-06-11,福井,越前松島水族館,あわら湯のまち エリア,1
2023-06-11,福井,道の駅「一乗谷あさくら水の駅」,越前大野城・城下町 エリア,1
2023-06-11,福井,道の駅「三方五湖」,JR美浜駅 エリア,1
2023-06-11,福井,道の駅「三方五湖」  エリア,日本海さかな街,1
2023-06-11,福井,道の駅「南えちぜん山海里」,越前そばの里 エリア,1
2023-06-11,福井,道の駅「越前」 エリア,氣比神宮,1
2023-06-11,福井,道の駅「越前」 エリア,越前大仏,1
2023-06-11,福井,道の駅「越前おおの荒島の郷」 エリア,福井県立恐竜博物館,1
2023-06-11,福井,金ヶ崎 エリア,氣比神宮,2
2023-06-12,福井,JR敦賀駅前 エリア,三方五湖,1
2023-06-12,福井,あわら湯のまち エリア,丸岡城,1
2023-06-12,福井,あわら湯のまち エリア,東尋坊,2
2023-06-12,福井,うるしの里,丸岡城 エリア,1
2023-06-12,福井,うるしの里 エリア,一乗谷朝倉氏遺跡,1
2023-06-12,福井,ふれあいパーク三里浜(道の駅「みくに」),北潟湖 エリア,1
2023-06-12,福井,まちの市場 こってコテいけだ エリア,福井県立恐竜博物館,1
2023-06-12,福井,ゆりの里公園ユリーム春江,あわら湯のまち エリア,1
2023-06-12,福井,ファーマーズマーケットきららの丘,あわら湯のまち エリア,1
2023-06-12,福井,レインボーライン,道の駅「三方五湖」  エリア,1
2023-06-12,福井,レインボーライン エリア,福井県年縞博物館,1
2023-06-12,福井,一乗谷朝倉氏遺跡,一乗谷朝倉氏遺跡 エリア,1
2023-06-12,福井,一乗谷朝倉氏遺跡,北陸新幹線 越前たけふ駅 エリア,1
2023-06-12,福井,一乗谷朝倉氏遺跡,名勝 養浩館庭園 エリア,1
2023-06-12,福井,一乗谷朝倉氏遺跡,大本山 永平寺 エリア,3
2023-06-12,福井,一乗谷朝倉氏遺跡 エリア,大本山永平寺,1
2023-06-12,福井,一乗谷朝倉氏遺跡 エリア,養浩館庭園,1
2023-06-12,福井,丸岡城,レインボーライン エリア,1
2023-06-12,福井,丸岡城,大本山 永平寺 エリア,1
2023-06-12,福井,九頭竜湖,道の駅「越前おおの荒島の郷」 エリア,1
2023-06-12,福井,北の庄城址・柴田公園,金ヶ崎 エリア,1
2023-06-12,福井,北陸新幹線 越前たけふ駅 エリア,越前大仏,1
2023-06-12,福井,名勝 養浩館庭園 エリア,福井駅,1
2023-06-12,福井,大本山 永平寺 エリア,めがねミュージアム,1
2023-06-12,福井,大本山 永平寺 エリア,一乗谷朝倉氏遺跡,1
2023-06-12,福井,大本山 永平寺 エリア,越前大野城,2
2023-06-12,福井,大本山永平寺,あわら湯のまち エリア,2
2023-06-12,福井,大本山永平寺,一乗谷朝倉氏遺跡 エリア,1
2023-06-12,福井,大本山永平寺,越前大野城・城下町 エリア,1
2023-06-12,福井,氣比神宮,金ヶ崎 エリア,1
2023-06-12,福井,福井駅,福井駅前 エリア（宿泊施設）,1
2023-06-12,福井,福井駅前 エリア（宿泊施設）,丸岡城,1
2023-06-12,福井,芦原温泉,大本山 永平寺 エリア,1
2023-06-12,福井,越前そばの里,あわら湯のまち エリア,1
2023-06-12,福井,越前大仏,大本山 永平寺 エリア,1
2023-06-12,福井,越前大仏,道の駅「禅の里」 エリア,1
2023-06-12,福井,越前大野城,フルーツライン エリア,1
2023-06-12,福井,越前大野城,越前大仏 エリア,1
2023-06-12,福井,越前大野城,越前大野城・城下町 エリア,1
2023-06-12,福井,道の駅「南えちぜん山海里」,大本山 永平寺 エリア,1
2023-06-12,福井,道の駅「禅の里」 エリア,越前大野城,1
2023-06-12,福井,道の駅「若狭おばま」 エリア,箸のふるさと館WAKASA,1
2023-06-12,福井,道の駅「越前おおの荒島の郷」,あわら湯のまち エリア,1
2023-06-12,福井,道の駅みくに ふれあいパーク三里浜 エリア,東尋坊,1
2023-06-12,福井,金ヶ崎 エリア,敦賀赤レンガ倉庫,1
2023-06-12,福井,養浩館庭園,福井駅前 エリア,1
2023-06-13,福井,JR九頭竜湖駅 エリア,九頭竜湖,1
2023-06-13,福井,JR美浜駅 エリア,道の駅「うみんぴあ大飯」,1
2023-06-13,福井,あわら温泉街,東尋坊 エリア,1
2023-06-13,福井,あわら湯のまち エリア,丸岡城,1
2023-06-13,福井,ふくい鮮いちば エリア,越前大仏,1
2023-06-13,福井,めがねミュージアム,道の駅「南えちぜん山海里」 エリア,1
2023-06-13,福井,タケフナイフビレッジ,越前和紙の里 エリア,1
2023-06-13,福井,タケフナイフビレッジ エリア,越前和紙の里,1
2023-06-13,福井,レインボーライン,JR美浜駅 エリア,1
2023-06-13,福井,レインボーライン,名田庄 エリア,1
2023-06-13,福井,レインボーライン エリア,日本海さかな街,1
2023-06-13,福井,一乗谷朝倉氏遺跡,ふくい鮮いちば エリア,1
2023-06-13,福井,一乗谷朝倉氏遺跡,三国湊 エリア,1
2023-06-13,福井,一乗谷朝倉氏遺跡,道の駅「恐竜渓谷かつやま」 エリア,1
2023-06-13,福井,一乗谷朝倉氏遺跡 エリア,三國湊レトロ,1
2023-06-13,福井,万葉の里 味真野苑（ミズバショウ・フジ・スイレン・ハギ）,越前そばの里 エリア,2
2023-06-13,福井,三国サンセットビーチ,あわら湯のまち エリア,1
2023-06-13,福井,丸岡城,一乗谷朝倉氏遺跡 エリア,1
2023-06-13,福井,丸岡城,福井駅前 エリア,1
2023-06-13,福井,人道の港 敦賀ムゼウム,金ヶ崎 エリア,1
2023-06-13,福井,北の庄城址・柴田公園,北陸新幹線 越前たけふ駅 エリア,1
2023-06-13,福井,北潟湖畔公園・サイクリングパーク,北潟湖 エリア,1
2023-06-13,福井,北陸新幹線 越前たけふ駅 エリア,めがねミュージアム,1
2023-06-13,福井,大本山永平寺,あわら湯のまち エリア,1
2023-06-13,福井,大本山永平寺,一乗谷朝倉氏遺跡 エリア,1
2023-06-13,福井,大本山永平寺,北陸新幹線 越前たけふ駅 エリア,1
2023-06-13,福井,大本山永平寺,福井駅前 エリア,1
2023-06-13,福井,小浜市水産食品センター（若狭小浜お魚センター）,道の駅「三方五湖」  エリア,1
2023-06-13,福井,東尋坊,丸岡城 エリア,1
2023-06-13,福井,東尋坊,福井駅前 エリア,1
2023-06-13,福井,東尋坊,越前松島水族館 エリア,1
2023-06-13,福井,東尋坊 エリア,越前松島水族館,1
2023-06-13,福井,熊川宿,道の駅「シーサイド高浜」 エリア,1
2023-06-13,福井,熊川宿 エリア,道の駅「若狭熊川宿」,1
2023-06-13,福井,福井県立恐竜博物館,越前大仏 エリア,1
2023-06-13,福井,福井駅前 エリア,「ちひろの生まれた家」記念館,1
2023-06-13,福井,福井駅前 エリア,越前和紙の里,1
2023-06-13,福井,若狭海遊バザール千鳥苑 若狭美浜 海の駅,レインボーライン エリア,1
2023-06-13,福井,越前そばの里 エリア,大本山永平寺,1
2023-06-13,福井,越前そばの里 エリア,越前大野城,1
2023-06-13,福井,越前大仏,JR九頭竜湖駅 エリア,1
2023-06-13,福井,越前大仏,道の駅「越前おおの荒島の郷」 エリア,1
2023-06-13,福井,越前大野城,平泉寺白山神社 エリア,1
2023-06-13,福井,越前大野城,道の駅「シーサイド高浜」 エリア,1
2023-06-13,福井,道の駅「シーサイド高浜」 エリア,一乗谷朝倉氏遺跡,1
2023-06-13,福井,道の駅「三方五湖」  エリア,敦賀駅,1
2023-06-13,福井,道の駅「恐竜渓谷かつやま」 エリア,越前大仏,1
2023-06-13,福井,道の駅「越前」,越前そばの里 エリア,1
2023-06-13,福井,道の駅「越前おおの荒島の郷」 エリア,九頭竜湖,1
2023-06-14,福井,あわら湯のまち エリア,丸岡城,1
2023-06-14,福井,あわら湯のまち エリア,吉崎御坊跡,1
2023-06-14,福井,かずら橋 エリア,ツリーピクニックアドベンチャーいけだ,1
2023-06-14,福井,かずら橋 エリア,一乗谷朝倉氏遺跡,1
2023-06-14,福井,ゆりの里公園ユリーム春江,北潟湖 エリア,1
2023-06-14,福井,スキージャム勝山,かずら橋 エリア,2
2023-06-14,福井,ファーマーズマーケットきららの丘,道の駅みくに ふれあいパーク三里浜 エリア,1
2023-06-14,福井,フルーツライン エリア,ふれあいパーク三里浜(道の駅「みくに」),1
2023-06-14,福井,一乗谷朝倉氏遺跡,フルーツライン エリア,1
2023-06-14,福井,一乗谷朝倉氏遺跡,大本山 永平寺 エリア,2
2023-06-14,福井,一乗谷朝倉氏遺跡,紫式部公園 エリア,1
2023-06-14,福井,一乗谷朝倉氏遺跡,越前そばの里 エリア,2
2023-06-14,福井,一乗谷朝倉氏遺跡,越前大野城・城下町 エリア,1
2023-06-14,福井,一乗谷朝倉氏遺跡,道の駅「越前」 エリア,1
2023-06-14,福井,吉崎御坊跡,フルーツライン エリア,1
2023-06-14,福井,大本山 永平寺 エリア,西山動物園,1
2023-06-14,福井,大本山 永平寺 エリア,越前大野城,1
2023-06-14,福井,大本山永平寺,あわら湯のまち エリア,1
2023-06-14,福井,明通寺,明通寺 エリア,1
2023-06-14,福井,明通寺 エリア,日本海さかな街,1
2023-06-14,福井,東尋坊,大本山 永平寺 エリア,1
2023-06-14,福井,東尋坊,越前松島水族館 エリア,1
2023-06-14,福井,東尋坊,越前海岸 くりや旅館街 エリア,1
2023-06-14,福井,氣比神宮,大本山 永平寺 エリア,1
2023-06-14,福井,花の駅 ゆりの里公園 エリア,道の駅「さかい」（坂井地域交流センター「いねす」）,1
2023-06-14,福井,若狭フィッシャーマンズワーフ,明通寺 エリア,1
2023-06-14,福井,越前そばの里 エリア,レインボーライン,1
2023-06-14,福井,越前そばの里 エリア,越前和紙の里,1
2023-06-14,福井,越前そばの里 エリア,越前打刃物会館,1
2023-06-14,福井,越前大野城,越前そばの里 エリア,1
2023-06-14,福井,越前大野城,越前大野城・城下町 エリア,1
2023-06-14,福井,越前大野城・城下町 エリア,一乗谷朝倉氏遺跡,1
2023-06-14,福井,越前海岸 くりや旅館街 エリア,一乗谷朝倉氏遺跡,1
2023-06-14,福井,道の駅「若狭おばま」,御食国若狭おばま食文化館 エリア,1
2023-06-14,福井,道の駅「越前」 エリア,大本山永平寺,1
2023-06-14,福井,道の駅みくに ふれあいパーク三里浜 エリア,ゆりの里公園ユリーム春江,1
2023-06-15,福井,あわら温泉「芦湯」,道の駅みくに ふれあいパーク三里浜 エリア,1
2023-06-15,福井,あわら湯のまち エリア,東尋坊,1
2023-06-15,福井,一乗谷朝倉氏遺跡,一乗谷朝倉氏遺跡 エリア,1
2023-06-15,福井,一乗谷朝倉氏遺跡,大本山 永平寺 エリア,1
2023-06-15,福井,一乗谷朝倉氏遺跡 エリア,大本山永平寺,1
2023-06-15,福井,丸岡城,大本山 永平寺 エリア,1
2023-06-15,福井,丸岡城,道の駅「西山公園」 エリア,1
2023-06-15,福井,大本山 永平寺 エリア,丸岡城,2
2023-06-15,福井,大本山 永平寺 エリア,越前松島水族館,1
2023-06-15,福井,大本山永平寺,あわら湯のまち エリア,1
2023-06-15,福井,大本山永平寺,一乗谷朝倉氏遺跡 エリア,1
2023-06-15,福井,小浜市 阿納 エリア,明通寺,1
2023-06-15,福井,帰宅,レインボーライン エリア,1
2023-06-15,福井,敦賀赤レンガ倉庫,金ヶ崎 エリア,2
2023-06-15,福井,東尋坊,越前大野城・城下町 エリア,1
2023-06-15,福井,氣比神宮,JR敦賀駅前 エリア,1
2023-06-15,福井,越前大仏,道の駅みくに ふれあいパーク三里浜 エリア,2
2023-06-15,福井,越前大野城,一乗谷朝倉氏遺跡 エリア,1
2023-06-15,福井,越前大野城・城下町 エリア,一乗谷朝倉氏遺跡,1
2023-06-15,福井,越前大野城・城下町 エリア,越前大野城,1
2023-06-15,福井,道の駅「西山公園」 エリア,丸岡城,1
2023-06-15,福井,道の駅みくに ふれあいパーク三里浜 エリア,ふれあいパーク三里浜(道の駅「みくに」),1
2023-06-15,福井,金ヶ崎 エリア,敦賀鉄道資料館（旧敦賀港駅舎 ）,2
2023-06-16,福井,あわら湯のまち エリア,一乗谷朝倉氏遺跡,1
2023-06-16,福井,あわら湯のまち エリア,丸岡城,1
2023-06-16,福井,うみんぴあ大飯 エリア,道の駅「シーサイド高浜」,1
2023-06-16,福井,ゆりの里公園ユリーム春江,北潟湖 エリア,1
2023-06-16,福井,ゆりの里公園ユリーム春江,道の駅みくに ふれあいパーク三里浜 エリア,1
2023-06-16,福井,レインボーライン,大本山 永平寺 エリア,1
2023-06-16,福井,レインボーライン エリア,敦賀赤レンガ倉庫,1
2023-06-16,福井,レインボーライン エリア,熊川宿,1
2023-06-16,福井,レインボーライン エリア,若狭瓜割名水公園 瓜割の滝,1
2023-06-16,福井,一乗谷朝倉氏遺跡,えちぜん鉄道 松岡駅 エリア,1
2023-06-16,福井,一乗谷朝倉氏遺跡,紫式部公園 エリア,1
2023-06-16,福井,一乗谷朝倉氏遺跡 エリア,三國湊レトロ,1
2023-06-16,福井,一乗谷朝倉氏遺跡 エリア,金沢駅周辺（石川県）,1
2023-06-16,福井,三國湊レトロ,あわら湯のまち エリア,1
2023-06-16,福井,丸岡城,あわら湯のまち エリア,1
2023-06-16,福井,丸岡城,道の駅「パークイン丹生ヶ丘」 エリア,1
2023-06-16,福井,北の庄城址・柴田公園,名勝 養浩館庭園 エリア,1
2023-06-16,福井,北ノ庄 エリア,養浩館庭園,1
2023-06-16,福井,北潟湖畔公園・サイクリングパーク,道の駅みくに ふれあいパーク三里浜 エリア,1
2023-06-16,福井,北陸新幹線 越前たけふ駅 エリア,道の駅「西山公園」,1
2023-06-16,福井,大本山 永平寺 エリア,越前大野城,1
2023-06-16,福井,大本山永平寺,大本山 永平寺 エリア,1
2023-06-16,福井,大本山永平寺,福井駅前 エリア,2
2023-06-16,福井,大本山永平寺,道の駅「パークイン丹生ヶ丘」 エリア,1
2023-06-16,福井,平泉寺白山神社,平泉寺白山神社 エリア,1
2023-06-16,福井,平泉寺白山神社 エリア,一乗谷朝倉氏遺跡,1
2023-06-16,福井,敦賀赤レンガ倉庫,一乗谷朝倉氏遺跡 エリア,1
2023-06-16,福井,日本海さかな街,熊川宿 エリア,1
2023-06-16,福井,氣比神宮,JR敦賀駅前 エリア,1
2023-06-16,福井,氣比神宮,JR美浜駅 エリア,1
2023-06-16,福井,氣比神宮,レインボーライン エリア,2
2023-06-16,福井,氣比神宮,日本海さかな街 エリア,1
2023-06-16,福井,氣比神宮,金ヶ崎 エリア,1
2023-06-16,福井,水晶浜海水浴場,日本海さかな街 エリア,1
2023-06-16,福井,熊川宿,レインボーライン エリア,1
2023-06-16,福井,福井駅,北ノ庄 エリア,1
2023-06-16,福井,紫式部公園 エリア,劔神社,1
2023-06-16,福井,花の駅 ゆりの里公園 エリア,芝政ワールド,1
2023-06-16,福井,西山動物園,一乗谷朝倉氏遺跡 エリア,1
2023-06-16,福井,越前海岸,JR敦賀駅前 エリア,1
2023-06-16,福井,越前海岸 北部 エリア,大本山永平寺,1
2023-06-16,福井,道の駅「河野」,北陸新幹線 越前たけふ駅 エリア,1
2023-06-16,福井,道の駅「若狭おばま」,小浜 エリア（宿泊施設）,1
2023-06-16,福井,道の駅みくに ふれあいパーク三里浜 エリア,あわら温泉「芦湯」,1
2023-06-16,福井,金ヶ崎 エリア,敦賀赤レンガ倉庫,1
2023-06-17,福井,あわら温泉街,フルーツライン エリア,1
2023-06-17,福井,あわら温泉街,北潟湖 エリア,1
2023-06-17,福井,あわら湯のまち エリア,三國湊レトロ,1
2023-06-17,福井,あわら湯のまち エリア,大本山永平寺,1
2023-06-17,福井,あわら湯のまち エリア,東尋坊,1
2023-06-17,福井,ゆりの里公園ユリーム春江,道の駅「越前おおの荒島の郷」 エリア,1
2023-06-17,福井,メガネストリート エリア,うるしの里,1
2023-06-17,福井,レインボーライン,うみんぴあ大飯 エリア,1
2023-06-17,福井,一乗谷朝倉氏遺跡,一乗谷朝倉氏遺跡 エリア,4
2023-06-17,福井,一乗谷朝倉氏遺跡,大本山 永平寺 エリア,4
2023-06-17,福井,一乗谷朝倉氏遺跡,越前そばの里 エリア,1
2023-06-17,福井,一乗谷朝倉氏遺跡,越前海岸 くりや旅館街 エリア,2
2023-06-17,福井,三方五湖,日本海さかな街 エリア,1
2023-06-17,福井,丸岡城,あわら湯のまち エリア,1
2023-06-17,福井,丸岡城,えちぜん鉄道 松岡駅 エリア,1
2023-06-17,福井,丸岡城,メガネストリート エリア,1
2023-06-17,福井,丸岡城,越前そばの里 エリア,1
2023-06-17,福井,劔神社,道の駅「パークイン丹生ヶ丘」 エリア,1
2023-06-17,福井,劔神社,道の駅「越前」 エリア,1
2023-06-17,福井,北潟湖 エリア,吉崎御坊跡,1
2023-06-17,福井,大本山 永平寺 エリア,一乗谷朝倉氏遺跡,4
2023-06-17,福井,大本山 永平寺 エリア,東尋坊,2
2023-06-17,福井,大本山 永平寺 エリア,越前大野城,1
2023-06-17,福井,大本山永平寺,あわら湯のまち エリア,1
2023-06-17,福井,大本山永平寺,一乗谷朝倉氏遺跡 エリア,3
2023-06-17,福井,大本山永平寺,大本山 永平寺 エリア,1
2023-06-17,福井,敦賀赤レンガ倉庫,メガネストリート エリア,1
2023-06-17,福井,日本海さかな街 エリア,氣比神宮,1
2023-06-17,福井,東尋坊,あわら湯のまち エリア,1
2023-06-17,福井,氣比神宮,若狭海遊バザール 千鳥苑 エリア,1
2023-06-17,福井,福井駅前 エリア,大本山永平寺,1
2023-06-17,福井,福井駅前 エリア（宿泊施設）,大本山永平寺,1
2023-06-17,福井,若狭海遊バザール 千鳥苑 エリア,氣比神宮,1
2023-06-17,福井,越前そばの里,北潟湖 エリア,1
2023-06-17,福井,越前そばの里 エリア,めがねミュージアム,1
2023-06-17,福井,越前大仏,道の駅「越前おおの荒島の郷」 エリア,1
2023-06-17,福井,越前大野城,一乗谷朝倉氏遺跡 エリア,1
2023-06-17,福井,越前打刃物会館,刃物の里 エリア,1
2023-06-17,福井,越前海岸,劔神社 エリア,1
2023-06-17,福井,道の駅「三方五湖」,JR美浜駅 エリア,1
2023-06-17,福井,道の駅「若狭おばま」,小浜市 阿納 エリア,1
2023-06-17,福井,道の駅「越前おおの荒島の郷」 エリア,道の駅「九頭竜・和泉ふれあい会館」,1
2023-06-18,福井,JR九頭竜湖駅 エリア,丸岡城,1
2023-06-18,福井,JR敦賀駅前 エリア,氣比神宮,1
2023-06-18,福井,JR美浜駅 エリア,熊川宿,1
2023-06-18,福井,あわら温泉「芦湯」,あわら湯のまち エリア,1
2023-06-18,福井,あわら湯のまち エリア,レインボーライン,1
2023-06-18,福井,あわら湯のまち エリア,三方五湖,1
2023-06-18,福井,あわら湯のまち エリア,敦賀鉄道資料館（旧敦賀港駅舎 ）,1
2023-06-18,福井,あわら湯のまち エリア,東尋坊,1
2023-06-18,福井,あわら湯のまち エリア,道の駅「南えちぜん山海里」,1
2023-06-18,福井,うみんぴあ大飯 エリア,熊川宿,1
2023-06-18,福井,うみんぴあ大飯 エリア,道の駅「うみんぴあ大飯」,1
2023-06-18,福井,うるしの里,越前和紙の里 エリア,1
2023-06-18,福井,えちぜん鉄道 松岡駅 エリア,越前大仏,1
2023-06-18,福井,えちぜん鉄道 松岡駅 エリア,越前大野城,1
2023-06-18,福井,タケフナイフビレッジ,越前そばの里 エリア,1
2023-06-18,福井,ファーマーズマーケットきららの丘,フルーツライン エリア,2
2023-06-18,福井,レインボーライン エリア,一乗谷朝倉氏遺跡,1
2023-06-18,福井,レインボーライン エリア,丸岡城,1
2023-06-18,福井,一乗谷朝倉氏遺跡,えちぜん鉄道 松岡駅 エリア,2
2023-06-18,福井,一乗谷朝倉氏遺跡,メガネストリート エリア,1
2023-06-18,福井,一乗谷朝倉氏遺跡,レインボーライン エリア,1
2023-06-18,福井,一乗谷朝倉氏遺跡,北陸新幹線 越前たけふ駅 エリア,1
2023-06-18,福井,一乗谷朝倉氏遺跡,大本山 永平寺 エリア,1
2023-06-18,福井,一乗谷朝倉氏遺跡,明通寺 エリア,1
2023-06-18,福井,一乗谷朝倉氏遺跡,東尋坊 エリア,1
2023-06-18,福井,一乗谷朝倉氏遺跡,湖上館パムコ（水月湖）エリア,1
2023-06-18,福井,一乗谷朝倉氏遺跡,紫式部公園 エリア,1
2023-06-18,福井,一乗谷朝倉氏遺跡,若狭フィッシャーマンズワーフ エリア,1
2023-06-18,福井,一乗谷朝倉氏遺跡,道の駅「南えちぜん山海里」 エリア,1
2023-06-18,福井,一乗谷朝倉氏遺跡,道の駅「越前」 エリア,1
2023-06-18,福井,一乗谷朝倉氏遺跡 エリア,越前大野城,1
2023-06-18,福井,一乗谷朝倉氏遺跡 エリア,道の駅「恐竜渓谷かつやま」,1
2023-06-18,福井,三国サンセットビーチ,三国湊 エリア,1
2023-06-18,福井,三国湊 エリア,氣比神宮,1
2023-06-18,福井,三国湊 エリア,金津創作の森,1
2023-06-18,福井,三國湊レトロ,道の駅みくに ふれあいパーク三里浜 エリア,1
2023-06-18,福井,丸岡城,あわら湯のまち エリア,1
2023-06-18,福井,丸岡城,一乗谷朝倉氏遺跡 エリア,1
2023-06-18,福井,丸岡城,福井駅前 エリア,3
2023-06-18,福井,丸岡城,越前そばの里 エリア,1
2023-06-18,福井,丸岡城,道の駅「南えちぜん山海里」 エリア,1
2023-06-18,福井,九頭竜湖,道の駅「越前おおの荒島の郷」 エリア,1
2023-06-18,福井,人道の港 敦賀ムゼウム,金ヶ崎 エリア,1
2023-06-18,福井,北潟湖 エリア,一乗谷朝倉氏遺跡,1
2023-06-18,福井,北陸新幹線 越前たけふ駅 エリア,あわら温泉街,1
2023-06-18,福井,北陸新幹線 越前たけふ駅 エリア,越前打刃物会館,1
2023-06-18,福井,吉崎御坊跡,あわら湯のまち エリア,1
2023-06-18,福井,名勝 養浩館庭園 エリア,一乗谷朝倉氏遺跡,1
2023-06-18,福井,多田寺,明通寺 エリア,1
2023-06-18,福井,大本山 永平寺 エリア,あわら温泉街,1
2023-06-18,福井,大本山 永平寺 エリア,大本山永平寺,1
2023-06-18,福井,大本山 永平寺 エリア,道の駅「越前」,1
2023-06-18,福井,大本山永平寺,あわら湯のまち エリア,2
2023-06-18,福井,大本山永平寺,大本山 永平寺 エリア,1
2023-06-18,福井,大本山永平寺,道の駅「越前」 エリア,1
2023-06-18,福井,小浜市まちの駅・旭座,若狭フィッシャーマンズワーフ エリア,1
2023-06-18,福井,小浜市水産食品センター（若狭小浜お魚センター）,若狭フィッシャーマンズワーフ エリア,1
2023-06-18,福井,岡太神社・大瀧神社,湖上館パムコ（水月湖）エリア,1
2023-06-18,福井,御食国若狭おばま食文化館,JR美浜駅 エリア,1
2023-06-18,福井,敦賀駅,JR美浜駅 エリア,1
2023-06-18,福井,明通寺 エリア,丸岡城,1
2023-06-18,福井,明通寺 エリア,多田寺,1
2023-06-18,福井,明通寺 エリア,岡太神社・大瀧神社,1
2023-06-18,福井,東尋坊,あわら湯のまち エリア,1
2023-06-18,福井,東尋坊,道の駅みくに ふれあいパーク三里浜 エリア,1
2023-06-18,福井,東尋坊 エリア,丸岡城,3
2023-06-18,福井,気比の松原,敦賀市立博物館 エリア,1
2023-06-18,福井,気比神宮,レインボーライン エリア,1
2023-06-18,福井,氣比神宮,JR美浜駅 エリア,1
2023-06-18,福井,氣比神宮,一乗谷朝倉氏遺跡 エリア,1
2023-06-18,福井,瀧谷寺,三国湊 エリア,1
2023-06-18,福井,熊川宿,小浜 エリア（宿泊施設）,1
2023-06-18,福井,福井県立恐竜博物館,北陸新幹線 越前たけふ駅 エリア,1
2023-06-18,福井,福井駅,北陸新幹線 越前たけふ駅 エリア,1
2023-06-18,福井,福井駅前 エリア,ふれあいパーク三里浜(道の駅「みくに」),1
2023-06-18,福井,紫式部公園 エリア,丸岡城,1
2023-06-18,福井,紫式部公園 エリア,道の駅「越前」,1
2023-06-18,福井,羽賀寺,明通寺 エリア,1
2023-06-18,福井,若狭フィッシャーマンズワーフ,御食国若狭おばま食文化館 エリア,2
2023-06-18,福井,若狭フィッシャーマンズワーフ エリア,御食国若狭おばま食文化館,2
2023-06-18,福井,若狭和田ビーチ,レインボーライン エリア,1
2023-06-18,福井,若狭歴史博物館,うみんぴあ大飯 エリア,1
2023-06-18,福井,越前そばの里,北陸新幹線 越前たけふ駅 エリア,1
2023-06-18,福井,越前そばの里,越前そばの里 エリア,1
2023-06-18,福井,越前そばの里 エリア,レインボーライン,1
2023-06-18,福井,越前そばの里 エリア,丸岡城,1
2023-06-18,福井,越前そばの里 エリア,今庄宿,1
2023-06-18,福井,越前そばの里 エリア,明城ファーム,1
2023-06-18,福井,越前そばの里 エリア,東尋坊,1
2023-06-18,福井,越前和紙の里 エリア,岡太神社・大瀧神社,1
2023-06-18,福井,越前大仏,越前松島水族館 エリア,1
2023-06-18,福井,越前大野城,越前そばの里 エリア,1
2023-06-18,福井,越前松島水族館,紫式部公園 エリア,1
2023-06-18,福井,越前海岸,道の駅「パークイン丹生ヶ丘」 エリア,1
2023-06-18,福井,越前海岸 北部 エリア,一乗谷朝倉氏遺跡,1
2023-06-18,福井,越前海岸 越前岬 エリア,道の駅「パークイン丹生ヶ丘」,1
2023-06-18,福井,道の駅「うみんぴあ大飯」,うみんぴあ大飯 エリア,1
2023-06-18,福井,道の駅「シーサイド高浜」,熊川宿 エリア,1
2023-06-18,福井,道の駅「一乗谷あさくら水の駅」,一乗谷朝倉氏遺跡 エリア,1
2023-06-18,福井,道の駅「南えちぜん山海里」 エリア,岡太神社・大瀧神社,1
2023-06-18,福井,道の駅「恐竜渓谷かつやま」,はたや記念館 ゆめおーれ勝山 エリア,1
2023-06-18,福井,道の駅「恐竜渓谷かつやま」 エリア,はたや記念館 ゆめおーれ勝山,1
2023-06-18,福井,道の駅「恐竜渓谷かつやま」 エリア,越前大仏,1
2023-06-18,福井,道の駅「西山公園」,越前そばの里 エリア,1
2023-06-18,福井,道の駅「越前」 エリア,日本海さかな街,1
2023-06-18,福井,道の駅「越前」 エリア,氣比神宮,1
2023-06-18,福井,道の駅「越前おおの荒島の郷」 エリア,丸岡城,1
2023-06-18,福井,道の駅はまびより,JR美浜駅 エリア,2
2023-06-18,福井,道の駅はまびより,道の駅「三方五湖」  エリア,2
2023-06-18,福井,道の駅みくに ふれあいパーク三里浜 エリア,ふれあいパーク三里浜(道の駅「みくに」),1
2023-06-18,福井,金ヶ崎 エリア,氣比神宮,2
2023-06-18,福井,金沢駅周辺（石川県）,大本山 永平寺 エリア,1
2023-06-18,福井,金津創作の森,JR芦原温泉駅 エリア,1
2023-06-18,福井,養浩館庭園,越前そばの里 エリア,1
2023-06-19,福井,JR芦原温泉駅 エリア,吉崎御坊跡,1
2023-06-19,福井,あわら湯のまち エリア,大本山永平寺,1
2023-06-19,福井,あわら湯のまち エリア,福井県立恐竜博物館,1
2023-06-19,福井,あわら湯のまち エリア,福井駅,1
2023-06-19,福井,うみんぴあ大飯 エリア,エルガイアおおい,1
2023-06-19,福井,うみんぴあ大飯 エリア,赤礁崎オートキャンプ場,2
2023-06-19,福井,きのこの森,若州一滴文庫 エリア,1
2023-06-19,福井,ふくい鮮いちば エリア,東尋坊,1
2023-06-19,福井,エルガイアおおい,うみんぴあ大飯 エリア,1
2023-06-19,福井,サンドーム福井,越前そばの里 エリア,1
2023-06-19,福井,一乗谷朝倉氏遺跡,越前海岸 北部 エリア,1
2023-06-19,福井,一乗谷朝倉氏遺跡 エリア,三方五湖,1
2023-06-19,福井,一乗谷朝倉氏遺跡 エリア,大本山永平寺,1
2023-06-19,福井,丸岡城,あわら湯のまち エリア,2
2023-06-19,福井,丸岡城,丸岡城 エリア,1
2023-06-19,福井,丸岡城,越前大野城・城下町 エリア,1
2023-06-19,福井,丸岡城 エリア,北の庄城址・柴田公園,1
2023-06-19,福井,北の庄城址・柴田公園,福井駅前 エリア,2
2023-06-19,福井,北潟湖 エリア,丸岡城,1
2023-06-19,福井,北潟湖 エリア,吉崎御坊跡,1
2023-06-19,福井,北潟湖 エリア,越前がにミュージアム,1
2023-06-19,福井,北潟湖畔公園・サイクリングパーク,三国湊 エリア,1
2023-06-19,福井,吉崎御坊跡,JR芦原温泉駅 エリア,1
2023-06-19,福井,名田庄 エリア,若狭和田ビーチ,1
2023-06-19,福井,名田庄 エリア,道の駅「うみんぴあ大飯」,1
2023-06-19,福井,名田庄 エリア,道の駅「若狭おばま」,1
2023-06-19,福井,大本山 永平寺 エリア,敦賀駅,1
2023-06-19,福井,大本山 永平寺 エリア,東尋坊,2
2023-06-19,福井,大本山 永平寺 エリア,福井県立恐竜博物館,1
2023-06-19,福井,大本山永平寺,一乗谷朝倉氏遺跡 エリア,1
2023-06-19,福井,岡太神社・大瀧神社,まちの市場 こってコテいけだ エリア,1
2023-06-19,福井,岡太神社・大瀧神社,一乗谷朝倉氏遺跡 エリア,1
2023-06-19,福井,平泉寺白山神社,越前そばの里 エリア,1
2023-06-19,福井,御食国若狭おばま食文化館 エリア,道の駅「若狭熊川宿」,1
2023-06-19,福井,明通寺 エリア,道の駅「名田庄」,1
2023-06-19,福井,東尋坊,大本山 永平寺 エリア,1
2023-06-19,福井,東尋坊 エリア,あわら温泉街,1
2023-06-19,福井,福井駅前 エリア,敦賀赤レンガ倉庫,1
2023-06-19,福井,福井駅前 エリア（宿泊施設）,大本山永平寺,1
2023-06-19,福井,若狭フィッシャーマンズワーフ,御食国若狭おばま食文化館 エリア,1
2023-06-19,福井,若狭フィッシャーマンズワーフ,若狭フィッシャーマンズワーフ エリア,1
2023-06-19,福井,若狭フィッシャーマンズワーフ エリア,御食国若狭おばま食文化館,1
2023-06-19,福井,若狭和田ビーチ,若狭高浜 エリア,1
2023-06-19,福井,若狭和田ビーチ,道の駅「シーサイド高浜」 エリア,1
2023-06-19,福井,西山動物園,越前そばの里 エリア,1
2023-06-19,福井,赤礁崎オートキャンプ場,うみんぴあ大飯 エリア,1
2023-06-19,福井,越前がにミュージアム,道の駅「越前」 エリア,1
2023-06-19,福井,越前大野城,一乗谷朝倉氏遺跡 エリア,1
2023-06-19,福井,越前大野城,道の駅「越前おおの荒島の郷」 エリア,1
2023-06-19,福井,越前大野城・城下町 エリア,道の駅「九頭竜・和泉ふれあい会館」,1
2023-06-19,福井,越前海岸,大本山 永平寺 エリア,1
2023-06-19,福井,越前海岸 北部 エリア,敦賀赤レンガ倉庫,1
2023-06-19,福井,道の駅「シーサイド高浜」,若狭高浜 エリア,1
2023-06-19,福井,道の駅「シーサイド高浜」 エリア,UMIKARA,1
2023-06-19,福井,道の駅「名田庄」,うみんぴあ大飯 エリア,1
2023-06-19,福井,道の駅「名田庄」,明通寺 エリア,1
2023-06-19,福井,道の駅「名田庄」,若州一滴文庫 エリア,1
2023-06-19,福井,道の駅「名田庄」,道の駅「若狭おばま」 エリア,1
2023-06-19,福井,道の駅「河野」,大本山 永平寺 エリア,1
2023-06-19,福井,道の駅「若狭おばま」 エリア,若狭フィッシャーマンズワーフ,1
2023-06-19,福井,道の駅「越前」,北潟湖 エリア,1
2023-06-19,福井,道の駅「越前」 エリア,越前そばの里,1
2023-06-20,福井,あわら湯のまち エリア,ふれあいパーク三里浜(道の駅「みくに」),1
2023-06-20,福井,あわら湯のまち エリア,ゆりの里公園ユリーム春江,1
2023-06-20,福井,あわら湯のまち エリア,氣比神宮,1
2023-06-20,福井,かずら橋,一乗谷朝倉氏遺跡 エリア,1
2023-06-20,福井,ふれあいパーク三里浜(道の駅「みくに」),花の駅 ゆりの里公園 エリア,1
2023-06-20,福井,ふれあいパーク三里浜(道の駅「みくに」),道の駅みくに ふれあいパーク三里浜 エリア,1
2023-06-20,福井,レインボーライン エリア,若狭町観光船レイククルーズ,1
2023-06-20,福井,一乗谷朝倉氏遺跡,道の駅みくに ふれあいパーク三里浜 エリア,1
2023-06-20,福井,一乗谷朝倉氏遺跡,金ヶ崎 エリア,1
2023-06-20,福井,一乗谷朝倉氏遺跡 エリア,福井駅,1
2023-06-20,福井,三国湊 エリア,ふれあいパーク三里浜(道の駅「みくに」),1
2023-06-20,福井,三國湊レトロ,三国湊 エリア,1
2023-06-20,福井,三方五湖,JR美浜駅 エリア,1
2023-06-20,福井,劔神社,あわら湯のまち エリア,1
2023-06-20,福井,劔神社 エリア,丸岡城,1
2023-06-20,福井,勝山城博物館,平泉寺白山神社 エリア,1
2023-06-20,福井,北陸新幹線 越前たけふ駅 エリア,東尋坊,1
2023-06-20,福井,吉崎御坊跡,三国湊 エリア,1
2023-06-20,福井,吉崎御坊跡,越前そばの里 エリア,1
2023-06-20,福井,大本山 永平寺 エリア,御誕生寺,1
2023-06-20,福井,大本山永平寺,東尋坊 エリア,1
2023-06-20,福井,大本山永平寺,金ヶ崎 エリア,1
2023-06-20,福井,敦賀駅,JR敦賀駅前 エリア,1
2023-06-20,福井,日本海さかな街,あわら湯のまち エリア,1
2023-06-20,福井,日本海さかな街,福井駅前 エリア,1
2023-06-20,福井,明通寺,小浜 エリア（宿泊施設）,1
2023-06-20,福井,明通寺,明通寺 エリア,2
2023-06-20,福井,明通寺 エリア,三方五湖,1
2023-06-20,福井,明通寺 エリア,敦賀赤レンガ倉庫,1
2023-06-20,福井,明通寺 エリア,熊川宿,1
2023-06-20,福井,明通寺 エリア,若狭瓜割名水公園 瓜割の滝,1
2023-06-20,福井,東尋坊,あわら湯のまち エリア,1
2023-06-20,福井,氣比神宮,北陸新幹線 越前たけふ駅 エリア,1
2023-06-20,福井,氣比神宮,大本山 永平寺 エリア,1
2023-06-20,福井,氣比神宮,湖上館パムコ（水月湖）エリア,1
2023-06-20,福井,永平寺,福井駅前 エリア,1
2023-06-20,福井,湖上館パムコ（水月湖）エリア,氣比神宮,1
2023-06-20,福井,福井駅前 エリア,氣比神宮,1
2023-06-20,福井,美浜町レイクセンター,レインボーライン エリア,1
2023-06-20,福井,越前がにミュージアム,越前そばの里 エリア,1
2023-06-20,福井,越前そばの里 エリア,越前大野城,1
2023-06-20,福井,越前大野城,一乗谷朝倉氏遺跡 エリア,1
2023-06-20,福井,越前大野城,道の駅「恐竜渓谷かつやま」 エリア,1
2023-06-20,福井,道の駅「三方五湖」  エリア,レインボーライン,1
2023-06-20,福井,道の駅「三方五湖」  エリア,越前大仏,1
2023-06-20,福井,道の駅「禅の里」,あわら湯のまち エリア,1
2023-06-20,福井,道の駅みくに ふれあいパーク三里浜 エリア,あわら温泉街,1
2023-06-20,福井,道の駅みくに ふれあいパーク三里浜 エリア,丸岡城,1
2023-06-21,福井,JR九頭竜湖駅 エリア,道の駅「九頭竜・和泉ふれあい会館」,1
2023-06-21,福井,JR敦賀駅前 エリア,日本海さかな街,1
2023-06-21,福井,JR敦賀駅前 エリア,氣比神宮,1
2023-06-21,福井,うみんぴあ大飯 エリア,道の駅「うみんぴあ大飯」,1
2023-06-21,福井,ふれあいパーク三里浜(道の駅「みくに」),あわら湯のまち エリア,1
2023-06-21,福井,めがねミュージアム,大本山 永平寺 エリア,1
2023-06-21,福井,レインボーライン エリア,氣比神宮,1
2023-06-21,福井,万葉の里 味真野苑（ミズバショウ・フジ・スイレン・ハギ）,越前そばの里 エリア,1
2023-06-21,福井,三国湊 エリア,福井駅,1
2023-06-21,福井,北の庄城址・柴田公園,道の駅「南えちぜん山海里」 エリア,1
2023-06-21,福井,呼鳥門,東尋坊 エリア,1
2023-06-21,福井,大本山 永平寺 エリア,一乗谷朝倉氏遺跡,1
2023-06-21,福井,大本山 永平寺 エリア,道の駅「一乗谷あさくら水の駅」,1
2023-06-21,福井,大本山永平寺,レインボーライン エリア,1
2023-06-21,福井,山代温泉（石川県）,大本山 永平寺 エリア,1
2023-06-21,福井,東尋坊,あわら湯のまち エリア,1
2023-06-21,福井,東尋坊,レインボーライン エリア,1
2023-06-21,福井,氣比神宮,JR敦賀駅前 エリア,1
2023-06-21,福井,氣比神宮,明通寺 エリア,1
2023-06-21,福井,湖上館パムコ（水月湖）エリア,道の駅「シーサイド高浜」,1
2023-06-21,福井,箸のふるさと館WAKASA,うみんぴあ大飯 エリア,2
2023-06-21,福井,若狭瓜割名水公園 瓜割の滝,JR美浜駅 エリア,1
2023-06-21,福井,若狭瓜割名水公園 瓜割の滝,道の駅「若狭おばま」 エリア,1
2023-06-21,福井,越前そばの里,越前そばの里 エリア,1
2023-06-21,福井,越前そばの里 エリア,一乗谷朝倉氏遺跡,1
2023-06-21,福井,越前そばの里 エリア,熊川宿,1
2023-06-21,福井,越前大野城,あわら湯のまち エリア,1
2023-06-21,福井,越前大野城,越前大野城・城下町 エリア,3
2023-06-21,福井,越前大野城・城下町 エリア,大本山永平寺,1
2023-06-21,福井,越前大野城・城下町 エリア,越前大野城,1
2023-06-21,福井,道の駅「うみんぴあ大飯」,うみんぴあ大飯 エリア,1
2023-06-21,福井,道の駅「南えちぜん山海里」 エリア,敦賀赤レンガ倉庫,1
2023-06-21,福井,道の駅「若狭おばま」,箸のふるさと館WAKASA エリア,2
2023-06-21,福井,道の駅「若狭おばま」 エリア,ホテルうみんぴあ,2
2023-06-21,福井,道の駅「越前」,東尋坊 エリア,1
2023-06-22,福井,JR芦原温泉駅 エリア,丸岡城,1
2023-06-22,福井,うみんぴあ大飯 エリア,きのこの森,1
2023-06-22,福井,レインボーライン,道の駅「三方五湖」  エリア,1
2023-06-22,福井,レインボーライン エリア,若狭フィッシャーマンズワーフ,1
2023-06-22,福井,一乗谷朝倉氏遺跡,一乗谷朝倉氏遺跡 エリア,5
2023-06-22,福井,一乗谷朝倉氏遺跡,三国湊 エリア,1
2023-06-22,福井,一乗谷朝倉氏遺跡,東尋坊 エリア,1
2023-06-22,福井,一乗谷朝倉氏遺跡 エリア,一乗谷朝倉氏遺跡,1
2023-06-22,福井,一乗谷朝倉氏遺跡 エリア,越前大野城,1
2023-06-22,福井,三国湊 エリア,大本山永平寺,1
2023-06-22,福井,丸岡城,東尋坊 エリア,1
2023-06-22,福井,大本山 永平寺 エリア,敦賀駅,1
2023-06-22,福井,大本山 永平寺 エリア,氣比神宮,1
2023-06-22,福井,御誕生寺,紫式部公園 エリア,1
2023-06-22,福井,敦賀赤レンガ倉庫,レインボーライン エリア,1
2023-06-22,福井,東尋坊,道の駅「南えちぜん山海里」 エリア,1
2023-06-22,福井,東尋坊 エリア,一乗谷朝倉氏遺跡,1
2023-06-22,福井,東尋坊 エリア,敦賀赤レンガ倉庫,1
2023-06-22,福井,氣比神宮,神楽通り エリア,1
2023-06-22,福井,永平寺,東尋坊 エリア,1
2023-06-22,福井,福井サンドーム,大本山 永平寺 エリア,1
2023-06-22,福井,福井県こども家族館,うみんぴあ大飯 エリア,1
2023-06-22,福井,福井駅,大本山 永平寺 エリア,1
2023-06-22,福井,若狭フィッシャーマンズワーフ,道の駅「若狭おばま」 エリア,1
2023-06-22,福井,道の駅「若狭おばま」 エリア,五湖の駅,1
2023-06-22,福井,道の駅「越前」,道の駅みくに ふれあいパーク三里浜 エリア,1
2023-06-23,福井,あわら湯のまち エリア,「ちひろの生まれた家」記念館,1
2023-06-23,福井,あわら湯のまち エリア,ふれあいパーク三里浜(道の駅「みくに」),1
2023-06-23,福井,ふれあいパーク三里浜(道の駅「みくに」),北潟湖 エリア,1
2023-06-23,福井,エルガイアおおい,小浜 エリア（宿泊施設）,1
2023-06-23,福井,レインボーライン,道の駅「三方五湖」  エリア,1
2023-06-23,福井,一乗谷朝倉氏遺跡,えちぜん鉄道 永平寺口駅 エリア,1
2023-06-23,福井,一乗谷朝倉氏遺跡,一乗谷朝倉氏遺跡 エリア,1
2023-06-23,福井,一乗谷朝倉氏遺跡,道の駅「越前おおの荒島の郷」 エリア,1
2023-06-23,福井,丸岡城,名勝 養浩館庭園 エリア,1
2023-06-23,福井,北潟湖 エリア,一乗谷朝倉氏遺跡,1
2023-06-23,福井,大本山 永平寺 エリア,一乗谷朝倉氏遺跡,2
2023-06-23,福井,大本山永平寺,道の駅「恐竜渓谷かつやま」 エリア,1
2023-06-23,福井,岡太神社・大瀧神社,あわら湯のまち エリア,1
2023-06-23,福井,敦賀赤レンガ倉庫,金ヶ崎 エリア,1
2023-06-23,福井,東尋坊,北潟湖 エリア,1
2023-06-23,福井,東尋坊,東尋坊 エリア,1
2023-06-23,福井,東尋坊,福井駅前 エリア,1
2023-06-23,福井,東尋坊 エリア,岡太神社・大瀧神社,1
2023-06-23,福井,氣比神宮,福井駅前 エリア,1
2023-06-23,福井,福井駅前 エリア,養浩館庭園,1
2023-06-23,福井,越前そばの里 エリア,一乗谷朝倉氏遺跡,1
2023-06-23,福井,越前大野城,JR敦賀駅前 エリア,1
2023-06-23,福井,越前大野城,大本山 永平寺 エリア,2
2023-06-23,福井,越前海岸 くりや旅館街 エリア,一乗谷朝倉氏遺跡,1
2023-06-23,福井,道の駅「恐竜渓谷かつやま」 エリア,越前大野城,1
2023-06-23,福井,道の駅みくに ふれあいパーク三里浜 エリア,三國湊レトロ,1
2023-06-23,福井,道の駅みくに ふれあいパーク三里浜 エリア,吉崎御坊跡,1
2023-06-24,福井,JR美浜駅 エリア,小浜市水産食品センター（若狭小浜お魚センター）,1
2023-06-24,福井,「ちひろの生まれた家」記念館,紫式部公園 エリア,1
2023-06-24,福井,あわら湯のまち エリア,小浜市水産食品センター（若狭小浜お魚センター）,1
2023-06-24,福井,あわら湯のまち エリア,東尋坊,1
2023-06-24,福井,かずら橋 エリア,まちの市場 こってコテいけだ,1
2023-06-24,福井,ツリーピクニックアドベンチャーいけだ,かずら橋 エリア,1
2023-06-24,福井,レインボーライン,JR美浜駅 エリア,1
2023-06-24,福井,レインボーライン,若狭フィッシャーマンズワーフ エリア,1
2023-06-24,福井,一乗谷朝倉氏遺跡,あわら湯のまち エリア,1
2023-06-24,福井,一乗谷朝倉氏遺跡,レインボーライン エリア,1
2023-06-24,福井,一乗谷朝倉氏遺跡,一乗谷朝倉氏遺跡 エリア,1
2023-06-24,福井,一乗谷朝倉氏遺跡,北陸新幹線 越前たけふ駅 エリア,1
2023-06-24,福井,一乗谷朝倉氏遺跡,越前そばの里 エリア,2
2023-06-24,福井,一乗谷朝倉氏遺跡,道の駅「三方五湖」  エリア,1
2023-06-24,福井,一乗谷朝倉氏遺跡,道の駅「越前」 エリア,1
2023-06-24,福井,一乗谷朝倉氏遺跡 エリア,北の庄城址・柴田公園,1
2023-06-24,福井,一乗谷朝倉氏遺跡 エリア,越前大野城,1
2023-06-24,福井,丸岡城,北陸新幹線 越前たけふ駅 エリア,1
2023-06-24,福井,丸岡城,道の駅「南えちぜん山海里」 エリア,1
2023-06-24,福井,九頭竜湖,大本山 永平寺 エリア,1
2023-06-24,福井,人道の港 敦賀ムゼウム,道の駅「三方五湖」  エリア,1
2023-06-24,福井,北陸新幹線 越前たけふ駅 エリア,丸岡城,1
2023-06-24,福井,北陸新幹線 越前たけふ駅 エリア,西山動物園,1
2023-06-24,福井,北陸新幹線 越前たけふ駅 エリア,越前がにミュージアム,1
2023-06-24,福井,北陸新幹線 越前たけふ駅 エリア,越前大仏,1
2023-06-24,福井,北陸新幹線 越前たけふ駅 エリア,越前水仙の里公園,1
2023-06-24,福井,大安禅寺,道の駅みくに ふれあいパーク三里浜 エリア,1
2023-06-24,福井,大本山 永平寺 エリア,丸岡城,1
2023-06-24,福井,大本山 永平寺 エリア,和倉温泉郷（石川県）,1
2023-06-24,福井,大本山 永平寺 エリア,岡太神社・大瀧神社,1
2023-06-24,福井,大本山 永平寺 エリア,越前大仏,1
2023-06-24,福井,大本山永平寺,JR美浜駅 エリア,1
2023-06-24,福井,大本山永平寺,あわら湯のまち エリア,2
2023-06-24,福井,大本山永平寺,えちぜん鉄道 永平寺口駅 エリア,1
2023-06-24,福井,大本山永平寺,大本山 永平寺 エリア,2
2023-06-24,福井,岡太神社・大瀧神社,越前そばの里 エリア,1
2023-06-24,福井,御誕生寺,越前そばの里 エリア,1
2023-06-24,福井,敦賀赤レンガ倉庫,越前そばの里 エリア,1
2023-06-24,福井,東尋坊,あわら湯のまち エリア,1
2023-06-24,福井,東尋坊,大本山 永平寺 エリア,1
2023-06-24,福井,東尋坊,越前そばの里 エリア,1
2023-06-24,福井,東尋坊,道の駅「越前」 エリア,1
2023-06-24,福井,氣比神宮,一乗谷朝倉氏遺跡 エリア,1
2023-06-24,福井,氣比神宮,福井駅前 エリア（宿泊施設）,1
2023-06-24,福井,氣比神宮,越前そばの里 エリア,1
2023-06-24,福井,紫式部公園 エリア,越前大仏,1
2023-06-24,福井,若狭フィッシャーマンズワーフ エリア,氣比神宮,1
2023-06-24,福井,若狭三方縄文博物館,道の駅「三方五湖」  エリア,1
2023-06-24,福井,荒島岳,北ノ庄 エリア,1
2023-06-24,福井,西山動物園,北陸新幹線 越前たけふ駅 エリア,2
2023-06-24,福井,越前そばの里,北陸新幹線 越前たけふ駅 エリア,1
2023-06-24,福井,越前そばの里,越前そばの里 エリア,1
2023-06-24,福井,越前そばの里 エリア,丸岡城,1
2023-06-24,福井,越前そばの里 エリア,大本山永平寺,1
2023-06-24,福井,越前そばの里 エリア,日本海さかな街,1
2023-06-24,福井,越前そばの里 エリア,越前がにミュージアム,1
2023-06-24,福井,越前そばの里 エリア,越前大仏,1
2023-06-24,福井,越前大野城,越前そばの里 エリア,1
2023-06-24,福井,越前大野城,越前大野城・城下町 エリア,1
2023-06-24,福井,越前大野城,越前松島水族館 エリア,1
2023-06-24,福井,越前大野城,道の駅「越前おおの荒島の郷」 エリア,1
2023-06-24,福井,越前大野城・城下町 エリア,東尋坊,1
2023-06-24,福井,越前松島水族館,あわら湯のまち エリア,1
2023-06-24,福井,越前松島水族館 エリア,あわら温泉街,1
2023-06-24,福井,道の駅「うみんぴあ大飯」,うみんぴあ大飯 エリア,1
2023-06-24,福井,道の駅「三方五湖」  エリア,敦賀赤レンガ倉庫,1
2023-06-24,福井,道の駅「三方五湖」  エリア,日本海さかな街,1
2023-06-24,福井,道の駅「三方五湖」  エリア,越前がにミュージアム,1
2023-06-24,福井,道の駅「九頭竜・和泉ふれあい会館」,六呂師高原 エリア,1
2023-06-24,福井,道の駅「九頭竜・和泉ふれあい会館」,道の駅「越前おおの荒島の郷」 エリア,1
2023-06-24,福井,道の駅「南えちぜん山海里」,道の駅「南えちぜん山海里」 エリア,1
2023-06-24,福井,道の駅「越前」 エリア,五湖の駅,1
2023-06-24,福井,道の駅「越前」 エリア,越前陶芸村,1
2023-06-24,福井,道の駅「越前おおの荒島の郷」 エリア,一乗谷朝倉氏遺跡,1
2023-06-25,福井,JR九頭竜湖駅 エリア,丸岡城,1
2023-06-25,福井,JR九頭竜湖駅 エリア,道の駅「九頭竜・和泉ふれあい会館」,1
2023-06-25,福井,JR美浜駅 エリア,気比の松原,1
2023-06-25,福井,JR美浜駅 エリア,熊川宿,1
2023-06-25,福井,JR美浜駅 エリア,若狭フィッシャーマンズワーフ,1
2023-06-25,福井,JR美浜駅 エリア,若狭海遊バザール千鳥苑 若狭美浜 海の駅,1
2023-06-25,福井,JR美浜駅 エリア,道の駅「若狭熊川宿」,1
2023-06-25,福井,あわら温泉街,道の駅みくに ふれあいパーク三里浜 エリア,1
2023-06-25,福井,あわら湯のまち エリア,一乗谷朝倉氏遺跡,1
2023-06-25,福井,あわら湯のまち エリア,大本山永平寺,1
2023-06-25,福井,あわら湯のまち エリア,酒蔵,1
2023-06-25,福井,ふれあいパーク三里浜(道の駅「みくに」),越前海岸 北部 エリア,1
2023-06-25,福井,ゆりの里公園ユリーム春江,フルーツライン エリア,1
2023-06-25,福井,サンドーム福井,大本山 永平寺 エリア,1
2023-06-25,福井,フルーツライン エリア,ファーマーズマーケットきららの丘,1
2023-06-25,福井,レインボーライン,JR美浜駅 エリア,2
2023-06-25,福井,レインボーライン,東尋坊 エリア,1
2023-06-25,福井,レインボーライン,湖上館パムコ（水月湖）エリア,1
2023-06-25,福井,レインボーライン,道の駅「シーサイド高浜」 エリア,1
2023-06-25,福井,レインボーライン,道の駅「南えちぜん山海里」 エリア,1
2023-06-25,福井,レインボーライン エリア,日本海さかな街,1
2023-06-25,福井,一乗谷朝倉氏遺跡,レインボーライン エリア,2
2023-06-25,福井,一乗谷朝倉氏遺跡,北潟湖 エリア,1
2023-06-25,福井,一乗谷朝倉氏遺跡,北陸新幹線 越前たけふ駅 エリア,1
2023-06-25,福井,一乗谷朝倉氏遺跡,小浜 エリア（宿泊施設）,1
2023-06-25,福井,一乗谷朝倉氏遺跡,福井駅前 エリア,1
2023-06-25,福井,一乗谷朝倉氏遺跡,越前大野城・城下町 エリア,2
2023-06-25,福井,一乗谷朝倉氏遺跡,道の駅「パークイン丹生ヶ丘」 エリア,1
2023-06-25,福井,一乗谷朝倉氏遺跡 エリア,三方五湖,2
2023-06-25,福井,三国湊 エリア,丸岡城,1
2023-06-25,福井,三国湊 エリア,大本山永平寺,1
2023-06-25,福井,三国湊 エリア,瀧谷寺,1
2023-06-25,福井,三方五湖,大本山 永平寺 エリア,1
2023-06-25,福井,丸岡城,JR九頭竜湖駅 エリア,1
2023-06-25,福井,丸岡城,三国湊 エリア,1
2023-06-25,福井,丸岡城,道の駅「恐竜渓谷かつやま」 エリア,1
2023-06-25,福井,丸岡城,道の駅「越前おおの荒島の郷」 エリア,1
2023-06-25,福井,今庄宿,福井駅前 エリア,1
2023-06-25,福井,吉崎御坊跡,北潟湖 エリア,1
2023-06-25,福井,吉崎御坊跡,越前そばの里 エリア,1
2023-06-25,福井,大本山 永平寺 エリア,一乗谷朝倉氏遺跡,1
2023-06-25,福井,大本山 永平寺 エリア,丸岡城,2
2023-06-25,福井,大本山 永平寺 エリア,若狭フィッシャーマンズワーフ,1
2023-06-25,福井,大本山 永平寺 エリア,越前和紙の里,1
2023-06-25,福井,大本山 永平寺 エリア,越前大野城,1
2023-06-25,福井,大本山永平寺,一乗谷朝倉氏遺跡 エリア,1
2023-06-25,福井,大本山永平寺,福井駅前 エリア,1
2023-06-25,福井,大本山永平寺,道の駅「恐竜渓谷かつやま」 エリア,1
2023-06-25,福井,大本山永平寺,道の駅「越前」 エリア,1
2023-06-25,福井,岡太神社・大瀧神社,三国湊 エリア,1
2023-06-25,福井,岡太神社・大瀧神社,越前そばの里 エリア,1
2023-06-25,福井,平泉寺白山神社 エリア,丸岡城,1
2023-06-25,福井,平泉寺白山神社 エリア,勝山城博物館,1
2023-06-25,福井,敦賀赤レンガ倉庫,うみんぴあ大飯 エリア,1
2023-06-25,福井,敦賀赤レンガ倉庫,金ヶ崎 エリア,2
2023-06-25,福井,日本海さかな街,東尋坊 エリア,1
2023-06-25,福井,明通寺,明通寺 エリア,1
2023-06-25,福井,明通寺 エリア,レインボーライン,1
2023-06-25,福井,東尋坊,あわら湯のまち エリア,1
2023-06-25,福井,東尋坊,大本山 永平寺 エリア,5
2023-06-25,福井,東尋坊,越前そばの里 エリア,1
2023-06-25,福井,東尋坊 エリア,大本山永平寺,2
2023-06-25,福井,氣比神宮,あわら湯のまち エリア,1
2023-06-25,福井,氣比神宮,劔神社 エリア,1
2023-06-25,福井,氣比神宮,明通寺 エリア,1
2023-06-25,福井,氣比神宮,東尋坊 エリア,1
2023-06-25,福井,氣比神宮,神楽通り エリア,1
2023-06-25,福井,湖上館パムコ（水月湖）エリア,日本海さかな街,1
2023-06-25,福井,熊川宿,JR美浜駅 エリア,1
2023-06-25,福井,福井駅,福井駅前 エリア,1
2023-06-25,福井,若狭瓜割名水公園 瓜割の滝,レインボーライン エリア,1
2023-06-25,福井,越前そばの里 エリア,一乗谷朝倉氏遺跡,1
2023-06-25,福井,越前そばの里 エリア,北の庄城址・柴田公園,1
2023-06-25,福井,越前そばの里 エリア,日本海さかな街,1
2023-06-25,福井,越前そばの里 エリア,越前和紙の里,2
2023-06-25,福井,越前そばの里 エリア,越前海岸,1
2023-06-25,福井,越前和紙の里,越前そばの里 エリア,2
2023-06-25,福井,越前大仏,JR九頭竜湖駅 エリア,1
2023-06-25,福井,越前大仏,えちぜん鉄道 永平寺口駅 エリア,1
2023-06-25,福井,越前大仏,越前大仏 エリア,1
2023-06-25,福井,越前大仏,道の駅「三方五湖」  エリア,1
2023-06-25,福井,越前大仏,道の駅「越前おおの荒島の郷」 エリア,1
2023-06-25,福井,越前大野城,丸岡城 エリア,1
2023-06-25,福井,越前大野城,平泉寺白山神社 エリア,1
2023-06-25,福井,越前大野城,越前大野城・城下町 エリア,2
2023-06-25,福井,越前大野城,道の駅「三方五湖」  エリア,2
2023-06-25,福井,越前大野城,道の駅「越前おおの荒島の郷」 エリア,1
2023-06-25,福井,越前大野城・城下町 エリア,一乗谷朝倉氏遺跡,1
2023-06-25,福井,越前大野城・城下町 エリア,丸岡城,1
2023-06-25,福井,越前松島水族館,日本海さかな街 エリア,1
2023-06-25,福井,越前海岸 北部 エリア,ふれあいパーク三里浜(道の駅「みくに」),1
2023-06-25,福井,道の駅「さかい」（坂井地域交流センター「いねす」）,三国湊 エリア,1
2023-06-25,福井,道の駅「三方五湖」,JR敦賀駅前 エリア,1
2023-06-25,福井,道の駅「三方五湖」,JR美浜駅 エリア,1
2023-06-25,福井,道の駅「三方五湖」,あわら湯のまち エリア,1
2023-06-25,福井,道の駅「三方五湖」,レインボーライン エリア,1
2023-06-25,福井,道の駅「三方五湖」,大本山 永平寺 エリア,1
2023-06-25,福井,道の駅「三方五湖」  エリア,一乗谷朝倉氏遺跡,1
2023-06-25,福井,道の駅「三方五湖」  エリア,道の駅「若狭おばま」,1
2023-06-25,福井,道の駅「三方五湖」  エリア,道の駅「若狭熊川宿」,1
2023-06-25,福井,道の駅「九頭竜・和泉ふれあい会館」,道の駅「越前おおの荒島の郷」 エリア,1
2023-06-25,福井,道の駅「南えちぜん山海里」 エリア,敦賀赤レンガ倉庫,1
2023-06-25,福井,道の駅「南えちぜん山海里」 エリア,道の駅「河野」,1
2023-06-25,福井,道の駅「恐竜渓谷かつやま」,道の駅「南えちぜん山海里」 エリア,1
2023-06-25,福井,道の駅「恐竜渓谷かつやま」 エリア,東尋坊,1
2023-06-25,福井,道の駅「越前」,福井駅前 エリア（宿泊施設）,1
2023-06-25,福井,道の駅「越前」,道の駅「南えちぜん山海里」 エリア,1
2023-06-25,福井,道の駅「越前」 エリア,氣比神宮,1
2023-06-25,福井,青葉山ハーバルビレッジ,若狭高浜 エリア,1
2023-06-25,福井,龍双ヶ滝,越前大野城・城下町 エリア,1
2023-06-26,福井,あわら湯のまち エリア,一乗谷朝倉氏遺跡,1
2023-06-26,福井,サンドーム福井,越前そばの里 エリア,1
2023-06-26,福井,スキージャム勝山 エリア,福井県立恐竜博物館,1
2023-06-26,福井,レインボーライン エリア,熊川宿,1
2023-06-26,福井,一乗谷朝倉氏遺跡,レインボーライン エリア,2
2023-06-26,福井,一乗谷朝倉氏遺跡,北陸新幹線 越前たけふ駅 エリア,1
2023-06-26,福井,一乗谷朝倉氏遺跡,道の駅「三方五湖」  エリア,1
2023-06-26,福井,一乗谷朝倉氏遺跡 エリア,あわら温泉街,1
2023-06-26,福井,三方五湖,一乗谷朝倉氏遺跡 エリア,1
2023-06-26,福井,三方五湖,熊川宿 エリア,1
2023-06-26,福井,丸岡城,道の駅みくに ふれあいパーク三里浜 エリア,1
2023-06-26,福井,九頭竜湖,越前そばの里 エリア,1
2023-06-26,福井,名田庄 エリア,道の駅「若狭熊川宿」,1
2023-06-26,福井,呼鳥門,東尋坊 エリア,1
2023-06-26,福井,大本山 永平寺 エリア,レインボーライン,1
2023-06-26,福井,大本山 永平寺 エリア,三國湊レトロ,1
2023-06-26,福井,大本山 永平寺 エリア,東尋坊,1
2023-06-26,福井,大本山永平寺,あわら湯のまち エリア,1
2023-06-26,福井,大本山永平寺,スキージャム勝山 エリア,1
2023-06-26,福井,平泉寺白山神社,道の駅「恐竜渓谷かつやま」 エリア,1
2023-06-26,福井,敦賀赤レンガ倉庫,レインボーライン エリア,1
2023-06-26,福井,敦賀赤レンガ倉庫,若狭海遊バザール 千鳥苑 エリア,1
2023-06-26,福井,日本海さかな街 エリア,レインボーライン,1
2023-06-26,福井,東尋坊,大本山 永平寺 エリア,1
2023-06-26,福井,東尋坊,道の駅「南えちぜん山海里」 エリア,1
2023-06-26,福井,東尋坊 エリア,大本山永平寺,1
2023-06-26,福井,若狭海遊バザール 千鳥苑 エリア,三方五湖,1
2023-06-26,福井,若狭海遊バザール千鳥苑 若狭美浜 海の駅,道の駅「三方五湖」  エリア,1
2023-06-26,福井,越前がにミュージアム,道の駅「越前」 エリア,1
2023-06-26,福井,越前そばの里 エリア,九頭竜湖,1
2023-06-26,福井,越前大野城,越前大野城・城下町 エリア,1
2023-06-26,福井,越前大野城,道の駅「禅の里」 エリア,1
2023-06-26,福井,越前大野城・城下町 エリア,勝山城博物館,1
2023-06-26,福井,越前海岸,越前そばの里 エリア,1
2023-06-26,福井,道の駅「三方五湖」  エリア,熊川宿,1
2023-06-26,福井,道の駅「三方五湖」  エリア,福井駅,1
2023-06-26,福井,道の駅「九頭竜・和泉ふれあい会館」,道の駅「恐竜渓谷かつやま」 エリア,1
2023-06-26,福井,道の駅「南えちぜん山海里」 エリア,今庄宿,1
2023-06-26,福井,道の駅「恐竜渓谷かつやま」 エリア,かつやまディノパーク,1
2023-06-26,福井,道の駅「禅の里」 エリア,越前大野城,1
2023-06-26,福井,道の駅「若狭熊川宿」,JR美浜駅 エリア,1
2023-06-27,福井,JR敦賀駅前 エリア,氣比神宮,1
2023-06-27,福井,JR敦賀駅前 エリア,福井県立恐竜博物館,1
2023-06-27,福井,あわら温泉街,丸岡城 エリア,1
2023-06-27,福井,あわら湯のまち エリア,丸岡城,1
2023-06-27,福井,あわら湯のまち エリア,東尋坊,1
2023-06-27,福井,あわら湯のまち エリア,金津創作の森,2
2023-06-27,福井,うみんぴあ大飯 エリア,越前大仏,1
2023-06-27,福井,三方五湖,JR敦賀駅前 エリア,1
2023-06-27,福井,丸岡城,JR敦賀駅前 エリア,1
2023-06-27,福井,丸岡城,福井駅前 エリア,2
2023-06-27,福井,丸岡城 エリア,福井駅,2
2023-06-27,福井,大本山永平寺,あわら湯のまち エリア,2
2023-06-27,福井,日本海さかな街,道の駅「南えちぜん山海里」 エリア,1
2023-06-27,福井,東尋坊,あわら湯のまち エリア,1
2023-06-27,福井,東尋坊,大本山 永平寺 エリア,1
2023-06-27,福井,氣比神宮,JR美浜駅 エリア,1
2023-06-27,福井,水晶浜海水浴場,あわら湯のまち エリア,1
2023-06-27,福井,熊川宿,道の駅「三方五湖」  エリア,1
2023-06-27,福井,福井県立恐竜博物館,福井駅前 エリア,1
2023-06-27,福井,福井駅前 エリア,丸岡城,2
2023-06-27,福井,越前そばの里 エリア,越前打刃物会館,1
2023-06-27,福井,越前和紙の里,越前そばの里 エリア,1
2023-06-27,福井,越前松島水族館,あわら湯のまち エリア,1
2023-06-27,福井,越前松島水族館 エリア,あわら温泉街,1
2023-06-27,福井,道の駅「パークイン丹生ヶ丘」,越前陶芸村 エリア,1
2023-06-27,福井,道の駅「若狭おばま」,あわら湯のまち エリア,1
2023-06-28,福井,JR美浜駅 エリア,道の駅「パークイン丹生ヶ丘」,1
2023-06-28,福井,あわら温泉「芦湯」,福井駅前 エリア,1
2023-06-28,福井,あわら温泉街,北陸新幹線 越前たけふ駅 エリア,1
2023-06-28,福井,あわら湯のまち エリア,一乗谷朝倉氏遺跡,1
2023-06-28,福井,かずら橋,越前そばの里 エリア,1
2023-06-28,福井,フルーツライン エリア,三國湊レトロ,1
2023-06-28,福井,レインボーライン エリア,越前がにミュージアム,1
2023-06-28,福井,一乗谷朝倉氏遺跡,大本山 永平寺 エリア,1
2023-06-28,福井,一乗谷朝倉氏遺跡,日本海さかな街 エリア,1
2023-06-28,福井,北の庄城址・柴田公園,道の駅「南えちぜん山海里」 エリア,1
2023-06-28,福井,北潟湖 エリア,一乗谷朝倉氏遺跡,1
2023-06-28,福井,北潟湖 エリア,山中温泉（石川県）,1
2023-06-28,福井,北陸新幹線 越前たけふ駅 エリア,氣比神宮,1
2023-06-28,福井,名勝 養浩館庭園 エリア,一乗谷朝倉氏遺跡,1
2023-06-28,福井,大本山 永平寺 エリア,東尋坊,1
2023-06-28,福井,大本山永平寺,名勝 養浩館庭園 エリア,1
2023-06-28,福井,岡太神社・大瀧神社,北陸新幹線 越前たけふ駅 エリア,1
2023-06-28,福井,日本海さかな街 エリア,大本山永平寺,1
2023-06-28,福井,東尋坊,あわら湯のまち エリア,1
2023-06-28,福井,東尋坊,フルーツライン エリア,1
2023-06-28,福井,東尋坊,大本山 永平寺 エリア,1
2023-06-28,福井,福井城,一乗谷朝倉氏遺跡 エリア,1
2023-06-28,福井,福井県年縞博物館,湖上館パムコ（水月湖）エリア,1
2023-06-28,福井,福井県立恐竜博物館,レインボーライン エリア,1
2023-06-28,福井,福井駅前 エリア,養浩館庭園,1
2023-06-28,福井,若狭フィッシャーマンズワーフ,明通寺 エリア,1
2023-06-28,福井,越前そばの里 エリア,東尋坊,1
2023-06-28,福井,道の駅「三方五湖」  エリア,若狭海遊バザール千鳥苑 若狭美浜 海の駅,1
2023-06-28,福井,道の駅「若狭熊川宿」,道の駅「三方五湖」  エリア,1
2023-06-28,福井,養浩館庭園,一乗谷朝倉氏遺跡 エリア,1
2023-06-29,福井,JR敦賀駅前 エリア,氣比神宮,1
2023-06-29,福井,JR芦原温泉駅 エリア,吉崎御坊跡,1
2023-06-29,福井,あわら湯のまち エリア,一乗谷朝倉氏遺跡,1
2023-06-29,福井,あわら湯のまち エリア,道の駅「恐竜渓谷かつやま」,1
2023-06-29,福井,あわら湯のまち エリア,酒蔵,1
2023-06-29,福井,ふれあいパーク三里浜(道の駅「みくに」),北陸新幹線 越前たけふ駅 エリア,1
2023-06-29,福井,ヨーロッパ軒,大本山 永平寺 エリア,1
2023-06-29,福井,レインボーライン エリア,大本山永平寺,1
2023-06-29,福井,一乗谷朝倉氏遺跡,越前海岸 越前岬 エリア,1
2023-06-29,福井,一乗谷朝倉氏遺跡,道の駅「南えちぜん山海里」 エリア,1
2023-06-29,福井,一乗谷朝倉氏遺跡 エリア,越前大野城,1
2023-06-29,福井,三方五湖,湖上館パムコ（水月湖）エリア,1
2023-06-29,福井,丸岡城,JR芦原温泉駅 エリア,1
2023-06-29,福井,丸岡城,一乗谷朝倉氏遺跡 エリア,1
2023-06-29,福井,北潟湖 エリア,ゆりの里公園ユリーム春江,1
2023-06-29,福井,北潟湖畔公園・サイクリングパーク,北潟湖 エリア,1
2023-06-29,福井,大本山 永平寺 エリア,東尋坊,1
2023-06-29,福井,大本山永平寺,あわら湯のまち エリア,1
2023-06-29,福井,大本山永平寺,レインボーライン エリア,1
2023-06-29,福井,大本山永平寺,大本山 永平寺 エリア,1
2023-06-29,福井,平泉寺白山神社 エリア,一乗谷朝倉氏遺跡,1
2023-06-29,福井,東尋坊,一乗谷朝倉氏遺跡 エリア,1
2023-06-29,福井,氣比神宮,道の駅「越前」 エリア,1
2023-06-29,福井,福井駅前 エリア,越前松島水族館,1
2023-06-29,福井,若狭フィッシャーマンズワーフ,道の駅「若狭おばま」 エリア,1
2023-06-29,福井,越前大野城,道の駅「越前」 エリア,1
2023-06-29,福井,越前大野城,道の駅「越前おおの荒島の郷」 エリア,1
2023-06-29,福井,越前海岸,JR敦賀駅前 エリア,1
2023-06-29,福井,越前海岸 越前岬 エリア,東尋坊,1
2023-06-29,福井,道の駅「うみんぴあ大飯」,道の駅「シーサイド高浜」 エリア,1
2023-06-29,福井,道の駅「南えちぜん山海里」 エリア,一乗谷朝倉氏遺跡,1
2023-06-29,福井,道の駅「若狭おばま」 エリア,道の駅「若狭おばま」,1
2023-06-29,福井,道の駅「越前」 エリア,劔神社,1
2023-06-30,福井,JR敦賀駅前 エリア,人道の港 敦賀ムゼウム,1
2023-06-30,福井,JR敦賀駅前 エリア,東尋坊,1
2023-06-30,福井,JR美浜駅 エリア,大本山永平寺,1
2023-06-30,福井,JR美浜駅 エリア,道の駅「若狭熊川宿」,1
2023-06-30,福井,うみんぴあ大飯 エリア,福井県立恐竜博物館,1
2023-06-30,福井,エルガイアおおい,うみんぴあ大飯 エリア,1
2023-06-30,福井,レインボーライン,道の駅「三方五湖」  エリア,1
2023-06-30,福井,一乗谷朝倉氏遺跡,一乗谷朝倉氏遺跡 エリア,2
2023-06-30,福井,一乗谷朝倉氏遺跡,丸岡城 エリア,1
2023-06-30,福井,三方五湖,あわら湯のまち エリア,1
2023-06-30,福井,三方五湖,小浜 エリア（宿泊施設）,1
2023-06-30,福井,人道の港 敦賀ムゼウム,JR敦賀駅前 エリア,1
2023-06-30,福井,今庄宿,大本山 永平寺 エリア,1
2023-06-30,福井,北陸新幹線 越前たけふ駅 エリア,敦賀赤レンガ倉庫,1
2023-06-30,福井,大本山 永平寺 エリア,一乗谷朝倉氏遺跡,1
2023-06-30,福井,大本山 永平寺 エリア,丸岡城,1
2023-06-30,福井,大本山 永平寺 エリア,平泉寺白山神社,1
2023-06-30,福井,大本山 永平寺 エリア,越前大仏,1
2023-06-30,福井,大本山永平寺,一乗谷朝倉氏遺跡 エリア,1
2023-06-30,福井,大本山永平寺,大本山 永平寺 エリア,2
2023-06-30,福井,敦賀赤レンガ倉庫,明通寺 エリア,1
2023-06-30,福井,明通寺 エリア,若狭瓜割名水公園 瓜割の滝,1
2023-06-30,福井,東尋坊 エリア,一乗谷朝倉氏遺跡,1
2023-06-30,福井,東尋坊 エリア,敦賀赤レンガ倉庫,1
2023-06-30,福井,氣比神宮,JR敦賀駅前 エリア,1
2023-06-30,福井,氣比神宮,劔神社 エリア,1
2023-06-30,福井,氣比神宮,敦賀市立博物館 エリア,1
2023-06-30,福井,氣比神宮,東尋坊 エリア,1
2023-06-30,福井,熊川宿,JR美浜駅 エリア,1
2023-06-30,福井,越前がにミュージアム,越前松島水族館 エリア,1
2023-06-30,福井,越前松島水族館 エリア,ふれあいパーク三里浜(道の駅「みくに」),1
2023-06-30,福井,道の駅「うみんぴあ大飯」,JR美浜駅 エリア,1
2023-06-30,福井,道の駅「越前」,北陸新幹線 越前たけふ駅 エリア,1
2023-06-30,福井,金沢駅周辺（石川県）,大本山 永平寺 エリア,1
2023-06-30,福井,金沢駅周辺（石川県）,東尋坊 エリア,1
2023-07-01,福井,JR九頭竜湖駅 エリア,九頭竜湖,1
2023-07-01,福井,JR敦賀駅前 エリア,敦賀赤レンガ倉庫,1
2023-07-01,福井,あわら湯のまち エリア,丸岡城,1
2023-07-01,福井,あわら湯のまち エリア,東尋坊,1
2023-07-01,福井,あわら湯のまち エリア,越前そばの里,1
2023-07-01,福井,うみんぴあ大飯 エリア,道の駅「若狭熊川宿」,1
2023-07-01,福井,かずら橋,タケフナイフビレッジ エリア,1
2023-07-01,福井,めがねミュージアム,北陸新幹線 越前たけふ駅 エリア,1
2023-07-01,福井,タケフナイフビレッジ,メガネストリート エリア,1
2023-07-01,福井,メガネストリート エリア,道の駅「越前」,1
2023-07-01,福井,一乗谷朝倉氏遺跡,あわら湯のまち エリア,1
2023-07-01,福井,一乗谷朝倉氏遺跡,スキージャム勝山 エリア,1
2023-07-01,福井,一乗谷朝倉氏遺跡,日本海さかな街 エリア,1
2023-07-01,福井,一乗谷朝倉氏遺跡 エリア,一乗谷朝倉氏遺跡,1
2023-07-01,福井,一乗谷朝倉氏遺跡 エリア,大本山永平寺,2
2023-07-01,福井,丸岡城,えちぜん鉄道 松岡駅 エリア,1
2023-07-01,福井,丸岡城,一乗谷朝倉氏遺跡 エリア,2
2023-07-01,福井,丸岡城 エリア,大本山永平寺,1
2023-07-01,福井,北の庄城址・柴田公園,大本山 永平寺 エリア,1
2023-07-01,福井,大本山 永平寺 エリア,一乗谷朝倉氏遺跡,1
2023-07-01,福井,大本山 永平寺 エリア,丸岡城,1
2023-07-01,福井,大本山永平寺,あわら湯のまち エリア,1
2023-07-01,福井,大本山永平寺,道の駅「禅の里」 エリア,2
2023-07-01,福井,岡太神社・大瀧神社,一乗谷朝倉氏遺跡 エリア,1
2023-07-01,福井,敦賀市立博物館,金ヶ崎 エリア,1
2023-07-01,福井,敦賀市立博物館 エリア,敦賀駅,1
2023-07-01,福井,敦賀鉄道資料館（旧敦賀港駅舎 ）,JR敦賀駅前 エリア,1
2023-07-01,福井,日本海さかな街,道の駅「三方五湖」  エリア,1
2023-07-01,福井,日本海さかな街 エリア,東尋坊,1
2023-07-01,福井,東尋坊,あわら湯のまち エリア,1
2023-07-01,福井,東尋坊,三国湊 エリア,1
2023-07-01,福井,東尋坊,大本山 永平寺 エリア,1
2023-07-01,福井,氣比神宮,JR敦賀駅前 エリア,2
2023-07-01,福井,氣比神宮,レインボーライン エリア,1
2023-07-01,福井,氣比神宮,日本海さかな街 エリア,2
2023-07-01,福井,氣比神宮,金ヶ崎 エリア,1
2023-07-01,福井,永平寺,一乗谷朝倉氏遺跡 エリア,1
2023-07-01,福井,熊川宿,うみんぴあ大飯 エリア,1
2023-07-01,福井,福井駅,福井駅前 エリア,1
2023-07-01,福井,福井駅,道の駅「南えちぜん山海里」 エリア,1
2023-07-01,福井,紫式部公園 エリア,めがねミュージアム,2
2023-07-01,福井,若狭海遊バザール 千鳥苑 エリア,レインボーライン,1
2023-07-01,福井,若狭瓜割名水公園 瓜割の滝,明通寺 エリア,1
2023-07-01,福井,越前がにミュージアム,あわら湯のまち エリア,1
2023-07-01,福井,越前そばの里,メガネストリート エリア,1
2023-07-01,福井,越前そばの里,北陸新幹線 越前たけふ駅 エリア,1
2023-07-01,福井,越前そばの里,紫式部公園 エリア,2
2023-07-01,福井,越前和紙の里,紫式部公園 エリア,1
2023-07-01,福井,道の駅「うみんぴあ大飯」,道の駅「シーサイド高浜」 エリア,1
2023-07-01,福井,道の駅「パークイン丹生ヶ丘」 エリア,道の駅「パークイン丹生ヶ丘」,1
2023-07-01,福井,道の駅「一乗谷あさくら水の駅」,一乗谷朝倉氏遺跡 エリア,2
2023-07-01,福井,道の駅「三方五湖」,JR敦賀駅前 エリア,1
2023-07-01,福井,道の駅「三方五湖」,道の駅「三方五湖」  エリア,1
2023-07-01,福井,道の駅「三方五湖」,金ヶ崎 エリア,1
2023-07-01,福井,道の駅「三方五湖」  エリア,金ヶ崎,1
2023-07-01,福井,道の駅「南えちぜん山海里」,JR美浜駅 エリア,1
2023-07-01,福井,道の駅「禅の里」,JR九頭竜湖駅 エリア,1
2023-07-01,福井,道の駅「禅の里」 エリア,九頭竜湖,1
2023-07-01,福井,金ヶ崎 エリア,大本山永平寺,1
2023-07-01,福井,金ヶ崎 エリア,敦賀駅,1
2023-07-02,福井,JR敦賀駅前 エリア,大本山永平寺,1
2023-07-02,福井,JR美浜駅 エリア,三方五湖,1
2023-07-02,福井,JR美浜駅 エリア,道の駅「三方五湖」,1
2023-07-02,福井,あわら温泉「芦湯」,東尋坊 エリア,1
2023-07-02,福井,あわら温泉街,大本山 永平寺 エリア,1
2023-07-02,福井,あわら湯のまち エリア,東尋坊,1
2023-07-02,福井,あわら湯のまち エリア,越前松島水族館,1
2023-07-02,福井,ふれあいパーク三里浜(道の駅「みくに」),レインボーライン エリア,1
2023-07-02,福井,エンゼルライン,レインボーライン エリア,1
2023-07-02,福井,レインボーライン,日本海さかな街 エリア,1
2023-07-02,福井,レインボーライン,道の駅「三方五湖」  エリア,1
2023-07-02,福井,レインボーライン エリア,敦賀赤レンガ倉庫,3
2023-07-02,福井,レインボーライン エリア,氣比神宮,1
2023-07-02,福井,一乗谷朝倉氏遺跡,一乗谷朝倉氏遺跡 エリア,1
2023-07-02,福井,一乗谷朝倉氏遺跡,九頭竜川 エリア（鮎・釣り）,1
2023-07-02,福井,一乗谷朝倉氏遺跡,大本山 永平寺 エリア,1
2023-07-02,福井,一乗谷朝倉氏遺跡,東尋坊 エリア,1
2023-07-02,福井,一乗谷朝倉氏遺跡,越前そばの里 エリア,1
2023-07-02,福井,三国サンセットビーチ,三国湊 エリア,1
2023-07-02,福井,三國湊レトロ,あわら湯のまち エリア,1
2023-07-02,福井,丸岡城,丸岡城 エリア,1
2023-07-02,福井,丸岡城,大本山 永平寺 エリア,2
2023-07-02,福井,丸岡城,越前そばの里 エリア,2
2023-07-02,福井,丸岡城 エリア,大本山永平寺,1
2023-07-02,福井,北の庄城址・柴田公園,福井駅前 エリア,1
2023-07-02,福井,北潟湖 エリア,あわら温泉「芦湯」,1
2023-07-02,福井,北潟湖 エリア,山代温泉（石川県）,1
2023-07-02,福井,名田庄 エリア,大本山永平寺,1
2023-07-02,福井,大本山 永平寺 エリア,一乗谷朝倉氏遺跡,1
2023-07-02,福井,大本山 永平寺 エリア,平泉寺白山神社,1
2023-07-02,福井,大本山 永平寺 エリア,福井県立恐竜博物館,1
2023-07-02,福井,大本山 永平寺 エリア,越前大仏,1
2023-07-02,福井,大本山 永平寺 エリア,道の駅「禅の里」,1
2023-07-02,福井,大本山 永平寺 エリア,野外恐竜博物館,1
2023-07-02,福井,大本山 永平寺 エリア,養浩館庭園,1
2023-07-02,福井,大本山永平寺,丸岡城 エリア,1
2023-07-02,福井,大本山永平寺,大本山 永平寺 エリア,1
2023-07-02,福井,大本山永平寺,平泉寺白山神社 エリア,2
2023-07-02,福井,大本山永平寺,越前そばの里 エリア,1
2023-07-02,福井,平泉寺白山神社,大本山 永平寺 エリア,1
2023-07-02,福井,平泉寺白山神社,福井駅前 エリア,1
2023-07-02,福井,御食国若狭おばま食文化館,名田庄 エリア,1
2023-07-02,福井,敦賀駅,明通寺 エリア,1
2023-07-02,福井,日本海さかな街,あわら湯のまち エリア,1
2023-07-02,福井,日本海さかな街,レインボーライン エリア,1
2023-07-02,福井,日本海さかな街 エリア,一乗谷朝倉氏遺跡,1
2023-07-02,福井,明通寺 エリア,若狭歴史博物館,1
2023-07-02,福井,東尋坊,大本山 永平寺 エリア,2
2023-07-02,福井,東尋坊,福井駅前 エリア,1
2023-07-02,福井,東尋坊 エリア,福井県立恐竜博物館,1
2023-07-02,福井,気比の松原,レインボーライン エリア,1
2023-07-02,福井,氣比神宮,レインボーライン エリア,1
2023-07-02,福井,氣比神宮,大本山 永平寺 エリア,1
2023-07-02,福井,氣比神宮,福井駅前 エリア,1
2023-07-02,福井,水島,JR美浜駅 エリア,1
2023-07-02,福井,熊川宿 エリア,明通寺,1
2023-07-02,福井,福井駅,福井駅前 エリア（宿泊施設）,1
2023-07-02,福井,福井駅,道の駅「越前」 エリア,1
2023-07-02,福井,福井駅前 エリア,タケフナイフビレッジ,1
2023-07-02,福井,福井駅前 エリア,大本山永平寺,1
2023-07-02,福井,福井駅前 エリア,越前がにミュージアム,1
2023-07-02,福井,福井駅前 エリア,越前大仏,1
2023-07-02,福井,紫式部公園 エリア,大本山永平寺,1
2023-07-02,福井,美山かやぶきの里,名田庄 エリア,1
2023-07-02,福井,若狭フィッシャーマンズワーフ,御食国若狭おばま食文化館 エリア,1
2023-07-02,福井,西山動物園,メガネストリート エリア,1
2023-07-02,福井,越前そばの里 エリア,丸岡城,1
2023-07-02,福井,越前そばの里 エリア,劔神社,1
2023-07-02,福井,越前そばの里 エリア,東尋坊,1
2023-07-02,福井,越前和紙の里,北陸新幹線 越前たけふ駅 エリア,1
2023-07-02,福井,越前和紙の里,越前陶芸村 エリア,1
2023-07-02,福井,越前和紙の里 エリア,越前陶芸村,1
2023-07-02,福井,越前大仏,JR敦賀駅前 エリア,1
2023-07-02,福井,越前大仏,大本山 永平寺 エリア,1
2023-07-02,福井,越前大仏,越前そばの里 エリア,1
2023-07-02,福井,越前大仏,越前大仏 エリア,1
2023-07-02,福井,越前打刃物会館,越前そばの里 エリア,1
2023-07-02,福井,越前松島水族館,三国湊 エリア,1
2023-07-02,福井,道の駅,越前そばの里 エリア,1
2023-07-02,福井,道の駅「三方五湖」,熊川宿 エリア,1
2023-07-02,福井,道の駅「三方五湖」  エリア,道の駅「三方五湖」,1
2023-07-02,福井,道の駅「九頭竜・和泉ふれあい会館」,越前そばの里 エリア,1
2023-07-02,福井,道の駅「南えちぜん山海里」 エリア,道の駅「三方五湖」,1
2023-07-02,福井,道の駅「恐竜渓谷かつやま」 エリア,はたや記念館 ゆめおーれ勝山,1
2023-07-02,福井,道の駅「河野」,越前そばの里 エリア,1
2023-07-02,福井,道の駅「若狭熊川宿」,明通寺 エリア,1
2023-07-02,福井,道の駅「若狭熊川宿」,若狭フィッシャーマンズワーフ エリア,1
2023-07-02,福井,道の駅「越前」,越前そばの里 エリア,1
2023-07-02,福井,道の駅「越前」,越前陶芸村 エリア,1
2023-07-02,福井,道の駅「越前」 エリア,敦賀駅,1
2023-07-02,福井,金沢駅周辺（石川県）,道の駅「南えちぜん山海里」 エリア,1
2023-07-02,福井,飛騨高山（岐阜県）,道の駅「越前おおの荒島の郷」 エリア,1
2023-07-02,福井,養浩館庭園,福井駅前 エリア,1
2023-07-03,福井,JR美浜駅 エリア,道の駅「三方五湖」,1
2023-07-03,福井,JR芦原温泉駅 エリア,一乗谷朝倉氏遺跡,1
2023-07-03,福井,あわら温泉「芦湯」,北潟湖 エリア,1
2023-07-03,福井,あわら温泉街,JR芦原温泉駅 エリア,1
2023-07-03,福井,ふれあいパーク三里浜(道の駅「みくに」),福井駅前 エリア,1
2023-07-03,福井,スキージャム勝山 エリア,越前大仏,1
2023-07-03,福井,レインボーライン,道の駅「三方五湖」  エリア,2
2023-07-03,福井,レインボーライン エリア,若狭三方縄文博物館,1
2023-07-03,福井,北前船主の館 右近家 エリア,日本海さかな街,1
2023-07-03,福井,北潟湖 エリア,吉崎御坊跡,1
2023-07-03,福井,北潟湖畔公園・サイクリングパーク,あわら湯のまち エリア,1
2023-07-03,福井,北潟湖畔公園・サイクリングパーク,北潟湖 エリア,1
2023-07-03,福井,北陸新幹線 越前たけふ駅 エリア,日本海さかな街,1
2023-07-03,福井,大本山永平寺,丸岡城 エリア,1
2023-07-03,福井,帰宅,日本海さかな街 エリア,1
2023-07-03,福井,敦賀市立博物館 エリア,敦賀駅,1
2023-07-03,福井,日本海さかな街 エリア,大本山永平寺,1
2023-07-03,福井,日本海さかな街 エリア,敦賀赤レンガ倉庫,1
2023-07-03,福井,明通寺 エリア,三方五湖,1
2023-07-03,福井,気比の松原,JR敦賀駅前 エリア,1
2023-07-03,福井,気比の松原,JR美浜駅 エリア,1
2023-07-03,福井,氣比神宮,JR敦賀駅前 エリア,1
2023-07-03,福井,氣比神宮,道の駅「三方五湖」  エリア,1
2023-07-03,福井,福井駅,道の駅みくに ふれあいパーク三里浜 エリア,1
2023-07-03,福井,若狭フィッシャーマンズワーフ エリア,道の駅「若狭おばま」,1
2023-07-03,福井,若狭和田ビーチ,道の駅「シーサイド高浜」 エリア,1
2023-07-03,福井,若狭海遊バザール 千鳥苑 エリア,三方五湖,1
2023-07-03,福井,若狭海遊バザール 千鳥苑 エリア,日本海さかな街,1
2023-07-03,福井,若狭海遊バザール千鳥苑 若狭美浜 海の駅,日本海さかな街 エリア,1
2023-07-03,福井,越前大仏,大本山 永平寺 エリア,1
2023-07-03,福井,越前大野城,道の駅「三方五湖」  エリア,1
2023-07-03,福井,越前海岸 北部 エリア,福井駅,1
2023-07-03,福井,道の駅「シーサイド高浜」,道の駅「若狭おばま」 エリア,1
2023-07-03,福井,道の駅「三方五湖」,日本海さかな街 エリア,1
2023-07-03,福井,道の駅「三方五湖」,金ヶ崎 エリア,1
2023-07-03,福井,道の駅「三方五湖」  エリア,日本海さかな街,1
2023-07-03,福井,道の駅「三方五湖」  エリア,氣比神宮,1
2023-07-03,福井,道の駅「河野」,北陸新幹線 越前たけふ駅 エリア,1
2023-07-03,福井,道の駅「若狭おばま」,明通寺 エリア,1
2023-07-03,福井,道の駅「若狭おばま」 エリア,道の駅「若狭熊川宿」,1
2023-07-03,福井,鷹巣海水浴場,越前海岸 北部 エリア,1
2023-07-04,福井,JR敦賀駅前 エリア,敦賀赤レンガ倉庫,1
2023-07-04,福井,JR敦賀駅前 エリア,東尋坊,1
2023-07-04,福井,JR美浜駅 エリア,熊川宿,1
2023-07-04,福井,あわら湯のまち エリア,東尋坊,1
2023-07-04,福井,レインボーライン エリア,敦賀赤レンガ倉庫,1
2023-07-04,福井,レインボーライン エリア,日本海さかな街,1
2023-07-04,福井,一乗谷朝倉氏遺跡,一乗谷朝倉氏遺跡 エリア,1
2023-07-04,福井,一乗谷朝倉氏遺跡,大本山 永平寺 エリア,1
2023-07-04,福井,一乗谷朝倉氏遺跡 エリア,丸岡城,1
2023-07-04,福井,丸岡城,東尋坊 エリア,1
2023-07-04,福井,北の庄城址・柴田公園,福井駅前 エリア（宿泊施設）,1
2023-07-04,福井,北前船主の館 右近家,北陸新幹線 越前たけふ駅 エリア,2
2023-07-04,福井,北陸新幹線 越前たけふ駅 エリア,岡太神社・大瀧神社,1
2023-07-04,福井,大本山 永平寺 エリア,越前大野城,1
2023-07-04,福井,敦賀赤レンガ倉庫,JR敦賀駅前 エリア,1
2023-07-04,福井,敦賀赤レンガ倉庫,敦賀市立博物館 エリア,1
2023-07-04,福井,明通寺,JR美浜駅 エリア,1
2023-07-04,福井,東尋坊 エリア,越前大仏,1
2023-07-04,福井,氣比神宮,JR敦賀駅前 エリア,1
2023-07-04,福井,氣比神宮,レインボーライン エリア,1
2023-07-04,福井,熊川宿,レインボーライン エリア,1
2023-07-04,福井,福井駅前 エリア（宿泊施設）,越前大野城,1
2023-07-04,福井,越前そばの里 エリア,あわら温泉街,1
2023-07-04,福井,越前そばの里 エリア,岡太神社・大瀧神社,1
2023-07-04,福井,越前そばの里 エリア,御誕生寺,1
2023-07-04,福井,越前大仏,大本山 永平寺 エリア,1
2023-07-04,福井,道の駅「南えちぜん山海里」,越前そばの里 エリア,1
2023-07-04,福井,道の駅「越前」,越前そばの里 エリア,1
2023-07-05,福井,うみんぴあ大飯 エリア,一乗谷朝倉氏遺跡,1
2023-07-05,福井,メタセコイア並木（滋賀県）,越前そばの里 エリア,1
2023-07-05,福井,レインボーライン,JR美浜駅 エリア,1
2023-07-05,福井,レインボーライン,うみんぴあ大飯 エリア,1
2023-07-05,福井,レインボーライン,名田庄 エリア,1
2023-07-05,福井,レインボーライン,若狭海遊バザール 千鳥苑 エリア,1
2023-07-05,福井,レインボーライン,道の駅「三方五湖」  エリア,1
2023-07-05,福井,レインボーライン エリア,日本海さかな街,2
2023-07-05,福井,レインボーライン エリア,氣比神宮,1
2023-07-05,福井,レインボーライン エリア,熊川宿,1
2023-07-05,福井,一乗谷朝倉氏遺跡,福井駅前 エリア,1
2023-07-05,福井,一乗谷朝倉氏遺跡 エリア,北の庄城址・柴田公園,1
2023-07-05,福井,一乗谷朝倉氏遺跡 エリア,東尋坊,1
2023-07-05,福井,丸岡城,大本山 永平寺 エリア,1
2023-07-05,福井,丸岡城,明通寺 エリア,1
2023-07-05,福井,北の庄城址・柴田公園,北ノ庄 エリア,1
2023-07-05,福井,北潟湖 エリア,あわら温泉屋台村「湯けむり横丁」,1
2023-07-05,福井,吉崎御坊跡,北潟湖 エリア,1
2023-07-05,福井,名田庄 エリア,道の駅「うみんぴあ大飯」,1
2023-07-05,福井,名田庄 エリア,道の駅「シーサイド高浜」,2
2023-07-05,福井,大本山 永平寺 エリア,一乗谷朝倉氏遺跡,2
2023-07-05,福井,大本山 永平寺 エリア,福井駅,1
2023-07-05,福井,大本山永平寺,福井駅前 エリア,1
2023-07-05,福井,岡太神社・大瀧神社,道の駅「南えちぜん山海里」 エリア,1
2023-07-05,福井,日本海さかな街,レインボーライン エリア,1
2023-07-05,福井,日本海さかな街 エリア,氣比神宮,1
2023-07-05,福井,東尋坊,大本山 永平寺 エリア,1
2023-07-05,福井,東尋坊,越前そばの里 エリア,1
2023-07-05,福井,熊川宿,あわら湯のまち エリア,1
2023-07-05,福井,熊川宿,若狭高浜 エリア,1
2023-07-05,福井,福井駅前 エリア,北の庄城址・柴田公園,1
2023-07-05,福井,羽二重餅の古里,大本山 永平寺 エリア,1
2023-07-05,福井,羽賀寺,うみんぴあ大飯 エリア,1
2023-07-05,福井,花はす公園,越前そばの里 エリア,1
2023-07-05,福井,若狭フィッシャーマンズワーフ エリア,日本海さかな街,1
2023-07-05,福井,若狭海遊バザール 千鳥苑 エリア,日本海さかな街,1
2023-07-05,福井,若狭海遊バザール千鳥苑 若狭美浜 海の駅,日本海さかな街 エリア,1
2023-07-05,福井,越前そばの里,タケフナイフビレッジ エリア,1
2023-07-05,福井,越前そばの里 エリア,北の庄城址・柴田公園,1
2023-07-05,福井,越前そばの里 エリア,東尋坊,1
2023-07-05,福井,越前そばの里 エリア,道の駅「南えちぜん山海里」,1
2023-07-05,福井,越前そばの里 エリア,道の駅「越前」,1
2023-07-05,福井,越前和紙の里,越前そばの里 エリア,1
2023-07-05,福井,越前大仏,JR九頭竜湖駅 エリア,1
2023-07-05,福井,越前大仏,大本山 永平寺 エリア,1
2023-07-05,福井,越前大仏,越前大野城・城下町 エリア,1
2023-07-05,福井,越前大野城,越前そばの里 エリア,1
2023-07-05,福井,越前大野城・城下町 エリア,道の駅「九頭竜・和泉ふれあい会館」,1
2023-07-05,福井,越前打刃物会館,越前そばの里 エリア,1
2023-07-05,福井,越前陶芸村 エリア,道の駅「越前」,1
2023-07-05,福井,道の駅「シーサイド高浜」 エリア,熊川宿,1
2023-07-05,福井,道の駅「三方五湖」  エリア,レインボーライン,1
2023-07-05,福井,道の駅「南えちぜん山海里」 エリア,越前大野城,1
2023-07-05,福井,道の駅「名田庄」,JR美浜駅 エリア,1
2023-07-05,福井,道の駅「恐竜渓谷かつやま」 エリア,敦賀赤レンガ倉庫,1
2023-07-05,福井,道の駅「若狭おばま」 エリア,小浜市水産食品センター（若狭小浜お魚センター）,1
2023-07-05,福井,道の駅「若狭おばま」 エリア,道の駅「若狭熊川宿」,1
2023-07-05,福井,道の駅「越前」 エリア,道の駅「河野」,1
2023-07-06,福井,JR敦賀駅前 エリア,日本海さかな街,1
2023-07-06,福井,あわら湯のまち エリア,一乗谷朝倉氏遺跡,1
2023-07-06,福井,あわら湯のまち エリア,福井県立恐竜博物館,1
2023-07-06,福井,レインボーライン,日本海さかな街 エリア,1
2023-07-06,福井,レインボーライン エリア,若狭瓜割名水公園 瓜割の滝,1
2023-07-06,福井,一乗谷朝倉氏遺跡,一乗谷朝倉氏遺跡 エリア,1
2023-07-06,福井,一乗谷朝倉氏遺跡,劔神社 エリア,1
2023-07-06,福井,一乗谷朝倉氏遺跡,大本山 永平寺 エリア,1
2023-07-06,福井,一乗谷朝倉氏遺跡,道の駅「三方五湖」  エリア,1
2023-07-06,福井,丸岡城,あわら湯のまち エリア,1
2023-07-06,福井,九頭竜湖,道の駅「越前おおの荒島の郷」 エリア,1
2023-07-06,福井,北前船主の館 右近家,道の駅「越前」 エリア,1
2023-07-06,福井,北潟湖 エリア,氣比神宮,1
2023-07-06,福井,敦賀赤レンガ倉庫,金ヶ崎 エリア,1
2023-07-06,福井,敦賀駅,日本海さかな街 エリア,1
2023-07-06,福井,日本海さかな街 エリア,レインボーライン,1
2023-07-06,福井,日本海さかな街 エリア,敦賀駅,1
2023-07-06,福井,熊川宿,うみんぴあ大飯 エリア,1
2023-07-06,福井,熊川宿,名田庄 エリア,1
2023-07-06,福井,福井県立恐竜博物館,大本山 永平寺 エリア,1
2023-07-06,福井,越前そばの里,紫式部公園 エリア,2
2023-07-06,福井,越前陶芸村,道の駅「パークイン丹生ヶ丘」 エリア,1
2023-07-06,福井,道の駅「南えちぜん山海里」 エリア,越前和紙の里,1
2023-07-06,福井,道の駅「越前」 エリア,東尋坊,1
2023-07-06,福井,道の駅「越前おおの荒島の郷」 エリア,道の駅「一乗谷あさくら水の駅」,1
2023-07-06,福井,金ヶ崎 エリア,日本海さかな街,1
2023-07-07,福井,JR敦賀駅前 エリア,気比の松原,1
2023-07-07,福井,うみんぴあ大飯 エリア,ふれあいパーク三里浜(道の駅「みくに」),1
2023-07-07,福井,ふれあいパーク三里浜(道の駅「みくに」),フルーツライン エリア,1
2023-07-07,福井,めがねミュージアム,タケフナイフビレッジ エリア,1
2023-07-07,福井,タケフナイフビレッジ,北陸新幹線 越前たけふ駅 エリア,1
2023-07-07,福井,タケフナイフビレッジ,越前和紙の里 エリア,1
2023-07-07,福井,タケフナイフビレッジ エリア,越前和紙の里,1
2023-07-07,福井,レインボーライン,道の駅「三方五湖」  エリア,1
2023-07-07,福井,レインボーライン エリア,五湖の駅,1
2023-07-07,福井,レインボーライン エリア,北の庄城址・柴田公園,1
2023-07-07,福井,一乗谷朝倉氏遺跡,大本山 永平寺 エリア,2
2023-07-07,福井,一乗谷朝倉氏遺跡,福井駅前 エリア,1
2023-07-07,福井,一乗谷朝倉氏遺跡,越前そばの里 エリア,1
2023-07-07,福井,三丁町,御食国若狭おばま食文化館 エリア,1
2023-07-07,福井,三方五湖,レインボーライン エリア,1
2023-07-07,福井,三方五湖,小浜市 阿納 エリア,1
2023-07-07,福井,三方五湖,道の駅「三方五湖」  エリア,1
2023-07-07,福井,北潟湖畔公園・サイクリングパーク,北潟湖 エリア,1
2023-07-07,福井,北陸新幹線 越前たけふ駅 エリア,越前和紙の里,1
2023-07-07,福井,大本山 永平寺 エリア,三國湊レトロ,1
2023-07-07,福井,大本山 永平寺 エリア,平泉寺白山神社,1
2023-07-07,福井,大本山 永平寺 エリア,東尋坊,1
2023-07-07,福井,大本山 永平寺 エリア,白山平泉寺歴史探遊館 まほろば,1
2023-07-07,福井,大本山 永平寺 エリア,越前そばの里,1
2023-07-07,福井,大本山 永平寺 エリア,越前大野城,1
2023-07-07,福井,大本山永平寺,大本山 永平寺 エリア,1
2023-07-07,福井,大本山永平寺,東尋坊 エリア,2
2023-07-07,福井,小浜 エリア（宿泊施設）,大本山永平寺,1
2023-07-07,福井,小浜 エリア（宿泊施設）,御食国若狭おばま食文化館,1
2023-07-07,福井,岡太神社・大瀧神社,道の駅「パークイン丹生ヶ丘」 エリア,1
2023-07-07,福井,敦賀赤レンガ倉庫,敦賀市立博物館 エリア,2
2023-07-07,福井,敦賀赤レンガ倉庫,道の駅「越前」 エリア,1
2023-07-07,福井,日本海さかな街 エリア,氣比神宮,1
2023-07-07,福井,東尋坊,あわら湯のまち エリア,1
2023-07-07,福井,東尋坊,三国湊 エリア,1
2023-07-07,福井,東尋坊 エリア,あわら温泉街,1
2023-07-07,福井,東尋坊 エリア,三國湊レトロ,1
2023-07-07,福井,氣比神宮,JR敦賀駅前 エリア,1
2023-07-07,福井,氣比神宮,レインボーライン エリア,1
2023-07-07,福井,氣比神宮,名田庄 エリア,1
2023-07-07,福井,氣比神宮,小浜 エリア（宿泊施設）,1
2023-07-07,福井,氣比神宮,日本海さかな街 エリア,1
2023-07-07,福井,湖上館パムコ（水月湖）エリア,敦賀赤レンガ倉庫,1
2023-07-07,福井,熊川宿,小浜市 阿納 エリア,1
2023-07-07,福井,白山平泉寺歴史探遊館 まほろば,道の駅「恐竜渓谷かつやま」 エリア,2
2023-07-07,福井,福井駅前 エリア（宿泊施設）,一乗谷朝倉氏遺跡,1
2023-07-07,福井,芝政ワールド エリア,一乗谷朝倉氏遺跡,1
2023-07-07,福井,若狭三方縄文博物館,レインボーライン エリア,1
2023-07-07,福井,若狭三方縄文博物館,湖上館パムコ（水月湖）エリア,1
2023-07-07,福井,越前大野城,越前松島水族館 エリア,1
2023-07-07,福井,越前松島水族館 エリア,大本山永平寺,1
2023-07-07,福井,道の駅「シーサイド高浜」,うみんぴあ大飯 エリア,1
2023-07-07,福井,道の駅「パークイン丹生ヶ丘」 エリア,越前陶芸村,1
2023-07-07,福井,道の駅「恐竜渓谷かつやま」,道の駅「禅の里」 エリア,1
2023-07-07,福井,道の駅「恐竜渓谷かつやま」 エリア,道の駅「禅の里」,1
2023-07-07,福井,道の駅「越前」 エリア,呼鳥門,1
2023-07-08,福井,JR敦賀駅前 エリア,丸岡城,1
2023-07-08,福井,あわら湯のまち エリア,めがねミュージアム,1
2023-07-08,福井,あわら湯のまち エリア,丸岡城,1
2023-07-08,福井,うみんぴあ大飯 エリア,レインボーライン,1
2023-07-08,福井,はたや記念館 ゆめおーれ勝山,道の駅「恐竜渓谷かつやま」 エリア,1
2023-07-08,福井,ふれあいパーク三里浜(道の駅「みくに」),あわら湯のまち エリア,1
2023-07-08,福井,スキージャム勝山,あわら湯のまち エリア,1
2023-07-08,福井,タケフナイフビレッジ,越前和紙の里 エリア,1
2023-07-08,福井,レインボーライン,明通寺 エリア,1
2023-07-08,福井,レインボーライン,道の駅「若狭おばま」 エリア,1
2023-07-08,福井,レインボーライン エリア,福井県海浜自然センター,3
2023-07-08,福井,レインボーライン エリア,道の駅「三方五湖」,1
2023-07-08,福井,一乗谷朝倉氏遺跡,うるしの里 エリア,1
2023-07-08,福井,一乗谷朝倉氏遺跡,一乗谷朝倉氏遺跡 エリア,1
2023-07-08,福井,一乗谷朝倉氏遺跡,越前そばの里 エリア,3
2023-07-08,福井,一乗谷朝倉氏遺跡,越前大野城・城下町 エリア,1
2023-07-08,福井,一乗谷朝倉氏遺跡,金ヶ崎 エリア,1
2023-07-08,福井,一乗谷朝倉氏遺跡 エリア,一乗谷朝倉氏遺跡,1
2023-07-08,福井,三國湊レトロ,北潟湖 エリア,1
2023-07-08,福井,三方五湖,うみんぴあ大飯 エリア,1
2023-07-08,福井,三方五湖,レインボーライン エリア,1
2023-07-08,福井,丸岡城,東尋坊 エリア,1
2023-07-08,福井,丸岡城,福井駅前 エリア（宿泊施設）,1
2023-07-08,福井,北前船主の館 右近家,北陸新幹線 越前たけふ駅 エリア,1
2023-07-08,福井,北陸新幹線 越前たけふ駅 エリア,道の駅「西山公園」,1
2023-07-08,福井,大本山 永平寺 エリア,あわら温泉屋台村「湯けむり横丁」,1
2023-07-08,福井,大本山永平寺,あわら湯のまち エリア,2
2023-07-08,福井,大本山永平寺,レインボーライン エリア,1
2023-07-08,福井,大本山永平寺,越前そばの里 エリア,1
2023-07-08,福井,大本山永平寺,道の駅みくに ふれあいパーク三里浜 エリア,1
2023-07-08,福井,小浜 エリア（宿泊施設）,敦賀赤レンガ倉庫,1
2023-07-08,福井,日本海さかな街,レインボーライン エリア,3
2023-07-08,福井,日本海さかな街,金ヶ崎 エリア,1
2023-07-08,福井,明通寺 エリア,丸岡城,1
2023-07-08,福井,東尋坊,JR美浜駅 エリア,1
2023-07-08,福井,東尋坊,フルーツライン エリア,1
2023-07-08,福井,東尋坊 エリア,一乗谷朝倉氏遺跡,1
2023-07-08,福井,氣比神宮,JR敦賀駅前 エリア,1
2023-07-08,福井,氣比神宮,大本山 永平寺 エリア,1
2023-07-08,福井,福井県年縞博物館,道の駅「三方五湖」  エリア,2
2023-07-08,福井,福井駅,福井駅前 エリア（宿泊施設）,1
2023-07-08,福井,福井駅前 エリア（宿泊施設）,平泉寺白山神社,1
2023-07-08,福井,花はす公園,北陸新幹線 越前たけふ駅 エリア,1
2023-07-08,福井,花はす公園,越前そばの里 エリア,1
2023-07-08,福井,越前そばの里,北陸新幹線 越前たけふ駅 エリア,1
2023-07-08,福井,越前そばの里,越前大野城・城下町 エリア,1
2023-07-08,福井,越前そばの里 エリア,今庄宿,1
2023-07-08,福井,越前そばの里 エリア,日本海さかな街,3
2023-07-08,福井,越前そばの里 エリア,花はす公園,1
2023-07-08,福井,越前そばの里 エリア,越前大仏,1
2023-07-08,福井,越前そばの里 エリア,越前大野城,2
2023-07-08,福井,越前和紙の里,越前そばの里 エリア,1
2023-07-08,福井,越前大仏,道の駅「禅の里」 エリア,1
2023-07-08,福井,越前大仏 エリア,道の駅「越前おおの荒島の郷」,1
2023-07-08,福井,越前大野城,武生駅 エリア,1
2023-07-08,福井,越前大野城・城下町 エリア,大本山永平寺,1
2023-07-08,福井,越前松島水族館,道の駅みくに ふれあいパーク三里浜 エリア,2
2023-07-08,福井,越前松島水族館 エリア,ふれあいパーク三里浜(道の駅「みくに」),1
2023-07-08,福井,越前海岸,道の駅「越前」 エリア,1
2023-07-08,福井,道の駅「うみんぴあ大飯」,うみんぴあ大飯 エリア,1
2023-07-08,福井,道の駅「三方五湖」,レインボーライン エリア,1
2023-07-08,福井,道の駅「三方五湖」,道の駅「三方五湖」  エリア,1
2023-07-08,福井,道の駅「三方五湖」  エリア,レインボーライン,1
2023-07-08,福井,道の駅「三方五湖」  エリア,若狭三方縄文博物館,1
2023-07-08,福井,道の駅「恐竜渓谷かつやま」,福井駅前 エリア（宿泊施設）,1
2023-07-08,福井,道の駅「若狭おばま」,うみんぴあ大飯 エリア,1
2023-07-08,福井,道の駅「若狭おばま」 エリア,丸岡城,1
2023-07-08,福井,道の駅「越前おおの荒島の郷」,大本山 永平寺 エリア,1
2023-07-08,福井,道の駅みくに ふれあいパーク三里浜 エリア,吉崎御坊跡,1
2023-07-08,福井,道の駅みくに ふれあいパーク三里浜 エリア,道の駅「さかい」（坂井地域交流センター「いねす」）,1
2023-07-09,福井,JR九頭竜湖駅 エリア,九頭竜湖,1
2023-07-09,福井,JR敦賀駅前 エリア,丸岡城,1
2023-07-09,福井,JR敦賀駅前 エリア,日本海さかな街,1
2023-07-09,福井,JR美浜駅 エリア,三方五湖,1
2023-07-09,福井,JR美浜駅 エリア,大本山永平寺,1
2023-07-09,福井,あわら温泉街,三国湊 エリア,1
2023-07-09,福井,あわら湯のまち エリア,越前松島水族館,1
2023-07-09,福井,あわら湯のまち エリア,金津創作の森,1
2023-07-09,福井,えちぜん鉄道 松岡駅 エリア,白山平泉寺歴史探遊館 まほろば,1
2023-07-09,福井,かずら橋,北陸新幹線 越前たけふ駅 エリア,1
2023-07-09,福井,めがねミュージアム,一乗谷朝倉氏遺跡 エリア,1
2023-07-09,福井,ファーマーズマーケットきららの丘,あわら湯のまち エリア,1
2023-07-09,福井,レインボーライン,三国湊 エリア,1
2023-07-09,福井,レインボーライン,日本海さかな街 エリア,1
2023-07-09,福井,レインボーライン,湖上館パムコ（水月湖）エリア,2
2023-07-09,福井,レインボーライン エリア,氣比神宮,1
2023-07-09,福井,一乗谷朝倉氏遺跡,三国湊 エリア,1
2023-07-09,福井,一乗谷朝倉氏遺跡,東尋坊 エリア,2
2023-07-09,福井,一乗谷朝倉氏遺跡,福井駅前 エリア,1
2023-07-09,福井,一乗谷朝倉氏遺跡,紫式部公園 エリア,1
2023-07-09,福井,一乗谷朝倉氏遺跡 エリア,あわら温泉街,1
2023-07-09,福井,一乗谷朝倉氏遺跡 エリア,一乗谷朝倉氏遺跡,1
2023-07-09,福井,一乗谷朝倉氏遺跡 エリア,氣比神宮,1
2023-07-09,福井,一乗谷朝倉氏遺跡 エリア,越前そばの里,1
2023-07-09,福井,三国湊 エリア,一乗谷朝倉氏遺跡,1
2023-07-09,福井,三国湊 エリア,越前そばの里,1
2023-07-09,福井,三国湊 エリア,越前大野城,1
2023-07-09,福井,三國湊レトロ,三国湊 エリア,1
2023-07-09,福井,三方五湖,JR敦賀駅前 エリア,1
2023-07-09,福井,三方五湖,JR美浜駅 エリア,1
2023-07-09,福井,三方五湖,日本海さかな街 エリア,1
2023-07-09,福井,三方五湖,明通寺 エリア,1
2023-07-09,福井,三方五湖,若狭海遊バザール 千鳥苑 エリア,1
2023-07-09,福井,丸岡城,JR九頭竜湖駅 エリア,1
2023-07-09,福井,丸岡城,JR美浜駅 エリア,1
2023-07-09,福井,丸岡城,一乗谷朝倉氏遺跡 エリア,1
2023-07-09,福井,丸岡城,越前そばの里 エリア,1
2023-07-09,福井,丸岡城 エリア,大本山永平寺,1
2023-07-09,福井,五湖の駅,道の駅「若狭おばま」 エリア,1
2023-07-09,福井,北潟湖 エリア,丸岡城,1
2023-07-09,福井,北陸新幹線 越前たけふ駅 エリア,岡太神社・大瀧神社,1
2023-07-09,福井,大本山 永平寺 エリア,スキージャム勝山,1
2023-07-09,福井,大本山 永平寺 エリア,丸岡城,1
2023-07-09,福井,大本山永平寺,大本山 永平寺 エリア,1
2023-07-09,福井,大本山永平寺,福井駅前 エリア,1
2023-07-09,福井,岡太神社・大瀧神社,北陸新幹線 越前たけふ駅 エリア,1
2023-07-09,福井,敦賀市立博物館 エリア,敦賀赤レンガ倉庫,1
2023-07-09,福井,日本海さかな街,北前船主の館 右近家 エリア,1
2023-07-09,福井,日本海さかな街 エリア,敦賀駅,1
2023-07-09,福井,日本海さかな街 エリア,氣比神宮,1
2023-07-09,福井,明通寺 エリア,一乗谷朝倉氏遺跡,1
2023-07-09,福井,明通寺 エリア,小浜町並み保存資料館,1
2023-07-09,福井,東尋坊,あわら湯のまち エリア,1
2023-07-09,福井,東尋坊,丸岡城 エリア,1
2023-07-09,福井,東尋坊,越前そばの里 エリア,1
2023-07-09,福井,東尋坊,道の駅みくに ふれあいパーク三里浜 エリア,1
2023-07-09,福井,東尋坊 エリア,大本山永平寺,1
2023-07-09,福井,氣比神宮,JR敦賀駅前 エリア,1
2023-07-09,福井,氣比神宮,敦賀市立博物館 エリア,1
2023-07-09,福井,氣比神宮,日本海さかな街 エリア,1
2023-07-09,福井,氣比神宮,道の駅「越前」 エリア,1
2023-07-09,福井,永平寺,東尋坊 エリア,1
2023-07-09,福井,湖上館パムコ（水月湖）エリア,敦賀鉄道資料館（旧敦賀港駅舎 ）,1
2023-07-09,福井,白山平泉寺歴史探遊館 まほろば,大本山 永平寺 エリア,1
2023-07-09,福井,紫式部公園,一乗谷朝倉氏遺跡 エリア,1
2023-07-09,福井,紫式部公園 エリア,越前そばの里,1
2023-07-09,福井,芦原温泉,福井駅前 エリア,1
2023-07-09,福井,若狭姫神社,明通寺 エリア,1
2023-07-09,福井,若狭海遊バザール 千鳥苑 エリア,氣比神宮,1
2023-07-09,福井,越前そばの里 エリア,丸岡城,2
2023-07-09,福井,越前そばの里 エリア,越前大野城,1
2023-07-09,福井,越前和紙の里,越前海岸 くりや旅館街 エリア,1
2023-07-09,福井,越前大仏,レインボーライン エリア,1
2023-07-09,福井,越前大野城,越前大野城・城下町 エリア,2
2023-07-09,福井,越前大野城・城下町 エリア,大本山永平寺,3
2023-07-09,福井,越前松島水族館 エリア,芝政ワールド,1
2023-07-09,福井,越前水仙の里公園,越前海岸 越前岬 エリア,1
2023-07-09,福井,越前海岸,道の駅「パークイン丹生ヶ丘」 エリア,1
2023-07-09,福井,道の駅「さかい」（坂井地域交流センター「いねす」）,越前そばの里 エリア,1
2023-07-09,福井,道の駅「さかい」（坂井地域交流センター「いねす」）,道の駅みくに ふれあいパーク三里浜 エリア,1
2023-07-09,福井,道の駅「若狭おばま」,若狭フィッシャーマンズワーフ エリア,1
2023-07-09,福井,道の駅「若狭熊川宿」,名田庄 エリア,1
2023-07-09,福井,道の駅「若狭熊川宿」,明通寺 エリア,1
2023-07-09,福井,道の駅「越前」 エリア,大本山永平寺,1
2023-07-09,福井,道の駅「越前」 エリア,東尋坊,1
2023-07-09,福井,道の駅みくに ふれあいパーク三里浜 エリア,あわら温泉街,1
2023-07-09,福井,金ヶ崎 エリア,敦賀駅,1
2023-07-09,福井,金沢駅周辺（石川県）,あわら湯のまち エリア,1
2023-07-10,福井,JR敦賀駅前 エリア,三方五湖,1
2023-07-10,福井,JR敦賀駅前 エリア,敦賀赤レンガ倉庫,1
2023-07-10,福井,JR敦賀駅前 エリア,氣比神宮,1
2023-07-10,福井,JR美浜駅 エリア,若狭三方縄文博物館,1
2023-07-10,福井,UMIKARA,うみんぴあ大飯 エリア,1
2023-07-10,福井,あわら温泉街,フルーツライン エリア,1
2023-07-10,福井,あわら温泉街,北潟湖 エリア,1
2023-07-10,福井,あわら温泉街,北陸新幹線 越前たけふ駅 エリア,1
2023-07-10,福井,あわら湯のまち エリア,一乗谷朝倉氏遺跡,1
2023-07-10,福井,うみんぴあ大飯 エリア,若狭瓜割名水公園 瓜割の滝,1
2023-07-10,福井,スキージャム勝山 エリア,はたや記念館 ゆめおーれ勝山,1
2023-07-10,福井,フルーツライン エリア,丸岡城,1
2023-07-10,福井,フルーツライン エリア,北潟湖畔公園・サイクリングパーク,1
2023-07-10,福井,レインボーライン,道の駅「三方五湖」  エリア,1
2023-07-10,福井,レインボーライン エリア,丸岡城,1
2023-07-10,福井,一乗谷朝倉氏遺跡,JR敦賀駅前 エリア,1
2023-07-10,福井,一乗谷朝倉氏遺跡,えちぜん鉄道 永平寺口駅 エリア,1
2023-07-10,福井,一乗谷朝倉氏遺跡,三国湊 エリア,1
2023-07-10,福井,一乗谷朝倉氏遺跡,東尋坊 エリア,1
2023-07-10,福井,一乗谷朝倉氏遺跡,越前大野城・城下町 エリア,2
2023-07-10,福井,三国湊 エリア,越前大仏,1
2023-07-10,福井,丸岡城,三国湊 エリア,1
2023-07-10,福井,丸岡城,金ヶ崎 エリア,1
2023-07-10,福井,丸岡城 エリア,大本山永平寺,1
2023-07-10,福井,九頭竜湖,道の駅「越前おおの荒島の郷」 エリア,1
2023-07-10,福井,今庄宿,大本山 永平寺 エリア,1
2023-07-10,福井,北潟湖 エリア,丸岡城,1
2023-07-10,福井,吉崎御坊跡,越前そばの里 エリア,1
2023-07-10,福井,名田庄 エリア,道の駅「若狭おばま」,1
2023-07-10,福井,国分寺 (小浜市),JR美浜駅 エリア,1
2023-07-10,福井,大本山 永平寺 エリア,一乗谷朝倉氏遺跡,1
2023-07-10,福井,大本山永平寺,あわら湯のまち エリア,2
2023-07-10,福井,大本山永平寺,越前そばの里 エリア,2
2023-07-10,福井,敦賀赤レンガ倉庫,金ヶ崎 エリア,1
2023-07-10,福井,東尋坊,JR敦賀駅前 エリア,1
2023-07-10,福井,東尋坊,あわら湯のまち エリア,1
2023-07-10,福井,東尋坊,フルーツライン エリア,1
2023-07-10,福井,東尋坊,丸岡城 エリア,1
2023-07-10,福井,東尋坊,北潟湖 エリア,1
2023-07-10,福井,東尋坊 エリア,あわら温泉街,1
2023-07-10,福井,東尋坊 エリア,三國湊レトロ,1
2023-07-10,福井,氣比神宮,JR敦賀駅前 エリア,1
2023-07-10,福井,氣比神宮,日本海さかな街 エリア,1
2023-07-10,福井,自宅,越前そばの里 エリア,1
2023-07-10,福井,芝政ワールド,あわら湯のまち エリア,1
2023-07-10,福井,越前がにミュージアム,越前そばの里 エリア,1
2023-07-10,福井,越前そばの里 エリア,御誕生寺,2
2023-07-10,福井,越前和紙の里,越前そばの里 エリア,1
2023-07-10,福井,越前大仏,平泉寺白山神社 エリア,1
2023-07-10,福井,越前大野城,スキージャム勝山 エリア,1
2023-07-10,福井,越前大野城・城下町 エリア,越前大野城,1
2023-07-10,福井,越前海岸,北陸新幹線 越前たけふ駅 エリア,1
2023-07-10,福井,道の駅「三方五湖」  エリア,若狭瓜割名水公園 瓜割の滝,1
2023-07-10,福井,道の駅「越前」,一乗谷朝倉氏遺跡 エリア,1
2023-07-10,福井,道の駅「越前」,紫式部公園 エリア,1
2023-07-10,福井,金ヶ崎 エリア,氣比神宮,2
2023-07-10,福井,金津創作の森,あわら湯のまち エリア,1
2023-07-11,福井,JR敦賀駅前 エリア,氣比神宮,1
2023-07-11,福井,あわら湯のまち エリア,ファーマーズマーケットきららの丘,1
2023-07-11,福井,あわら湯のまち エリア,三國湊レトロ,1
2023-07-11,福井,うみんぴあ大飯 エリア,道の駅「うみんぴあ大飯」,1
2023-07-11,福井,はたや記念館 ゆめおーれ勝山 エリア,越前大仏,1
2023-07-11,福井,タケフナイフビレッジ,北陸新幹線 越前たけふ駅 エリア,1
2023-07-11,福井,メガネストリート エリア,大本山永平寺,1
2023-07-11,福井,メガネストリート エリア,道の駅「さかい」（坂井地域交流センター「いねす」）,1
2023-07-11,福井,レインボーライン エリア,道の駅「三方五湖」,1
2023-07-11,福井,一乗谷朝倉氏遺跡,越前陶芸村 エリア,1
2023-07-11,福井,三国サンセットビーチ,三国湊 エリア,2
2023-07-11,福井,三国湊 エリア,あわら温泉「芦湯」,1
2023-07-11,福井,三国湊 エリア,丸岡城,1
2023-07-11,福井,三國湊レトロ,大本山 永平寺 エリア,1
2023-07-11,福井,三方五湖,レインボーライン エリア,1
2023-07-11,福井,丸岡城,あわら湯のまち エリア,1
2023-07-11,福井,丸岡城,三国湊 エリア,1
2023-07-11,福井,丸岡城,丸岡城 エリア,1
2023-07-11,福井,丸岡城,北陸新幹線 越前たけふ駅 エリア,1
2023-07-11,福井,丸岡城 エリア,ゆりの里公園ユリーム春江,1
2023-07-11,福井,北陸新幹線 越前たけふ駅 エリア,一乗谷朝倉氏遺跡,1
2023-07-11,福井,北陸新幹線 越前たけふ駅 エリア,敦賀赤レンガ倉庫,1
2023-07-11,福井,北陸新幹線 越前たけふ駅 エリア,越前そばの里,1
2023-07-11,福井,北陸新幹線 越前たけふ駅 エリア,越前和紙の里,1
2023-07-11,福井,大本山 永平寺 エリア,白山平泉寺歴史探遊館 まほろば,1
2023-07-11,福井,大本山 永平寺 エリア,越前大仏,2
2023-07-11,福井,大本山永平寺,越前大仏 エリア,1
2023-07-11,福井,岡太神社・大瀧神社,あわら湯のまち エリア,1
2023-07-11,福井,岡太神社・大瀧神社,三国湊 エリア,1
2023-07-11,福井,御誕生寺,北陸新幹線 越前たけふ駅 エリア,1
2023-07-11,福井,日本海さかな街 エリア,敦賀赤レンガ倉庫,1
2023-07-11,福井,東尋坊,一乗谷朝倉氏遺跡 エリア,1
2023-07-11,福井,東尋坊,北陸新幹線 越前たけふ駅 エリア,1
2023-07-11,福井,東尋坊,大本山 永平寺 エリア,1
2023-07-11,福井,東尋坊,越前大仏 エリア,1
2023-07-11,福井,水島,日本海さかな街 エリア,1
2023-07-11,福井,熊川宿,道の駅「三方五湖」  エリア,1
2023-07-11,福井,福井駅前 エリア,福井県立恐竜博物館,1
2023-07-11,福井,芝政ワールド,越前松島水族館 エリア,1
2023-07-11,福井,西山動物園,メガネストリート エリア,1
2023-07-11,福井,越前そばの里,道の駅「西山公園」 エリア,1
2023-07-11,福井,越前そばの里 エリア,西山動物園,1
2023-07-11,福井,越前和紙の里,道の駅「西山公園」 エリア,1
2023-07-11,福井,越前大仏 エリア,一乗谷朝倉氏遺跡,1
2023-07-11,福井,越前大野城,大本山 永平寺 エリア,1
2023-07-11,福井,越前打刃物会館,道の駅「西山公園」 エリア,1
2023-07-11,福井,越前海岸 くりや旅館街 エリア,東尋坊,1
2023-07-11,福井,道の駅「三方五湖」  エリア,今庄宿,1
2023-07-11,福井,道の駅「西山公園」,あわら湯のまち エリア,1
2023-07-11,福井,道の駅「西山公園」 エリア,めがねミュージアム,1
2023-07-11,福井,道の駅「西山公園」 エリア,道の駅「南えちぜん山海里」,1
2023-07-11,福井,養浩館庭園,福井駅前 エリア,1
2023-07-12,福井,JR敦賀駅前 エリア,一乗谷朝倉氏遺跡,1
2023-07-12,福井,「ちひろの生まれた家」記念館,武生駅 エリア,1
2023-07-12,福井,あわら温泉街,あわら湯のまち エリア,1
2023-07-12,福井,あわら温泉街,道の駅「南えちぜん山海里」 エリア,1
2023-07-12,福井,あわら湯のまち エリア,敦賀赤レンガ倉庫,1
2023-07-12,福井,あわら湯のまち エリア,氣比神宮,1
2023-07-12,福井,うみんぴあ大飯 エリア,エルガイアおおい,1
2023-07-12,福井,レインボーライン,うみんぴあ大飯 エリア,1
2023-07-12,福井,レインボーライン,湖上館パムコ（水月湖）エリア,1
2023-07-12,福井,レインボーライン エリア,日本海さかな街,1
2023-07-12,福井,一乗谷朝倉氏遺跡,あわら湯のまち エリア,1
2023-07-12,福井,丸岡城,丸岡城 エリア,1
2023-07-12,福井,丸岡城,大本山 永平寺 エリア,1
2023-07-12,福井,丸岡城 エリア,三國湊レトロ,1
2023-07-12,福井,吉崎御坊跡,越前そばの里 エリア,1
2023-07-12,福井,大本山 永平寺 エリア,一乗谷朝倉氏遺跡,1
2023-07-12,福井,大本山永平寺,道の駅みくに ふれあいパーク三里浜 エリア,1
2023-07-12,福井,小浜市水産食品センター（若狭小浜お魚センター）,道の駅「若狭おばま」 エリア,1
2023-07-12,福井,岡太神社・大瀧神社,レインボーライン エリア,1
2023-07-12,福井,日本海さかな街 エリア,三方五湖,1
2023-07-12,福井,日本海さかな街 エリア,越前がにミュージアム,1
2023-07-12,福井,武生駅 エリア,越前大野城,1
2023-07-12,福井,氣比神宮,JR敦賀駅前 エリア,1
2023-07-12,福井,氣比神宮,日本海さかな街 エリア,1
2023-07-12,福井,水晶浜 エリア,レインボーライン,1
2023-07-12,福井,湖上館パムコ（水月湖）エリア,レインボーライン,1
2023-07-12,福井,自宅,越前そばの里 エリア,1
2023-07-12,福井,花はす公園,道の駅「南えちぜん山海里」 エリア,2
2023-07-12,福井,道の駅「南えちぜん山海里」,あわら湯のまち エリア,1
2023-07-12,福井,道の駅「若狭おばま」 エリア,若狭たかはま エルどらんど,1
2023-07-12,福井,道の駅「越前」,越前そばの里 エリア,1
2023-07-13,福井,JR美浜駅 エリア,丸岡城,1
2023-07-13,福井,JR美浜駅 エリア,気比の松原,1
2023-07-13,福井,あわら湯のまち エリア,大本山永平寺,1
2023-07-13,福井,あわら湯のまち エリア,日本海さかな街,1
2023-07-13,福井,レインボーライン,レインボーライン エリア,1
2023-07-13,福井,レインボーライン,道の駅「三方五湖」  エリア,1
2023-07-13,福井,一乗谷朝倉氏遺跡,ふくい鮮いちば エリア,1
2023-07-13,福井,一乗谷朝倉氏遺跡,福井駅前 エリア,1
2023-07-13,福井,一乗谷朝倉氏遺跡,越前そばの里 エリア,2
2023-07-13,福井,一乗谷朝倉氏遺跡,越前大野城・城下町 エリア,1
2023-07-13,福井,一乗谷朝倉氏遺跡,道の駅「南えちぜん山海里」 エリア,1
2023-07-13,福井,丸岡城,あわら湯のまち エリア,1
2023-07-13,福井,丸岡城,はたや記念館 ゆめおーれ勝山 エリア,1
2023-07-13,福井,人道の港 敦賀ムゼウム,あわら湯のまち エリア,1
2023-07-13,福井,北の庄城址・柴田公園,北ノ庄 エリア,1
2023-07-13,福井,大本山永平寺,越前海岸 くりや旅館街 エリア,1
2023-07-13,福井,敦賀赤レンガ倉庫,金ヶ崎 エリア,1
2023-07-13,福井,氣比神宮,熊川宿 エリア,1
2023-07-13,福井,水島,JR美浜駅 エリア,1
2023-07-13,福井,福井駅前 エリア,丸岡城,1
2023-07-13,福井,若狭フィッシャーマンズワーフ エリア,レインボーライン,1
2023-07-13,福井,越前そばの里 エリア,岡太神社・大瀧神社,1
2023-07-13,福井,越前そばの里 エリア,東尋坊,1
2023-07-13,福井,越前大野城,越前そばの里 エリア,1
2023-07-13,福井,越前大野城・城下町 エリア,越前大野城,1
2023-07-13,福井,道の駅「三方五湖」  エリア,あわら温泉街,1
2023-07-13,福井,道の駅「若狭熊川宿」,うみんぴあ大飯 エリア,1
2023-07-14,福井,JR九頭竜湖駅 エリア,一乗谷朝倉氏遺跡,1
2023-07-14,福井,JR九頭竜湖駅 エリア,大本山永平寺,1
2023-07-14,福井,JR敦賀駅前 エリア,気比の松原,1
2023-07-14,福井,JR敦賀駅前 エリア,花はす公園,1
2023-07-14,福井,あわら湯のまち エリア,東尋坊,3
2023-07-14,福井,あわら湯のまち エリア,越前松島水族館,2
2023-07-14,福井,うみんぴあ大飯 エリア,小浜市水産食品センター（若狭小浜お魚センター）,1
2023-07-14,福井,スーベニアショップ ラプトル エリア,越前大野城,1
2023-07-14,福井,ファーマーズマーケットきららの丘,フルーツライン エリア,1
2023-07-14,福井,レインボーライン,レインボーライン エリア,1
2023-07-14,福井,レインボーライン,若狭海遊バザール 千鳥苑 エリア,1
2023-07-14,福井,一乗谷朝倉氏遺跡,あわら湯のまち エリア,1
2023-07-14,福井,一乗谷朝倉氏遺跡,越前そばの里 エリア,2
2023-07-14,福井,一乗谷朝倉氏遺跡,越前海岸 北部 エリア,1
2023-07-14,福井,一乗谷朝倉氏遺跡,道の駅「南えちぜん山海里」 エリア,1
2023-07-14,福井,一乗谷朝倉氏遺跡,道の駅「恐竜渓谷かつやま」 エリア,2
2023-07-14,福井,一乗谷朝倉氏遺跡 エリア,うるしの里,1
2023-07-14,福井,一乗谷朝倉氏遺跡 エリア,東尋坊,1
2023-07-14,福井,三国湊 エリア,東尋坊,1
2023-07-14,福井,三方五湖,越前そばの里 エリア,1
2023-07-14,福井,中山寺,若狭高浜 エリア,1
2023-07-14,福井,丸岡城,スーベニアショップ ラプトル エリア,1
2023-07-14,福井,劔神社,東尋坊 エリア,1
2023-07-14,福井,劔神社,道の駅「パークイン丹生ヶ丘」 エリア,1
2023-07-14,福井,劔神社 エリア,東尋坊,1
2023-07-14,福井,北潟湖 エリア,丸岡城,1
2023-07-14,福井,北陸新幹線 越前たけふ駅 エリア,一乗谷朝倉氏遺跡,1
2023-07-14,福井,吉崎御坊跡,北潟湖 エリア,2
2023-07-14,福井,大本山永平寺,あわら湯のまち エリア,1
2023-07-14,福井,御誕生寺,北陸新幹線 越前たけふ駅 エリア,1
2023-07-14,福井,敦賀赤レンガ倉庫,JR九頭竜湖駅 エリア,1
2023-07-14,福井,明通寺 エリア,道の駅「若狭おばま」,1
2023-07-14,福井,東尋坊,あわら湯のまち エリア,1
2023-07-14,福井,東尋坊,越前そばの里 エリア,1
2023-07-14,福井,東尋坊 エリア,丸岡城,1
2023-07-14,福井,氣比神宮,JR敦賀駅前 エリア,1
2023-07-14,福井,氣比神宮,道の駅「南えちぜん山海里」 エリア,1
2023-07-14,福井,白山平泉寺歴史探遊館 まほろば,平泉寺白山神社 エリア,1
2023-07-14,福井,福井県立恐竜博物館,あわら湯のまち エリア,4
2023-07-14,福井,福井県立恐竜博物館,スーベニアショップ ラプトル エリア,1
2023-07-14,福井,福井県立恐竜博物館,越前大野城・城下町 エリア,1
2023-07-14,福井,福井県立恐竜博物館,道の駅「パークイン丹生ヶ丘」 エリア,1
2023-07-14,福井,福井県立恐竜博物館,道の駅「南えちぜん山海里」 エリア,1
2023-07-14,福井,福井県立恐竜博物館,道の駅「恐竜渓谷かつやま」 エリア,1
2023-07-14,福井,花はす公園,道の駅「南えちぜん山海里」 エリア,1
2023-07-14,福井,若狭フィッシャーマンズワーフ,小浜 エリア（宿泊施設）,1
2023-07-14,福井,若狭フィッシャーマンズワーフ,道の駅「若狭おばま」 エリア,1
2023-07-14,福井,越前がにミュージアム,道の駅「越前」 エリア,1
2023-07-14,福井,越前そばの里,一乗谷朝倉氏遺跡 エリア,1
2023-07-14,福井,越前そばの里 エリア,越前松島水族館,1
2023-07-14,福井,越前そばの里 エリア,道の駅「さかい」（坂井地域交流センター「いねす」）,1
2023-07-14,福井,越前大野城,あわら湯のまち エリア,1
2023-07-14,福井,越前大野城,道の駅「越前おおの荒島の郷」 エリア,1
2023-07-14,福井,越前海岸 北部 エリア,越前大仏,1
2023-07-14,福井,道の駅「うみんぴあ大飯」,明通寺 エリア,1
2023-07-14,福井,道の駅「うみんぴあ大飯」,若狭フィッシャーマンズワーフ エリア,1
2023-07-14,福井,道の駅「シーサイド高浜」,うみんぴあ大飯 エリア,1
2023-07-14,福井,道の駅「シーサイド高浜」 エリア,道の駅「うみんぴあ大飯」,1
2023-07-14,福井,道の駅「パークイン丹生ヶ丘」 エリア,東尋坊,1
2023-07-14,福井,道の駅「一乗谷あさくら水の駅」,一乗谷朝倉氏遺跡 エリア,1
2023-07-14,福井,道の駅「南えちぜん山海里」 エリア,一乗谷朝倉氏遺跡,1
2023-07-14,福井,道の駅「南えちぜん山海里」 エリア,花はす公園,1
2023-07-14,福井,道の駅「恐竜渓谷かつやま」 エリア,福井県立恐竜博物館,1
2023-07-14,福井,道の駅「越前おおの荒島の郷」 エリア,あわら温泉街,1
2023-07-14,福井,野外恐竜博物館,三国湊 エリア,1
2023-07-15,福井,JR九頭竜湖駅 エリア,福井県立恐竜博物館,1
2023-07-15,福井,JR敦賀駅前 エリア,レインボーライン,1
2023-07-15,福井,JR敦賀駅前 エリア,氣比神宮,1
2023-07-15,福井,あわら温泉街,フルーツライン エリア,1
2023-07-15,福井,あわら温泉街,東尋坊 エリア,1
2023-07-15,福井,あわら湯のまち エリア,あわら温泉屋台村「湯けむり横丁」,1
2023-07-15,福井,あわら湯のまち エリア,大本山永平寺,1
2023-07-15,福井,あわら湯のまち エリア,福井県立恐竜博物館,1
2023-07-15,福井,あわら湯のまち エリア,芝政ワールド,1
2023-07-15,福井,あわら湯のまち エリア,養浩館庭園,1
2023-07-15,福井,はたや記念館 ゆめおーれ勝山 エリア,越前大仏,1
2023-07-15,福井,ふれあいパーク三里浜(道の駅「みくに」),北潟湖 エリア,1
2023-07-15,福井,ふれあいパーク三里浜(道の駅「みくに」),道の駅みくに ふれあいパーク三里浜 エリア,1
2023-07-15,福井,スーベニアショップ ラプトル エリア,福井駅,1
2023-07-15,福井,スーベニアショップ ラプトル エリア,越前大野城,1
2023-07-15,福井,フルーツライン エリア,福井県立恐竜博物館,1
2023-07-15,福井,レインボーライン エリア,一乗谷朝倉氏遺跡,1
2023-07-15,福井,レインボーライン エリア,大本山永平寺,1
2023-07-15,福井,レインボーライン エリア,道の駅「三方五湖」,2
2023-07-15,福井,一乗谷朝倉氏遺跡,あわら湯のまち エリア,2
2023-07-15,福井,一乗谷朝倉氏遺跡,平泉寺白山神社 エリア,1
2023-07-15,福井,一乗谷朝倉氏遺跡,東尋坊 エリア,1
2023-07-15,福井,一乗谷朝倉氏遺跡,紫式部公園 エリア,1
2023-07-15,福井,一乗谷朝倉氏遺跡,越前そばの里 エリア,1
2023-07-15,福井,一乗谷朝倉氏遺跡,越前大野城・城下町 エリア,5
2023-07-15,福井,一乗谷朝倉氏遺跡,金ヶ崎 エリア,1
2023-07-15,福井,一乗谷朝倉氏遺跡 エリア,丸岡城,1
2023-07-15,福井,一乗谷朝倉氏遺跡 エリア,北の庄城址・柴田公園,1
2023-07-15,福井,一乗谷朝倉氏遺跡 エリア,福井県立恐竜博物館,1
2023-07-15,福井,一乗谷朝倉氏遺跡 エリア,越前大野城,3
2023-07-15,福井,三国サンセットビーチ,越前そばの里 エリア,1
2023-07-15,福井,丸岡城,あわら湯のまち エリア,2
2023-07-15,福井,丸岡城,一乗谷朝倉氏遺跡 エリア,1
2023-07-15,福井,丸岡城,三国湊 エリア,1
2023-07-15,福井,丸岡城,丸岡城 エリア,1
2023-07-15,福井,丸岡城,大本山 永平寺 エリア,1
2023-07-15,福井,丸岡城,福井駅前 エリア,1
2023-07-15,福井,丸岡城,若狭フィッシャーマンズワーフ エリア,1
2023-07-15,福井,丸岡城,道の駅「南えちぜん山海里」 エリア,2
2023-07-15,福井,丸岡城 エリア,一乗谷朝倉氏遺跡,1
2023-07-15,福井,丸岡城 エリア,一筆啓上 日本一短い手紙の館,1
2023-07-15,福井,丸岡城 エリア,道の駅「南えちぜん山海里」,1
2023-07-15,福井,九頭竜湖,福井駅前 エリア,1
2023-07-15,福井,北の庄城址・柴田公園,北ノ庄 エリア,3
2023-07-15,福井,北ノ庄 エリア,福井駅,1
2023-07-15,福井,北陸新幹線 越前たけふ駅 エリア,一乗谷朝倉氏遺跡,1
2023-07-15,福井,北陸新幹線 越前たけふ駅 エリア,越前打刃物会館,1
2023-07-15,福井,北陸新幹線 越前たけふ駅 エリア,道の駅「河野」,1
2023-07-15,福井,吉崎御坊跡,丸岡城 エリア,1
2023-07-15,福井,吉崎御坊跡,道の駅みくに ふれあいパーク三里浜 エリア,1
2023-07-15,福井,大本山 永平寺 エリア,一乗谷朝倉氏遺跡,2
2023-07-15,福井,大本山 永平寺 エリア,福井県立恐竜博物館,1
2023-07-15,福井,大本山永平寺,一乗谷朝倉氏遺跡 エリア,3
2023-07-15,福井,大本山永平寺,明通寺 エリア,1
2023-07-15,福井,大本山永平寺,福井駅前 エリア,1
2023-07-15,福井,小浜 エリア（宿泊施設）,丸岡城,1
2023-07-15,福井,小浜 エリア（宿泊施設）,人魚の浜海水浴場,1
2023-07-15,福井,小浜 エリア（宿泊施設）,御食国若狭おばま食文化館,1
2023-07-15,福井,小浜市水産食品センター（若狭小浜お魚センター）,道の駅「三方五湖」  エリア,1
2023-07-15,福井,岡太神社・大瀧神社,一乗谷朝倉氏遺跡 エリア,1
2023-07-15,福井,岡太神社・大瀧神社,越前そばの里 エリア,1
2023-07-15,福井,平泉寺白山神社,はたや記念館 ゆめおーれ勝山 エリア,1
2023-07-15,福井,平泉寺白山神社 エリア,福井県立恐竜博物館,1
2023-07-15,福井,平泉寺白山神社 エリア,越前大仏,1
2023-07-15,福井,御誕生寺,越前そばの里 エリア,1
2023-07-15,福井,敦賀赤レンガ倉庫,金ヶ崎 エリア,2
2023-07-15,福井,敦賀鉄道資料館（旧敦賀港駅舎 ）,JR敦賀駅前 エリア,1
2023-07-15,福井,敦賀鉄道資料館（旧敦賀港駅舎 ）,金ヶ崎 エリア,1
2023-07-15,福井,東尋坊,あわら湯のまち エリア,1
2023-07-15,福井,東尋坊,丸岡城 エリア,1
2023-07-15,福井,東尋坊 エリア,三國湊レトロ,1
2023-07-15,福井,東尋坊 エリア,大本山永平寺,1
2023-07-15,福井,氣比神宮,金ヶ崎 エリア,2
2023-07-15,福井,白山平泉寺歴史探遊館 まほろば,平泉寺白山神社 エリア,1
2023-07-15,福井,福井城,一乗谷朝倉氏遺跡 エリア,1
2023-07-15,福井,福井県立恐竜博物館,スーベニアショップ ラプトル エリア,2
2023-07-15,福井,福井県立恐竜博物館,越前松島水族館 エリア,1
2023-07-15,福井,福井県立恐竜博物館,道の駅「恐竜渓谷かつやま」 エリア,2
2023-07-15,福井,福井駅前 エリア,岡太神社・大瀧神社,1
2023-07-15,福井,福井駅前 エリア,東尋坊,1
2023-07-15,福井,福井駅前 エリア,養浩館庭園,1
2023-07-15,福井,福井駅前 エリア（宿泊施設）,岡太神社・大瀧神社,2
2023-07-15,福井,紫式部公園 エリア,今庄宿,1
2023-07-15,福井,紫式部公園 エリア,御誕生寺,1
2023-07-15,福井,花はす公園,紫式部公園 エリア,1
2023-07-15,福井,花はす公園,越前そばの里 エリア,2
2023-07-15,福井,花はす公園,道の駅「南えちぜん山海里」 エリア,1
2023-07-15,福井,若狭フィッシャーマンズワーフ,レインボーライン エリア,2
2023-07-15,福井,若狭フィッシャーマンズワーフ,道の駅「三方五湖」  エリア,1
2023-07-15,福井,若狭フィッシャーマンズワーフ エリア,レインボーライン,1
2023-07-15,福井,若狭フィッシャーマンズワーフ エリア,三方五湖,1
2023-07-15,福井,若狭和田ビーチ,道の駅「シーサイド高浜」 エリア,1
2023-07-15,福井,赤礁崎オートキャンプ場,道の駅「シーサイド高浜」 エリア,1
2023-07-15,福井,越前そばの里,あわら湯のまち エリア,1
2023-07-15,福井,越前そばの里 エリア,かずら橋,2
2023-07-15,福井,越前そばの里 エリア,一乗谷朝倉氏遺跡,1
2023-07-15,福井,越前そばの里 エリア,吉崎御坊跡,1
2023-07-15,福井,越前そばの里 エリア,日本海さかな街,1
2023-07-15,福井,越前そばの里 エリア,越前和紙の里,1
2023-07-15,福井,越前そばの里 エリア,越前大野城,1
2023-07-15,福井,越前そばの里 エリア,越前松島水族館,1
2023-07-15,福井,越前そばの里 エリア,道の駅「越前」,1
2023-07-15,福井,越前和紙の里,越前そばの里 エリア,1
2023-07-15,福井,越前和紙の里 エリア,大本山永平寺,1
2023-07-15,福井,越前大野城,一乗谷朝倉氏遺跡 エリア,1
2023-07-15,福井,越前大野城,大本山 永平寺 エリア,1
2023-07-15,福井,越前大野城,東尋坊 エリア,1
2023-07-15,福井,越前大野城,紫式部公園 エリア,1
2023-07-15,福井,越前大野城・城下町 エリア,丸岡城,1
2023-07-15,福井,越前大野城・城下町 エリア,越前大野城,1
2023-07-15,福井,越前大野城・城下町 エリア,養浩館庭園,1
2023-07-15,福井,越前松島水族館,あわら湯のまち エリア,1
2023-07-15,福井,越前松島水族館,福井駅前 エリア,1
2023-07-15,福井,越前海岸,越前海岸 高佐米ノ旅館街 エリア,1
2023-07-15,福井,道の駅「シーサイド高浜」 エリア,UMIKARA,1
2023-07-15,福井,道の駅「シーサイド高浜」 エリア,道の駅「うみんぴあ大飯」,1
2023-07-15,福井,道の駅「三方五湖」  エリア,小浜市水産食品センター（若狭小浜お魚センター）,1
2023-07-15,福井,道の駅「九頭竜・和泉ふれあい会館」,福井駅前 エリア（宿泊施設）,1
2023-07-15,福井,道の駅「南えちぜん山海里」,道の駅「西山公園」 エリア,1
2023-07-15,福井,道の駅「南えちぜん山海里」 エリア,今庄宿,1
2023-07-15,福井,道の駅「南えちぜん山海里」 エリア,花はす公園,1
2023-07-15,福井,道の駅「南えちぜん山海里」 エリア,越前大野城,1
2023-07-15,福井,道の駅「恐竜渓谷かつやま」,道の駅「越前おおの荒島の郷」 エリア,1
2023-07-15,福井,道の駅「恐竜渓谷かつやま」 エリア,越前大野城,1
2023-07-15,福井,道の駅「恐竜渓谷かつやま」 エリア,野外恐竜博物館,1
2023-07-15,福井,道の駅「禅の里」,スーベニアショップ ラプトル エリア,1
2023-07-15,福井,道の駅「若狭おばま」,御食国若狭おばま食文化館 エリア,1
2023-07-15,福井,道の駅「若狭熊川宿」,小浜 エリア（宿泊施設）,1
2023-07-15,福井,道の駅「西山公園」 エリア,めがねミュージアム,1
2023-07-15,福井,道の駅「越前おおの荒島の郷」,JR九頭竜湖駅 エリア,1
2023-07-15,福井,金ヶ崎 エリア,「ちひろの生まれた家」記念館,1
2023-07-15,福井,金ヶ崎 エリア,人道の港 敦賀ムゼウム,1
2023-07-15,福井,金ヶ崎 エリア,敦賀赤レンガ倉庫,2
2023-07-15,福井,金ヶ崎 エリア,氣比神宮,1
2023-07-16,福井,JR九頭竜湖駅 エリア,福井県立恐竜博物館,1
2023-07-16,福井,JR美浜駅 エリア,道の駅「若狭おばま」,1
2023-07-16,福井,「ちひろの生まれた家」記念館,北陸新幹線 越前たけふ駅 エリア,1
2023-07-16,福井,あわら湯のまち エリア,ファーマーズマーケットきららの丘,1
2023-07-16,福井,あわら湯のまち エリア,気比の松原,1
2023-07-16,福井,あわら湯のまち エリア,瀧谷寺,1
2023-07-16,福井,あわら湯のまち エリア,越前松島水族館,1
2023-07-16,福井,うみんぴあ大飯 エリア,エルガイアおおい,1
2023-07-16,福井,うみんぴあ大飯 エリア,三方五湖,1
2023-07-16,福井,かずら橋 エリア,東尋坊,1
2023-07-16,福井,めがねミュージアム,うるしの里 エリア,2
2023-07-16,福井,スーベニアショップ ラプトル エリア,九頭竜湖,1
2023-07-16,福井,スーベニアショップ ラプトル エリア,福井県立恐竜博物館,1
2023-07-16,福井,スーベニアショップ ラプトル エリア,福井駅,1
2023-07-16,福井,スーベニアショップ ラプトル エリア,越前大仏,1
2023-07-16,福井,ファーマーズマーケットきららの丘,フルーツライン エリア,1
2023-07-16,福井,ホテルうみんぴあ,うみんぴあ大飯 エリア,1
2023-07-16,福井,メガネストリート エリア,福井駅,1
2023-07-16,福井,レインボーライン,明通寺 エリア,1
2023-07-16,福井,レインボーライン,若狭和田 エリア,1
2023-07-16,福井,レインボーライン,道の駅「三方五湖」  エリア,2
2023-07-16,福井,レインボーライン エリア,日本海さかな街,1
2023-07-16,福井,レインボーライン エリア,熊川宿,1
2023-07-16,福井,一乗谷朝倉氏遺跡,あわら湯のまち エリア,1
2023-07-16,福井,一乗谷朝倉氏遺跡,一乗谷朝倉氏遺跡 エリア,1
2023-07-16,福井,一乗谷朝倉氏遺跡,大本山 永平寺 エリア,1
2023-07-16,福井,一乗谷朝倉氏遺跡,東尋坊 エリア,1
2023-07-16,福井,一乗谷朝倉氏遺跡,越前そばの里 エリア,1
2023-07-16,福井,一乗谷朝倉氏遺跡,道の駅「越前」 エリア,1
2023-07-16,福井,一乗谷朝倉氏遺跡,道の駅「越前おおの荒島の郷」 エリア,1
2023-07-16,福井,一乗谷朝倉氏遺跡 エリア,大本山永平寺,1
2023-07-16,福井,一乗谷朝倉氏遺跡 エリア,福井県立恐竜博物館,1
2023-07-16,福井,一乗谷朝倉氏遺跡 エリア,福井駅,1
2023-07-16,福井,三国湊 エリア,越前松島水族館,1
2023-07-16,福井,三方五湖,JR美浜駅 エリア,1
2023-07-16,福井,三方五湖,熊川宿 エリア,1
2023-07-16,福井,丸岡城,大本山 永平寺 エリア,1
2023-07-16,福井,丸岡城 エリア,丸岡城,1
2023-07-16,福井,北前船主の館 右近家,日本海さかな街 エリア,1
2023-07-16,福井,名勝 養浩館庭園 エリア,福井駅,1
2023-07-16,福井,名田庄 エリア,道の駅「若狭おばま」,1
2023-07-16,福井,大本山 永平寺 エリア,一乗谷朝倉氏遺跡,3
2023-07-16,福井,大本山 永平寺 エリア,北の庄城址・柴田公園,1
2023-07-16,福井,大本山永平寺,JR九頭竜湖駅 エリア,1
2023-07-16,福井,大本山永平寺,あわら湯のまち エリア,1
2023-07-16,福井,大本山永平寺,かずら橋 エリア,1
2023-07-16,福井,大本山永平寺,一乗谷朝倉氏遺跡 エリア,1
2023-07-16,福井,大本山永平寺,丸岡城 エリア,1
2023-07-16,福井,大本山永平寺,名勝 養浩館庭園 エリア,1
2023-07-16,福井,大本山永平寺,福井駅前 エリア,1
2023-07-16,福井,天橋立（京都府）,明通寺 エリア,1
2023-07-16,福井,小浜市 阿納 エリア,越前大野城,1
2023-07-16,福井,敦賀赤レンガ倉庫,金ヶ崎 エリア,1
2023-07-16,福井,日本海さかな街,日本海さかな街 エリア,1
2023-07-16,福井,日本海さかな街,福井駅前 エリア,1
2023-07-16,福井,日本海さかな街,道の駅「越前」 エリア,1
2023-07-16,福井,明通寺 エリア,丸岡城,1
2023-07-16,福井,東尋坊,あわら湯のまち エリア,1
2023-07-16,福井,東尋坊,三国湊 エリア,1
2023-07-16,福井,東尋坊,大本山 永平寺 エリア,1
2023-07-16,福井,東尋坊,越前松島水族館 エリア,1
2023-07-16,福井,東尋坊,越前海岸 くりや旅館街 エリア,1
2023-07-16,福井,東尋坊 エリア,越前松島水族館,1
2023-07-16,福井,楽市,越前そばの里 エリア,1
2023-07-16,福井,氣比神宮,北前船主の館 右近家 エリア,1
2023-07-16,福井,水島 エリア,敦賀赤レンガ倉庫,1
2023-07-16,福井,福井県海浜自然センター,JR美浜駅 エリア,1
2023-07-16,福井,福井県立恐竜博物館,あわら湯のまち エリア,1
2023-07-16,福井,福井県立恐竜博物館,スーベニアショップ ラプトル エリア,1
2023-07-16,福井,福井県立恐竜博物館,三国湊 エリア,1
2023-07-16,福井,福井県立恐竜博物館,東尋坊 エリア,1
2023-07-16,福井,福井県立恐竜博物館,福井駅前 エリア,1
2023-07-16,福井,福井県立恐竜博物館,福井駅前 エリア（宿泊施設）,1
2023-07-16,福井,福井県立恐竜博物館,道の駅「恐竜渓谷かつやま」 エリア,2
2023-07-16,福井,福井駅,スーベニアショップ ラプトル エリア,1
2023-07-16,福井,福井駅,福井駅前 エリア,1
2023-07-16,福井,福井駅,道の駅「三方五湖」  エリア,1
2023-07-16,福井,福井駅前 エリア,北の庄城址・柴田公園,1
2023-07-16,福井,福井駅前 エリア,福井駅,1
2023-07-16,福井,福井駅前 エリア（宿泊施設）,めがねミュージアム,1
2023-07-16,福井,箸のふるさと館WAKASA エリア,若狭フィッシャーマンズワーフ,1
2023-07-16,福井,若狭たかはま エルどらんど,うみんぴあ大飯 エリア,1
2023-07-16,福井,若狭瓜割名水公園 瓜割の滝,明通寺 エリア,1
2023-07-16,福井,越前そばの里,紫式部公園 エリア,1
2023-07-16,福井,越前そばの里 エリア,丸岡城,1
2023-07-16,福井,越前そばの里 エリア,越前打刃物会館,1
2023-07-16,福井,越前そばの里 エリア,道の駅「越前」,1
2023-07-16,福井,越前大仏,あわら湯のまち エリア,1
2023-07-16,福井,越前大仏,スーベニアショップ ラプトル エリア,1
2023-07-16,福井,越前大仏,平泉寺白山神社 エリア,1
2023-07-16,福井,越前大野城,名勝 養浩館庭園 エリア,1
2023-07-16,福井,越前大野城,大本山 永平寺 エリア,2
2023-07-16,福井,越前大野城,福井駅前 エリア,1
2023-07-16,福井,越前大野城,越前大野城・城下町 エリア,1
2023-07-16,福井,越前大野城,道の駅「三方五湖」  エリア,1
2023-07-16,福井,越前大野城・城下町 エリア,福井県立恐竜博物館,1
2023-07-16,福井,越前大野城・城下町 エリア,福井駅,1
2023-07-16,福井,越前岬,道の駅「越前」 エリア,1
2023-07-16,福井,越前松島水族館 エリア,一乗谷朝倉氏遺跡,1
2023-07-16,福井,越前海岸 くりや旅館街 エリア,道の駅「越前」,1
2023-07-16,福井,道の駅「うみんぴあ大飯」,JR美浜駅 エリア,1
2023-07-16,福井,道の駅「うみんぴあ大飯」,名田庄 エリア,1
2023-07-16,福井,道の駅「シーサイド高浜」,越前海岸 くりや旅館街 エリア,1
2023-07-16,福井,道の駅「パークイン丹生ヶ丘」 エリア,東尋坊,1
2023-07-16,福井,道の駅「三方五湖」,うみんぴあ大飯 エリア,1
2023-07-16,福井,道の駅「名田庄」,名田庄 エリア,1
2023-07-16,福井,道の駅「名田庄」,道の駅「若狭おばま」 エリア,1
2023-07-16,福井,道の駅「恐竜渓谷かつやま」,越前大野城・城下町 エリア,1
2023-07-16,福井,道の駅「恐竜渓谷かつやま」,道の駅「越前おおの荒島の郷」 エリア,1
2023-07-16,福井,道の駅「河野」,あわら湯のまち エリア,1
2023-07-16,福井,道の駅「河野」,北前船主の館 右近家 エリア,1
2023-07-16,福井,道の駅「若狭おばま」,箸のふるさと館WAKASA エリア,1
2023-07-16,福井,道の駅「若狭熊川宿」,熊川宿 エリア,1
2023-07-16,福井,道の駅「越前」,道の駅「パークイン丹生ヶ丘」 エリア,1
2023-07-16,福井,道の駅「越前おおの荒島の郷」 エリア,越前大野城,1
2023-07-17,福井,JR九頭竜湖駅 エリア,福井県立恐竜博物館,1
2023-07-17,福井,JR敦賀駅前 エリア,東尋坊,1
2023-07-17,福井,JR敦賀駅前 エリア,金沢駅周辺（石川県）,1
2023-07-17,福井,JR芦原温泉駅 エリア,あわら温泉街,1
2023-07-17,福井,JR芦原温泉駅 エリア,丸岡城,1
2023-07-17,福井,あわら湯のまち エリア,福井県立恐竜博物館,2
2023-07-17,福井,あわら湯のまち エリア,芝政ワールド,2
2023-07-17,福井,あわら湯のまち エリア,越前松島水族館,1
2023-07-17,福井,うみんぴあ大飯 エリア,赤礁崎オートキャンプ場,1
2023-07-17,福井,かずら橋 エリア,福井県立恐竜博物館,1
2023-07-17,福井,ふくい鮮いちば エリア,一乗谷朝倉氏遺跡,1
2023-07-17,福井,ふれあいパーク三里浜(道の駅「みくに」),あわら湯のまち エリア,1
2023-07-17,福井,まちの市場 こってコテいけだ エリア,龍双ヶ滝,1
2023-07-17,福井,めがねミュージアム,越前そばの里 エリア,1
2023-07-17,福井,スーベニアショップ ラプトル エリア,越前松島水族館,1
2023-07-17,福井,タケフナイフビレッジ エリア,大本山永平寺,1
2023-07-17,福井,ドライブインよしだ,湖上館パムコ（水月湖）エリア,1
2023-07-17,福井,レインボーライン,福井駅前 エリア,1
2023-07-17,福井,レインボーライン エリア,小浜市水産食品センター（若狭小浜お魚センター）,1
2023-07-17,福井,レインボーライン エリア,東尋坊,1
2023-07-17,福井,レインボーライン エリア,若狭フィッシャーマンズワーフ,1
2023-07-17,福井,レインボーライン エリア,道の駅「うみんぴあ大飯」,1
2023-07-17,福井,レインボーライン エリア,道の駅「若狭熊川宿」,1
2023-07-17,福井,一乗谷朝倉氏遺跡,かずら橋 エリア,2
2023-07-17,福井,一乗谷朝倉氏遺跡,スーベニアショップ ラプトル エリア,1
2023-07-17,福井,一乗谷朝倉氏遺跡,丸岡城 エリア,1
2023-07-17,福井,一乗谷朝倉氏遺跡,大本山 永平寺 エリア,1
2023-07-17,福井,一乗谷朝倉氏遺跡,東尋坊 エリア,2
2023-07-17,福井,一乗谷朝倉氏遺跡,道の駅「南えちぜん山海里」 エリア,1
2023-07-17,福井,一乗谷朝倉氏遺跡 エリア,丸岡城,1
2023-07-17,福井,一乗谷朝倉氏遺跡 エリア,大本山永平寺,1
2023-07-17,福井,三国サンセットビーチ,三国湊 エリア,2
2023-07-17,福井,三国サンセットビーチ,福井駅前 エリア,1
2023-07-17,福井,三国湊 エリア,大本山永平寺,1
2023-07-17,福井,三國湊レトロ,三国湊 エリア,1
2023-07-17,福井,三方五湖,レインボーライン エリア,1
2023-07-17,福井,丸岡城,JR芦原温泉駅 エリア,1
2023-07-17,福井,丸岡城,あわら湯のまち エリア,1
2023-07-17,福井,丸岡城,越前大野城・城下町 エリア,2
2023-07-17,福井,丸岡城 エリア,東尋坊,2
2023-07-17,福井,丸岡城 エリア,越前大野城,1
2023-07-17,福井,五湖の駅,湖上館パムコ（水月湖）エリア,1
2023-07-17,福井,今庄宿,今庄宿 エリア,1
2023-07-17,福井,劔神社,越前陶芸村 エリア,2
2023-07-17,福井,劔神社 エリア,越前陶芸村,1
2023-07-17,福井,名勝 養浩館庭園 エリア,越前大野城,1
2023-07-17,福井,名田庄 エリア,国分寺 (小浜市),1
2023-07-17,福井,国分寺 (小浜市),レインボーライン エリア,1
2023-07-17,福井,大本山永平寺,あわら湯のまち エリア,1
2023-07-17,福井,大本山永平寺,えちぜん鉄道 松岡駅 エリア,1
2023-07-17,福井,大本山永平寺,ふくい鮮いちば エリア,1
2023-07-17,福井,小浜市水産食品センター（若狭小浜お魚センター）,日本海さかな街 エリア,1
2023-07-17,福井,御誕生寺,道の駅「南えちぜん山海里」 エリア,1
2023-07-17,福井,御食国若狭おばま食文化館,うみんぴあ大飯 エリア,1
2023-07-17,福井,敦賀赤レンガ倉庫,レインボーライン エリア,1
2023-07-17,福井,明通寺 エリア,小浜市水産食品センター（若狭小浜お魚センター）,1
2023-07-17,福井,明通寺 エリア,道の駅「若狭おばま」,1
2023-07-17,福井,東尋坊,あわら湯のまち エリア,2
2023-07-17,福井,東尋坊,東尋坊 エリア,2
2023-07-17,福井,東尋坊 エリア,丸岡城,1
2023-07-17,福井,東尋坊 エリア,越前松島水族館,1
2023-07-17,福井,氣比神宮,道の駅「パークイン丹生ヶ丘」 エリア,1
2023-07-17,福井,湖上館パムコ（水月湖）エリア,五湖の駅,1
2023-07-17,福井,瀧谷寺,三国湊 エリア,1
2023-07-17,福井,熊川宿,明通寺 エリア,1
2023-07-17,福井,福井県立恐竜博物館,あわら湯のまち エリア,2
2023-07-17,福井,福井県立恐竜博物館,うるしの里 エリア,1
2023-07-17,福井,福井県立恐竜博物館,スーベニアショップ ラプトル エリア,4
2023-07-17,福井,福井県立恐竜博物館,丸岡城 エリア,1
2023-07-17,福井,福井県立恐竜博物館,大本山 永平寺 エリア,1
2023-07-17,福井,福井県立恐竜博物館,道の駅「恐竜渓谷かつやま」 エリア,2
2023-07-17,福井,福井駅,ふくい鮮いちば エリア,1
2023-07-17,福井,福井駅,道の駅「西山公園」 エリア,1
2023-07-17,福井,福井駅前 エリア,福井県立恐竜博物館,1
2023-07-17,福井,箸のふるさと館WAKASA,レインボーライン エリア,1
2023-07-17,福井,芝政ワールド,あわら湯のまち エリア,1
2023-07-17,福井,芝政ワールド,三国湊 エリア,1
2023-07-17,福井,若狭三方縄文博物館,道の駅「三方五湖」  エリア,1
2023-07-17,福井,若狭和田ビーチ,道の駅「シーサイド高浜」 エリア,1
2023-07-17,福井,若狭海遊バザール千鳥苑 若狭美浜 海の駅,JR美浜駅 エリア,2
2023-07-17,福井,越前がにミュージアム,道の駅「パークイン丹生ヶ丘」 エリア,1
2023-07-17,福井,越前そばの里,一乗谷朝倉氏遺跡 エリア,1
2023-07-17,福井,越前そばの里 エリア,御誕生寺,1
2023-07-17,福井,越前和紙の里,タケフナイフビレッジ エリア,1
2023-07-17,福井,越前大仏,越前大野城・城下町 エリア,1
2023-07-17,福井,越前大仏,道の駅「若狭おばま」 エリア,1
2023-07-17,福井,越前大野城,道の駅「恐竜渓谷かつやま」 エリア,1
2023-07-17,福井,越前大野城・城下町 エリア,福井県立恐竜博物館,1
2023-07-17,福井,越前松島水族館,越前松島水族館 エリア,1
2023-07-17,福井,越前海岸,道の駅「越前」 エリア,2
2023-07-17,福井,越前陶芸村,道の駅「パークイン丹生ヶ丘」 エリア,2
2023-07-17,福井,越前陶芸村 エリア,道の駅「パークイン丹生ヶ丘」,1
2023-07-17,福井,道の駅「さかい」（坂井地域交流センター「いねす」）,道の駅みくに ふれあいパーク三里浜 エリア,1
2023-07-17,福井,道の駅「パークイン丹生ヶ丘」 エリア,西山動物園,2
2023-07-17,福井,道の駅「三方五湖」,レインボーライン エリア,1
2023-07-17,福井,道の駅「南えちぜん山海里」 エリア,越前大野城,1
2023-07-17,福井,道の駅「恐竜渓谷かつやま」 エリア,越前大仏,1
2023-07-17,福井,道の駅「恐竜渓谷かつやま」 エリア,道の駅「南えちぜん山海里」,1
2023-07-17,福井,道の駅「若狭おばま」,北陸新幹線 越前たけふ駅 エリア,1
2023-07-17,福井,道の駅「若狭おばま」 エリア,福井県立恐竜博物館,1
2023-07-17,福井,道の駅「若狭熊川宿」,明通寺 エリア,1
2023-07-17,福井,道の駅「西山公園」 エリア,日本海さかな街,1
2023-07-17,福井,道の駅「越前」 エリア,劔神社,2
2023-07-17,福井,阿納海水浴場(2021夏は開設しません),小浜市 阿納 エリア,1
2023-07-17,福井,龍双ヶ滝,まちの市場 こってコテいけだ エリア,1
2023-07-18,福井,あわら温泉街,あわら湯のまち エリア,1
2023-07-18,福井,かずら橋,北陸新幹線 越前たけふ駅 エリア,1
2023-07-18,福井,かずら橋,越前そばの里 エリア,1
2023-07-18,福井,はたや記念館 ゆめおーれ勝山,道の駅「恐竜渓谷かつやま」 エリア,1
2023-07-18,福井,はたや記念館 ゆめおーれ勝山 エリア,道の駅「恐竜渓谷かつやま」,1
2023-07-18,福井,一乗谷朝倉氏遺跡,明通寺 エリア,1
2023-07-18,福井,一乗谷朝倉氏遺跡,紫式部公園 エリア,1
2023-07-18,福井,一乗谷朝倉氏遺跡 エリア,丸岡城,1
2023-07-18,福井,丸岡城,あわら湯のまち エリア,1
2023-07-18,福井,丸岡城,道の駅「恐竜渓谷かつやま」 エリア,1
2023-07-18,福井,北陸新幹線 越前たけふ駅 エリア,日本海さかな街,1
2023-07-18,福井,大本山 永平寺 エリア,丸岡城,2
2023-07-18,福井,大本山 永平寺 エリア,道の駅「三方五湖」,1
2023-07-18,福井,大本山永平寺,大本山 永平寺 エリア,1
2023-07-18,福井,大本山永平寺,福井駅前 エリア,1
2023-07-18,福井,大本山永平寺,福井駅前 エリア（宿泊施設）,2
2023-07-18,福井,大本山永平寺,越前海岸 くりや旅館街 エリア,1
2023-07-18,福井,日本海さかな街,レインボーライン エリア,1
2023-07-18,福井,日本海さかな街,日本海さかな街 エリア,1
2023-07-18,福井,明通寺 エリア,一乗谷朝倉氏遺跡,1
2023-07-18,福井,明通寺 エリア,丸岡城,1
2023-07-18,福井,明通寺 エリア,神宮寺,1
2023-07-18,福井,東尋坊,うるしの里 エリア,1
2023-07-18,福井,東尋坊 エリア,大本山永平寺,1
2023-07-18,福井,氣比神宮,レインボーライン エリア,1
2023-07-18,福井,氣比神宮,明通寺 エリア,1
2023-07-18,福井,湖上館パムコ（水月湖）エリア,氣比神宮,1
2023-07-18,福井,福井県海浜自然センター,道の駅「若狭おばま」 エリア,1
2023-07-18,福井,福井県立恐竜博物館,スーベニアショップ ラプトル エリア,1
2023-07-18,福井,福井県立恐竜博物館,道の駅「南えちぜん山海里」 エリア,1
2023-07-18,福井,福井駅,道の駅「恐竜渓谷かつやま」 エリア,1
2023-07-18,福井,福井駅前 エリア,北の庄城址・柴田公園,1
2023-07-18,福井,福井駅前 エリア,福井県立恐竜博物館,1
2023-07-18,福井,福井駅前 エリア（宿泊施設）,福井県立恐竜博物館,1
2023-07-18,福井,紫式部公園 エリア,一乗谷朝倉氏遺跡,1
2023-07-18,福井,若狭瓜割名水公園 瓜割の滝,明通寺 エリア,1
2023-07-18,福井,越前そばの里 エリア,東尋坊,1
2023-07-18,福井,越前大野城,一乗谷朝倉氏遺跡 エリア,1
2023-07-18,福井,越前大野城,名勝 養浩館庭園 エリア,1
2023-07-18,福井,道の駅「シーサイド高浜」,明通寺 エリア,1
2023-07-18,福井,道の駅「一乗谷あさくら水の駅」,一乗谷朝倉氏遺跡 エリア,1
2023-07-18,福井,道の駅「三方五湖」,湖上館パムコ（水月湖）エリア,1
2023-07-18,福井,道の駅「南えちぜん山海里」 エリア,越前大仏,1
2023-07-18,福井,道の駅「若狭おばま」,JR敦賀駅前 エリア,1
2023-07-18,福井,道の駅「若狭おばま」 エリア,福井県こども家族館,1
2023-07-18,福井,野外恐竜博物館,福井駅前 エリア,1
2023-07-18,福井,金沢,福井駅前 エリア,1
2023-07-18,福井,阿納海水浴場(2021夏は開設しません),小浜市 阿納 エリア,1
2023-07-19,福井,JR敦賀駅前 エリア,一乗谷朝倉氏遺跡,1
2023-07-19,福井,あわら湯のまち エリア,大本山永平寺,1
2023-07-19,福井,あわら湯のまち エリア,東尋坊,1
2023-07-19,福井,あわら湯のまち エリア,越前大仏,1
2023-07-19,福井,うみんぴあ大飯 エリア,エルガイアおおい,1
2023-07-19,福井,スーベニアショップ ラプトル エリア,越前大仏,1
2023-07-19,福井,メタセコイア並木（滋賀県）,レインボーライン エリア,1
2023-07-19,福井,レインボーライン,レインボーライン エリア,1
2023-07-19,福井,一乗谷朝倉氏遺跡,あわら湯のまち エリア,1
2023-07-19,福井,一乗谷朝倉氏遺跡,一乗谷朝倉氏遺跡 エリア,1
2023-07-19,福井,一乗谷朝倉氏遺跡 エリア,丸岡城,1
2023-07-19,福井,丸岡城,丸岡城 エリア,1
2023-07-19,福井,丸岡城,北陸新幹線 越前たけふ駅 エリア,1
2023-07-19,福井,丸岡城,越前松島水族館 エリア,1
2023-07-19,福井,丸岡城 エリア,大本山永平寺,1
2023-07-19,福井,劔神社,道の駅「越前」 エリア,1
2023-07-19,福井,北の庄城址・柴田公園,ふくい鮮いちば エリア,1
2023-07-19,福井,北陸新幹線 越前たけふ駅 エリア,越前和紙の里,1
2023-07-19,福井,大本山永平寺,スーベニアショップ ラプトル エリア,1
2023-07-19,福井,平泉寺白山神社 エリア,福井県立恐竜博物館,1
2023-07-19,福井,平泉寺白山神社 エリア,越前大仏,1
2023-07-19,福井,御誕生寺,北陸新幹線 越前たけふ駅 エリア,1
2023-07-19,福井,御食国若狭おばま食文化館,明通寺 エリア,1
2023-07-19,福井,明通寺 エリア,熊川宿,1
2023-07-19,福井,東尋坊,あわら湯のまち エリア,1
2023-07-19,福井,東尋坊,平泉寺白山神社 エリア,1
2023-07-19,福井,熊川宿,うみんぴあ大飯 エリア,1
2023-07-19,福井,白川郷（岐阜県）,大本山 永平寺 エリア,1
2023-07-19,福井,福井県年縞博物館,道の駅「三方五湖」  エリア,2
2023-07-19,福井,福井県立恐竜博物館,スーベニアショップ ラプトル エリア,1
2023-07-19,福井,福井県立恐竜博物館,道の駅「恐竜渓谷かつやま」 エリア,1
2023-07-19,福井,越前がにミュージアム,道の駅「越前」 エリア,1
2023-07-19,福井,越前大野城,あわら湯のまち エリア,1
2023-07-19,福井,越前大野城,スーベニアショップ ラプトル エリア,1
2023-07-19,福井,道の駅「パークイン丹生ヶ丘」,道の駅「西山公園」 エリア,1
2023-07-19,福井,道の駅「三方五湖」  エリア,若狭海遊バザール千鳥苑 若狭美浜 海の駅,1
2023-07-19,福井,道の駅「恐竜渓谷かつやま」 エリア,東尋坊,1
2023-07-19,福井,道の駅「河野」,道の駅「西山公園」 エリア,1
2023-07-19,福井,道の駅「西山公園」 エリア,めがねミュージアム,1
2023-07-19,福井,道の駅「越前」 エリア,大本山永平寺,1
2023-07-19,福井,道の駅「越前」 エリア,日本海さかな街,1
2023-07-20,福井,あわら湯のまち エリア,かつやまディノパーク,1
2023-07-20,福井,あわら湯のまち エリア,芝政ワールド,1
2023-07-20,福井,あわら湯のまち エリア,花はす公園,1
2023-07-20,福井,うみんぴあ大飯 エリア,若狭和田ビーチ,1
2023-07-20,福井,スキージャム勝山,福井駅前 エリア,1
2023-07-20,福井,スーベニアショップ ラプトル エリア,大本山永平寺,1
2023-07-20,福井,レインボーライン,うみんぴあ大飯 エリア,1
2023-07-20,福井,レインボーライン エリア,日本海さかな街,1
2023-07-20,福井,一乗谷朝倉氏遺跡,JR敦賀駅前 エリア,1
2023-07-20,福井,一乗谷朝倉氏遺跡,丸岡城 エリア,1
2023-07-20,福井,一乗谷朝倉氏遺跡,越前大野城・城下町 エリア,1
2023-07-20,福井,一乗谷朝倉氏遺跡,道の駅「南えちぜん山海里」 エリア,1
2023-07-20,福井,一乗谷朝倉氏遺跡,道の駅「西山公園」 エリア,1
2023-07-20,福井,三国サンセットビーチ,丸岡城 エリア,1
2023-07-20,福井,三方五湖,レインボーライン エリア,1
2023-07-20,福井,丸岡城,東尋坊 エリア,1
2023-07-20,福井,丸岡城 エリア,越前大野城,1
2023-07-20,福井,北の庄城址・柴田公園,ふくい鮮いちば エリア,1
2023-07-20,福井,北陸新幹線 越前たけふ駅 エリア,越前そばの里,1
2023-07-20,福井,大本山 永平寺 エリア,東尋坊,1
2023-07-20,福井,大本山 永平寺 エリア,白山平泉寺歴史探遊館 まほろば,1
2023-07-20,福井,大本山永平寺,あわら湯のまち エリア,1
2023-07-20,福井,岡太神社・大瀧神社,福井駅前 エリア,1
2023-07-20,福井,岡太神社・大瀧神社,越前和紙の里 エリア,1
2023-07-20,福井,日本海さかな街 エリア,人道の港 敦賀ムゼウム,1
2023-07-20,福井,日本海さかな街 エリア,道の駅「若狭おばま」,1
2023-07-20,福井,明通寺 エリア,道の駅「若狭熊川宿」,1
2023-07-20,福井,氣比神宮,日本海さかな街 エリア,1
2023-07-20,福井,氣比神宮,道の駅「パークイン丹生ヶ丘」 エリア,1
2023-07-20,福井,神宮寺,明通寺 エリア,1
2023-07-20,福井,福井県立恐竜博物館,スーベニアショップ ラプトル エリア,1
2023-07-20,福井,福井県立恐竜博物館,大本山 永平寺 エリア,1
2023-07-20,福井,福井駅前 エリア,福井県立恐竜博物館,1
2023-07-20,福井,福井駅前 エリア,福井駅,1
2023-07-20,福井,芝政ワールド,あわら湯のまち エリア,2
2023-07-20,福井,花はす公園,道の駅「南えちぜん山海里」 エリア,1
2023-07-20,福井,越前がにミュージアム,越前海岸 高佐米ノ旅館街 エリア,1
2023-07-20,福井,越前大野城・城下町 エリア,越前大仏,1
2023-07-20,福井,越前海岸 高佐米ノ旅館街 エリア,大本山永平寺,1
2023-07-20,福井,道の駅「パークイン丹生ヶ丘」,道の駅「西山公園」 エリア,1
2023-07-20,福井,道の駅「南えちぜん山海里」 エリア,越前がにミュージアム,1
2023-07-20,福井,道の駅「西山公園」 エリア,めがねミュージアム,1
2023-07-21,福井,JR敦賀駅前 エリア,氣比神宮,1
2023-07-21,福井,あわら温泉街,三国湊 エリア,1
2023-07-21,福井,あわら温泉街,福井駅前 エリア,1
2023-07-21,福井,あわら湯のまち エリア,瀧谷寺,1
2023-07-21,福井,あわら湯のまち エリア,福井県立恐竜博物館,1
2023-07-21,福井,あわら湯のまち エリア,芝政ワールド,1
2023-07-21,福井,うみんぴあ大飯 エリア,福井県こども家族館,1
2023-07-21,福井,一乗谷朝倉氏遺跡,スーベニアショップ ラプトル エリア,1
2023-07-21,福井,一乗谷朝倉氏遺跡,越前大野城・城下町 エリア,1
2023-07-21,福井,三国湊 エリア,瀧谷寺,1
2023-07-21,福井,北潟湖畔公園・サイクリングパーク,あわら湯のまち エリア,1
2023-07-21,福井,名田庄 エリア,若狭和田ビーチ,1
2023-07-21,福井,大本山永平寺,平泉寺白山神社 エリア,1
2023-07-21,福井,帰宅,JR敦賀駅前 エリア,1
2023-07-21,福井,平泉寺白山神社 エリア,福井県立恐竜博物館,1
2023-07-21,福井,平泉寺白山神社 エリア,道の駅「恐竜渓谷かつやま」,1
2023-07-21,福井,明通寺 エリア,一乗谷朝倉氏遺跡,1
2023-07-21,福井,東尋坊 エリア,福井県立恐竜博物館,1
2023-07-21,福井,氣比神宮,神楽通り エリア,1
2023-07-21,福井,白山平泉寺歴史探遊館 まほろば,道の駅「恐竜渓谷かつやま」 エリア,1
2023-07-21,福井,神宮寺,明通寺 エリア,1
2023-07-21,福井,神楽通り エリア,福井駅,1
2023-07-21,福井,福井県海浜自然センター,うみんぴあ大飯 エリア,1
2023-07-21,福井,福井県立恐竜博物館,あわら湯のまち エリア,1
2023-07-21,福井,福井県立恐竜博物館,越前松島水族館 エリア,2
2023-07-21,福井,福井駅前 エリア,敦賀駅,1
2023-07-21,福井,芝政ワールド,越前松島水族館 エリア,1
2023-07-21,福井,越前大仏,あわら湯のまち エリア,1
2023-07-21,福井,越前大仏,東尋坊 エリア,1
2023-07-21,福井,越前大仏,越前松島水族館 エリア,1
2023-07-21,福井,越前大野城・城下町 エリア,越前大仏,1
2023-07-21,福井,越前松島水族館 エリア,福井県立恐竜博物館,2
2023-07-21,福井,道の駅「南えちぜん山海里」,道の駅「越前」 エリア,1
2023-07-22,福井,JR九頭竜湖駅 エリア,道の駅「越前おおの荒島の郷」,1
2023-07-22,福井,あわら湯のまち エリア,越前和紙の里,1
2023-07-22,福井,あわら湯のまち エリア,越前大野城,1
2023-07-22,福井,ふくい鮮いちば エリア,丸岡城,1
2023-07-22,福井,スーベニアショップ ラプトル エリア,あわら温泉街,1
2023-07-22,福井,スーベニアショップ ラプトル エリア,平泉寺白山神社,1
2023-07-22,福井,レインボーライン エリア,氣比神宮,1
2023-07-22,福井,レインボーライン エリア,若狭海遊バザール千鳥苑 若狭美浜 海の駅,1
2023-07-22,福井,一乗谷朝倉氏遺跡,一乗谷朝倉氏遺跡 エリア,2
2023-07-22,福井,一乗谷朝倉氏遺跡,北陸新幹線 越前たけふ駅 エリア,1
2023-07-22,福井,一乗谷朝倉氏遺跡 エリア,大本山永平寺,1
2023-07-22,福井,三方五湖,レインボーライン エリア,1
2023-07-22,福井,三方五湖,丸岡城 エリア,1
2023-07-22,福井,三方五湖,敦賀市立博物館 エリア,1
2023-07-22,福井,丸岡城,大本山 永平寺 エリア,2
2023-07-22,福井,丸岡城 エリア,一乗谷朝倉氏遺跡,1
2023-07-22,福井,丸岡城 エリア,大本山永平寺,1
2023-07-22,福井,丸岡城 エリア,越前大野城,1
2023-07-22,福井,劔神社,道の駅「越前」 エリア,1
2023-07-22,福井,北潟湖 エリア,一乗谷朝倉氏遺跡,1
2023-07-22,福井,北陸新幹線 越前たけふ駅 エリア,レインボーライン,1
2023-07-22,福井,北陸新幹線 越前たけふ駅 エリア,越前和紙の里,1
2023-07-22,福井,名田庄 エリア,舞鶴（京都府）,1
2023-07-22,福井,大本山 永平寺 エリア,あわら温泉屋台村「湯けむり横丁」,1
2023-07-22,福井,大本山 永平寺 エリア,平泉寺白山神社,1
2023-07-22,福井,大本山 永平寺 エリア,東尋坊,1
2023-07-22,福井,大本山永平寺,あわら湯のまち エリア,2
2023-07-22,福井,大本山永平寺,スーベニアショップ ラプトル エリア,3
2023-07-22,福井,大本山永平寺,大本山 永平寺 エリア,1
2023-07-22,福井,大本山永平寺,道の駅「南えちぜん山海里」 エリア,1
2023-07-22,福井,大本山永平寺,道の駅みくに ふれあいパーク三里浜 エリア,1
2023-07-22,福井,平泉寺白山神社,東尋坊 エリア,1
2023-07-22,福井,平泉寺白山神社 エリア,越前大野城,1
2023-07-22,福井,敦賀市立博物館 エリア,氣比神宮,1
2023-07-22,福井,新月亭,道の駅「パークイン丹生ヶ丘」 エリア,1
2023-07-22,福井,東尋坊,道の駅みくに ふれあいパーク三里浜 エリア,1
2023-07-22,福井,東尋坊 エリア,福井駅,1
2023-07-22,福井,気比の松原,水晶浜 エリア,1
2023-07-22,福井,湖上館パムコ（水月湖）エリア,氣比神宮,1
2023-07-22,福井,湖上館パムコ（水月湖）エリア,道の駅「若狭おばま」,1
2023-07-22,福井,熊川宿,湖上館パムコ（水月湖）エリア,1
2023-07-22,福井,熊川宿 エリア,若狭フィッシャーマンズワーフ,1
2023-07-22,福井,福井県こども家族館,道の駅「南えちぜん山海里」 エリア,1
2023-07-22,福井,福井県海浜自然センター,レインボーライン エリア,1
2023-07-22,福井,福井県立恐竜博物館,えちぜん鉄道 永平寺口駅 エリア,1
2023-07-22,福井,福井県立恐竜博物館,スキージャム勝山 エリア,1
2023-07-22,福井,福井県立恐竜博物館,レインボーライン エリア,1
2023-07-22,福井,福井県立恐竜博物館,平泉寺白山神社 エリア,1
2023-07-22,福井,福井駅,ふくい鮮いちば エリア,1
2023-07-22,福井,花はす公園,北陸新幹線 越前たけふ駅 エリア,1
2023-07-22,福井,越前がにミュージアム,越前海岸 くりや旅館街 エリア,1
2023-07-22,福井,越前大仏,はたや記念館 ゆめおーれ勝山 エリア,1
2023-07-22,福井,越前大野城,北潟湖 エリア,1
2023-07-22,福井,越前大野城,越前大仏 エリア,1
2023-07-22,福井,越前大野城・城下町 エリア,越前大仏,1
2023-07-22,福井,越前海岸 くりや旅館街 エリア,東尋坊,1
2023-07-22,福井,道の駅「シーサイド高浜」,名田庄 エリア,1
2023-07-22,福井,道の駅「九頭竜・和泉ふれあい会館」,JR九頭竜湖駅 エリア,1
2023-07-22,福井,道の駅「九頭竜・和泉ふれあい会館」,丸岡城 エリア,1
2023-07-22,福井,道の駅「九頭竜・和泉ふれあい会館」,道の駅「越前おおの荒島の郷」 エリア,1
2023-07-22,福井,道の駅「南えちぜん山海里」,道の駅「越前」 エリア,1
2023-07-22,福井,道の駅「南えちぜん山海里」 エリア,粟津温泉（石川県）,1
2023-07-22,福井,道の駅「恐竜渓谷かつやま」 エリア,三国サンセットビーチ,1
2023-07-22,福井,道の駅「若狭おばま」,明通寺 エリア,1
2023-07-22,福井,道の駅「若狭おばま」,熊川宿 エリア,1
2023-07-22,福井,道の駅「越前」,越前そばの里 エリア,1
2023-07-22,福井,道の駅みくに ふれあいパーク三里浜 エリア,東尋坊,1
2023-07-22,福井,金津創作の森,あわら湯のまち エリア,1
2023-07-23,福井,JR芦原温泉駅 エリア,丸岡城,1
2023-07-23,福井,JR芦原温泉駅 エリア,東尋坊,1
2023-07-23,福井,JR芦原温泉駅 エリア,越前大野城,1
2023-07-23,福井,あわら温泉街,フルーツライン エリア,1
2023-07-23,福井,あわら湯のまち エリア,レインボーライン,1
2023-07-23,福井,あわら湯のまち エリア,三国サンセットビーチ,1
2023-07-23,福井,あわら湯のまち エリア,東尋坊,1
2023-07-23,福井,フルーツライン エリア,あわら温泉「芦湯」,1
2023-07-23,福井,レインボーライン エリア,氣比神宮,1
2023-07-23,福井,一乗谷朝倉氏遺跡,JR芦原温泉駅 エリア,1
2023-07-23,福井,一乗谷朝倉氏遺跡 エリア,大本山永平寺,1
2023-07-23,福井,三国サンセットビーチ,あわら湯のまち エリア,1
2023-07-23,福井,三国湊 エリア,東尋坊,2
2023-07-23,福井,三國湊レトロ,東尋坊 エリア,1
2023-07-23,福井,丸岡城,大本山 永平寺 エリア,1
2023-07-23,福井,丸岡城,越前大野城・城下町 エリア,2
2023-07-23,福井,丸岡城,道の駅みくに ふれあいパーク三里浜 エリア,1
2023-07-23,福井,休暇村越前三国オートキャンプ場,三国湊 エリア,1
2023-07-23,福井,劔神社,劔神社 エリア,1
2023-07-23,福井,劔神社,紫式部公園 エリア,2
2023-07-23,福井,北の庄城址・柴田公園,北ノ庄 エリア,1
2023-07-23,福井,北ノ庄 エリア,一乗谷朝倉氏遺跡,1
2023-07-23,福井,北前船主の館 右近家 エリア,日本海さかな街,1
2023-07-23,福井,大本山 永平寺 エリア,一乗谷朝倉氏遺跡,2
2023-07-23,福井,大本山 永平寺 エリア,越前大仏,1
2023-07-23,福井,大本山永平寺,あわら湯のまち エリア,1
2023-07-23,福井,大本山永平寺,道の駅「南えちぜん山海里」 エリア,2
2023-07-23,福井,大本山永平寺,道の駅「恐竜渓谷かつやま」 エリア,1
2023-07-23,福井,平泉寺白山神社,一乗谷朝倉氏遺跡 エリア,1
2023-07-23,福井,平泉寺白山神社,越前大野城・城下町 エリア,1
2023-07-23,福井,御誕生寺,越前そばの里 エリア,1
2023-07-23,福井,恐竜博物館,大本山 永平寺 エリア,1
2023-07-23,福井,明城ファーム,越前そばの里 エリア,1
2023-07-23,福井,東尋坊,JR芦原温泉駅 エリア,1
2023-07-23,福井,東尋坊,スーベニアショップ ラプトル エリア,1
2023-07-23,福井,東尋坊,大本山 永平寺 エリア,1
2023-07-23,福井,東尋坊,越前松島水族館 エリア,1
2023-07-23,福井,東尋坊,道の駅「パークイン丹生ヶ丘」 エリア,1
2023-07-23,福井,氣比神宮,若狭海遊バザール 千鳥苑 エリア,1
2023-07-23,福井,氣比神宮,金ヶ崎 エリア,1
2023-07-23,福井,湖上館パムコ（水月湖）エリア,道の駅「三方五湖」,1
2023-07-23,福井,福井県年縞博物館,湖上館パムコ（水月湖）エリア,1
2023-07-23,福井,福井県立恐竜博物館,あわら湯のまち エリア,1
2023-07-23,福井,福井県立恐竜博物館,一乗谷朝倉氏遺跡 エリア,1
2023-07-23,福井,福井駅,劔神社 エリア,1
2023-07-23,福井,舞鶴（京都府）,道の駅「シーサイド高浜」 エリア,1
2023-07-23,福井,花はす公園,道の駅「南えちぜん山海里」 エリア,1
2023-07-23,福井,若狭海遊バザール 千鳥苑 エリア,日本海さかな街,1
2023-07-23,福井,西山動物園,越前そばの里 エリア,1
2023-07-23,福井,越前がにミュージアム,北前船主の館 右近家 エリア,1
2023-07-23,福井,越前そばの里,越前そばの里 エリア,1
2023-07-23,福井,越前そばの里 エリア,今庄宿,2
2023-07-23,福井,越前そばの里 エリア,越前そばの里,1
2023-07-23,福井,越前そばの里 エリア,道の駅「西山公園」,1
2023-07-23,福井,越前そばの里 エリア,道の駅「越前」,1
2023-07-23,福井,越前和紙の里,一乗谷朝倉氏遺跡 エリア,1
2023-07-23,福井,越前大仏 エリア,福井県立恐竜博物館,1
2023-07-23,福井,越前大野城・城下町 エリア,一乗谷朝倉氏遺跡,1
2023-07-23,福井,越前大野城・城下町 エリア,大本山永平寺,1
2023-07-23,福井,越前大野城・城下町 エリア,越前大仏,1
2023-07-23,福井,越前松島水族館 エリア,道の駅「南えちぜん山海里」,1
2023-07-23,福井,道の駅「恐竜渓谷かつやま」 エリア,白山平泉寺歴史探遊館 まほろば,1
2023-07-23,福井,道の駅「若狭熊川宿」,JR敦賀駅前 エリア,1
2023-07-23,福井,道の駅「越前」 エリア,越前がにミュージアム,1
2023-07-23,福井,金ヶ崎 エリア,気比の松原,1
2023-07-24,福井,JR敦賀駅前 エリア,水島,1
2023-07-24,福井,あわら温泉街,東尋坊 エリア,1
2023-07-24,福井,あわら湯のまち エリア,丸岡城,1
2023-07-24,福井,あわら湯のまち エリア,大本山永平寺,1
2023-07-24,福井,一乗谷朝倉氏遺跡,あわら湯のまち エリア,2
2023-07-24,福井,一乗谷朝倉氏遺跡,一乗谷朝倉氏遺跡 エリア,1
2023-07-24,福井,一乗谷朝倉氏遺跡,三国湊 エリア,1
2023-07-24,福井,一乗谷朝倉氏遺跡 エリア,道の駅「九頭竜・和泉ふれあい会館」,1
2023-07-24,福井,大本山 永平寺 エリア,三方五湖,1
2023-07-24,福井,大本山永平寺,あわら湯のまち エリア,1
2023-07-24,福井,大本山永平寺,道の駅「三方五湖」  エリア,1
2023-07-24,福井,小浜 エリア（宿泊施設）,若狭和田ビーチ,1
2023-07-24,福井,東尋坊,道の駅「越前」 エリア,1
2023-07-24,福井,氣比神宮,大本山 永平寺 エリア,1
2023-07-24,福井,湖上館パムコ（水月湖）エリア,道の駅「三方五湖」,1
2023-07-24,福井,熊川宿,明通寺 エリア,1
2023-07-24,福井,熊川宿 エリア,若狭三方縄文博物館,1
2023-07-24,福井,福井県年縞博物館,湖上館パムコ（水月湖）エリア,1
2023-07-24,福井,福井県立恐竜博物館,福井駅前 エリア,1
2023-07-24,福井,若狭三方縄文博物館,熊川宿 エリア,1
2023-07-24,福井,越前和紙の里,北陸新幹線 越前たけふ駅 エリア,1
2023-07-24,福井,越前海岸,道の駅「越前」 エリア,1
2023-07-24,福井,越前海岸 北部 エリア,大本山永平寺,1
2023-07-24,福井,道の駅「九頭竜・和泉ふれあい会館」,大本山 永平寺 エリア,1
2023-07-24,福井,道の駅「九頭竜・和泉ふれあい会館」,道の駅「越前おおの荒島の郷」 エリア,1
2023-07-24,福井,道の駅「越前」 エリア,あわら温泉街,1
2023-07-24,福井,鷹巣海水浴場,越前海岸 北部 エリア,1
2023-07-25,福井,JR美浜駅 エリア,小浜市水産食品センター（若狭小浜お魚センター）,1
2023-07-25,福井,あわら湯のまち エリア,金沢駅周辺（石川県）,1
2023-07-25,福井,丸岡城,JR美浜駅 エリア,1
2023-07-25,福井,名田庄 エリア,熊川宿,1
2023-07-25,福井,大本山 永平寺 エリア,丸岡城,1
2023-07-25,福井,大本山永平寺,大本山 永平寺 エリア,1
2023-07-25,福井,御食国若狭おばま食文化館,道の駅「若狭おばま」 エリア,1
2023-07-25,福井,日本海さかな街,越前陶芸村 エリア,1
2023-07-25,福井,東尋坊,丸岡城 エリア,1
2023-07-25,福井,東尋坊 エリア,越前松島水族館,1
2023-07-25,福井,氣比神宮,名田庄 エリア,1
2023-07-25,福井,越前大野城,越前大野城・城下町 エリア,1
2023-07-25,福井,越前陶芸村 エリア,福井県立恐竜博物館,1
2023-07-26,福井,あわら湯のまち エリア,三國湊レトロ,1
2023-07-26,福井,えちぜん鉄道 永平寺口駅 エリア,福井県立恐竜博物館,1
2023-07-26,福井,スーベニアショップ ラプトル エリア,福井県立恐竜博物館,1
2023-07-26,福井,スーベニアショップ ラプトル エリア,越前大野城,1
2023-07-26,福井,レインボーライン エリア,一乗谷朝倉氏遺跡,1
2023-07-26,福井,一乗谷朝倉氏遺跡,レインボーライン エリア,1
2023-07-26,福井,一乗谷朝倉氏遺跡,名勝 養浩館庭園 エリア,2
2023-07-26,福井,一乗谷朝倉氏遺跡,道の駅「越前」 エリア,1
2023-07-26,福井,丸岡城,レインボーライン エリア,1
2023-07-26,福井,人魚の浜海水浴場,名田庄 エリア,1
2023-07-26,福井,北陸新幹線 越前たけふ駅 エリア,大本山永平寺,1
2023-07-26,福井,吉崎御坊跡,あわら湯のまち エリア,1
2023-07-26,福井,岡太神社・大瀧神社,北陸新幹線 越前たけふ駅 エリア,1
2023-07-26,福井,敦賀駅,JR敦賀駅前 エリア,1
2023-07-26,福井,東尋坊 エリア,大本山永平寺,1
2023-07-26,福井,湖上館パムコ（水月湖）エリア,道の駅「若狭おばま」,1
2023-07-26,福井,福井県立恐竜博物館,スーベニアショップ ラプトル エリア,1
2023-07-26,福井,福井駅前 エリア（宿泊施設）,一乗谷朝倉氏遺跡,1
2023-07-26,福井,花はす公園,道の駅「南えちぜん山海里」 エリア,1
2023-07-26,福井,若狭和田ビーチ,うみんぴあ大飯 エリア,1
2023-07-26,福井,若狭瓜割名水公園 瓜割の滝,道の駅「若狭おばま」 エリア,1
2023-07-26,福井,越前大仏,スーベニアショップ ラプトル エリア,1
2023-07-26,福井,道の駅「越前」 エリア,熊川宿,1
2023-07-27,福井,JR美浜駅 エリア,道の駅「三方五湖」,1
2023-07-27,福井,あわら湯のまち エリア,東尋坊,1
2023-07-27,福井,レインボーライン エリア,日本海さかな街,1
2023-07-27,福井,一乗谷朝倉氏遺跡,日本海さかな街 エリア,1
2023-07-27,福井,一乗谷朝倉氏遺跡 エリア,大本山永平寺,1
2023-07-27,福井,三方五湖,日本海さかな街 エリア,1
2023-07-27,福井,丸岡城,道の駅「西山公園」 エリア,1
2023-07-27,福井,北陸新幹線 越前たけふ駅 エリア,東尋坊,1
2023-07-27,福井,大本山永平寺,あわら湯のまち エリア,1
2023-07-27,福井,大本山永平寺,フルーツライン エリア,1
2023-07-27,福井,大本山永平寺,大安禅寺 エリア,1
2023-07-27,福井,大本山永平寺,道の駅「南えちぜん山海里」 エリア,1
2023-07-27,福井,小浜 エリア（宿泊施設）,レインボーライン,1
2023-07-27,福井,敦賀駅,JR敦賀駅前 エリア,1
2023-07-27,福井,日本海さかな街 エリア,氣比神宮,1
2023-07-27,福井,日本海さかな街 エリア,若狭瓜割名水公園 瓜割の滝,1
2023-07-27,福井,片山津温泉（石川県）,大本山 永平寺 エリア,1
2023-07-27,福井,福井県立恐竜博物館,スーベニアショップ ラプトル エリア,1
2023-07-27,福井,福井県立恐竜博物館,北陸新幹線 越前たけふ駅 エリア,1
2023-07-27,福井,福井駅,あわら湯のまち エリア,1
2023-07-27,福井,芝政ワールド,福井駅前 エリア,1
2023-07-27,福井,若狭フィッシャーマンズワーフ,小浜 エリア（宿泊施設）,1
2023-07-27,福井,道の駅「西山公園」 エリア,大本山永平寺,1
2023-07-28,福井,あわら湯のまち エリア,白川郷（岐阜県）,1
2023-07-28,福井,レインボーライン エリア,福井県年縞博物館,1
2023-07-28,福井,一乗谷朝倉氏遺跡,丸岡城 エリア,1
2023-07-28,福井,一乗谷朝倉氏遺跡,越前大野城・城下町 エリア,1
2023-07-28,福井,一乗谷朝倉氏遺跡 エリア,一乗谷朝倉氏遺跡,1
2023-07-28,福井,敦賀赤レンガ倉庫,道の駅「三方五湖」  エリア,1
2023-07-28,福井,日本海さかな街,水晶浜 エリア,1
2023-07-28,福井,明通寺,レインボーライン エリア,1
2023-07-28,福井,明通寺 エリア,小浜市水産食品センター（若狭小浜お魚センター）,1
2023-07-28,福井,東尋坊,あわら湯のまち エリア,1
2023-07-28,福井,福井県こども家族館,越前松島水族館 エリア,1
2023-07-28,福井,福井県立恐竜博物館,あわら湯のまち エリア,1
2023-07-28,福井,福井県立恐竜博物館,道の駅「恐竜渓谷かつやま」 エリア,1
2023-07-28,福井,若狭フィッシャーマンズワーフ エリア,三方五湖,1
2023-07-28,福井,越前大野城・城下町 エリア,福井県立恐竜博物館,1
2023-07-28,福井,越前松島水族館 エリア,芝政ワールド,1
2023-07-28,福井,越前陶芸村,道の駅「南えちぜん山海里」 エリア,1
2023-07-28,福井,道の駅「三方五湖」  エリア,熊川宿,1
2023-07-28,福井,道の駅「三方五湖」  エリア,福井県年縞博物館,1
2023-07-28,福井,道の駅「南えちぜん山海里」 エリア,越前そばの里,1
2023-07-28,福井,道の駅「河野」,一乗谷朝倉氏遺跡 エリア,1
2023-07-29,福井,あわら湯のまち エリア,ふれあいパーク三里浜(道の駅「みくに」),1
2023-07-29,福井,うるしの里 エリア,福井県立恐竜博物館,1
2023-07-29,福井,ふれあいパーク三里浜(道の駅「みくに」),フルーツライン エリア,1
2023-07-29,福井,エルガイアおおい,道の駅「シーサイド高浜」 エリア,1
2023-07-29,福井,スーベニアショップ ラプトル エリア,丸岡城,1
2023-07-29,福井,レインボーライン,東尋坊 エリア,1
2023-07-29,福井,レインボーライン エリア,日本海さかな街,1
2023-07-29,福井,レインボーライン エリア,氣比神宮,1
2023-07-29,福井,レインボーライン エリア,若狭フィッシャーマンズワーフ,1
2023-07-29,福井,一乗谷朝倉氏遺跡,うみんぴあ大飯 エリア,1
2023-07-29,福井,一乗谷朝倉氏遺跡,うるしの里 エリア,1
2023-07-29,福井,一乗谷朝倉氏遺跡,一乗谷朝倉氏遺跡 エリア,4
2023-07-29,福井,一乗谷朝倉氏遺跡 エリア,あわら温泉街,1
2023-07-29,福井,三国サンセットビーチ,越前松島水族館 エリア,1
2023-07-29,福井,丸岡城,あわら湯のまち エリア,1
2023-07-29,福井,丸岡城,丸岡城 エリア,1
2023-07-29,福井,丸岡城,花の駅 ゆりの里公園 エリア,1
2023-07-29,福井,丸岡城 エリア,一乗谷朝倉氏遺跡,1
2023-07-29,福井,丸岡城 エリア,大本山永平寺,1
2023-07-29,福井,人魚の浜海水浴場,小浜 エリア（宿泊施設）,1
2023-07-29,福井,北陸新幹線 越前たけふ駅 エリア,日本海さかな街,1
2023-07-29,福井,大本山 永平寺 エリア,一乗谷朝倉氏遺跡,2
2023-07-29,福井,大本山永平寺,大本山 永平寺 エリア,1
2023-07-29,福井,小浜 エリア（宿泊施設）,道の駅「若狭おばま」,1
2023-07-29,福井,小浜市水産食品センター（若狭小浜お魚センター）,名田庄 エリア,1
2023-07-29,福井,岡太神社・大瀧神社,明通寺 エリア,1
2023-07-29,福井,平泉寺白山神社,越前大仏 エリア,1
2023-07-29,福井,明通寺 エリア,神宮寺,1
2023-07-29,福井,東尋坊,道の駅「南えちぜん山海里」 エリア,1
2023-07-29,福井,東尋坊 エリア,丸岡城,1
2023-07-29,福井,東尋坊 エリア,福井県立恐竜博物館,1
2023-07-29,福井,氣比神宮,金ヶ崎 エリア,1
2023-07-29,福井,水島,レインボーライン エリア,1
2023-07-29,福井,福井県立恐竜博物館,JR九頭竜湖駅 エリア,1
2023-07-29,福井,福井県立恐竜博物館,あわら湯のまち エリア,1
2023-07-29,福井,福井県立恐竜博物館,スキージャム勝山 エリア,1
2023-07-29,福井,福井県立恐竜博物館,レインボーライン エリア,1
2023-07-29,福井,芝政ワールド,あわら湯のまち エリア,1
2023-07-29,福井,花はす公園,道の駅「南えちぜん山海里」 エリア,1
2023-07-29,福井,越前和紙の里,御食国若狭おばま食文化館 エリア,1
2023-07-29,福井,越前大野城,JR九頭竜湖駅 エリア,1
2023-07-29,福井,越前大野城,スーベニアショップ ラプトル エリア,1
2023-07-29,福井,越前大野城,一乗谷朝倉氏遺跡 エリア,1
2023-07-29,福井,越前大野城,道の駅「シーサイド高浜」 エリア,1
2023-07-29,福井,越前松島水族館,東尋坊 エリア,1
2023-07-29,福井,道の駅「南えちぜん山海里」 エリア,道の駅「一乗谷あさくら水の駅」,1
2023-07-29,福井,道の駅「名田庄」,名田庄 エリア,1
2023-07-29,福井,道の駅「恐竜渓谷かつやま」,はたや記念館 ゆめおーれ勝山 エリア,1
2023-07-30,福井,JR芦原温泉駅 エリア,吉崎御坊跡,1
2023-07-30,福井,あわら湯のまち エリア,東尋坊,1
2023-07-30,福井,うみんぴあ大飯 エリア,日本海さかな街,1
2023-07-30,福井,スーベニアショップ ラプトル エリア,あわら温泉街,1
2023-07-30,福井,レインボーライン,美浜町レイクセンター エリア,1
2023-07-30,福井,レインボーライン,若狭海遊バザール 千鳥苑 エリア,1
2023-07-30,福井,レインボーライン,道の駅「三方五湖」  エリア,1
2023-07-30,福井,一乗谷朝倉氏遺跡,丸岡城 エリア,1
2023-07-30,福井,一乗谷朝倉氏遺跡,平泉寺白山神社 エリア,1
2023-07-30,福井,一乗谷朝倉氏遺跡,道の駅「南えちぜん山海里」 エリア,2
2023-07-30,福井,一乗谷朝倉氏遺跡 エリア,越前大野城,1
2023-07-30,福井,丸岡城,大本山 永平寺 エリア,1
2023-07-30,福井,丸岡城,福井駅前 エリア,1
2023-07-30,福井,今庄宿 エリア,一乗谷朝倉氏遺跡,1
2023-07-30,福井,六呂師高原,六呂師高原 エリア,1
2023-07-30,福井,六呂師高原,道の駅「越前おおの荒島の郷」 エリア,1
2023-07-30,福井,名田庄 エリア,道の駅「うみんぴあ大飯」,1
2023-07-30,福井,大本山 永平寺 エリア,一乗谷朝倉氏遺跡,1
2023-07-30,福井,大本山永平寺,スーベニアショップ ラプトル エリア,1
2023-07-30,福井,大本山永平寺,一乗谷朝倉氏遺跡 エリア,1
2023-07-30,福井,大本山永平寺,道の駅「若狭おばま」 エリア,1
2023-07-30,福井,小浜 エリア（宿泊施設）,レインボーライン,1
2023-07-30,福井,小浜市 阿納 エリア,熊川宿,1
2023-07-30,福井,小浜市水産食品センター（若狭小浜お魚センター）,明通寺 エリア,1
2023-07-30,福井,小浜町家ステイ,小浜 エリア（宿泊施設）,1
2023-07-30,福井,敦賀赤レンガ倉庫,道の駅「三方五湖」  エリア,1
2023-07-30,福井,敦賀赤レンガ倉庫,道の駅「越前」 エリア,1
2023-07-30,福井,明通寺 エリア,レインボーライン,1
2023-07-30,福井,東尋坊,武生駅 エリア,1
2023-07-30,福井,東尋坊,福井駅前 エリア（宿泊施設）,1
2023-07-30,福井,東尋坊,越前大野城・城下町 エリア,2
2023-07-30,福井,武生中央公園,越前そばの里 エリア,1
2023-07-30,福井,気比の松原,JR敦賀駅前 エリア,1
2023-07-30,福井,水島,JR敦賀駅前 エリア,1
2023-07-30,福井,瀧谷寺,東尋坊 エリア,1
2023-07-30,福井,福井駅,あわら湯のまち エリア,1
2023-07-30,福井,福井駅前 エリア,三国サンセットビーチ,1
2023-07-30,福井,花はす公園,紫式部公園 エリア,1
2023-07-30,福井,若狭フィッシャーマンズワーフ,小浜市 阿納 エリア,1
2023-07-30,福井,若狭フィッシャーマンズワーフ エリア,熊川宿,1
2023-07-30,福井,赤礁崎オートキャンプ場,うみんぴあ大飯 エリア,1
2023-07-30,福井,越前がにミュージアム,道の駅「越前」 エリア,2
2023-07-30,福井,越前大野城,スーベニアショップ ラプトル エリア,1
2023-07-30,福井,越前大野城,今庄宿 エリア,1
2023-07-30,福井,越前大野城,越前大野城・城下町 エリア,1
2023-07-30,福井,越前大野城,道の駅「越前おおの荒島の郷」 エリア,1
2023-07-30,福井,越前大野城・城下町 エリア,一乗谷朝倉氏遺跡,1
2023-07-30,福井,越前大野城・城下町 エリア,丸岡城,1
2023-07-30,福井,越前大野城・城下町 エリア,大本山永平寺,1
2023-07-30,福井,越前松島水族館,三国湊 エリア,1
2023-07-30,福井,越前海岸 北部 エリア,一乗谷朝倉氏遺跡,1
2023-07-30,福井,道の駅「三方五湖」  エリア,岡太神社・大瀧神社,1
2023-07-30,福井,道の駅「若狭おばま」 エリア,丸岡城,1
2023-07-30,福井,道の駅「若狭おばま」 エリア,若狭瓜割名水公園 瓜割の滝,1
2023-07-30,福井,道の駅「越前」 エリア,敦賀赤レンガ倉庫,1
2023-07-30,福井,道の駅「越前」 エリア,越前松島水族館,1
2023-07-30,福井,阿納海水浴場(2021夏は開設しません),道の駅「若狭おばま」 エリア,1
2023-07-31,福井,フルーツライン エリア,三国サンセットビーチ,1
2023-07-31,福井,ホテル,大本山 永平寺 エリア,1
2023-07-31,福井,レインボーライン,レインボーライン エリア,1
2023-07-31,福井,レインボーライン エリア,レインボーライン,1
2023-07-31,福井,レインボーライン エリア,御食国若狭おばま食文化館,1
2023-07-31,福井,レインボーライン エリア,熊川宿,1
2023-07-31,福井,レインボーライン エリア,道の駅「三方五湖」,1
2023-07-31,福井,一乗谷朝倉氏遺跡,レインボーライン エリア,1
2023-07-31,福井,一乗谷朝倉氏遺跡,一乗谷朝倉氏遺跡 エリア,1
2023-07-31,福井,一乗谷朝倉氏遺跡,日本海さかな街 エリア,1
2023-07-31,福井,三国サンセットビーチ,道の駅「南えちぜん山海里」 エリア,1
2023-07-31,福井,三國湊レトロ,フルーツライン エリア,1
2023-07-31,福井,丸岡城,JR芦原温泉駅 エリア,1
2023-07-31,福井,丸岡城,丸岡城 エリア,2
2023-07-31,福井,丸岡城 エリア,あわら温泉「芦湯」,2
2023-07-31,福井,名田庄 エリア,小浜市水産食品センター（若狭小浜お魚センター）,1
2023-07-31,福井,大本山 永平寺 エリア,東尋坊,1
2023-07-31,福井,大本山永平寺,道の駅「禅の里」 エリア,1
2023-07-31,福井,小浜 エリア（宿泊施設）,越前大野城,1
2023-07-31,福井,岡太神社・大瀧神社,大本山 永平寺 エリア,1
2023-07-31,福井,岡太神社・大瀧神社,小浜 エリア（宿泊施設）,1
2023-07-31,福井,日本海さかな街,日本海さかな街 エリア,1
2023-07-31,福井,東尋坊,三国湊 エリア,1
2023-07-31,福井,氣比神宮,JR敦賀駅前 エリア,1
2023-07-31,福井,水晶浜 エリア,水晶浜海水浴場,2
2023-07-31,福井,湖上館パムコ（水月湖）エリア,三方五湖,1
2023-07-31,福井,熊川宿,レインボーライン エリア,1
2023-07-31,福井,熊川宿,御食国若狭おばま食文化館 エリア,1
2023-07-31,福井,熊川宿,若狭フィッシャーマンズワーフ エリア,2
2023-07-31,福井,白山平泉寺歴史探遊館 まほろば,平泉寺白山神社 エリア,1
2023-07-31,福井,神宮寺,明通寺 エリア,1
2023-07-31,福井,福井県年縞博物館,レインボーライン エリア,1
2023-07-31,福井,福井県立恐竜博物館,スーベニアショップ ラプトル エリア,3
2023-07-31,福井,福井県立恐竜博物館,レインボーライン エリア,1
2023-07-31,福井,若狭フィッシャーマンズワーフ エリア,御食国若狭おばま食文化館,2
2023-07-31,福井,若狭三方縄文博物館,道の駅「三方五湖」  エリア,1
2023-07-31,福井,若狭瓜割名水公園 瓜割の滝,御食国若狭おばま食文化館 エリア,1
2023-07-31,福井,若狭瓜割名水公園 瓜割の滝,道の駅「三方五湖」  エリア,1
2023-07-31,福井,越前そばの里,北陸新幹線 越前たけふ駅 エリア,1
2023-07-31,福井,越前大仏,道の駅「恐竜渓谷かつやま」 エリア,1
2023-07-31,福井,道の駅「三方五湖」  エリア,レインボーライン,1
2023-07-31,福井,道の駅「三方五湖」  エリア,熊川宿,1
2023-07-31,福井,道の駅「名田庄」,若狭フィッシャーマンズワーフ エリア,1
2023-07-31,福井,道の駅「恐竜渓谷かつやま」,大本山 永平寺 エリア,1
2023-07-31,福井,道の駅「恐竜渓谷かつやま」 エリア,大本山永平寺,1
2023-07-31,福井,養浩館庭園,一乗谷朝倉氏遺跡 エリア,1
2023-07-31,福井,鷹巣海水浴場,越前海岸 北部 エリア,1
2023-08-01,福井,JR敦賀駅前 エリア,金ヶ崎,1
2023-08-01,福井,あわら湯のまち エリア,東尋坊,1
2023-08-01,福井,あわら湯のまち エリア,芝政ワールド,1
2023-08-01,福井,あわら湯のまち エリア,越前がにミュージアム,1
2023-08-01,福井,めがねミュージアム,JR敦賀駅前 エリア,1
2023-08-01,福井,小浜市 阿納 エリア,道の駅「若狭おばま」,1
2023-08-01,福井,東尋坊 エリア,大本山永平寺,1
2023-08-01,福井,湖上館パムコ（水月湖）エリア,レインボーライン,1
2023-08-01,福井,神楽通り エリア,氣比神宮,1
2023-08-01,福井,福井県立恐竜博物館,JR九頭竜湖駅 エリア,1
2023-08-01,福井,福井県立恐竜博物館,あわら湯のまち エリア,1
2023-08-01,福井,福井県立恐竜博物館,一乗谷朝倉氏遺跡 エリア,1
2023-08-01,福井,福井駅前 エリア（宿泊施設）,東尋坊,1
2023-08-01,福井,越前そばの里,越前そばの里 エリア,1
2023-08-01,福井,越前松島水族館,あわら湯のまち エリア,1
2023-08-02,福井,JR敦賀駅前 エリア,敦賀赤レンガ倉庫,1
2023-08-02,福井,JR美浜駅 エリア,レインボーライン,1
2023-08-02,福井,うみんぴあ大飯 エリア,福井県こども家族館,1
2023-08-02,福井,うみんぴあ大飯 エリア,道の駅「若狭おばま」,1
2023-08-02,福井,スーベニアショップ ラプトル エリア,あわら温泉街,1
2023-08-02,福井,スーベニアショップ ラプトル エリア,かつやまディノパーク,1
2023-08-02,福井,レインボーライン,うみんぴあ大飯 エリア,1
2023-08-02,福井,レインボーライン,若狭海遊バザール 千鳥苑 エリア,1
2023-08-02,福井,レインボーライン,道の駅「三方五湖」  エリア,1
2023-08-02,福井,一乗谷朝倉氏遺跡,敦賀市立博物館 エリア,1
2023-08-02,福井,三丁町,小浜 エリア（宿泊施設）,1
2023-08-02,福井,三方五湖,水晶浜 エリア,1
2023-08-02,福井,丸岡城,一乗谷朝倉氏遺跡 エリア,1
2023-08-02,福井,人道の港 敦賀ムゼウム,福井駅前 エリア,1
2023-08-02,福井,大本山 永平寺 エリア,金沢駅周辺（石川県）,1
2023-08-02,福井,小浜 エリア（宿泊施設）,明通寺,1
2023-08-02,福井,山中温泉（石川県）,大本山 永平寺 エリア,1
2023-08-02,福井,敦賀駅,JR敦賀駅前 エリア,1
2023-08-02,福井,氣比神宮,金ヶ崎 エリア,1
2023-08-02,福井,水晶浜 エリア,氣比神宮,1
2023-08-02,福井,水晶浜海水浴場,水晶浜 エリア,1
2023-08-02,福井,湖上館パムコ（水月湖）エリア,レインボーライン,1
2023-08-02,福井,熊川宿,JR美浜駅 エリア,1
2023-08-02,福井,熊川宿,うみんぴあ大飯 エリア,1
2023-08-02,福井,熊川宿,湖上館パムコ（水月湖）エリア,1
2023-08-02,福井,熊川宿 エリア,大本山永平寺,1
2023-08-02,福井,福井県立恐竜博物館,スーベニアショップ ラプトル エリア,3
2023-08-02,福井,福井県立恐竜博物館,熊川宿 エリア,1
2023-08-02,福井,芝政ワールド,芝政ワールド エリア,1
2023-08-02,福井,若狭フィッシャーマンズワーフ,うみんぴあ大飯 エリア,1
2023-08-02,福井,若狭三方縄文博物館,明通寺 エリア,1
2023-08-02,福井,越前そばの里 エリア,スキージャム勝山,1
2023-08-02,福井,越前そばの里 エリア,敦賀赤レンガ倉庫,1
2023-08-02,福井,越前和紙の里,越前そばの里 エリア,1
2023-08-02,福井,金ヶ崎 エリア,敦賀赤レンガ倉庫,1
2023-08-03,福井,うみんぴあ大飯 エリア,エルガイアおおい,1
2023-08-03,福井,一乗谷朝倉氏遺跡,大本山 永平寺 エリア,1
2023-08-03,福井,大本山 永平寺 エリア,大本山永平寺,1
2023-08-03,福井,小浜 エリア（宿泊施設）,若狭和田ビーチ,1
2023-08-03,福井,御食国若狭おばま食文化館,うみんぴあ大飯 エリア,1
2023-08-03,福井,敦賀赤レンガ倉庫,越前そばの里 エリア,1
2023-08-03,福井,敦賀赤レンガ倉庫,金ヶ崎 エリア,1
2023-08-03,福井,明通寺 エリア,氣比神宮,1
2023-08-03,福井,東尋坊,福井駅前 エリア,1
2023-08-03,福井,東尋坊 エリア,福井県立恐竜博物館,1
2023-08-03,福井,氣比神宮,JR敦賀駅前 エリア,1
2023-08-03,福井,水島 エリア,氣比神宮,1
2023-08-03,福井,福井県立恐竜博物館,大本山 永平寺 エリア,2
2023-08-03,福井,福井県立恐竜博物館,福井駅前 エリア,1
2023-08-03,福井,福井県立恐竜博物館,道の駅「恐竜渓谷かつやま」 エリア,1
2023-08-03,福井,福井駅,福井駅前 エリア,1
2023-08-03,福井,福井駅前 エリア,大本山永平寺,1
2023-08-03,福井,若狭フィッシャーマンズワーフ,小浜 エリア（宿泊施設）,1
2023-08-03,福井,越前そばの里 エリア,越前打刃物会館,1
2023-08-03,福井,越前大野城,越前大野城・城下町 エリア,2
2023-08-04,福井,JR敦賀駅前 エリア,花はす公園,1
2023-08-04,福井,JR美浜駅 エリア,レインボーライン,1
2023-08-04,福井,JR芦原温泉駅 エリア,丸岡城,1
2023-08-04,福井,あわら湯のまち エリア,福井県立恐竜博物館,1
2023-08-04,福井,あわら湯のまち エリア,金沢駅周辺（石川県）,1
2023-08-04,福井,うみんぴあ大飯 エリア,熊川宿,1
2023-08-04,福井,うみんぴあ大飯 エリア,福井県立恐竜博物館,1
2023-08-04,福井,めがねミュージアム,大本山 永平寺 エリア,1
2023-08-04,福井,エルガイアおおい,道の駅「三方五湖」  エリア,1
2023-08-04,福井,タケフナイフビレッジ,メガネストリート エリア,1
2023-08-04,福井,メガネストリート エリア,めがねミュージアム,1
2023-08-04,福井,レインボーライン エリア,福井県海浜自然センター,1
2023-08-04,福井,一乗谷朝倉氏遺跡,福井駅前 エリア,2
2023-08-04,福井,丸岡城,大本山 永平寺 エリア,1
2023-08-04,福井,丸岡城,福井駅前 エリア,1
2023-08-04,福井,北の庄城址・柴田公園,北ノ庄 エリア,1
2023-08-04,福井,吉崎御坊跡,JR芦原温泉駅 エリア,1
2023-08-04,福井,吉崎御坊跡,あわら湯のまち エリア,1
2023-08-04,福井,大本山 永平寺 エリア,丸岡城,2
2023-08-04,福井,天橋立（京都府）,うみんぴあ大飯 エリア,1
2023-08-04,福井,御食国若狭おばま食文化館,若狭フィッシャーマンズワーフ エリア,1
2023-08-04,福井,恐竜博物館,あわら湯のまち エリア,1
2023-08-04,福井,東尋坊,名勝 養浩館庭園 エリア,1
2023-08-04,福井,氣比神宮,JR敦賀駅前 エリア,1
2023-08-04,福井,湖上館パムコ（水月湖）エリア,レインボーライン,1
2023-08-04,福井,熊川宿,JR美浜駅 エリア,1
2023-08-04,福井,熊川宿,湖上館パムコ（水月湖）エリア,1
2023-08-04,福井,熊川宿 エリア,小浜市水産食品センター（若狭小浜お魚センター）,1
2023-08-04,福井,福井県立恐竜博物館,えちぜん鉄道 松岡駅 エリア,2
2023-08-04,福井,福井県立恐竜博物館,スーベニアショップ ラプトル エリア,1
2023-08-04,福井,福井県立恐竜博物館,道の駅「恐竜渓谷かつやま」 エリア,2
2023-08-04,福井,福井県立恐竜博物館,道の駅「越前おおの荒島の郷」 エリア,1
2023-08-04,福井,福井駅前 エリア,一乗谷朝倉氏遺跡,1
2023-08-04,福井,福井駅前 エリア,福井県立恐竜博物館,2
2023-08-04,福井,福井駅前 エリア,野外恐竜博物館,1
2023-08-04,福井,芝政ワールド,あわら湯のまち エリア,1
2023-08-04,福井,若狭瓜割名水公園 瓜割の滝,若狭フィッシャーマンズワーフ エリア,1
2023-08-04,福井,越前和紙の里,タケフナイフビレッジ エリア,1
2023-08-04,福井,越前和紙の里 エリア,タケフナイフビレッジ,1
2023-08-04,福井,越前大野城,越前大野城・城下町 エリア,1
2023-08-04,福井,越前大野城・城下町 エリア,勝山城博物館,1
2023-08-04,福井,越前松島水族館,福井駅前 エリア,1
2023-08-04,福井,道の駅「三方五湖」  エリア,敦賀赤レンガ倉庫,1
2023-08-04,福井,道の駅「越前おおの荒島の郷」 エリア,越前大野城,1
2023-08-04,福井,阿納海水浴場(2021夏は開設しません),若狭フィッシャーマンズワーフ エリア,1
2023-08-05,福井,JR美浜駅 エリア,道の駅「若狭おばま」,1
2023-08-05,福井,JR芦原温泉駅 エリア,あわら温泉街,1
2023-08-05,福井,あわら温泉街,丸岡城 エリア,1
2023-08-05,福井,あわら湯のまち エリア,丸岡城,1
2023-08-05,福井,あわら湯のまち エリア,東尋坊,1
2023-08-05,福井,うみんぴあ大飯 エリア,道の駅「名田庄」,1
2023-08-05,福井,めがねミュージアム,メガネストリート エリア,1
2023-08-05,福井,スキージャム勝山,スキージャム勝山 エリア,1
2023-08-05,福井,メガネストリート エリア,敦賀赤レンガ倉庫,1
2023-08-05,福井,レインボーライン エリア,敦賀赤レンガ倉庫,1
2023-08-05,福井,一乗谷朝倉氏遺跡,うみんぴあ大飯 エリア,1
2023-08-05,福井,一乗谷朝倉氏遺跡,三国湊 エリア,1
2023-08-05,福井,一乗谷朝倉氏遺跡,福井駅前 エリア,1
2023-08-05,福井,一乗谷朝倉氏遺跡 エリア,一乗谷朝倉氏遺跡,1
2023-08-05,福井,一乗谷朝倉氏遺跡 エリア,大本山永平寺,1
2023-08-05,福井,一乗谷朝倉氏遺跡 エリア,越前大野城,1
2023-08-05,福井,丸岡城,あわら湯のまち エリア,1
2023-08-05,福井,丸岡城,丸岡城 エリア,1
2023-08-05,福井,丸岡城,東尋坊 エリア,1
2023-08-05,福井,丸岡城,道の駅「西山公園」 エリア,3
2023-08-05,福井,丸岡城 エリア,丸岡城,1
2023-08-05,福井,北ノ庄 エリア,丸岡城,1
2023-08-05,福井,北陸新幹線 越前たけふ駅 エリア,一乗谷朝倉氏遺跡,1
2023-08-05,福井,小浜 エリア（宿泊施設）,レインボーライン,1
2023-08-05,福井,小浜市 阿納 エリア,小浜市水産食品センター（若狭小浜お魚センター）,1
2023-08-05,福井,平泉寺白山神社,東尋坊 エリア,1
2023-08-05,福井,御食国若狭おばま食文化館,JR美浜駅 エリア,1
2023-08-05,福井,御食国若狭おばま食文化館 エリア,日本海さかな街,1
2023-08-05,福井,敦賀駅,JR敦賀駅前 エリア,1
2023-08-05,福井,日本海さかな街 エリア,若狭瓜割名水公園 瓜割の滝,1
2023-08-05,福井,東尋坊 エリア,丸岡城,1
2023-08-05,福井,東尋坊 エリア,金沢駅周辺（石川県）,1
2023-08-05,福井,熊川宿,レインボーライン エリア,1
2023-08-05,福井,熊川宿,小浜 エリア（宿泊施設）,1
2023-08-05,福井,熊川宿,若狭フィッシャーマンズワーフ エリア,1
2023-08-05,福井,福井県立恐竜博物館,あわら湯のまち エリア,1
2023-08-05,福井,福井県立恐竜博物館,道の駅「恐竜渓谷かつやま」 エリア,1
2023-08-05,福井,福井駅,一乗谷朝倉氏遺跡 エリア,1
2023-08-05,福井,福井駅前 エリア,大本山永平寺,1
2023-08-05,福井,若狭海遊バザール千鳥苑 若狭美浜 海の駅,JR美浜駅 エリア,1
2023-08-05,福井,越前大仏,だるまちゃん広場 エリア,1
2023-08-05,福井,越前大野城,一乗谷朝倉氏遺跡 エリア,1
2023-08-05,福井,道の駅「三方五湖」,レインボーライン エリア,1
2023-08-05,福井,道の駅「西山公園」 エリア,福井県立恐竜博物館,1
2023-08-05,福井,道の駅「西山公園」 エリア,越前大野城,1
2023-08-05,福井,阿納海水浴場(2021夏は開設しません),小浜市 阿納 エリア,1
2023-08-06,福井,JR美浜駅 エリア,熊川宿,1
2023-08-06,福井,あわら温泉街,一乗谷朝倉氏遺跡 エリア,1
2023-08-06,福井,あわら湯のまち エリア,三国サンセットビーチ,2
2023-08-06,福井,あわら湯のまち エリア,福井県立恐竜博物館,2
2023-08-06,福井,ふれあいパーク三里浜(道の駅「みくに」),越前松島水族館 エリア,1
2023-08-06,福井,スーベニアショップ ラプトル エリア,道の駅「恐竜渓谷かつやま」,1
2023-08-06,福井,レインボーライン,熊川宿 エリア,1
2023-08-06,福井,一乗谷朝倉氏遺跡,名勝 養浩館庭園 エリア,1
2023-08-06,福井,一乗谷朝倉氏遺跡,大本山 永平寺 エリア,1
2023-08-06,福井,一乗谷朝倉氏遺跡 エリア,越前大野城,1
2023-08-06,福井,三国サンセットビーチ,三国湊 エリア,1
2023-08-06,福井,丸岡城,小浜市 阿納 エリア,1
2023-08-06,福井,丸岡城,東尋坊 エリア,1
2023-08-06,福井,丸岡城 エリア,東尋坊,1
2023-08-06,福井,丸岡城 エリア,越前松島水族館,1
2023-08-06,福井,人魚の浜海水浴場,若狭フィッシャーマンズワーフ エリア,1
2023-08-06,福井,北の庄城址・柴田公園,越前大野城・城下町 エリア,1
2023-08-06,福井,北潟湖 エリア,道の駅「さかい」（坂井地域交流センター「いねす」）,1
2023-08-06,福井,吉崎御坊跡,あわら湯のまち エリア,1
2023-08-06,福井,吉崎御坊跡,フルーツライン エリア,2
2023-08-06,福井,吉崎御坊跡,北潟湖 エリア,1
2023-08-06,福井,大本山 永平寺 エリア,越前大野城,1
2023-08-06,福井,大本山永平寺,大本山 永平寺 エリア,1
2023-08-06,福井,御食国若狭おばま食文化館 エリア,小浜市水産食品センター（若狭小浜お魚センター）,1
2023-08-06,福井,敦賀赤レンガ倉庫,金ヶ崎 エリア,1
2023-08-06,福井,東尋坊,あわら湯のまち エリア,2
2023-08-06,福井,東尋坊 エリア,一乗谷朝倉氏遺跡,1
2023-08-06,福井,氣比神宮,JR美浜駅 エリア,1
2023-08-06,福井,氣比神宮,湖上館パムコ（水月湖）エリア,1
2023-08-06,福井,氣比神宮,若狭海遊バザール 千鳥苑 エリア,1
2023-08-06,福井,永平寺,一乗谷朝倉氏遺跡 エリア,1
2023-08-06,福井,熊川宿,うみんぴあ大飯 エリア,1
2023-08-06,福井,福井県営体育館,北陸新幹線 越前たけふ駅 エリア,2
2023-08-06,福井,福井県立恐竜博物館,あわら湯のまち エリア,2
2023-08-06,福井,福井県立恐竜博物館,スーベニアショップ ラプトル エリア,4
2023-08-06,福井,福井県立恐竜博物館,一乗谷朝倉氏遺跡 エリア,1
2023-08-06,福井,福井県立恐竜博物館,水晶浜 エリア,1
2023-08-06,福井,福井県立恐竜博物館,道の駅「恐竜渓谷かつやま」 エリア,1
2023-08-06,福井,若狭フィッシャーマンズワーフ,小浜市まちの駅 エリア,1
2023-08-06,福井,若狭和田ビーチ,小浜市 阿納 エリア,1
2023-08-06,福井,越前そばの里,日本海さかな街 エリア,1
2023-08-06,福井,越前和紙の里,道の駅「南えちぜん山海里」 エリア,1
2023-08-06,福井,越前大野城,JR九頭竜湖駅 エリア,1
2023-08-06,福井,越前大野城,まちの市場 こってコテいけだ エリア,1
2023-08-06,福井,越前大野城,越前大野城・城下町 エリア,1
2023-08-06,福井,越前大野城・城下町 エリア,白山平泉寺歴史探遊館 まほろば,1
2023-08-06,福井,越前松島水族館 エリア,東尋坊,1
2023-08-06,福井,道の駅「恐竜渓谷かつやま」 エリア,福井県立恐竜博物館,1
2023-08-06,福井,道の駅「西山公園」,丸岡城 エリア,1
2023-08-06,福井,道の駅「越前おおの荒島の郷」,道の駅「恐竜渓谷かつやま」 エリア,1
2023-08-06,福井,道の駅「越前おおの荒島の郷」 エリア,越前大野城,1
2023-08-06,福井,阿納海水浴場(2021夏は開設しません),道の駅「若狭おばま」 エリア,1
2023-08-07,福井,あわら湯のまち エリア,越前がにミュージアム,1
2023-08-07,福井,スーベニアショップ ラプトル エリア,平泉寺白山神社,1
2023-08-07,福井,レインボーライン エリア,若狭三方縄文博物館,1
2023-08-07,福井,レインボーライン エリア,若狭海遊バザール千鳥苑 若狭美浜 海の駅,1
2023-08-07,福井,一乗谷朝倉氏遺跡,丸岡城 エリア,1
2023-08-07,福井,一乗谷朝倉氏遺跡 エリア,大本山永平寺,1
2023-08-07,福井,丸岡城,一乗谷朝倉氏遺跡 エリア,1
2023-08-07,福井,丸岡城,丸岡城 エリア,1
2023-08-07,福井,丸岡城,北潟湖 エリア,1
2023-08-07,福井,丸岡城,越前大仏 エリア,1
2023-08-07,福井,丸岡城,道の駅「西山公園」 エリア,1
2023-08-07,福井,丸岡城,道の駅みくに ふれあいパーク三里浜 エリア,1
2023-08-07,福井,北の庄城址・柴田公園,北ノ庄 エリア,2
2023-08-07,福井,大本山 永平寺 エリア,福井県立恐竜博物館,1
2023-08-07,福井,日本海さかな街,若狭海遊バザール 千鳥苑 エリア,1
2023-08-07,福井,水晶浜 エリア,福井県立恐竜博物館,1
2023-08-07,福井,水晶浜海水浴場,レインボーライン エリア,1
2023-08-07,福井,福井城址,福井駅前 エリア,1
2023-08-07,福井,福井県立恐竜博物館,あわら湯のまち エリア,1
2023-08-07,福井,福井県立恐竜博物館,まちの市場 こってコテいけだ エリア,1
2023-08-07,福井,福井県立恐竜博物館,道の駅「南えちぜん山海里」 エリア,1
2023-08-07,福井,福井県立恐竜博物館,道の駅「恐竜渓谷かつやま」 エリア,1
2023-08-07,福井,芝政ワールド,福井駅前 エリア（宿泊施設）,1
2023-08-07,福井,若狭海遊バザール 千鳥苑 エリア,若狭瓜割名水公園 瓜割の滝,1
2023-08-07,福井,若狭海遊バザール千鳥苑 若狭美浜 海の駅,レインボーライン エリア,1
2023-08-07,福井,越前大仏 エリア,越前大仏,1
2023-08-07,福井,越前大野城,スーベニアショップ ラプトル エリア,1
2023-08-07,福井,越前大野城,福井駅前 エリア,1
2023-08-07,福井,越前大野城,越前大野城・城下町 エリア,1
2023-08-07,福井,越前大野城・城下町 エリア,丸岡城,1
2023-08-07,福井,道の駅「三方五湖」,道の駅「三方五湖」  エリア,1
2023-08-07,福井,道の駅「三方五湖」  エリア,若狭フィッシャーマンズワーフ,1
2023-08-07,福井,道の駅「恐竜渓谷かつやま」,平泉寺白山神社 エリア,1
2023-08-08,福井,UMIKARA,若狭高浜 エリア,1
2023-08-08,福井,あわら湯のまち エリア,ファーマーズマーケットきららの丘,1
2023-08-08,福井,一乗谷朝倉氏遺跡 エリア,北の庄城址・柴田公園,1
2023-08-08,福井,三国サンセットビーチ,あわら湯のまち エリア,1
2023-08-08,福井,三国湊 エリア,芝政ワールド,1
2023-08-08,福井,丸岡城,一乗谷朝倉氏遺跡 エリア,1
2023-08-08,福井,国分寺 (小浜市),レインボーライン エリア,1
2023-08-08,福井,大本山永平寺,越前海岸 北部 エリア,1
2023-08-08,福井,日本海さかな街 エリア,丸岡城,1
2023-08-08,福井,東尋坊,あわら湯のまち エリア,1
2023-08-08,福井,東尋坊,三国湊 エリア,1
2023-08-08,福井,水晶浜海水浴場,大本山 永平寺 エリア,1
2023-08-08,福井,白山平泉寺歴史探遊館 まほろば,道の駅「越前おおの荒島の郷」 エリア,1
2023-08-08,福井,箸のふるさと館WAKASA エリア,若狭フィッシャーマンズワーフ,1
2023-08-08,福井,越前がにミュージアム,道の駅「越前」 エリア,1
2023-08-08,福井,越前大野城,日本海さかな街 エリア,1
2023-08-08,福井,越前大野城,道の駅「越前おおの荒島の郷」 エリア,1
2023-08-08,福井,道の駅「恐竜渓谷かつやま」 エリア,大本山永平寺,1
2023-08-08,福井,道の駅「越前おおの荒島の郷」 エリア,九頭竜湖,1
2023-08-08,福井,道の駅「越前おおの荒島の郷」 エリア,越前大仏,1
2023-08-08,福井,養浩館庭園,福井駅前 エリア（宿泊施設）,1
2023-08-09,福井,あわら温泉「芦湯」,フルーツライン エリア,1
2023-08-09,福井,あわら温泉街,大本山 永平寺 エリア,1
2023-08-09,福井,あわら湯のまち エリア,一乗谷朝倉氏遺跡,1
2023-08-09,福井,あわら湯のまち エリア,越前松島水族館,1
2023-08-09,福井,あわら湯のまち エリア,野外恐竜博物館,1
2023-08-09,福井,スーベニアショップ ラプトル エリア,福井県立恐竜博物館,1
2023-08-09,福井,一乗谷朝倉氏遺跡,一乗谷朝倉氏遺跡 エリア,1
2023-08-09,福井,一乗谷朝倉氏遺跡,丸岡城 エリア,1
2023-08-09,福井,一乗谷朝倉氏遺跡,若狭フィッシャーマンズワーフ エリア,1
2023-08-09,福井,一乗谷朝倉氏遺跡,道の駅「禅の里」 エリア,1
2023-08-09,福井,一乗谷朝倉氏遺跡 エリア,越前大野城,2
2023-08-09,福井,丸岡城,一乗谷朝倉氏遺跡 エリア,1
2023-08-09,福井,丸岡城,丸岡城 エリア,1
2023-08-09,福井,丸岡城 エリア,越前大野城,1
2023-08-09,福井,名田庄 エリア,若狭和田ビーチ,1
2023-08-09,福井,大本山 永平寺 エリア,福井県立恐竜博物館,1
2023-08-09,福井,大本山 永平寺 エリア,道の駅「恐竜渓谷かつやま」,1
2023-08-09,福井,大本山永平寺,東尋坊 エリア,1
2023-08-09,福井,小浜市 阿納 エリア,若狭フィッシャーマンズワーフ,1
2023-08-09,福井,日本海さかな街,小浜市 阿納 エリア,1
2023-08-09,福井,東尋坊,あわら湯のまち エリア,2
2023-08-09,福井,東尋坊 エリア,三国サンセットビーチ,1
2023-08-09,福井,福井駅前 エリア（宿泊施設）,大本山永平寺,1
2023-08-09,福井,芝政ワールド,あわら湯のまち エリア,1
2023-08-09,福井,若狭フィッシャーマンズワーフ エリア,小浜市水産食品センター（若狭小浜お魚センター）,1
2023-08-09,福井,西山動物園,だるまちゃん広場 エリア,1
2023-08-09,福井,越前大野城,越前大野城・城下町 エリア,1
2023-08-09,福井,越前大野城・城下町 エリア,一乗谷朝倉氏遺跡,1
2023-08-09,福井,道の駅「南えちぜん山海里」 エリア,芝政ワールド,1
2023-08-09,福井,道の駅「恐竜渓谷かつやま」,スーベニアショップ ラプトル エリア,1
2023-08-09,福井,道の駅「恐竜渓谷かつやま」 エリア,福井県立恐竜博物館,1
2023-08-09,福井,道の駅「禅の里」,大本山 永平寺 エリア,1
2023-08-09,福井,道の駅「禅の里」 エリア,福井県立恐竜博物館,1
2023-08-09,福井,道の駅「越前おおの荒島の郷」,六呂師高原 エリア,1
2023-08-09,福井,阿納海水浴場(2021夏は開設しません),若狭フィッシャーマンズワーフ エリア,2
2023-08-10,福井,JR敦賀駅前 エリア,福井県立恐竜博物館,1
2023-08-10,福井,JR芦原温泉駅 エリア,一乗谷朝倉氏遺跡,1
2023-08-10,福井,うみんぴあ大飯 エリア,福井県こども家族館,1
2023-08-10,福井,レインボーライン,御食国若狭おばま食文化館 エリア,1
2023-08-10,福井,一乗谷朝倉氏遺跡,一乗谷朝倉氏遺跡 エリア,2
2023-08-10,福井,一乗谷朝倉氏遺跡,大本山 永平寺 エリア,1
2023-08-10,福井,一乗谷朝倉氏遺跡,福井駅前 エリア（宿泊施設）,1
2023-08-10,福井,一乗谷朝倉氏遺跡,越前大野城・城下町 エリア,1
2023-08-10,福井,一乗谷朝倉氏遺跡 エリア,大本山永平寺,1
2023-08-10,福井,一乗谷朝倉氏遺跡 エリア,越前大野城,1
2023-08-10,福井,大本山 永平寺 エリア,一乗谷朝倉氏遺跡,1
2023-08-10,福井,大本山 永平寺 エリア,氣比神宮,1
2023-08-10,福井,大本山 永平寺 エリア,福井県立恐竜博物館,1
2023-08-10,福井,大本山 永平寺 エリア,道の駅「禅の里」,1
2023-08-10,福井,大本山永平寺,平泉寺白山神社 エリア,2
2023-08-10,福井,大本山永平寺,福井駅前 エリア,1
2023-08-10,福井,小浜市 阿納 エリア,道の駅「若狭おばま」,1
2023-08-10,福井,平泉寺白山神社 エリア,勝山城博物館,1
2023-08-10,福井,御食国若狭おばま食文化館,明通寺 エリア,1
2023-08-10,福井,御食国若狭おばま食文化館 エリア,若狭フィッシャーマンズワーフ,1
2023-08-10,福井,明通寺 エリア,三方五湖,1
2023-08-10,福井,東尋坊,大本山 永平寺 エリア,1
2023-08-10,福井,水島,JR敦賀駅前 エリア,2
2023-08-10,福井,水晶浜海水浴場,金ヶ崎 エリア,1
2023-08-10,福井,熊川宿,小浜市 阿納 エリア,1
2023-08-10,福井,熊川宿,道の駅「若狭おばま」 エリア,1
2023-08-10,福井,福井県海浜自然センター,道の駅「若狭おばま」 エリア,1
2023-08-10,福井,福井県立恐竜博物館,うみんぴあ大飯 エリア,1
2023-08-10,福井,福井県立恐竜博物館,スキージャム勝山 エリア,1
2023-08-10,福井,芝政ワールド,あわら湯のまち エリア,1
2023-08-10,福井,花はす公園,道の駅「南えちぜん山海里」 エリア,1
2023-08-10,福井,道の駅「若狭おばま」 エリア,敦賀駅,1
2023-08-10,福井,金ヶ崎 エリア,水島,1
2023-08-11,福井,あわら温泉屋台村「湯けむり横丁」,福井駅前 エリア,1
2023-08-11,福井,あわら湯のまち エリア,東尋坊,1
2023-08-11,福井,うみんぴあ大飯 エリア,ホテルうみんぴあ,1
2023-08-11,福井,かずら橋,まちの市場 こってコテいけだ エリア,1
2023-08-11,福井,はたや記念館 ゆめおーれ勝山 エリア,福井県立恐竜博物館,1
2023-08-11,福井,スーベニアショップ ラプトル エリア,福井県立恐竜博物館,1
2023-08-11,福井,メガネストリート エリア,敦賀赤レンガ倉庫,1
2023-08-11,福井,レインボーライン エリア,熊川宿,1
2023-08-11,福井,レインボーライン エリア,道の駅「三方五湖」,1
2023-08-11,福井,一乗谷朝倉氏遺跡,えちぜん鉄道 松岡駅 エリア,1
2023-08-11,福井,一乗谷朝倉氏遺跡,越前そばの里 エリア,1
2023-08-11,福井,一乗谷朝倉氏遺跡,道の駅「南えちぜん山海里」 エリア,1
2023-08-11,福井,一乗谷朝倉氏遺跡 エリア,大本山永平寺,1
2023-08-11,福井,三方五湖,敦賀市立博物館 エリア,1
2023-08-11,福井,人魚の浜海水浴場,小浜 エリア（宿泊施設）,1
2023-08-11,福井,北の庄城址・柴田公園,メガネストリート エリア,1
2023-08-11,福井,北の庄城址・柴田公園,福井駅前 エリア,1
2023-08-11,福井,北ノ庄 エリア,敦賀赤レンガ倉庫,1
2023-08-11,福井,北潟湖 エリア,福井県立恐竜博物館,1
2023-08-11,福井,大本山 永平寺 エリア,福井県立恐竜博物館,1
2023-08-11,福井,大本山永平寺,大本山 永平寺 エリア,1
2023-08-11,福井,岡太神社・大瀧神社,武生駅 エリア,1
2023-08-11,福井,平泉寺白山神社,越前大野城・城下町 エリア,1
2023-08-11,福井,暦会館,若狭フィッシャーマンズワーフ エリア,1
2023-08-11,福井,東尋坊 エリア,ふれあいパーク三里浜(道の駅「みくに」),1
2023-08-11,福井,氣比神宮,神楽通り エリア,1
2023-08-11,福井,氣比神宮,越前そばの里 エリア,1
2023-08-11,福井,熊川宿,あわら湯のまち エリア,1
2023-08-11,福井,熊川宿,レインボーライン エリア,1
2023-08-11,福井,福井県海浜自然センター,JR美浜駅 エリア,1
2023-08-11,福井,福井県立恐竜博物館,あわら湯のまち エリア,1
2023-08-11,福井,福井県立恐竜博物館,はたや記念館 ゆめおーれ勝山 エリア,1
2023-08-11,福井,福井県立恐竜博物館,スーベニアショップ ラプトル エリア,1
2023-08-11,福井,福井県立恐竜博物館,一乗谷朝倉氏遺跡 エリア,1
2023-08-11,福井,福井県立恐竜博物館,大本山 永平寺 エリア,1
2023-08-11,福井,福井駅,北ノ庄 エリア,1
2023-08-11,福井,福井駅前 エリア,越前大野城,1
2023-08-11,福井,芝政ワールド,越前松島水族館 エリア,1
2023-08-11,福井,若狭フィッシャーマンズワーフ,御食国若狭おばま食文化館 エリア,1
2023-08-11,福井,越前そばの里 エリア,越前海岸,1
2023-08-11,福井,越前大仏,越前大野城・城下町 エリア,1
2023-08-11,福井,越前大野城,越前大野城・城下町 エリア,2
2023-08-11,福井,越前大野城,道の駅「恐竜渓谷かつやま」 エリア,1
2023-08-11,福井,越前大野城,道の駅「越前おおの荒島の郷」 エリア,1
2023-08-11,福井,越前大野城・城下町 エリア,丸岡城,1
2023-08-11,福井,越前松島水族館,東尋坊 エリア,1
2023-08-11,福井,越前松島水族館 エリア,東尋坊,1
2023-08-11,福井,道の駅「シーサイド高浜」,うみんぴあ大飯 エリア,1
2023-08-11,福井,道の駅「南えちぜん山海里」 エリア,越前大野城,1
2023-08-11,福井,道の駅「禅の里」 エリア,道の駅「越前おおの荒島の郷」,1
2023-08-11,福井,道の駅「若狭熊川宿」,湖上館パムコ（水月湖）エリア,1
2023-08-12,福井,JR敦賀駅前 エリア,大本山永平寺,1
2023-08-12,福井,「ちひろの生まれた家」記念館,武生駅 エリア,1
2023-08-12,福井,あわら湯のまち エリア,福井駅,2
2023-08-12,福井,うるしの里 エリア,丸岡城,1
2023-08-12,福井,ふれあいパーク三里浜(道の駅「みくに」),北潟湖 エリア,1
2023-08-12,福井,めがねミュージアム,一乗谷朝倉氏遺跡 エリア,1
2023-08-12,福井,レインボーライン,JR美浜駅 エリア,1
2023-08-12,福井,レインボーライン エリア,御食国若狭おばま食文化館,1
2023-08-12,福井,一乗谷朝倉氏遺跡,大本山 永平寺 エリア,2
2023-08-12,福井,一乗谷朝倉氏遺跡,越前大野城・城下町 エリア,3
2023-08-12,福井,一乗谷朝倉氏遺跡,道の駅「越前おおの荒島の郷」 エリア,1
2023-08-12,福井,三国サンセットビーチ,あわら湯のまち エリア,1
2023-08-12,福井,三国サンセットビーチ,大本山 永平寺 エリア,1
2023-08-12,福井,丸岡城,丸岡城 エリア,1
2023-08-12,福井,丸岡城 エリア,東尋坊,1
2023-08-12,福井,丸岡城 エリア,越前大野城,1
2023-08-12,福井,劔神社,道の駅「越前」 エリア,1
2023-08-12,福井,北潟湖 エリア,芝政ワールド,1
2023-08-12,福井,吉崎御坊跡,フルーツライン エリア,1
2023-08-12,福井,名田庄 エリア,若狭フィッシャーマンズワーフ,1
2023-08-12,福井,大本山 永平寺 エリア,福井県立恐竜博物館,2
2023-08-12,福井,大本山 永平寺 エリア,越前大野城,1
2023-08-12,福井,大本山 永平寺 エリア,道の駅「九頭竜・和泉ふれあい会館」,1
2023-08-12,福井,大本山永平寺,スーベニアショップ ラプトル エリア,1
2023-08-12,福井,大本山永平寺,大本山 永平寺 エリア,2
2023-08-12,福井,小浜 エリア（宿泊施設）,若狭フィッシャーマンズワーフ,1
2023-08-12,福井,恐竜博物館,あわら湯のまち エリア,1
2023-08-12,福井,敦賀赤レンガ倉庫,うみんぴあ大飯 エリア,1
2023-08-12,福井,敦賀赤レンガ倉庫,道の駅「禅の里」 エリア,1
2023-08-12,福井,敦賀赤レンガ倉庫,金ヶ崎 エリア,1
2023-08-12,福井,東尋坊,大本山 永平寺 エリア,1
2023-08-12,福井,東尋坊 エリア,丸岡城,1
2023-08-12,福井,東尋坊 エリア,福井県立恐竜博物館,1
2023-08-12,福井,気比の松原,水晶浜 エリア,1
2023-08-12,福井,氣比神宮,レインボーライン エリア,1
2023-08-12,福井,氣比神宮,金ヶ崎 エリア,1
2023-08-12,福井,福井県立恐竜博物館,北潟湖 エリア,1
2023-08-12,福井,福井県立恐竜博物館,大本山 永平寺 エリア,1
2023-08-12,福井,福井県立恐竜博物館,福井駅前 エリア,2
2023-08-12,福井,福井県立恐竜博物館,道の駅「恐竜渓谷かつやま」 エリア,1
2023-08-12,福井,福井駅,あわら湯のまち エリア,2
2023-08-12,福井,福井駅,東尋坊 エリア,1
2023-08-12,福井,箸のふるさと館WAKASA,若狭フィッシャーマンズワーフ エリア,1
2023-08-12,福井,箸のふるさと館WAKASA エリア,若狭フィッシャーマンズワーフ,1
2023-08-12,福井,芝政ワールド,東尋坊 エリア,1
2023-08-12,福井,芝政ワールド,越前そばの里 エリア,1
2023-08-12,福井,越前そばの里 エリア,芝政ワールド,1
2023-08-12,福井,越前和紙の里,越前そばの里 エリア,1
2023-08-12,福井,越前大仏,レインボーライン エリア,1
2023-08-12,福井,越前大仏,北陸新幹線 越前たけふ駅 エリア,1
2023-08-12,福井,越前大野城,JR敦賀駅前 エリア,1
2023-08-12,福井,越前大野城,レインボーライン エリア,1
2023-08-12,福井,越前大野城,越前大野城・城下町 エリア,1
2023-08-12,福井,越前大野城・城下町 エリア,丸岡城,1
2023-08-12,福井,越前大野城・城下町 エリア,勝山城博物館,1
2023-08-12,福井,越前大野城・城下町 エリア,大本山永平寺,1
2023-08-12,福井,越前大野城・城下町 エリア,福井駅,1
2023-08-12,福井,越前海岸 越前岬 エリア,三国サンセットビーチ,1
2023-08-12,福井,越前海岸 越前岬 エリア,越前がにミュージアム,1
2023-08-12,福井,道の駅「名田庄」,箸のふるさと館WAKASA エリア,1
2023-08-12,福井,道の駅「恐竜渓谷かつやま」,はたや記念館 ゆめおーれ勝山 エリア,1
2023-08-12,福井,道の駅「恐竜渓谷かつやま」 エリア,大本山永平寺,1
2023-08-12,福井,道の駅「恐竜渓谷かつやま」 エリア,道の駅「禅の里」,2
2023-08-12,福井,道の駅「禅の里」,道の駅「越前おおの荒島の郷」 エリア,1
2023-08-12,福井,道の駅「禅の里」 エリア,道の駅「九頭竜・和泉ふれあい会館」,1
2023-08-12,福井,道の駅「越前」 エリア,大本山永平寺,1
2023-08-12,福井,道の駅「越前おおの荒島の郷」,道の駅「恐竜渓谷かつやま」 エリア,2
2023-08-12,福井,道の駅「越前おおの荒島の郷」 エリア,スキージャム勝山,1
2023-08-12,福井,道の駅「越前おおの荒島の郷」 エリア,道の駅「九頭竜・和泉ふれあい会館」,1
2023-08-12,福井,金ヶ崎 エリア,敦賀赤レンガ倉庫,1
2023-08-12,福井,金ヶ崎 エリア,敦賀鉄道資料館（旧敦賀港駅舎 ）,1
2023-08-12,福井,金ヶ崎 エリア,氣比神宮,1
2023-08-13,福井,JR美浜駅 エリア,三方五湖,1
2023-08-13,福井,JR美浜駅 エリア,道の駅「シーサイド高浜」,1
2023-08-13,福井,JR芦原温泉駅 エリア,大本山永平寺,1
2023-08-13,福井,あわら温泉街,福井駅前 エリア,1
2023-08-13,福井,スーベニアショップ ラプトル エリア,福井県立恐竜博物館,1
2023-08-13,福井,レインボーライン エリア,福井県年縞博物館,2
2023-08-13,福井,レインボーライン エリア,若狭瓜割名水公園 瓜割の滝,1
2023-08-13,福井,一乗谷朝倉氏遺跡,スーベニアショップ ラプトル エリア,1
2023-08-13,福井,一乗谷朝倉氏遺跡,一乗谷朝倉氏遺跡 エリア,3
2023-08-13,福井,一乗谷朝倉氏遺跡,明通寺 エリア,1
2023-08-13,福井,一乗谷朝倉氏遺跡,福井駅前 エリア,1
2023-08-13,福井,一乗谷朝倉氏遺跡,越前大野城・城下町 エリア,1
2023-08-13,福井,一乗谷朝倉氏遺跡,越前海岸 北部 エリア,1
2023-08-13,福井,一乗谷朝倉氏遺跡,越前陶芸村 エリア,1
2023-08-13,福井,一乗谷朝倉氏遺跡,道の駅「南えちぜん山海里」 エリア,1
2023-08-13,福井,一乗谷朝倉氏遺跡,金ヶ崎 エリア,1
2023-08-13,福井,一乗谷朝倉氏遺跡 エリア,一乗谷朝倉氏遺跡,1
2023-08-13,福井,一乗谷朝倉氏遺跡 エリア,大本山永平寺,1
2023-08-13,福井,一乗谷朝倉氏遺跡 エリア,越前大仏,1
2023-08-13,福井,丸岡城,一乗谷朝倉氏遺跡 エリア,2
2023-08-13,福井,丸岡城,丸岡城 エリア,2
2023-08-13,福井,丸岡城,北ノ庄 エリア,1
2023-08-13,福井,丸岡城,大本山 永平寺 エリア,1
2023-08-13,福井,丸岡城,東尋坊 エリア,1
2023-08-13,福井,丸岡城,若州一滴文庫 エリア,1
2023-08-13,福井,丸岡城 エリア,一乗谷朝倉氏遺跡,1
2023-08-13,福井,今庄宿,道の駅「南えちぜん山海里」 エリア,1
2023-08-13,福井,今庄宿 エリア,道の駅「南えちぜん山海里」,1
2023-08-13,福井,北ノ庄 エリア,丸岡城,1
2023-08-13,福井,北ノ庄 エリア,越前大野城,1
2023-08-13,福井,北陸新幹線 越前たけふ駅 エリア,一乗谷朝倉氏遺跡,1
2023-08-13,福井,北陸新幹線 越前たけふ駅 エリア,岡太神社・大瀧神社,1
2023-08-13,福井,北陸新幹線 越前たけふ駅 エリア,花はす公園,1
2023-08-13,福井,大本山 永平寺 エリア,氣比神宮,1
2023-08-13,福井,大本山 永平寺 エリア,越前大野城,1
2023-08-13,福井,大本山 永平寺 エリア,養浩館庭園,2
2023-08-13,福井,大本山永平寺,JR美浜駅 エリア,1
2023-08-13,福井,大本山永平寺,一乗谷朝倉氏遺跡 エリア,1
2023-08-13,福井,大本山永平寺,北陸新幹線 越前たけふ駅 エリア,1
2023-08-13,福井,大本山永平寺,大本山 永平寺 エリア,1
2023-08-13,福井,天橋立（京都府）,道の駅「三方五湖」  エリア,1
2023-08-13,福井,小浜市水産食品センター（若狭小浜お魚センター）,御食国若狭おばま食文化館 エリア,1
2023-08-13,福井,帰宅,越前そばの里 エリア,1
2023-08-13,福井,平泉寺白山神社,大本山 永平寺 エリア,1
2023-08-13,福井,敦賀赤レンガ倉庫,金ヶ崎 エリア,1
2023-08-13,福井,東尋坊,JR芦原温泉駅 エリア,1
2023-08-13,福井,東尋坊 エリア,越前松島水族館,1
2023-08-13,福井,氣比神宮,JR敦賀駅前 エリア,1
2023-08-13,福井,水晶浜海水浴場,JR美浜駅 エリア,1
2023-08-13,福井,熊川宿,レインボーライン エリア,1
2023-08-13,福井,福井県立恐竜博物館,あわら湯のまち エリア,2
2023-08-13,福井,福井県立恐竜博物館,はたや記念館 ゆめおーれ勝山 エリア,1
2023-08-13,福井,福井県立恐竜博物館,スーベニアショップ ラプトル エリア,2
2023-08-13,福井,福井県立恐竜博物館,北ノ庄 エリア,1
2023-08-13,福井,福井県立恐竜博物館,大本山 永平寺 エリア,1
2023-08-13,福井,福井県立恐竜博物館,福井駅前 エリア,1
2023-08-13,福井,福井駅,大本山 永平寺 エリア,1
2023-08-13,福井,福井駅前 エリア,福井県立恐竜博物館,1
2023-08-13,福井,越前がにミュージアム,道の駅「西山公園」 エリア,1
2023-08-13,福井,越前がにミュージアム,道の駅「越前」 エリア,1
2023-08-13,福井,越前大野城,道の駅「西山公園」 エリア,1
2023-08-13,福井,越前大野城・城下町 エリア,丸岡城,1
2023-08-13,福井,越前岬,道の駅「越前」 エリア,1
2023-08-13,福井,道の駅「パークイン丹生ヶ丘」 エリア,越前がにミュージアム,1
2023-08-13,福井,道の駅「パークイン丹生ヶ丘」 エリア,道の駅「西山公園」,1
2023-08-13,福井,道の駅「三方五湖」  エリア,氣比神宮,1
2023-08-13,福井,道の駅「九頭竜・和泉ふれあい会館」,スーベニアショップ ラプトル エリア,1
2023-08-13,福井,道の駅「南えちぜん山海里」,北陸新幹線 越前たけふ駅 エリア,1
2023-08-13,福井,道の駅「南えちぜん山海里」 エリア,敦賀駅,1
2023-08-13,福井,道の駅「名田庄」,名田庄 エリア,1
2023-08-13,福井,道の駅「越前」,一乗谷朝倉氏遺跡 エリア,1
2023-08-13,福井,道の駅「越前」 エリア,東尋坊,1
2023-08-13,福井,道の駅「越前」 エリア,越前大仏,1
2023-08-13,福井,道の駅「越前おおの荒島の郷」 エリア,道の駅「九頭竜・和泉ふれあい会館」,1
2023-08-13,福井,金ヶ崎 エリア,人道の港 敦賀ムゼウム,1
2023-08-13,福井,金ヶ崎 エリア,越前大野城,1
2023-08-14,福井,JR敦賀駅前 エリア,氣比神宮,1
2023-08-14,福井,JR美浜駅 エリア,レインボーライン,1
2023-08-14,福井,JR美浜駅 エリア,道の駅「若狭熊川宿」,1
2023-08-14,福井,あわら湯のまち エリア,福井県立恐竜博物館,1
2023-08-14,福井,えちぜん鉄道 永平寺口駅 エリア,福井県立恐竜博物館,1
2023-08-14,福井,スーベニアショップ ラプトル エリア,越前大仏,1
2023-08-14,福井,ファーマーズマーケットきららの丘,フルーツライン エリア,1
2023-08-14,福井,フルーツライン エリア,三国サンセットビーチ,1
2023-08-14,福井,レインボーライン,道の駅「三方五湖」  エリア,1
2023-08-14,福井,レインボーライン エリア,氣比神宮,1
2023-08-14,福井,レインボーライン エリア,道の駅「若狭熊川宿」,1
2023-08-14,福井,一乗谷朝倉氏遺跡,メガネストリート エリア,1
2023-08-14,福井,一乗谷朝倉氏遺跡,一乗谷朝倉氏遺跡 エリア,2
2023-08-14,福井,一乗谷朝倉氏遺跡,福井駅前 エリア,1
2023-08-14,福井,一乗谷朝倉氏遺跡,越前海岸 くりや旅館街 エリア,1
2023-08-14,福井,一乗谷朝倉氏遺跡,道の駅「越前」 エリア,1
2023-08-14,福井,一乗谷朝倉氏遺跡,道の駅「越前おおの荒島の郷」 エリア,1
2023-08-14,福井,一乗谷朝倉氏遺跡 エリア,道の駅「一乗谷あさくら水の駅」,1
2023-08-14,福井,三国サンセットビーチ,フルーツライン エリア,1
2023-08-14,福井,丸岡城,東尋坊 エリア,1
2023-08-14,福井,五湖の駅,JR美浜駅 エリア,1
2023-08-14,福井,吉崎御坊跡,越前そばの里 エリア,1
2023-08-14,福井,大本山 永平寺 エリア,和倉温泉郷（石川県）,1
2023-08-14,福井,大本山永平寺,えちぜん鉄道 永平寺口駅 エリア,1
2023-08-14,福井,大本山永平寺,東尋坊 エリア,1
2023-08-14,福井,小浜市 阿納 エリア,熊川宿,1
2023-08-14,福井,帰宅,道の駅「三方五湖」  エリア,1
2023-08-14,福井,御食国若狭おばま食文化館,箸のふるさと館WAKASA エリア,1
2023-08-14,福井,敦賀赤レンガ倉庫,JR敦賀駅前 エリア,1
2023-08-14,福井,敦賀赤レンガ倉庫,道の駅「三方五湖」  エリア,1
2023-08-14,福井,敦賀赤レンガ倉庫,金ヶ崎 エリア,3
2023-08-14,福井,日本海さかな街,道の駅「三方五湖」  エリア,1
2023-08-14,福井,日本海さかな街 エリア,道の駅「三方五湖」,1
2023-08-14,福井,日本海さかな街 エリア,道の駅「若狭おばま」,1
2023-08-14,福井,明通寺,小浜市 阿納 エリア,1
2023-08-14,福井,明通寺 エリア,日本海さかな街,1
2023-08-14,福井,明通寺 エリア,氣比神宮,1
2023-08-14,福井,明通寺 エリア,神宮寺,1
2023-08-14,福井,東尋坊,あわら湯のまち エリア,2
2023-08-14,福井,東尋坊,明通寺 エリア,1
2023-08-14,福井,東尋坊 エリア,丸岡城,1
2023-08-14,福井,熊川宿,明通寺 エリア,1
2023-08-14,福井,神宮寺,明通寺 エリア,1
2023-08-14,福井,福井県立恐竜博物館,JR美浜駅 エリア,1
2023-08-14,福井,福井県立恐竜博物館,スーベニアショップ ラプトル エリア,2
2023-08-14,福井,福井県立恐竜博物館,レインボーライン エリア,1
2023-08-14,福井,福井県立恐竜博物館,一乗谷朝倉氏遺跡 エリア,1
2023-08-14,福井,福井県立恐竜博物館,花の駅 ゆりの里公園 エリア,1
2023-08-14,福井,福井駅,道の駅「南えちぜん山海里」 エリア,1
2023-08-14,福井,自宅,あわら湯のまち エリア,1
2023-08-14,福井,若狭高浜 エリア,道の駅「うみんぴあ大飯」,1
2023-08-14,福井,越前そばの里 エリア,越前大仏,1
2023-08-14,福井,越前大仏,越前そばの里 エリア,1
2023-08-14,福井,越前大仏,道の駅「禅の里」 エリア,1
2023-08-14,福井,越前大野城,道の駅「南えちぜん山海里」 エリア,1
2023-08-14,福井,越前大野城,道の駅「恐竜渓谷かつやま」 エリア,1
2023-08-14,福井,越前大野城,道の駅「越前おおの荒島の郷」 エリア,1
2023-08-14,福井,越前大野城・城下町 エリア,氣比神宮,1
2023-08-14,福井,越前大野城・城下町 エリア,道の駅「越前おおの荒島の郷」,1
2023-08-14,福井,越前海岸,あわら湯のまち エリア,1
2023-08-14,福井,越前海岸,越前海岸 北部 エリア,1
2023-08-14,福井,越前海岸,道の駅「越前」 エリア,1
2023-08-14,福井,道の駅「シーサイド高浜」,レインボーライン エリア,1
2023-08-14,福井,道の駅「パークイン丹生ヶ丘」 エリア,越前がにミュージアム,1
2023-08-14,福井,道の駅「三方五湖」  エリア,レインボーライン,1
2023-08-14,福井,道の駅「三方五湖」  エリア,道の駅「若狭おばま」,2
2023-08-14,福井,道の駅「南えちぜん山海里」,日本海さかな街 エリア,1
2023-08-14,福井,道の駅「南えちぜん山海里」 エリア,花はす公園,1
2023-08-14,福井,道の駅「名田庄」,若狭高浜 エリア,1
2023-08-14,福井,道の駅「恐竜渓谷かつやま」,道の駅「南えちぜん山海里」 エリア,1
2023-08-14,福井,道の駅「河野」,日本海さかな街 エリア,1
2023-08-14,福井,道の駅「若狭おばま」 エリア,御食国若狭おばま食文化館,1
2023-08-14,福井,道の駅「西山公園」,道の駅「南えちぜん山海里」 エリア,1
2023-08-14,福井,道の駅「越前」 エリア,越前がにミュージアム,1
2023-08-14,福井,道の駅「越前おおの荒島の郷」,越前大野城・城下町 エリア,1
2023-08-14,福井,道の駅「越前おおの荒島の郷」 エリア,丸岡城,1
2023-08-14,福井,道の駅「越前おおの荒島の郷」 エリア,越前大野城,1
2023-08-14,福井,金ヶ崎 エリア,人道の港 敦賀ムゼウム,1
2023-08-14,福井,金ヶ崎 エリア,敦賀鉄道資料館（旧敦賀港駅舎 ）,1
2023-08-14,福井,金ヶ崎 エリア,気比の松原,1
2023-08-14,福井,金津創作の森,フルーツライン エリア,1
2023-08-15,福井,JR芦原温泉駅 エリア,金沢駅周辺（石川県）,1
2023-08-15,福井,あわら温泉街,あわら湯のまち エリア,1
2023-08-15,福井,あわら湯のまち エリア,東尋坊,1
2023-08-15,福井,あわら湯のまち エリア,金沢駅周辺（石川県）,1
2023-08-15,福井,えちぜん鉄道 松岡駅 エリア,大本山永平寺,1
2023-08-15,福井,えちぜん鉄道 永平寺口駅 エリア,丸岡城,1
2023-08-15,福井,かつやまディノパーク,道の駅「恐竜渓谷かつやま」 エリア,1
2023-08-15,福井,かつやまディノパーク,道の駅「越前おおの荒島の郷」 エリア,1
2023-08-15,福井,けんぞう蕎麦,えちぜん鉄道 松岡駅 エリア,2
2023-08-15,福井,レインボーライン,明通寺 エリア,1
2023-08-15,福井,レインボーライン エリア,小浜市水産食品センター（若狭小浜お魚センター）,1
2023-08-15,福井,一乗谷朝倉氏遺跡,道の駅「恐竜渓谷かつやま」 エリア,1
2023-08-15,福井,一乗谷朝倉氏遺跡 エリア,越前大野城,1
2023-08-15,福井,三国サンセットビーチ,あわら湯のまち エリア,1
2023-08-15,福井,丸岡城,道の駅みくに ふれあいパーク三里浜 エリア,1
2023-08-15,福井,今庄宿 エリア,敦賀赤レンガ倉庫,1
2023-08-15,福井,劔神社,道の駅「パークイン丹生ヶ丘」 エリア,2
2023-08-15,福井,北の庄城址・柴田公園,北ノ庄 エリア,1
2023-08-15,福井,北ノ庄 エリア,福井県立恐竜博物館,1
2023-08-15,福井,大本山 永平寺 エリア,東尋坊,1
2023-08-15,福井,大本山永平寺,えちぜん鉄道 松岡駅 エリア,1
2023-08-15,福井,大本山永平寺,大本山 永平寺 エリア,1
2023-08-15,福井,大本山永平寺,福井駅前 エリア,1
2023-08-15,福井,小浜 エリア（宿泊施設）,明通寺,1
2023-08-15,福井,帰宅,道の駅「南えちぜん山海里」 エリア,1
2023-08-15,福井,敦賀鉄道資料館（旧敦賀港駅舎 ）,JR敦賀駅前 エリア,1
2023-08-15,福井,日本海さかな街,JR敦賀駅前 エリア,1
2023-08-15,福井,明通寺,熊川宿 エリア,1
2023-08-15,福井,明通寺 エリア,丸岡城,1
2023-08-15,福井,明通寺 エリア,熊川宿,1
2023-08-15,福井,水晶浜海水浴場,大本山 永平寺 エリア,1
2023-08-15,福井,熊川宿 エリア,福井県年縞博物館,1
2023-08-15,福井,福井県立恐竜博物館,JR芦原温泉駅 エリア,1
2023-08-15,福井,福井県立恐竜博物館,あわら湯のまち エリア,1
2023-08-15,福井,福井県立恐竜博物館,えちぜん鉄道 松岡駅 エリア,2
2023-08-15,福井,福井県立恐竜博物館,えちぜん鉄道 永平寺口駅 エリア,1
2023-08-15,福井,福井県立恐竜博物館,三国湊 エリア,1
2023-08-15,福井,福井県立恐竜博物館,道の駅「三方五湖」  エリア,1
2023-08-15,福井,福井県立恐竜博物館,道の駅「南えちぜん山海里」 エリア,1
2023-08-15,福井,福井県立恐竜博物館,道の駅「恐竜渓谷かつやま」 エリア,1
2023-08-15,福井,福井県立恐竜博物館,道の駅「越前」 エリア,1
2023-08-15,福井,福井駅前 エリア,東尋坊,1
2023-08-15,福井,箸のふるさと館WAKASA エリア,御食国若狭おばま食文化館,1
2023-08-15,福井,紫式部公園 エリア,一乗谷朝倉氏遺跡,1
2023-08-15,福井,若州一滴文庫 エリア,福井県こども家族館,1
2023-08-15,福井,越前がにミュージアム,道の駅「パークイン丹生ヶ丘」 エリア,1
2023-08-15,福井,越前がにミュージアム,道の駅「越前」 エリア,1
2023-08-15,福井,越前大仏,道の駅「恐竜渓谷かつやま」 エリア,1
2023-08-15,福井,越前大野城,一乗谷朝倉氏遺跡 エリア,1
2023-08-15,福井,越前大野城,道の駅「越前おおの荒島の郷」 エリア,1
2023-08-15,福井,越前陶芸村,越前陶芸村 エリア,1
2023-08-15,福井,道の駅「うみんぴあ大飯」,若州一滴文庫 エリア,1
2023-08-15,福井,道の駅「九頭竜・和泉ふれあい会館」,道の駅「越前おおの荒島の郷」 エリア,1
2023-08-15,福井,道の駅「恐竜渓谷かつやま」 エリア,越前和紙の里,1
2023-08-15,福井,道の駅「恐竜渓谷かつやま」 エリア,越前大野城,1
2023-08-15,福井,道の駅「若狭おばま」,小浜 エリア（宿泊施設）,1
2023-08-15,福井,道の駅「若狭おばま」,明通寺 エリア,1
2023-08-15,福井,道の駅「西山公園」,越前陶芸村 エリア,1
2023-08-15,福井,道の駅「越前おおの荒島の郷」 エリア,一乗谷朝倉氏遺跡,1
2023-08-15,福井,道の駅「越前おおの荒島の郷」 エリア,越前大野城,1
2023-08-16,福井,JR美浜駅 エリア,ホテルうみんぴあ,1
2023-08-16,福井,あわら湯のまち エリア,丸岡城,1
2023-08-16,福井,かずら橋,道の駅「南えちぜん山海里」 エリア,1
2023-08-16,福井,はたや記念館 ゆめおーれ勝山 エリア,福井駅,1
2023-08-16,福井,まちの市場 こってコテいけだ エリア,一乗谷朝倉氏遺跡,1
2023-08-16,福井,めがねミュージアム,道の駅「西山公園」 エリア,1
2023-08-16,福井,スーベニアショップ ラプトル エリア,かつやまディノパーク,1
2023-08-16,福井,スーベニアショップ ラプトル エリア,福井駅,1
2023-08-16,福井,一乗谷朝倉氏遺跡,丸岡城 エリア,1
2023-08-16,福井,一乗谷朝倉氏遺跡,六呂師高原 エリア,1
2023-08-16,福井,一乗谷朝倉氏遺跡,東尋坊 エリア,1
2023-08-16,福井,一乗谷朝倉氏遺跡,福井駅前 エリア,1
2023-08-16,福井,丸岡城,道の駅「恐竜渓谷かつやま」 エリア,1
2023-08-16,福井,丸岡城 エリア,越前大野城,1
2023-08-16,福井,丸岡城 エリア,金沢駅周辺（石川県）,1
2023-08-16,福井,北の庄城址・柴田公園,福井駅前 エリア（宿泊施設）,1
2023-08-16,福井,北の庄城址・柴田公園,道の駅「南えちぜん山海里」 エリア,1
2023-08-16,福井,北陸新幹線 越前たけふ駅 エリア,一乗谷朝倉氏遺跡,1
2023-08-16,福井,北陸新幹線 越前たけふ駅 エリア,敦賀鉄道資料館（旧敦賀港駅舎 ）,1
2023-08-16,福井,北陸新幹線 越前たけふ駅 エリア,越前和紙の里,1
2023-08-16,福井,大本山永平寺,あわら湯のまち エリア,1
2023-08-16,福井,大本山永平寺,一乗谷朝倉氏遺跡 エリア,1
2023-08-16,福井,大本山永平寺,道の駅「恐竜渓谷かつやま」 エリア,1
2023-08-16,福井,敦賀赤レンガ倉庫,JR美浜駅 エリア,1
2023-08-16,福井,日本海さかな街 エリア,レインボーライン,2
2023-08-16,福井,明通寺 エリア,羽賀寺,1
2023-08-16,福井,東尋坊,スーベニアショップ ラプトル エリア,1
2023-08-16,福井,東尋坊,北陸新幹線 越前たけふ駅 エリア,1
2023-08-16,福井,東尋坊 エリア,東尋坊,1
2023-08-16,福井,気比の松原,日本海さかな街 エリア,1
2023-08-16,福井,氣比神宮,日本海さかな街 エリア,1
2023-08-16,福井,福井県立恐竜博物館,はたや記念館 ゆめおーれ勝山 エリア,1
2023-08-16,福井,福井県立恐竜博物館,スーベニアショップ ラプトル エリア,2
2023-08-16,福井,福井県立恐竜博物館,福井駅前 エリア,1
2023-08-16,福井,福井県立恐竜博物館,道の駅「恐竜渓谷かつやま」 エリア,1
2023-08-16,福井,福井駅,スーベニアショップ ラプトル エリア,1
2023-08-16,福井,福井駅前 エリア,福井駅,1
2023-08-16,福井,福井駅前 エリア（宿泊施設）,福井県立恐竜博物館,1
2023-08-16,福井,紫式部公園 エリア,敦賀赤レンガ倉庫,1
2023-08-16,福井,花の駅 ゆりの里公園 エリア,福井県立恐竜博物館,1
2023-08-16,福井,越前そばの里 エリア,山中温泉（石川県）,1
2023-08-16,福井,越前大仏,道の駅「南えちぜん山海里」 エリア,1
2023-08-16,福井,道の駅「三方五湖」,JR敦賀駅前 エリア,1
2023-08-16,福井,道の駅「九頭竜・和泉ふれあい会館」,道の駅「越前おおの荒島の郷」 エリア,1
2023-08-16,福井,道の駅「恐竜渓谷かつやま」 エリア,福井駅,1
2023-08-16,福井,道の駅「河野」,道の駅「南えちぜん山海里」 エリア,1
2023-08-16,福井,道の駅「西山公園」,道の駅「南えちぜん山海里」 エリア,1
2023-08-16,福井,道の駅「西山公園」 エリア,越前がにミュージアム,1
2023-08-16,福井,道の駅「越前」,道の駅みくに ふれあいパーク三里浜 エリア,1
2023-08-16,福井,道の駅「越前」 エリア,日本海さかな街,1
2023-08-16,福井,道の駅「越前おおの荒島の郷」 エリア,越前大野城,1
2023-08-16,福井,長須浜海水浴場,道の駅「越前」 エリア,1
2023-08-17,福井,JR敦賀駅前 エリア,福井駅,1
2023-08-17,福井,JR敦賀駅前 エリア,越前大野城,1
2023-08-17,福井,あわら湯のまち エリア,東尋坊,1
2023-08-17,福井,あわら湯のまち エリア,芝政ワールド,1
2023-08-17,福井,うみんぴあ大飯 エリア,道の駅「若狭おばま」,1
2023-08-17,福井,一乗谷朝倉氏遺跡,北ノ庄 エリア,1
2023-08-17,福井,一乗谷朝倉氏遺跡,福井駅前 エリア,1
2023-08-17,福井,一乗谷朝倉氏遺跡 エリア,北の庄城址・柴田公園,2
2023-08-17,福井,一乗谷朝倉氏遺跡 エリア,福井駅,1
2023-08-17,福井,三国サンセットビーチ,道の駅「南えちぜん山海里」 エリア,1
2023-08-17,福井,三方五湖,湖上館パムコ（水月湖）エリア,1
2023-08-17,福井,丸岡城,JR敦賀駅前 エリア,1
2023-08-17,福井,丸岡城,一乗谷朝倉氏遺跡 エリア,1
2023-08-17,福井,丸岡城,東尋坊 エリア,1
2023-08-17,福井,丸岡城,越前大野城・城下町 エリア,2
2023-08-17,福井,劔神社,東尋坊 エリア,1
2023-08-17,福井,北の庄城址・柴田公園,北ノ庄 エリア,1
2023-08-17,福井,北の庄城址・柴田公園,越前大野城・城下町 エリア,1
2023-08-17,福井,北ノ庄 エリア,丸岡城,2
2023-08-17,福井,北ノ庄 エリア,越前大野城,1
2023-08-17,福井,大本山永平寺,一乗谷朝倉氏遺跡 エリア,1
2023-08-17,福井,小浜市まちの駅 エリア,若狭フィッシャーマンズワーフ,1
2023-08-17,福井,小浜市まちの駅・旭座,若狭フィッシャーマンズワーフ エリア,1
2023-08-17,福井,敦賀駅,若狭海遊バザール 千鳥苑 エリア,1
2023-08-17,福井,東尋坊,三国湊 エリア,1
2023-08-17,福井,熊川宿,日本海さかな街 エリア,1
2023-08-17,福井,神楽通り エリア,氣比神宮,1
2023-08-17,福井,福井県立恐竜博物館,JR敦賀駅前 エリア,1
2023-08-17,福井,福井県立恐竜博物館,あわら湯のまち エリア,1
2023-08-17,福井,福井県立恐竜博物館,一乗谷朝倉氏遺跡 エリア,1
2023-08-17,福井,福井県立恐竜博物館,大本山 永平寺 エリア,1
2023-08-17,福井,福井県立恐竜博物館,福井駅前 エリア,1
2023-08-17,福井,福井駅前 エリア,北の庄城址・柴田公園,1
2023-08-17,福井,若狭フィッシャーマンズワーフ,レインボーライン エリア,1
2023-08-17,福井,若狭和田ビーチ,うみんぴあ大飯 エリア,1
2023-08-17,福井,若狭海遊バザール千鳥苑 若狭美浜 海の駅,JR美浜駅 エリア,1
2023-08-17,福井,西山動物園,道の駅「越前」 エリア,1
2023-08-17,福井,越前大野城,一乗谷朝倉氏遺跡 エリア,2
2023-08-17,福井,越前大野城,北ノ庄 エリア,1
2023-08-17,福井,越前大野城・城下町 エリア,一乗谷朝倉氏遺跡,2
2023-08-17,福井,道の駅「パークイン丹生ヶ丘」,道の駅「西山公園」 エリア,1
2023-08-17,福井,道の駅「パークイン丹生ヶ丘」 エリア,道の駅「西山公園」,1
2023-08-17,福井,道の駅「南えちぜん山海里」,北陸新幹線 越前たけふ駅 エリア,1
2023-08-17,福井,道の駅「南えちぜん山海里」 エリア,レインボーライン,1
2023-08-17,福井,道の駅「河野」,道の駅みくに ふれあいパーク三里浜 エリア,1
2023-08-17,福井,道の駅「西山公園」 エリア,うるしの里,1
2023-08-17,福井,道の駅「越前」 エリア,東尋坊,1
2023-08-17,福井,道の駅みくに ふれあいパーク三里浜 エリア,道の駅「パークイン丹生ヶ丘」,1
2023-08-18,福井,あわら湯のまち エリア,東尋坊,1
2023-08-18,福井,あわら湯のまち エリア,福井県立恐竜博物館,1
2023-08-18,福井,あわら湯のまち エリア,芝政ワールド,1
2023-08-18,福井,スーベニアショップ ラプトル エリア,福井県立恐竜博物館,1
2023-08-18,福井,フルーツライン エリア,道の駅「さかい」（坂井地域交流センター「いねす」）,1
2023-08-18,福井,一乗谷朝倉氏遺跡,一乗谷朝倉氏遺跡 エリア,1
2023-08-18,福井,一乗谷朝倉氏遺跡,武生駅 エリア,1
2023-08-18,福井,三国湊 エリア,芝政ワールド,1
2023-08-18,福井,三方五湖,名田庄 エリア,1
2023-08-18,福井,丸岡城,あわら湯のまち エリア,1
2023-08-18,福井,丸岡城 エリア,北の庄城址・柴田公園,1
2023-08-18,福井,丸岡城 エリア,福井駅,1
2023-08-18,福井,人道の港 敦賀ムゼウム,金ヶ崎 エリア,1
2023-08-18,福井,大本山 永平寺 エリア,九頭竜湖,1
2023-08-18,福井,大本山 永平寺 エリア,福井県立恐竜博物館,2
2023-08-18,福井,大本山永平寺,スーベニアショップ ラプトル エリア,1
2023-08-18,福井,大本山永平寺,大本山 永平寺 エリア,1
2023-08-18,福井,平泉寺白山神社,はたや記念館 ゆめおーれ勝山 エリア,1
2023-08-18,福井,東尋坊,大本山 永平寺 エリア,1
2023-08-18,福井,武生駅 エリア,一乗谷朝倉氏遺跡,1
2023-08-18,福井,熊川宿,小浜 エリア（宿泊施設）,1
2023-08-18,福井,福井県立恐竜博物館,あわら湯のまち エリア,1
2023-08-18,福井,福井県立恐竜博物館,三国湊 エリア,1
2023-08-18,福井,芝政ワールド,あわら湯のまち エリア,1
2023-08-18,福井,花はす公園,道の駅「南えちぜん山海里」 エリア,1
2023-08-18,福井,若狭フィッシャーマンズワーフ エリア,日本海さかな街,1
2023-08-18,福井,若狭歴史博物館,小浜 エリア（宿泊施設）,1
2023-08-18,福井,越前大野城,武生駅 エリア,1
2023-08-18,福井,越前大野城,越前大野城・城下町 エリア,1
2023-08-18,福井,越前大野城・城下町 エリア,丸岡城,1
2023-08-18,福井,道の駅「若狭おばま」,小浜 エリア（宿泊施設）,1
2023-08-19,福井,JR敦賀駅前 エリア,氣比神宮,1
2023-08-19,福井,うみんぴあ大飯 エリア,若狭たかはま エルどらんど,1
2023-08-19,福井,スキージャム勝山,スーベニアショップ ラプトル エリア,1
2023-08-19,福井,スーベニアショップ ラプトル エリア,福井県立恐竜博物館,1
2023-08-19,福井,一乗谷朝倉氏遺跡,タケフナイフビレッジ エリア,1
2023-08-19,福井,一乗谷朝倉氏遺跡,一乗谷朝倉氏遺跡 エリア,1
2023-08-19,福井,一乗谷朝倉氏遺跡,道の駅「パークイン丹生ヶ丘」 エリア,1
2023-08-19,福井,一乗谷朝倉氏遺跡 エリア,一乗谷朝倉氏遺跡,1
2023-08-19,福井,一乗谷朝倉氏遺跡 エリア,三國湊レトロ,1
2023-08-19,福井,三国湊 エリア,越前松島水族館,1
2023-08-19,福井,三方五湖,うみんぴあ大飯 エリア,1
2023-08-19,福井,丸岡城,一乗谷朝倉氏遺跡 エリア,1
2023-08-19,福井,丸岡城 エリア,東尋坊,1
2023-08-19,福井,敦賀赤レンガ倉庫,金ヶ崎 エリア,1
2023-08-19,福井,敦賀鉄道資料館（旧敦賀港駅舎 ）,金ヶ崎 エリア,1
2023-08-19,福井,日本海さかな街,水晶浜 エリア,1
2023-08-19,福井,東尋坊,あわら湯のまち エリア,1
2023-08-19,福井,東尋坊,一乗谷朝倉氏遺跡 エリア,1
2023-08-19,福井,東尋坊 エリア,大本山永平寺,1
2023-08-19,福井,氣比神宮,一乗谷朝倉氏遺跡 エリア,1
2023-08-19,福井,氣比神宮,金ヶ崎 エリア,1
2023-08-19,福井,水晶浜 エリア,福井県立恐竜博物館,2
2023-08-19,福井,熊川宿 エリア,レインボーライン,1
2023-08-19,福井,福井県立恐竜博物館,はたや記念館 ゆめおーれ勝山 エリア,1
2023-08-19,福井,福井県立恐竜博物館,スキージャム勝山 エリア,2
2023-08-19,福井,福井県立恐竜博物館,スーベニアショップ ラプトル エリア,2
2023-08-19,福井,芦原温泉,東尋坊 エリア,1
2023-08-19,福井,赤礁崎オートキャンプ場 エリア,若狭フィッシャーマンズワーフ,1
2023-08-19,福井,越前がにミュージアム,越前海岸 くりや旅館街 エリア,1
2023-08-19,福井,越前がにミュージアム,道の駅みくに ふれあいパーク三里浜 エリア,1
2023-08-19,福井,越前大仏,はたや記念館 ゆめおーれ勝山 エリア,1
2023-08-19,福井,越前大仏,三国湊 エリア,1
2023-08-19,福井,越前大野城,丸岡城 エリア,1
2023-08-19,福井,越前大野城,越前大野城・城下町 エリア,2
2023-08-19,福井,越前大野城・城下町 エリア,一乗谷朝倉氏遺跡,1
2023-08-19,福井,越前大野城・城下町 エリア,越前大野城,1
2023-08-19,福井,越前海岸 くりや旅館街 エリア,東尋坊,1
2023-08-19,福井,道の駅「九頭竜・和泉ふれあい会館」,越前大野城・城下町 エリア,1
2023-08-19,福井,道の駅みくに ふれあいパーク三里浜 エリア,東尋坊,1
2023-08-19,福井,金ヶ崎 エリア,人道の港 敦賀ムゼウム,1
2023-08-19,福井,金ヶ崎 エリア,敦賀鉄道資料館（旧敦賀港駅舎 ）,1
2023-08-20,福井,JR美浜駅 エリア,レインボーライン,1
2023-08-20,福井,JR美浜駅 エリア,道の駅「若狭熊川宿」,1
2023-08-20,福井,あわら温泉屋台村「湯けむり横丁」,あわら湯のまち エリア,1
2023-08-20,福井,あわら温泉街,あわら湯のまち エリア,1
2023-08-20,福井,あわら湯のまち エリア,あわら温泉街,1
2023-08-20,福井,あわら湯のまち エリア,福井駅,1
2023-08-20,福井,うみんぴあ大飯 エリア,道の駅「シーサイド高浜」,1
2023-08-20,福井,かずら橋,あわら湯のまち エリア,1
2023-08-20,福井,ふれあいパーク三里浜(道の駅「みくに」),フルーツライン エリア,1
2023-08-20,福井,めがねミュージアム,メガネストリート エリア,1
2023-08-20,福井,フルーツライン エリア,ファーマーズマーケットきららの丘,1
2023-08-20,福井,ホテルうみんぴあ,うみんぴあ大飯 エリア,1
2023-08-20,福井,レインボーライン,レインボーライン エリア,1
2023-08-20,福井,レインボーライン,美浜町レイクセンター エリア,1
2023-08-20,福井,一乗谷朝倉氏遺跡,あわら湯のまち エリア,1
2023-08-20,福井,一乗谷朝倉氏遺跡,えちぜん鉄道 松岡駅 エリア,1
2023-08-20,福井,一乗谷朝倉氏遺跡,一乗谷朝倉氏遺跡 エリア,2
2023-08-20,福井,一乗谷朝倉氏遺跡,大本山 永平寺 エリア,1
2023-08-20,福井,一乗谷朝倉氏遺跡,明通寺 エリア,1
2023-08-20,福井,一乗谷朝倉氏遺跡,越前松島水族館 エリア,1
2023-08-20,福井,一乗谷朝倉氏遺跡,道の駅みくに ふれあいパーク三里浜 エリア,1
2023-08-20,福井,一乗谷朝倉氏遺跡 エリア,北の庄城址・柴田公園,1
2023-08-20,福井,一乗谷朝倉氏遺跡 エリア,福井駅,1
2023-08-20,福井,丸岡城,丸岡城 エリア,1
2023-08-20,福井,今庄宿,道の駅「恐竜渓谷かつやま」 エリア,1
2023-08-20,福井,名田庄 エリア,御食国若狭おばま食文化館,1
2023-08-20,福井,大本山 永平寺 エリア,丸岡城,1
2023-08-20,福井,大本山 永平寺 エリア,大本山永平寺,1
2023-08-20,福井,大本山 永平寺 エリア,福井県立恐竜博物館,1
2023-08-20,福井,大本山永平寺,三国湊 エリア,1
2023-08-20,福井,大本山永平寺,大本山 永平寺 エリア,1
2023-08-20,福井,御食国若狭おばま食文化館 エリア,三方五湖,1
2023-08-20,福井,敦賀赤レンガ倉庫,JR美浜駅 エリア,1
2023-08-20,福井,敦賀赤レンガ倉庫,道の駅「南えちぜん山海里」 エリア,1
2023-08-20,福井,敦賀赤レンガ倉庫,道の駅「越前」 エリア,1
2023-08-20,福井,明通寺 エリア,神宮寺,1
2023-08-20,福井,明通寺 エリア,若狭フィッシャーマンズワーフ,1
2023-08-20,福井,東尋坊,スーベニアショップ ラプトル エリア,2
2023-08-20,福井,東尋坊,一乗谷朝倉氏遺跡 エリア,1
2023-08-20,福井,東尋坊,東尋坊 エリア,1
2023-08-20,福井,東尋坊,越前海岸 くりや旅館街 エリア,1
2023-08-20,福井,東尋坊,道の駅「南えちぜん山海里」 エリア,1
2023-08-20,福井,東尋坊,道の駅みくに ふれあいパーク三里浜 エリア,2
2023-08-20,福井,東尋坊 エリア,福井県立恐竜博物館,1
2023-08-20,福井,湖上館パムコ（水月湖）エリア,芝政ワールド,1
2023-08-20,福井,熊川宿,道の駅「三方五湖」  エリア,1
2023-08-20,福井,福井県立恐竜博物館,スーベニアショップ ラプトル エリア,3
2023-08-20,福井,福井県立恐竜博物館,メガネストリート エリア,1
2023-08-20,福井,福井県立恐竜博物館,一乗谷朝倉氏遺跡 エリア,2
2023-08-20,福井,花はす公園,北陸新幹線 越前たけふ駅 エリア,1
2023-08-20,福井,越前和紙の里,越前そばの里 エリア,1
2023-08-20,福井,越前大仏,平泉寺白山神社 エリア,2
2023-08-20,福井,越前大仏,金ヶ崎 エリア,1
2023-08-20,福井,越前松島水族館,フルーツライン エリア,1
2023-08-20,福井,越前松島水族館,越前松島水族館 エリア,1
2023-08-20,福井,越前松島水族館 エリア,一乗谷朝倉氏遺跡,1
2023-08-20,福井,越前松島水族館 エリア,東尋坊,1
2023-08-20,福井,越前陶芸村,越前陶芸村 エリア,1
2023-08-20,福井,道の駅「三方五湖」,湖上館パムコ（水月湖）エリア,1
2023-08-20,福井,道の駅「九頭竜・和泉ふれあい会館」,JR九頭竜湖駅 エリア,1
2023-08-20,福井,道の駅「九頭竜・和泉ふれあい会館」,道の駅「越前おおの荒島の郷」 エリア,1
2023-08-20,福井,道の駅「南えちぜん山海里」,道の駅「越前」 エリア,1
2023-08-20,福井,道の駅「恐竜渓谷かつやま」,スーベニアショップ ラプトル エリア,1
2023-08-20,福井,道の駅「若狭おばま」,若狭フィッシャーマンズワーフ エリア,1
2023-08-20,福井,道の駅「越前おおの荒島の郷」 エリア,北の庄城址・柴田公園,1
2023-08-20,福井,道の駅みくに ふれあいパーク三里浜 エリア,丸岡城,1
2023-08-20,福井,道の駅みくに ふれあいパーク三里浜 エリア,福井県立恐竜博物館,2
2023-08-20,福井,金ヶ崎 エリア,丸岡城,1
2023-08-20,福井,金ヶ崎 エリア,敦賀赤レンガ倉庫,1
2023-08-20,福井,金沢駅周辺（石川県）,道の駅「南えちぜん山海里」 エリア,1
2023-08-21,福井,JR九頭竜湖駅 エリア,越前大野城,1
2023-08-21,福井,JR芦原温泉駅 エリア,三国サンセットビーチ,1
2023-08-21,福井,スーベニアショップ ラプトル エリア,福井駅,1
2023-08-21,福井,一乗谷朝倉氏遺跡,JR九頭竜湖駅 エリア,2
2023-08-21,福井,一乗谷朝倉氏遺跡,小浜 エリア（宿泊施設）,1
2023-08-21,福井,一乗谷朝倉氏遺跡,福井駅前 エリア,2
2023-08-21,福井,一乗谷朝倉氏遺跡 エリア,大本山永平寺,1
2023-08-21,福井,三方五湖,熊川宿 エリア,1
2023-08-21,福井,丸岡城,越前大野城・城下町 エリア,1
2023-08-21,福井,名田庄 エリア,道の駅「若狭おばま」,1
2023-08-21,福井,大本山 永平寺 エリア,福井県立恐竜博物館,1
2023-08-21,福井,大本山永平寺,大本山 永平寺 エリア,1
2023-08-21,福井,帰宅,JR芦原温泉駅 エリア,1
2023-08-21,福井,平泉寺白山神社 エリア,越前大仏,1
2023-08-21,福井,明通寺,名田庄 エリア,1
2023-08-21,福井,東尋坊,スーベニアショップ ラプトル エリア,1
2023-08-21,福井,東尋坊,越前松島水族館 エリア,1
2023-08-21,福井,氣比神宮,道の駅「三方五湖」  エリア,1
2023-08-21,福井,氣比神宮,道の駅「越前おおの荒島の郷」 エリア,1
2023-08-21,福井,熊川宿,道の駅「三方五湖」  エリア,1
2023-08-21,福井,熊川宿 エリア,道の駅「名田庄」,1
2023-08-21,福井,神楽通り エリア,氣比神宮,1
2023-08-21,福井,福井県年縞博物館,道の駅「三方五湖」  エリア,1
2023-08-21,福井,福井県立恐竜博物館,JR芦原温泉駅 エリア,1
2023-08-21,福井,福井県立恐竜博物館,スーベニアショップ ラプトル エリア,2
2023-08-21,福井,福井県立恐竜博物館,越前大野城・城下町 エリア,1
2023-08-21,福井,越前大野城,一乗谷朝倉氏遺跡 エリア,1
2023-08-21,福井,越前松島水族館 エリア,一乗谷朝倉氏遺跡,1
2023-08-21,福井,越前松島水族館 エリア,福井県立恐竜博物館,1
2023-08-21,福井,道の駅「シーサイド高浜」,うみんぴあ大飯 エリア,1
2023-08-21,福井,道の駅「三方五湖」  エリア,氣比神宮,1
2023-08-21,福井,道の駅「名田庄」,名田庄 エリア,1
2023-08-21,福井,金ヶ崎,敦賀市立博物館 エリア,1
2023-08-22,福井,JR敦賀駅前 エリア,水島,1
2023-08-22,福井,あわら湯のまち エリア,芝政ワールド,1
2023-08-22,福井,スーベニアショップ ラプトル エリア,東尋坊,1
2023-08-22,福井,レインボーライン,道の駅「三方五湖」  エリア,1
2023-08-22,福井,一乗谷朝倉氏遺跡,スーベニアショップ ラプトル エリア,1
2023-08-22,福井,三国湊 エリア,瀧谷寺,1
2023-08-22,福井,三方五湖,道の駅「三方五湖」  エリア,1
2023-08-22,福井,丸岡城 エリア,東尋坊,1
2023-08-22,福井,丸岡城 エリア,福井県立恐竜博物館,1
2023-08-22,福井,勝山城博物館,越前大仏 エリア,1
2023-08-22,福井,北の庄城址・柴田公園,一乗谷朝倉氏遺跡 エリア,1
2023-08-22,福井,大本山 永平寺 エリア,一乗谷朝倉氏遺跡,1
2023-08-22,福井,大本山永平寺,えちぜん鉄道 松岡駅 エリア,1
2023-08-22,福井,大本山永平寺,スーベニアショップ ラプトル エリア,1
2023-08-22,福井,大本山永平寺,一乗谷朝倉氏遺跡 エリア,2
2023-08-22,福井,大本山永平寺,丸岡城 エリア,1
2023-08-22,福井,大本山永平寺,道の駅「恐竜渓谷かつやま」 エリア,1
2023-08-22,福井,敦賀鉄道資料館（旧敦賀港駅舎 ）,JR敦賀駅前 エリア,1
2023-08-22,福井,明通寺 エリア,大本山永平寺,1
2023-08-22,福井,氣比神宮,JR敦賀駅前 エリア,1
2023-08-22,福井,氣比神宮,明通寺 エリア,1
2023-08-22,福井,氣比神宮,神楽通り エリア,1
2023-08-22,福井,神楽通り エリア,敦賀赤レンガ倉庫,1
2023-08-22,福井,福井県年縞博物館,明通寺 エリア,1
2023-08-22,福井,福井県立恐竜博物館,あわら湯のまち エリア,1
2023-08-22,福井,紫式部公園 エリア,岡太神社・大瀧神社,1
2023-08-22,福井,芝政ワールド,丸岡城 エリア,1
2023-08-22,福井,越前大仏 エリア,福井県立恐竜博物館,1
2023-08-22,福井,道の駅「三方五湖」  エリア,今庄宿,1
2023-08-22,福井,道の駅「三方五湖」  エリア,福井県年縞博物館,1
2023-08-22,福井,道の駅「若狭熊川宿」,小浜 エリア（宿泊施設）,1
2023-08-23,福井,JR敦賀駅前 エリア,日本海さかな街,1
2023-08-23,福井,あわら湯のまち エリア,丸岡城,1
2023-08-23,福井,丸岡城,名勝 養浩館庭園 エリア,1
2023-08-23,福井,丸岡城,福井駅前 エリア,1
2023-08-23,福井,名勝 養浩館庭園 エリア,丸岡城,1
2023-08-23,福井,名勝 養浩館庭園 エリア,福井駅,1
2023-08-23,福井,大本山 永平寺 エリア,越前大仏,1
2023-08-23,福井,岡太神社・大瀧神社,道の駅「南えちぜん山海里」 エリア,1
2023-08-23,福井,平泉寺白山神社 エリア,一乗谷朝倉氏遺跡,1
2023-08-23,福井,東尋坊,越前海岸 北部 エリア,1
2023-08-23,福井,氣比神宮,JR敦賀駅前 エリア,1
2023-08-23,福井,氣比神宮,東尋坊 エリア,1
2023-08-23,福井,水晶浜海水浴場,水晶浜 エリア,1
2023-08-23,福井,福井県年縞博物館,湖上館パムコ（水月湖）エリア,1
2023-08-23,福井,福井県立恐竜博物館,道の駅「恐竜渓谷かつやま」 エリア,1
2023-08-23,福井,福井県立恐竜博物館,道の駅「越前おおの荒島の郷」 エリア,1
2023-08-23,福井,福井駅,福井駅前 エリア（宿泊施設）,1
2023-08-23,福井,福井駅前 エリア,養浩館庭園,1
2023-08-23,福井,福井駅前 エリア（宿泊施設）,丸岡城,1
2023-08-23,福井,福井駅前 エリア（宿泊施設）,大本山永平寺,1
2023-08-23,福井,若狭たかはま エルどらんど,若狭和田 エリア,1
2023-08-23,福井,若狭たかはま エルどらんど,道の駅「シーサイド高浜」 エリア,1
2023-08-23,福井,越前大仏,JR敦賀駅前 エリア,1
2023-08-23,福井,越前大野城,大本山 永平寺 エリア,1
2023-08-23,福井,越前打刃物会館,刃物の里 エリア,1
2023-08-23,福井,越前打刃物会館,福井駅前 エリア,1
2023-08-23,福井,道の駅「南えちぜん山海里」 エリア,氣比神宮,1
2023-08-23,福井,養浩館庭園,北ノ庄 エリア,1
2023-08-24,福井,UMIKARA,うみんぴあ大飯 エリア,1
2023-08-24,福井,うみんぴあ大飯 エリア,氣比神宮,1
2023-08-24,福井,はたや記念館 ゆめおーれ勝山 エリア,福井県立恐竜博物館,1
2023-08-24,福井,スーベニアショップ ラプトル エリア,一乗谷朝倉氏遺跡,1
2023-08-24,福井,スーベニアショップ ラプトル エリア,道の駅「恐竜渓谷かつやま」,1
2023-08-24,福井,レインボーライン,JR美浜駅 エリア,1
2023-08-24,福井,レインボーライン,東尋坊 エリア,1
2023-08-24,福井,レインボーライン エリア,一乗谷朝倉氏遺跡,1
2023-08-24,福井,一乗谷朝倉氏遺跡 エリア,一乗谷朝倉氏遺跡,1
2023-08-24,福井,三国サンセットビーチ,三国湊 エリア,1
2023-08-24,福井,丸岡城,スーベニアショップ ラプトル エリア,1
2023-08-24,福井,丸岡城,越前大野城・城下町 エリア,2
2023-08-24,福井,丸岡城 エリア,越前大野城,2
2023-08-24,福井,勝山城博物館,はたや記念館 ゆめおーれ勝山 エリア,1
2023-08-24,福井,大本山 永平寺 エリア,大本山永平寺,1
2023-08-24,福井,大本山 永平寺 エリア,平泉寺白山神社,1
2023-08-24,福井,大本山 永平寺 エリア,道の駅「禅の里」,1
2023-08-24,福井,大本山永平寺,道の駅「禅の里」 エリア,2
2023-08-24,福井,平泉寺白山神社,道の駅「越前おおの荒島の郷」 エリア,1
2023-08-24,福井,平泉寺白山神社 エリア,越前大野城,1
2023-08-24,福井,敦賀駅,JR敦賀駅前 エリア,1
2023-08-24,福井,東尋坊,丸岡城 エリア,2
2023-08-24,福井,東尋坊,東尋坊 エリア,1
2023-08-24,福井,東尋坊 エリア,丸岡城,1
2023-08-24,福井,湖上館パムコ（水月湖）エリア,敦賀鉄道資料館（旧敦賀港駅舎 ）,1
2023-08-24,福井,福井県年縞博物館,湖上館パムコ（水月湖）エリア,1
2023-08-24,福井,福井県年縞博物館,道の駅「三方五湖」  エリア,2
2023-08-24,福井,福井県立恐竜博物館,はたや記念館 ゆめおーれ勝山 エリア,1
2023-08-24,福井,福井県立恐竜博物館,スーベニアショップ ラプトル エリア,2
2023-08-24,福井,福井県立恐竜博物館,越前大仏 エリア,1
2023-08-24,福井,自宅,JR九頭竜湖駅 エリア,2
2023-08-24,福井,越前大野城,JR九頭竜湖駅 エリア,1
2023-08-24,福井,越前大野城,大本山 永平寺 エリア,2
2023-08-24,福井,越前大野城,道の駅「越前おおの荒島の郷」 エリア,1
2023-08-24,福井,越前大野城・城下町 エリア,大本山永平寺,1
2023-08-24,福井,越前大野城・城下町 エリア,道の駅「九頭竜・和泉ふれあい会館」,1
2023-08-24,福井,道の駅「三方五湖」,レインボーライン エリア,1
2023-08-24,福井,道の駅「三方五湖」  エリア,敦賀赤レンガ倉庫,1
2023-08-24,福井,道の駅「三方五湖」  エリア,若狭フィッシャーマンズワーフ,1
2023-08-24,福井,道の駅「恐竜渓谷かつやま」,平泉寺白山神社 エリア,1
2023-08-24,福井,道の駅「禅の里」 エリア,平泉寺白山神社,1
2023-08-24,福井,道の駅「禅の里」 エリア,道の駅「恐竜渓谷かつやま」,1
2023-08-24,福井,道の駅「越前おおの荒島の郷」,JR九頭竜湖駅 エリア,1
2023-08-24,福井,道の駅「越前おおの荒島の郷」 エリア,九頭竜湖,1
2023-08-24,福井,道の駅「越前おおの荒島の郷」 エリア,道の駅「九頭竜・和泉ふれあい会館」,1
2023-08-24,福井,雄島,東尋坊 エリア,1
2023-08-24,福井,養浩館庭園,道の駅「三方五湖」  エリア,1
2023-08-25,福井,あわら湯のまち エリア,北の庄城址・柴田公園,1
2023-08-25,福井,あわら湯のまち エリア,山代温泉（石川県）,1
2023-08-25,福井,スーベニアショップ ラプトル エリア,越前大野城,1
2023-08-25,福井,レインボーライン,湖上館パムコ（水月湖）エリア,1
2023-08-25,福井,一乗谷朝倉氏遺跡,あわら湯のまち エリア,1
2023-08-25,福井,一乗谷朝倉氏遺跡,明通寺 エリア,1
2023-08-25,福井,一乗谷朝倉氏遺跡,道の駅「南えちぜん山海里」 エリア,1
2023-08-25,福井,一乗谷朝倉氏遺跡 エリア,北の庄城址・柴田公園,1
2023-08-25,福井,一乗谷朝倉氏遺跡 エリア,福井駅,1
2023-08-25,福井,丸岡城,あわら湯のまち エリア,1
2023-08-25,福井,丸岡城,スーベニアショップ ラプトル エリア,1
2023-08-25,福井,丸岡城 エリア,福井県立恐竜博物館,1
2023-08-25,福井,大本山 永平寺 エリア,一乗谷朝倉氏遺跡,1
2023-08-25,福井,大本山 永平寺 エリア,東尋坊,1
2023-08-25,福井,大本山永平寺,JR九頭竜湖駅 エリア,1
2023-08-25,福井,大本山永平寺,スーベニアショップ ラプトル エリア,1
2023-08-25,福井,大本山永平寺,一乗谷朝倉氏遺跡 エリア,3
2023-08-25,福井,小松空港,福井駅前 エリア,1
2023-08-25,福井,平泉寺白山神社 エリア,越前大野城,1
2023-08-25,福井,恐竜博物館,東尋坊 エリア,1
2023-08-25,福井,敦賀赤レンガ倉庫,敦賀市立博物館 エリア,1
2023-08-25,福井,敦賀赤レンガ倉庫,東尋坊 エリア,1
2023-08-25,福井,日本海さかな街,水晶浜 エリア,1
2023-08-25,福井,明通寺 エリア,神宮寺,1
2023-08-25,福井,明通寺 エリア,羽賀寺,1
2023-08-25,福井,東尋坊,あわら湯のまち エリア,1
2023-08-25,福井,東尋坊,越前松島水族館 エリア,1
2023-08-25,福井,東尋坊,道の駅みくに ふれあいパーク三里浜 エリア,1
2023-08-25,福井,東尋坊 エリア,三國湊レトロ,1
2023-08-25,福井,東尋坊 エリア,丸岡城,1
2023-08-25,福井,東尋坊 エリア,福井県立恐竜博物館,1
2023-08-25,福井,東尋坊 エリア,越前松島水族館,1
2023-08-25,福井,氣比神宮,神楽通り エリア,2
2023-08-25,福井,水晶浜 エリア,福井県立恐竜博物館,1
2023-08-25,福井,湖上館パムコ（水月湖）エリア,一乗谷朝倉氏遺跡,1
2023-08-25,福井,神宮寺,若狭フィッシャーマンズワーフ エリア,1
2023-08-25,福井,神楽通り エリア,日本海さかな街,1
2023-08-25,福井,福井県立恐竜博物館,大本山 永平寺 エリア,2
2023-08-25,福井,福井県立恐竜博物館,平泉寺白山神社 エリア,1
2023-08-25,福井,芝政ワールド,あわら湯のまち エリア,1
2023-08-25,福井,芝政ワールド,東尋坊 エリア,2
2023-08-25,福井,芝政ワールド,越前松島水族館 エリア,1
2023-08-25,福井,若狭フィッシャーマンズワーフ,御食国若狭おばま食文化館 エリア,1
2023-08-25,福井,若狭歴史博物館,明通寺 エリア,1
2023-08-25,福井,越前大野城,一乗谷朝倉氏遺跡 エリア,1
2023-08-25,福井,越前松島水族館,あわら湯のまち エリア,1
2023-08-25,福井,越前松島水族館,越前松島水族館 エリア,1
2023-08-25,福井,越前松島水族館 エリア,東尋坊,1
2023-08-25,福井,越前松島水族館 エリア,白山平泉寺歴史探遊館 まほろば,1
2023-08-25,福井,道の駅「九頭竜・和泉ふれあい会館」,道の駅「越前おおの荒島の郷」 エリア,1
2023-08-25,福井,道の駅「越前おおの荒島の郷」 エリア,丸岡城,1
2023-08-25,福井,道の駅「越前おおの荒島の郷」 エリア,福井県立恐竜博物館,1
2023-08-25,福井,金津創作の森,あわら湯のまち エリア,1
2023-08-26,福井,あわら湯のまち エリア,丸岡城,1
2023-08-26,福井,あわら湯のまち エリア,福井県立恐竜博物館,1
2023-08-26,福井,あわら湯のまち エリア,福井駅,1
2023-08-26,福井,うみんぴあ大飯 エリア,若狭フィッシャーマンズワーフ,1
2023-08-26,福井,うみんぴあ大飯 エリア,道の駅「シーサイド高浜」,1
2023-08-26,福井,うるしの里 エリア,越前大野城,1
2023-08-26,福井,かずら橋 エリア,福井県立恐竜博物館,1
2023-08-26,福井,エルガイアおおい,うみんぴあ大飯 エリア,1
2023-08-26,福井,レインボーライン,湖上館パムコ（水月湖）エリア,1
2023-08-26,福井,レインボーライン エリア,熊川宿,1
2023-08-26,福井,一乗谷朝倉氏遺跡,越前大野城・城下町 エリア,1
2023-08-26,福井,一乗谷朝倉氏遺跡 エリア,福井県立恐竜博物館,1
2023-08-26,福井,丸岡城,かずら橋 エリア,1
2023-08-26,福井,丸岡城,レインボーライン エリア,1
2023-08-26,福井,北の庄城址・柴田公園,名勝 養浩館庭園 エリア,1
2023-08-26,福井,大本山 永平寺 エリア,丸岡城,1
2023-08-26,福井,大本山 永平寺 エリア,福井駅,1
2023-08-26,福井,大本山永平寺,福井駅前 エリア,1
2023-08-26,福井,大本山永平寺,越前大仏 エリア,1
2023-08-26,福井,小浜市水産食品センター（若狭小浜お魚センター）,御食国若狭おばま食文化館 エリア,1
2023-08-26,福井,岡太神社・大瀧神社,大本山 永平寺 エリア,1
2023-08-26,福井,平泉寺白山神社,越前大野城・城下町 エリア,1
2023-08-26,福井,御食国若狭おばま食文化館 エリア,熊川宿,1
2023-08-26,福井,御食国若狭おばま食文化館 エリア,若狭フィッシャーマンズワーフ,1
2023-08-26,福井,敦賀赤レンガ倉庫,JR敦賀駅前 エリア,1
2023-08-26,福井,日本海さかな街 エリア,レインボーライン,1
2023-08-26,福井,東尋坊,大本山 永平寺 エリア,1
2023-08-26,福井,東尋坊,道の駅みくに ふれあいパーク三里浜 エリア,1
2023-08-26,福井,氣比神宮,日本海さかな街 エリア,1
2023-08-26,福井,氣比神宮,越前陶芸村 エリア,1
2023-08-26,福井,熊川宿,明通寺 エリア,1
2023-08-26,福井,熊川宿,熊川宿 エリア,1
2023-08-26,福井,熊川宿,若狭フィッシャーマンズワーフ エリア,1
2023-08-26,福井,熊川宿,道の駅「三方五湖」  エリア,1
2023-08-26,福井,福井県立恐竜博物館,あわら湯のまち エリア,1
2023-08-26,福井,福井県立恐竜博物館,道の駅「南えちぜん山海里」 エリア,2
2023-08-26,福井,若狭たかはま エルどらんど,うみんぴあ大飯 エリア,1
2023-08-26,福井,若狭フィッシャーマンズワーフ エリア,若狭たかはま エルどらんど,1
2023-08-26,福井,若狭瓜割名水公園 瓜割の滝,レインボーライン エリア,1
2023-08-26,福井,若狭町観光船レイククルーズ,レインボーライン エリア,1
2023-08-26,福井,越前大仏,越前大野城・城下町 エリア,1
2023-08-26,福井,越前大仏 エリア,一乗谷朝倉氏遺跡,1
2023-08-26,福井,越前大野城,JR芦原温泉駅 エリア,1
2023-08-26,福井,越前大野城・城下町 エリア,丸岡城,2
2023-08-26,福井,越前大野城・城下町 エリア,敦賀赤レンガ倉庫,1
2023-08-26,福井,越前大野城・城下町 エリア,道の駅「恐竜渓谷かつやま」,1
2023-08-26,福井,越前松島水族館,あわら湯のまち エリア,2
2023-08-26,福井,越前陶芸村 エリア,福井県立恐竜博物館,1
2023-08-26,福井,道の駅「さかい」（坂井地域交流センター「いねす」）,道の駅みくに ふれあいパーク三里浜 エリア,1
2023-08-26,福井,道の駅「三方五湖」  エリア,若狭フィッシャーマンズワーフ,1
2023-08-26,福井,道の駅「南えちぜん山海里」 エリア,道の駅「南えちぜん山海里」,1
2023-08-27,福井,JR美浜駅 エリア,日本海さかな街,1
2023-08-27,福井,あわら湯のまち エリア,福井県立恐竜博物館,1
2023-08-27,福井,あわら湯のまち エリア,越前松島水族館,1
2023-08-27,福井,うみんぴあ大飯 エリア,氣比神宮,1
2023-08-27,福井,ふくい鮮いちば,福井駅前 エリア,1
2023-08-27,福井,ファーマーズマーケットきららの丘,道の駅みくに ふれあいパーク三里浜 エリア,1
2023-08-27,福井,レインボーライン,JR美浜駅 エリア,1
2023-08-27,福井,レインボーライン,北陸新幹線 越前たけふ駅 エリア,1
2023-08-27,福井,レインボーライン エリア,氣比神宮,1
2023-08-27,福井,レインボーライン エリア,道の駅「三方五湖」,1
2023-08-27,福井,一乗谷朝倉氏遺跡,一乗谷朝倉氏遺跡 エリア,2
2023-08-27,福井,一乗谷朝倉氏遺跡,名勝 養浩館庭園 エリア,1
2023-08-27,福井,一乗谷朝倉氏遺跡,越前海岸 くりや旅館街 エリア,1
2023-08-27,福井,一乗谷朝倉氏遺跡 エリア,一乗谷朝倉氏遺跡,1
2023-08-27,福井,一乗谷朝倉氏遺跡 エリア,丸岡城,1
2023-08-27,福井,一乗谷朝倉氏遺跡 エリア,越前大野城,1
2023-08-27,福井,一乗谷朝倉氏遺跡 エリア,道の駅「一乗谷あさくら水の駅」,1
2023-08-27,福井,丸岡城,越前海岸 越前岬 エリア,1
2023-08-27,福井,丸岡城,道の駅「越前」 エリア,1
2023-08-27,福井,九頭竜湖,越前大野城・城下町 エリア,1
2023-08-27,福井,六呂師高原 エリア,道の駅「越前おおの荒島の郷」,1
2023-08-27,福井,北潟湖畔公園・サイクリングパーク,あわら湯のまち エリア,1
2023-08-27,福井,北陸新幹線 越前たけふ駅 エリア,大本山永平寺,1
2023-08-27,福井,和倉温泉郷（石川県）,あわら湯のまち エリア,1
2023-08-27,福井,大本山 永平寺 エリア,丸岡城,1
2023-08-27,福井,大本山永平寺,スキージャム勝山 エリア,1
2023-08-27,福井,大本山永平寺,大本山 永平寺 エリア,1
2023-08-27,福井,天橋立（京都府）,小浜 エリア（宿泊施設）,1
2023-08-27,福井,小浜 エリア（宿泊施設）,びわ湖（滋賀県）,1
2023-08-27,福井,小浜市まちの駅 エリア,若狭フィッシャーマンズワーフ,1
2023-08-27,福井,御食国若狭おばま食文化館,箸のふるさと館WAKASA エリア,1
2023-08-27,福井,御食国若狭おばま食文化館 エリア,道の駅「若狭おばま」,1
2023-08-27,福井,敦賀赤レンガ倉庫,金ヶ崎 エリア,1
2023-08-27,福井,日本海さかな街,レインボーライン エリア,1
2023-08-27,福井,日本海さかな街 エリア,三方五湖,1
2023-08-27,福井,明通寺 エリア,レインボーライン,1
2023-08-27,福井,東尋坊,JR芦原温泉駅 エリア,1
2023-08-27,福井,水晶浜 エリア,レインボーライン,1
2023-08-27,福井,水晶浜海水浴場,水晶浜 エリア,1
2023-08-27,福井,神楽通り エリア,敦賀赤レンガ倉庫,1
2023-08-27,福井,福井県立恐竜博物館,スーベニアショップ ラプトル エリア,2
2023-08-27,福井,福井県立恐竜博物館,芝政ワールド エリア,1
2023-08-27,福井,芝政ワールド,道の駅「南えちぜん山海里」 エリア,1
2023-08-27,福井,若狭三方縄文博物館,熊川宿 エリア,1
2023-08-27,福井,越前大仏,大本山 永平寺 エリア,1
2023-08-27,福井,越前大野城,レインボーライン エリア,1
2023-08-27,福井,越前海岸 くりや旅館街 エリア,越前そばの里,1
2023-08-27,福井,越前海岸 越前岬 エリア,三国サンセットビーチ,1
2023-08-27,福井,道の駅「南えちぜん山海里」 エリア,一乗谷朝倉氏遺跡,1
2023-08-27,福井,道の駅「南えちぜん山海里」 エリア,芝政ワールド,1
2023-08-27,福井,道の駅「越前」 エリア,芝政ワールド,1
2023-08-28,福井,うみんぴあ大飯 エリア,日本海さかな街,1
2023-08-28,福井,レインボーライン,熊川宿 エリア,1
2023-08-28,福井,一乗谷朝倉氏遺跡,一乗谷朝倉氏遺跡 エリア,1
2023-08-28,福井,一乗谷朝倉氏遺跡 エリア,丸岡城,1
2023-08-28,福井,三国湊 エリア,一乗谷朝倉氏遺跡,1
2023-08-28,福井,三方五湖,三国湊 エリア,1
2023-08-28,福井,丸岡城,大本山 永平寺 エリア,1
2023-08-28,福井,丸岡城,明通寺 エリア,1
2023-08-28,福井,人魚の浜海水浴場,名田庄 エリア,1
2023-08-28,福井,人魚の浜海水浴場,小浜 エリア（宿泊施設）,1
2023-08-28,福井,名田庄 エリア,若狭フィッシャーマンズワーフ,1
2023-08-28,福井,大本山 永平寺 エリア,福井県立恐竜博物館,1
2023-08-28,福井,敦賀赤レンガ倉庫,うみんぴあ大飯 エリア,1
2023-08-28,福井,東尋坊,越前松島水族館 エリア,1
2023-08-28,福井,氣比神宮,JR敦賀駅前 エリア,1
2023-08-28,福井,永平寺,福井駅前 エリア,1
2023-08-28,福井,福井県海浜自然センター,道の駅「若狭おばま」 エリア,1
2023-08-28,福井,福井県立恐竜博物館,六呂師高原 エリア,1
2023-08-28,福井,福井県立恐竜博物館,道の駅「南えちぜん山海里」 エリア,1
2023-08-28,福井,福井駅,福井駅前 エリア,1
2023-08-28,福井,自宅,日本海さかな街 エリア,1
2023-08-28,福井,越前がにミュージアム,越前海岸 くりや旅館街 エリア,1
2023-08-28,福井,越前大仏,道の駅「三方五湖」  エリア,1
2023-08-28,福井,越前大野城,道の駅「越前おおの荒島の郷」 エリア,2
2023-08-28,福井,越前海岸 くりや旅館街 エリア,一乗谷朝倉氏遺跡,1
2023-08-28,福井,道の駅「三方五湖」  エリア,福井県立恐竜博物館,1
2023-08-28,福井,道の駅「名田庄」,箸のふるさと館WAKASA エリア,1
2023-08-28,福井,道の駅「河野」,日本海さかな街 エリア,1
2023-08-28,福井,道の駅「越前おおの荒島の郷」 エリア,福井県立恐竜博物館,1
2023-08-28,福井,道の駅「越前おおの荒島の郷」 エリア,越前大仏,1
2023-08-29,福井,JR敦賀駅前 エリア,氣比神宮,1
2023-08-29,福井,かずら橋 エリア,三方五湖,1
2023-08-29,福井,ふれあいパーク三里浜(道の駅「みくに」),フルーツライン エリア,1
2023-08-29,福井,ふれあいパーク三里浜(道の駅「みくに」),北潟湖 エリア,1
2023-08-29,福井,スーベニアショップ ラプトル エリア,かつやまディノパーク,1
2023-08-29,福井,スーベニアショップ ラプトル エリア,道の駅「恐竜渓谷かつやま」,1
2023-08-29,福井,一乗谷朝倉氏遺跡,JR敦賀駅前 エリア,1
2023-08-29,福井,一乗谷朝倉氏遺跡,スキージャム勝山 エリア,1
2023-08-29,福井,一乗谷朝倉氏遺跡,一乗谷朝倉氏遺跡 エリア,1
2023-08-29,福井,三方五湖,熊川宿 エリア,2
2023-08-29,福井,大本山 永平寺 エリア,越前そばの里,1
2023-08-29,福井,帰宅,熊川宿 エリア,2
2023-08-29,福井,平泉寺白山神社 エリア,福井駅,1
2023-08-29,福井,御食国若狭おばま食文化館 エリア,道の駅「うみんぴあ大飯」,1
2023-08-29,福井,東尋坊,うみんぴあ大飯 エリア,1
2023-08-29,福井,東尋坊,大本山 永平寺 エリア,1
2023-08-29,福井,気比神宮,レインボーライン エリア,1
2023-08-29,福井,福井県立恐竜博物館,かずら橋 エリア,1
2023-08-29,福井,福井県立恐竜博物館,はたや記念館 ゆめおーれ勝山 エリア,1
2023-08-29,福井,福井県立恐竜博物館,スーベニアショップ ラプトル エリア,3
2023-08-29,福井,福井県立恐竜博物館,平泉寺白山神社 エリア,1
2023-08-29,福井,福井県立恐竜博物館,道の駅「恐竜渓谷かつやま」 エリア,1
2023-08-29,福井,福井県立恐竜博物館,道の駅「禅の里」 エリア,1
2023-08-29,福井,舞鶴（京都府）,うみんぴあ大飯 エリア,1
2023-08-29,福井,若狭瓜割名水公園 瓜割の滝,御食国若狭おばま食文化館 エリア,1
2023-08-29,福井,越前大野城,越前大野城・城下町 エリア,2
2023-08-30,福井,JR敦賀駅前 エリア,三方五湖,1
2023-08-30,福井,JR美浜駅 エリア,日本海さかな街,1
2023-08-30,福井,あわら温泉街,あわら湯のまち エリア,1
2023-08-30,福井,あわら湯のまち エリア,ゆりの里公園ユリーム春江,1
2023-08-30,福井,あわら湯のまち エリア,越前海岸,1
2023-08-30,福井,かずら橋,タケフナイフビレッジ エリア,1
2023-08-30,福井,スーベニアショップ ラプトル エリア,一乗谷朝倉氏遺跡,1
2023-08-30,福井,フルーツライン エリア,福井駅,1
2023-08-30,福井,レインボーライン エリア,福井県立恐竜博物館,1
2023-08-30,福井,一乗谷朝倉氏遺跡,JR美浜駅 エリア,1
2023-08-30,福井,一乗谷朝倉氏遺跡,一乗谷朝倉氏遺跡 エリア,1
2023-08-30,福井,一乗谷朝倉氏遺跡,東尋坊 エリア,1
2023-08-30,福井,吉崎御坊跡,フルーツライン エリア,1
2023-08-30,福井,大本山永平寺,道の駅「恐竜渓谷かつやま」 エリア,1
2023-08-30,福井,東尋坊,あわら湯のまち エリア,1
2023-08-30,福井,東尋坊,道の駅「南えちぜん山海里」 エリア,1
2023-08-30,福井,氣比神宮,日本海さかな街 エリア,1
2023-08-30,福井,福井県立恐竜博物館,JR敦賀駅前 エリア,1
2023-08-30,福井,福井県立恐竜博物館,スーベニアショップ ラプトル エリア,1
2023-08-30,福井,福井県立恐竜博物館,道の駅「越前おおの荒島の郷」 エリア,1
2023-08-30,福井,若狭フィッシャーマンズワーフ,若狭フィッシャーマンズワーフ エリア,1
2023-08-30,福井,若狭フィッシャーマンズワーフ エリア,道の駅「うみんぴあ大飯」,1
2023-08-30,福井,越前がにミュージアム,越前海岸 くりや旅館街 エリア,1
2023-08-30,福井,越前海岸 くりや旅館街 エリア,東尋坊,1
2023-08-30,福井,越前海岸 北部 エリア,一乗谷朝倉氏遺跡,1
2023-08-30,福井,道の駅「南えちぜん山海里」 エリア,ふれあいパーク三里浜(道の駅「みくに」),1
2023-08-30,福井,道の駅「南えちぜん山海里」 エリア,岡太神社・大瀧神社,1
2023-08-31,福井,JR美浜駅 エリア,三方五湖,1
2023-08-31,福井,はたや記念館 ゆめおーれ勝山 エリア,福井県立恐竜博物館,1
2023-08-31,福井,スーベニアショップ ラプトル エリア,福井県立恐竜博物館,1
2023-08-31,福井,一乗谷朝倉氏遺跡,道の駅「恐竜渓谷かつやま」 エリア,1
2023-08-31,福井,一乗谷朝倉氏遺跡 エリア,福井県立恐竜博物館,1
2023-08-31,福井,丸岡城,道の駅「三方五湖」  エリア,1
2023-08-31,福井,北の庄城址・柴田公園,北ノ庄 エリア,1
2023-08-31,福井,大本山永平寺,はたや記念館 ゆめおーれ勝山 エリア,1
2023-08-31,福井,敦賀市立博物館 エリア,氣比神宮,1
2023-08-31,福井,敦賀赤レンガ倉庫,敦賀市立博物館 エリア,1
2023-08-31,福井,敦賀鉄道資料館（旧敦賀港駅舎 ）,金ヶ崎 エリア,1
2023-08-31,福井,日本海さかな街,若狭海遊バザール 千鳥苑 エリア,1
2023-08-31,福井,東尋坊,一乗谷朝倉氏遺跡 エリア,1
2023-08-31,福井,氣比神宮,水島 エリア,1
2023-08-31,福井,氣比神宮,道の駅「三方五湖」  エリア,1
2023-08-31,福井,氣比神宮,金ヶ崎 エリア,1
2023-08-31,福井,福井県立恐竜博物館,スキージャム勝山 エリア,2
2023-08-31,福井,福井県立恐竜博物館,スーベニアショップ ラプトル エリア,1
2023-08-31,福井,福井県立恐竜博物館,道の駅「南えちぜん山海里」 エリア,1
2023-08-31,福井,福井県立恐竜博物館,道の駅「禅の里」 エリア,1
2023-08-31,福井,若狭海遊バザール 千鳥苑 エリア,レインボーライン,1
2023-08-31,福井,越前そばの里,北陸新幹線 越前たけふ駅 エリア,1
2023-08-31,福井,越前大野城,えちぜん鉄道 永平寺口駅 エリア,1
2023-08-31,福井,道の駅「うみんぴあ大飯」,若狭フィッシャーマンズワーフ エリア,1
2023-08-31,福井,道の駅「三方五湖」  エリア,氣比神宮,1
2023-08-31,福井,道の駅「南えちぜん山海里」 エリア,日本海さかな街,1
2023-08-31,福井,道の駅「恐竜渓谷かつやま」 エリア,道の駅「禅の里」,1
2023-08-31,福井,金ヶ崎 エリア,丸岡城,1
2023-08-31,福井,金ヶ崎 エリア,敦賀赤レンガ倉庫,1
2023-09-01,福井,JR九頭竜湖駅 エリア,丸岡城,1
2023-09-01,福井,JR芦原温泉駅 エリア,丸岡城,1
2023-09-01,福井,あわら湯のまち エリア,白川郷（岐阜県）,1
2023-09-01,福井,あわら湯のまち エリア,道の駅「越前」,1
2023-09-01,福井,一乗谷朝倉氏遺跡,平泉寺白山神社 エリア,1
2023-09-01,福井,一乗谷朝倉氏遺跡 エリア,一乗谷朝倉氏遺跡,1
2023-09-01,福井,丸岡城,北陸新幹線 越前たけふ駅 エリア,1
2023-09-01,福井,北陸新幹線 越前たけふ駅 エリア,レインボーライン,1
2023-09-01,福井,北陸新幹線 越前たけふ駅 エリア,一乗谷朝倉氏遺跡,1
2023-09-01,福井,大本山 永平寺 エリア,東尋坊,2
2023-09-01,福井,大本山永平寺,大本山 永平寺 エリア,1
2023-09-01,福井,大本山永平寺,東尋坊 エリア,2
2023-09-01,福井,東尋坊,あわら湯のまち エリア,2
2023-09-01,福井,東尋坊,道の駅「恐竜渓谷かつやま」 エリア,2
2023-09-01,福井,東尋坊 エリア,あわら温泉街,2
2023-09-01,福井,氣比神宮,道の駅「南えちぜん山海里」 エリア,1
2023-09-01,福井,福井県立恐竜博物館,道の駅「南えちぜん山海里」 エリア,1
2023-09-01,福井,若狭和田ビーチ,若狭和田 エリア,1
2023-09-01,福井,道の駅「さかい」（坂井地域交流センター「いねす」）,あわら湯のまち エリア,1
2023-09-01,福井,道の駅「一乗谷あさくら水の駅」,一乗谷朝倉氏遺跡 エリア,1
2023-09-01,福井,道の駅「南えちぜん山海里」 エリア,敦賀赤レンガ倉庫,1
2023-09-01,福井,道の駅「恐竜渓谷かつやま」 エリア,丸岡城,1
2023-09-01,福井,道の駅「河野」,あわら湯のまち エリア,1
2023-09-01,福井,道の駅「若狭おばま」,小浜 エリア（宿泊施設）,1
2023-09-02,福井,JR美浜駅 エリア,一乗谷朝倉氏遺跡,1
2023-09-02,福井,JR芦原温泉駅 エリア,あわら温泉「芦湯」,1
2023-09-02,福井,うみんぴあ大飯 エリア,道の駅「うみんぴあ大飯」,1
2023-09-02,福井,スキージャム勝山,大本山 永平寺 エリア,1
2023-09-02,福井,レインボーライン,日本海さかな街 エリア,1
2023-09-02,福井,レインボーライン,湖上館パムコ（水月湖）エリア,1
2023-09-02,福井,レインボーライン エリア,敦賀赤レンガ倉庫,1
2023-09-02,福井,レインボーライン エリア,日本海さかな街,1
2023-09-02,福井,一乗谷朝倉氏遺跡,JR敦賀駅前 エリア,1
2023-09-02,福井,一乗谷朝倉氏遺跡,一乗谷朝倉氏遺跡 エリア,2
2023-09-02,福井,一乗谷朝倉氏遺跡,大本山 永平寺 エリア,1
2023-09-02,福井,一乗谷朝倉氏遺跡,越前大野城・城下町 エリア,1
2023-09-02,福井,一乗谷朝倉氏遺跡 エリア,大本山永平寺,1
2023-09-02,福井,一乗谷朝倉氏遺跡 エリア,越前大野城,1
2023-09-02,福井,丸岡城,スキージャム勝山 エリア,1
2023-09-02,福井,丸岡城,レインボーライン エリア,1
2023-09-02,福井,劔神社 エリア,一乗谷朝倉氏遺跡,1
2023-09-02,福井,北潟湖 エリア,ふれあいパーク三里浜(道の駅「みくに」),1
2023-09-02,福井,名勝 養浩館庭園 エリア,大本山永平寺,1
2023-09-02,福井,大本山 永平寺 エリア,越前大野城,1
2023-09-02,福井,大本山永平寺,レインボーライン エリア,1
2023-09-02,福井,御食国若狭おばま食文化館,御食国若狭おばま食文化館 エリア,1
2023-09-02,福井,御食国若狭おばま食文化館 エリア,道の駅「名田庄」,1
2023-09-02,福井,敦賀赤レンガ倉庫,道の駅「三方五湖」  エリア,1
2023-09-02,福井,敦賀駅,JR芦原温泉駅 エリア,1
2023-09-02,福井,東尋坊,JR芦原温泉駅 エリア,1
2023-09-02,福井,東尋坊,東尋坊 エリア,1
2023-09-02,福井,氣比神宮,神楽通り エリア,1
2023-09-02,福井,湖上館パムコ（水月湖）エリア,若狭町観光船レイククルーズ,1
2023-09-02,福井,神楽通り エリア,氣比神宮,1
2023-09-02,福井,福井県こども家族館,うみんぴあ大飯 エリア,1
2023-09-02,福井,福井県年縞博物館,道の駅「三方五湖」  エリア,1
2023-09-02,福井,福井県立恐竜博物館,かずら橋 エリア,1
2023-09-02,福井,若狭フィッシャーマンズワーフ エリア,三方五湖,1
2023-09-02,福井,若狭三方縄文博物館,JR美浜駅 エリア,1
2023-09-02,福井,西山動物園,越前そばの里 エリア,1
2023-09-02,福井,越前そばの里 エリア,野外恐竜博物館,1
2023-09-02,福井,越前大野城・城下町 エリア,勝山城博物館,1
2023-09-02,福井,越前陶芸村,劔神社 エリア,1
2023-09-02,福井,道の駅「さかい」（坂井地域交流センター「いねす」）,北潟湖 エリア,1
2023-09-02,福井,道の駅「三方五湖」,小浜市 阿納 エリア,1
2023-09-02,福井,道の駅「三方五湖」  エリア,レインボーライン,1
2023-09-02,福井,道の駅「恐竜渓谷かつやま」 エリア,福井県立恐竜博物館,1
2023-09-02,福井,道の駅「越前」 エリア,越前がにミュージアム,1
2023-09-03,福井,JR美浜駅 エリア,福井県立恐竜博物館,1
2023-09-03,福井,あわら温泉街,フルーツライン エリア,1
2023-09-03,福井,あわら湯のまち エリア,あわら温泉屋台村「湯けむり横丁」,1
2023-09-03,福井,ファーマーズマーケットきららの丘,フルーツライン エリア,1
2023-09-03,福井,フルーツライン エリア,吉崎御坊跡,1
2023-09-03,福井,レインボーライン,レインボーライン エリア,1
2023-09-03,福井,レインボーライン エリア,福井県年縞博物館,1
2023-09-03,福井,レインボーライン エリア,若狭町観光船レイククルーズ,1
2023-09-03,福井,一乗谷朝倉氏遺跡,JR美浜駅 エリア,1
2023-09-03,福井,一乗谷朝倉氏遺跡,丸岡城 エリア,1
2023-09-03,福井,一乗谷朝倉氏遺跡,金ヶ崎 エリア,1
2023-09-03,福井,一乗谷朝倉氏遺跡 エリア,岡太神社・大瀧神社,1
2023-09-03,福井,丸岡城,明通寺 エリア,1
2023-09-03,福井,丸岡城 エリア,東尋坊,1
2023-09-03,福井,小浜 エリア（宿泊施設）,小浜市まちの駅・旭座,1
2023-09-03,福井,小浜市まちの駅 エリア,小浜市まちの駅・旭座,1
2023-09-03,福井,平泉寺白山神社 エリア,越前大野城,1
2023-09-03,福井,御食国若狭おばま食文化館,若狭フィッシャーマンズワーフ エリア,1
2023-09-03,福井,敦賀駅,金ヶ崎 エリア,1
2023-09-03,福井,日本海さかな街,レインボーライン エリア,1
2023-09-03,福井,明通寺,小浜 エリア（宿泊施設）,1
2023-09-03,福井,明通寺 エリア,レインボーライン,1
2023-09-03,福井,東尋坊 エリア,一乗谷朝倉氏遺跡,1
2023-09-03,福井,気比の松原,神楽通り エリア,1
2023-09-03,福井,氣比神宮,神楽通り エリア,2
2023-09-03,福井,神楽通り エリア,日本海さかな街,1
2023-09-03,福井,西山動物園,道の駅「南えちぜん山海里」 エリア,1
2023-09-03,福井,越前がにミュージアム,道の駅「越前」 エリア,1
2023-09-03,福井,越前そばの里,越前そばの里 エリア,1
2023-09-03,福井,越前大仏,あわら湯のまち エリア,1
2023-09-03,福井,越前大野城・城下町 エリア,一乗谷朝倉氏遺跡,1
2023-09-03,福井,越前海岸,道の駅「越前」 エリア,1
2023-09-03,福井,道の駅「三方五湖」  エリア,道の駅「越前」,1
2023-09-03,福井,道の駅「越前」 エリア,呼鳥門,1
2023-09-03,福井,金ヶ崎 エリア,岡太神社・大瀧神社,1
2023-09-03,福井,金ヶ崎 エリア,気比の松原,1
2023-09-03,福井,金津創作の森,あわら湯のまち エリア,1
2023-09-04,福井,ふくい鮮いちば エリア,福井県立恐竜博物館,1
2023-09-04,福井,まちの市場 こってコテいけだ エリア,大本山永平寺,1
2023-09-04,福井,めがねミュージアム,越前そばの里 エリア,1
2023-09-04,福井,エルガイアおおい,小浜 エリア（宿泊施設）,1
2023-09-04,福井,スーベニアショップ ラプトル エリア,大本山永平寺,1
2023-09-04,福井,レインボーライン エリア,氣比神宮,1
2023-09-04,福井,一乗谷朝倉氏遺跡,まちの市場 こってコテいけだ エリア,1
2023-09-04,福井,一乗谷朝倉氏遺跡,三国湊 エリア,1
2023-09-04,福井,三国湊 エリア,大本山永平寺,1
2023-09-04,福井,丸岡城,一乗谷朝倉氏遺跡 エリア,1
2023-09-04,福井,丸岡城,福井駅前 エリア,1
2023-09-04,福井,北の庄城址・柴田公園,北ノ庄 エリア,1
2023-09-04,福井,多田寺,明通寺 エリア,1
2023-09-04,福井,日本海さかな街 エリア,氣比神宮,1
2023-09-04,福井,明通寺 エリア,神宮寺,1
2023-09-04,福井,東尋坊,三国湊 エリア,1
2023-09-04,福井,東尋坊 エリア,福井県立恐竜博物館,1
2023-09-04,福井,東尋坊 エリア,芝政ワールド,1
2023-09-04,福井,氣比神宮,レインボーライン エリア,1
2023-09-04,福井,氣比神宮,神楽通り エリア,1
2023-09-04,福井,福井県年縞博物館,道の駅「三方五湖」  エリア,1
2023-09-04,福井,福井県立恐竜博物館,あわら湯のまち エリア,1
2023-09-04,福井,福井県立恐竜博物館,うみんぴあ大飯 エリア,1
2023-09-04,福井,福井県立恐竜博物館,スーベニアショップ ラプトル エリア,1
2023-09-04,福井,福井駅前 エリア,一乗谷朝倉氏遺跡,1
2023-09-04,福井,福井駅前 エリア,福井県立恐竜博物館,1
2023-09-04,福井,若狭歴史博物館,明通寺 エリア,1
2023-09-04,福井,若狭瓜割名水公園 瓜割の滝,レインボーライン エリア,1
2023-09-04,福井,越前そばの里 エリア,道の駅「西山公園」,1
2023-09-04,福井,道の駅「南えちぜん山海里」,越前そばの里 エリア,1
2023-09-04,福井,道の駅「越前おおの荒島の郷」,道の駅「恐竜渓谷かつやま」 エリア,1
2023-09-04,福井,道の駅「越前おおの荒島の郷」 エリア,道の駅「恐竜渓谷かつやま」,1
2023-09-04,福井,養浩館庭園,北ノ庄 エリア,1
2023-09-05,福井,あわら湯のまち エリア,道の駅「南えちぜん山海里」,1
2023-09-05,福井,スーベニアショップ ラプトル エリア,福井県立恐竜博物館,1
2023-09-05,福井,一乗谷朝倉氏遺跡,メガネストリート エリア,1
2023-09-05,福井,丸岡城,丸岡城 エリア,2
2023-09-05,福井,丸岡城,大本山 永平寺 エリア,1
2023-09-05,福井,丸岡城 エリア,北の庄城址・柴田公園,1
2023-09-05,福井,丸岡城 エリア,大本山永平寺,1
2023-09-05,福井,丸岡城 エリア,養浩館庭園,1
2023-09-05,福井,今庄宿 エリア,道の駅「南えちぜん山海里」,1
2023-09-05,福井,劔神社 エリア,道の駅「越前」,1
2023-09-05,福井,北の庄城址・柴田公園,北ノ庄 エリア,1
2023-09-05,福井,北ノ庄 エリア,丸岡城,1
2023-09-05,福井,北前船主の館 右近家 エリア,敦賀赤レンガ倉庫,1
2023-09-05,福井,敦賀赤レンガ倉庫,劔神社 エリア,1
2023-09-05,福井,氣比神宮,JR敦賀駅前 エリア,1
2023-09-05,福井,氣比神宮,北陸新幹線 越前たけふ駅 エリア,1
2023-09-05,福井,氣比神宮,道の駅「越前」 エリア,1
2023-09-05,福井,福井県立恐竜博物館,あわら湯のまち エリア,1
2023-09-05,福井,福井県立恐竜博物館,はたや記念館 ゆめおーれ勝山 エリア,1
2023-09-05,福井,福井県立恐竜博物館,スーベニアショップ ラプトル エリア,1
2023-09-05,福井,福井県立恐竜博物館,越前大仏 エリア,1
2023-09-05,福井,福井駅,北ノ庄 エリア,1
2023-09-05,福井,福井駅前 エリア（宿泊施設）,一乗谷朝倉氏遺跡,1
2023-09-05,福井,越前和紙の里,越前松島水族館 エリア,1
2023-09-05,福井,越前大仏,福井駅前 エリア（宿泊施設）,1
2023-09-05,福井,越前大仏,道の駅「南えちぜん山海里」 エリア,1
2023-09-05,福井,越前大野城,越前海岸 北部 エリア,1
2023-09-05,福井,越前大野城,道の駅「越前おおの荒島の郷」 エリア,1
2023-09-05,福井,越前松島水族館 エリア,丸岡城,1
2023-09-05,福井,越前海岸 北部 エリア,大本山永平寺,1
2023-09-05,福井,越前陶芸村,劔神社 エリア,1
2023-09-05,福井,道の駅「河野」,北前船主の館 右近家 エリア,1
2023-09-05,福井,道の駅「越前おおの荒島の郷」 エリア,丸岡城,1
2023-09-06,福井,あわら温泉街,あわら湯のまち エリア,1
2023-09-06,福井,あわら湯のまち エリア,氣比神宮,1
2023-09-06,福井,スーベニアショップ ラプトル エリア,平泉寺白山神社,1
2023-09-06,福井,三方五湖,JR美浜駅 エリア,1
2023-09-06,福井,丸岡城,大本山 永平寺 エリア,1
2023-09-06,福井,大本山 永平寺 エリア,一乗谷朝倉氏遺跡,2
2023-09-06,福井,大本山 永平寺 エリア,福井県立恐竜博物館,1
2023-09-06,福井,小牧かまぼこ,日本海さかな街 エリア,1
2023-09-06,福井,御食国若狭おばま食文化館 エリア,小浜市水産食品センター（若狭小浜お魚センター）,1
2023-09-06,福井,敦賀赤レンガ倉庫,箸のふるさと館WAKASA エリア,1
2023-09-06,福井,東尋坊,三国湊 エリア,1
2023-09-06,福井,東尋坊,東尋坊 エリア,1
2023-09-06,福井,東尋坊 エリア,三國湊レトロ,1
2023-09-06,福井,氣比神宮,JR敦賀駅前 エリア,1
2023-09-06,福井,氣比神宮,神楽通り エリア,1
2023-09-06,福井,熊川宿,道の駅「シーサイド高浜」 エリア,1
2023-09-06,福井,福井県立恐竜博物館,スーベニアショップ ラプトル エリア,1
2023-09-06,福井,福井県立恐竜博物館,大本山 永平寺 エリア,2
2023-09-06,福井,福井県立恐竜博物館,越前松島水族館 エリア,1
2023-09-06,福井,福井県立恐竜博物館,道の駅「恐竜渓谷かつやま」 エリア,2
2023-09-06,福井,若狭フィッシャーマンズワーフ,JR美浜駅 エリア,1
2023-09-06,福井,越前大野城,あわら湯のまち エリア,1
2023-09-06,福井,越前松島水族館 エリア,ふれあいパーク三里浜(道の駅「みくに」),1
2023-09-06,福井,道の駅「シーサイド高浜」 エリア,きのこの森,1
2023-09-06,福井,道の駅「名田庄」,若狭フィッシャーマンズワーフ エリア,1
2023-09-06,福井,道の駅「恐竜渓谷かつやま」 エリア,一乗谷朝倉氏遺跡,1
2023-09-07,福井,JR敦賀駅前 エリア,大本山永平寺,1
2023-09-07,福井,JR美浜駅 エリア,レインボーライン,1
2023-09-07,福井,うみんぴあ大飯 エリア,三方五湖,1
2023-09-07,福井,一乗谷朝倉氏遺跡,北ノ庄 エリア,1
2023-09-07,福井,一乗谷朝倉氏遺跡 エリア,丸岡城,1
2023-09-07,福井,一乗谷朝倉氏遺跡 エリア,金沢駅周辺（石川県）,1
2023-09-07,福井,三国サンセットビーチ,あわら湯のまち エリア,1
2023-09-07,福井,三国湊 エリア,吉崎御坊跡,1
2023-09-07,福井,丸岡城,道の駅みくに ふれあいパーク三里浜 エリア,1
2023-09-07,福井,丸岡城 エリア,大本山永平寺,1
2023-09-07,福井,北の庄城址・柴田公園,一乗谷朝倉氏遺跡 エリア,2
2023-09-07,福井,北の庄城址・柴田公園,福井駅前 エリア,1
2023-09-07,福井,北ノ庄 エリア,一乗谷朝倉氏遺跡,2
2023-09-07,福井,北ノ庄 エリア,丸岡城,1
2023-09-07,福井,大本山 永平寺 エリア,福井駅,2
2023-09-07,福井,大本山永平寺,JR美浜駅 エリア,1
2023-09-07,福井,大本山永平寺,北ノ庄 エリア,1
2023-09-07,福井,大本山永平寺,大本山 永平寺 エリア,1
2023-09-07,福井,大本山永平寺,道の駅「南えちぜん山海里」 エリア,1
2023-09-07,福井,敦賀鉄道資料館（旧敦賀港駅舎 ）,JR敦賀駅前 エリア,1
2023-09-07,福井,日本海さかな街 エリア,氣比神宮,1
2023-09-07,福井,東尋坊,あわら湯のまち エリア,1
2023-09-07,福井,東尋坊,三国湊 エリア,1
2023-09-07,福井,東尋坊,北潟湖 エリア,1
2023-09-07,福井,氣比神宮,道の駅「三方五湖」  エリア,1
2023-09-07,福井,氣比神宮,金ヶ崎 エリア,1
2023-09-07,福井,福井県立恐竜博物館,レインボーライン エリア,1
2023-09-07,福井,福井県立恐竜博物館,名勝 養浩館庭園 エリア,1
2023-09-07,福井,福井県立恐竜博物館,道の駅「恐竜渓谷かつやま」 エリア,1
2023-09-07,福井,福井駅,大本山 永平寺 エリア,2
2023-09-07,福井,福井駅,福井駅前 エリア,1
2023-09-07,福井,福井駅前 エリア,一乗谷朝倉氏遺跡,1
2023-09-07,福井,福井駅前 エリア,敦賀駅,1
2023-09-07,福井,越前大仏,道の駅「三方五湖」  エリア,1
2023-09-07,福井,越前大野城,JR九頭竜湖駅 エリア,1
2023-09-07,福井,越前大野城,越前大野城・城下町 エリア,1
2023-09-07,福井,道の駅「三方五湖」,うみんぴあ大飯 エリア,1
2023-09-07,福井,道の駅「三方五湖」  エリア,レインボーライン,1
2023-09-07,福井,道の駅「三方五湖」  エリア,一乗谷朝倉氏遺跡,1
2023-09-07,福井,道の駅みくに ふれあいパーク三里浜 エリア,越前大仏,1
2023-09-08,福井,スーベニアショップ ラプトル エリア,平泉寺白山神社,1
2023-09-08,福井,一乗谷朝倉氏遺跡 エリア,東尋坊,1
2023-09-08,福井,丸岡城,丸岡城 エリア,1
2023-09-08,福井,丸岡城,福井駅前 エリア,1
2023-09-08,福井,丸岡城,越前松島水族館 エリア,1
2023-09-08,福井,丸岡城 エリア,福井駅,1
2023-09-08,福井,大本山 永平寺 エリア,東尋坊,1
2023-09-08,福井,福井城址,丸岡城 エリア,1
2023-09-08,福井,福井県立恐竜博物館,スーベニアショップ ラプトル エリア,1
2023-09-08,福井,福井県立恐竜博物館,一乗谷朝倉氏遺跡 エリア,1
2023-09-08,福井,福井県立恐竜博物館,三国湊 エリア,1
2023-09-08,福井,若狭三方縄文博物館,道の駅「三方五湖」  エリア,1
2023-09-08,福井,越前大仏,JR九頭竜湖駅 エリア,1
2023-09-08,福井,越前大仏 エリア,大本山永平寺,1
2023-09-08,福井,道の駅「三方五湖」  エリア,氣比神宮,1
2023-09-08,福井,道の駅「三方五湖」  エリア,福井県年縞博物館,1
2023-09-08,福井,道の駅「禅の里」,道の駅「越前おおの荒島の郷」 エリア,1
2023-09-08,福井,道の駅「越前」,道の駅「南えちぜん山海里」 エリア,1
2023-09-08,福井,道の駅「越前おおの荒島の郷」 エリア,越前大野城,1
2023-09-08,福井,道の駅みくに ふれあいパーク三里浜 エリア,ゆりの里公園ユリーム春江,1
2023-09-09,福井,JR美浜駅 エリア,レインボーライン,1
2023-09-09,福井,JR美浜駅 エリア,東尋坊,1
2023-09-09,福井,JR芦原温泉駅 エリア,丸岡城,1
2023-09-09,福井,あわら湯のまち エリア,一乗谷朝倉氏遺跡,1
2023-09-09,福井,あわら湯のまち エリア,福井県立恐竜博物館,1
2023-09-09,福井,うみんぴあ大飯 エリア,道の駅「シーサイド高浜」,1
2023-09-09,福井,エルガイアおおい,道の駅「シーサイド高浜」 エリア,1
2023-09-09,福井,スーベニアショップ ラプトル エリア,大本山永平寺,1
2023-09-09,福井,レインボーライン,水晶浜 エリア,1
2023-09-09,福井,レインボーライン エリア,福井県年縞博物館,1
2023-09-09,福井,一乗谷朝倉氏遺跡,JR芦原温泉駅 エリア,1
2023-09-09,福井,一乗谷朝倉氏遺跡,一乗谷朝倉氏遺跡 エリア,2
2023-09-09,福井,一乗谷朝倉氏遺跡,六呂師高原 エリア,1
2023-09-09,福井,一乗谷朝倉氏遺跡 エリア,大本山永平寺,1
2023-09-09,福井,七間朝市,越前大野城・城下町 エリア,1
2023-09-09,福井,三国サンセットビーチ,北潟湖 エリア,1
2023-09-09,福井,三方五湖,JR美浜駅 エリア,1
2023-09-09,福井,丸岡城,大本山 永平寺 エリア,1
2023-09-09,福井,丸岡城,福井駅前 エリア,1
2023-09-09,福井,丸岡城,越前大野城・城下町 エリア,1
2023-09-09,福井,丸岡城,道の駅「越前おおの荒島の郷」 エリア,1
2023-09-09,福井,九頭竜湖,JR九頭竜湖駅 エリア,1
2023-09-09,福井,五湖の駅,レインボーライン エリア,1
2023-09-09,福井,今庄宿,越前海岸 北部 エリア,1
2023-09-09,福井,今庄宿 エリア,敦賀赤レンガ倉庫,1
2023-09-09,福井,六呂師高原 エリア,越前大仏,1
2023-09-09,福井,劔神社,越前陶芸村 エリア,1
2023-09-09,福井,名田庄 エリア,道の駅「シーサイド高浜」,1
2023-09-09,福井,大本山 永平寺 エリア,一乗谷朝倉氏遺跡,2
2023-09-09,福井,大本山永平寺,一乗谷朝倉氏遺跡 エリア,1
2023-09-09,福井,大本山永平寺,越前大野城・城下町 エリア,1
2023-09-09,福井,明通寺 エリア,明通寺,1
2023-09-09,福井,東尋坊 エリア,金沢駅周辺（石川県）,1
2023-09-09,福井,氣比神宮,今庄宿 エリア,1
2023-09-09,福井,湖上館パムコ（水月湖）エリア,レインボーライン,1
2023-09-09,福井,熊川宿,道の駅「若狭おばま」 エリア,1
2023-09-09,福井,白山平泉寺歴史探遊館 まほろば,越前大仏 エリア,1
2023-09-09,福井,福井県立恐竜博物館,かずら橋 エリア,1
2023-09-09,福井,福井県立恐竜博物館,だるまちゃん広場 エリア,1
2023-09-09,福井,福井県立恐竜博物館,スーベニアショップ ラプトル エリア,3
2023-09-09,福井,福井県立恐竜博物館,レインボーライン エリア,1
2023-09-09,福井,福井県立恐竜博物館,大本山 永平寺 エリア,1
2023-09-09,福井,福井駅前 エリア,一乗谷朝倉氏遺跡,1
2023-09-09,福井,若狭歴史博物館,明通寺 エリア,1
2023-09-09,福井,越前そばの里 エリア,福井県立恐竜博物館,1
2023-09-09,福井,越前大仏,越前大野城・城下町 エリア,1
2023-09-09,福井,越前大仏 エリア,丸岡城,1
2023-09-09,福井,越前大野城,あわら湯のまち エリア,1
2023-09-09,福井,越前大野城,一乗谷朝倉氏遺跡 エリア,2
2023-09-09,福井,越前大野城,道の駅「南えちぜん山海里」 エリア,1
2023-09-09,福井,越前大野城・城下町 エリア,一乗谷朝倉氏遺跡,1
2023-09-09,福井,越前大野城・城下町 エリア,越前大野城,1
2023-09-09,福井,越前海岸 北部 エリア,一乗谷朝倉氏遺跡,1
2023-09-09,福井,越前海岸 高佐米ノ旅館街 エリア,越前がにミュージアム,1
2023-09-09,福井,道の駅「うみんぴあ大飯」,道の駅「シーサイド高浜」 エリア,1
2023-09-09,福井,道の駅「シーサイド高浜」,道の駅「若狭おばま」 エリア,1
2023-09-09,福井,道の駅「シーサイド高浜」 エリア,福井県こども家族館,1
2023-09-09,福井,道の駅「シーサイド高浜」 エリア,道の駅「若狭おばま」,1
2023-09-09,福井,道の駅「九頭竜・和泉ふれあい会館」,道の駅「越前おおの荒島の郷」 エリア,1
2023-09-09,福井,道の駅「南えちぜん山海里」,JR美浜駅 エリア,1
2023-09-09,福井,道の駅「名田庄」,うみんぴあ大飯 エリア,1
2023-09-09,福井,道の駅「若狭おばま」 エリア,道の駅「若狭熊川宿」,2
2023-09-09,福井,道の駅「越前おおの荒島の郷」,越前大野城・城下町 エリア,1
2023-09-10,福井,JR美浜駅 エリア,道の駅「若狭おばま」,1
2023-09-10,福井,あわら温泉「芦湯」,あわら湯のまち エリア,1
2023-09-10,福井,あわら温泉「芦湯」,福井駅前 エリア,1
2023-09-10,福井,あわら湯のまち エリア,東尋坊,1
2023-09-10,福井,あわら湯のまち エリア,金沢駅周辺（石川県）,1
2023-09-10,福井,えちぜん鉄道 松岡駅 エリア,一乗谷朝倉氏遺跡,1
2023-09-10,福井,かずら橋 エリア,一乗谷朝倉氏遺跡,1
2023-09-10,福井,だるまちゃん広場 エリア,丸岡城,1
2023-09-10,福井,レインボーライン,日本海さかな街 エリア,1
2023-09-10,福井,レインボーライン,明通寺 エリア,1
2023-09-10,福井,レインボーライン エリア,道の駅「三方五湖」,1
2023-09-10,福井,一乗谷朝倉氏遺跡,大本山 永平寺 エリア,1
2023-09-10,福井,一乗谷朝倉氏遺跡,道の駅「南えちぜん山海里」 エリア,1
2023-09-10,福井,一乗谷朝倉氏遺跡 エリア,道の駅「さかい」（坂井地域交流センター「いねす」）,1
2023-09-10,福井,三方五湖,レインボーライン エリア,1
2023-09-10,福井,丸岡城,三国湊 エリア,1
2023-09-10,福井,丸岡城 エリア,あわら温泉街,1
2023-09-10,福井,丸岡城 エリア,越前大野城,1
2023-09-10,福井,北の庄城址・柴田公園,北ノ庄 エリア,1
2023-09-10,福井,北ノ庄 エリア,福井県立恐竜博物館,1
2023-09-10,福井,大本山永平寺,東尋坊 エリア,1
2023-09-10,福井,御食国若狭おばま食文化館 エリア,若狭瓜割名水公園 瓜割の滝,1
2023-09-10,福井,日本海さかな街 エリア,三方五湖,1
2023-09-10,福井,明通寺 エリア,三丁町,1
2023-09-10,福井,東尋坊,道の駅みくに ふれあいパーク三里浜 エリア,1
2023-09-10,福井,東尋坊 エリア,丸岡城,1
2023-09-10,福井,熊川宿,明通寺 エリア,1
2023-09-10,福井,白山平泉寺歴史探遊館 まほろば,福井駅前 エリア（宿泊施設）,1
2023-09-10,福井,福井県立恐竜博物館,スーベニアショップ ラプトル エリア,2
2023-09-10,福井,福井駅前 エリア,金沢駅周辺（石川県）,1
2023-09-10,福井,福井駅前 エリア（宿泊施設）,丸岡城,1
2023-09-10,福井,芝政ワールド,越前そばの里 エリア,1
2023-09-10,福井,花の駅 ゆりの里公園 エリア,東尋坊,1
2023-09-10,福井,越前和紙の里,かずら橋 エリア,1
2023-09-10,福井,越前和紙の里,花の駅 ゆりの里公園 エリア,1
2023-09-10,福井,越前大仏,道の駅「南えちぜん山海里」 エリア,1
2023-09-10,福井,越前大野城,だるまちゃん広場 エリア,1
2023-09-10,福井,越前大野城,丸岡城 エリア,1
2023-09-10,福井,越前大野城,越前大野城・城下町 エリア,2
2023-09-10,福井,道の駅「南えちぜん山海里」 エリア,京都市内寺院（京都府）,1
2023-09-10,福井,道の駅「南えちぜん山海里」 エリア,越前大野城,1
2023-09-10,福井,道の駅「禅の里」,一乗谷朝倉氏遺跡 エリア,2
2023-09-11,福井,あわら温泉街,道の駅「南えちぜん山海里」 エリア,1
2023-09-11,福井,あわら湯のまち エリア,東尋坊,1
2023-09-11,福井,スキージャム勝山,スーベニアショップ ラプトル エリア,1
2023-09-11,福井,スーベニアショップ ラプトル エリア,道の駅「恐竜渓谷かつやま」,1
2023-09-11,福井,ヨーロッパ軒,大本山 永平寺 エリア,1
2023-09-11,福井,一乗谷朝倉氏遺跡,北ノ庄 エリア,1
2023-09-11,福井,三国サンセットビーチ,フルーツライン エリア,1
2023-09-11,福井,三方五湖,レインボーライン エリア,2
2023-09-11,福井,丸岡城,スーベニアショップ ラプトル エリア,1
2023-09-11,福井,北ノ庄 エリア,丸岡城,1
2023-09-11,福井,北潟湖 エリア,越前松島水族館,1
2023-09-11,福井,東尋坊,小浜 エリア（宿泊施設）,1
2023-09-11,福井,福井県立恐竜博物館,あわら湯のまち エリア,1
2023-09-11,福井,福井県立恐竜博物館,大本山 永平寺 エリア,1
2023-09-11,福井,福井県立恐竜博物館,道の駅「南えちぜん山海里」 エリア,1
2023-09-11,福井,粟津温泉（石川県）,あわら湯のまち エリア,1
2023-09-11,福井,芝政ワールド,北潟湖 エリア,1
2023-09-11,福井,道の駅「シーサイド高浜」 エリア,道の駅「うみんぴあ大飯」,1
2023-09-11,福井,道の駅「南えちぜん山海里」 エリア,氣比神宮,1
2023-09-11,福井,道の駅「南えちぜん山海里」 エリア,福井県年縞博物館,1
2023-09-12,福井,JR九頭竜湖駅 エリア,福井駅,1
2023-09-12,福井,あわら湯のまち エリア,大本山永平寺,1
2023-09-12,福井,スーベニアショップ ラプトル エリア,東尋坊,1
2023-09-12,福井,メタセコイア並木（滋賀県）,熊川宿 エリア,1
2023-09-12,福井,一乗谷朝倉氏遺跡,福井駅前 エリア（宿泊施設）,1
2023-09-12,福井,三方五湖,道の駅「三方五湖」  エリア,1
2023-09-12,福井,大本山永平寺,一乗谷朝倉氏遺跡 エリア,1
2023-09-12,福井,帰宅,一乗谷朝倉氏遺跡 エリア,1
2023-09-12,福井,敦賀赤レンガ倉庫,越前大野城・城下町 エリア,1
2023-09-12,福井,熊川宿 エリア,国分寺 (小浜市),1
2023-09-12,福井,福井県立恐竜博物館,あわら湯のまち エリア,1
2023-09-12,福井,福井県立恐竜博物館,スーベニアショップ ラプトル エリア,1
2023-09-12,福井,福井県立恐竜博物館,明通寺 エリア,1
2023-09-12,福井,福井駅前 エリア（宿泊施設）,越前大野城,1
2023-09-12,福井,若狭和田ビーチ,若狭高浜 エリア,1
2023-09-12,福井,越前大仏,北潟湖 エリア,1
2023-09-12,福井,越前大野城,越前大野城・城下町 エリア,1
2023-09-12,福井,越前大野城・城下町 エリア,丸岡城,1
2023-09-12,福井,道の駅「三方五湖」,レインボーライン エリア,1
2023-09-12,福井,道の駅「三方五湖」  エリア,福井県年縞博物館,1
2023-09-13,福井,JR敦賀駅前 エリア,敦賀鉄道資料館（旧敦賀港駅舎 ）,1
2023-09-13,福井,JR芦原温泉駅 エリア,丸岡城,1
2023-09-13,福井,あわら温泉街,大本山 永平寺 エリア,1
2023-09-13,福井,あわら湯のまち エリア,福井県立恐竜博物館,1
2023-09-13,福井,レインボーライン,北陸新幹線 越前たけふ駅 エリア,2
2023-09-13,福井,三方五湖,明通寺 エリア,1
2023-09-13,福井,丸岡城,一乗谷朝倉氏遺跡 エリア,1
2023-09-13,福井,九頭竜スキー場,道の駅「越前おおの荒島の郷」 エリア,1
2023-09-13,福井,勝山城博物館,大本山 永平寺 エリア,1
2023-09-13,福井,北の庄城址・柴田公園,北ノ庄 エリア,1
2023-09-13,福井,北ノ庄 エリア,越前大野城,1
2023-09-13,福井,大本山 永平寺 エリア,スキージャム勝山,1
2023-09-13,福井,大本山 永平寺 エリア,三方五湖,1
2023-09-13,福井,岡太神社・大瀧神社,道の駅「南えちぜん山海里」 エリア,1
2023-09-13,福井,日本海さかな街,あわら湯のまち エリア,1
2023-09-13,福井,日本海さかな街,神楽通り エリア,1
2023-09-13,福井,東尋坊,大本山 永平寺 エリア,1
2023-09-13,福井,東尋坊 エリア,丸岡城,1
2023-09-13,福井,氣比神宮,敦賀市立博物館 エリア,1
2023-09-13,福井,氣比神宮,東尋坊 エリア,1
2023-09-13,福井,福井県年縞博物館,熊川宿 エリア,1
2023-09-13,福井,福井県立恐竜博物館,大本山 永平寺 エリア,1
2023-09-13,福井,紫式部公園 エリア,劔神社,2
2023-09-13,福井,越前陶芸村,越前陶芸村 エリア,1
2023-09-13,福井,越前陶芸村 エリア,氣比神宮,1
2023-09-13,福井,道の駅「三方五湖」  エリア,福井県年縞博物館,1
2023-09-13,福井,金沢駅周辺（石川県）,あわら湯のまち エリア,1
2023-09-14,福井,スーベニアショップ ラプトル エリア,一乗谷朝倉氏遺跡,1
2023-09-14,福井,丸岡城,道の駅「越前」 エリア,1
2023-09-14,福井,勝山城博物館,越前大野城・城下町 エリア,1
2023-09-14,福井,名田庄 エリア,道の駅「シーサイド高浜」,2
2023-09-14,福井,国分寺 (小浜市),明通寺 エリア,1
2023-09-14,福井,小浜市まちの駅 エリア,若狭フィッシャーマンズワーフ,1
2023-09-14,福井,小浜市まちの駅・旭座,若狭フィッシャーマンズワーフ エリア,1
2023-09-14,福井,平泉寺白山神社 エリア,越前大野城,1
2023-09-14,福井,御食国若狭おばま食文化館,美浜町レイクセンター エリア,1
2023-09-14,福井,御食国若狭おばま食文化館 エリア,道の駅「若狭熊川宿」,1
2023-09-14,福井,敦賀赤レンガ倉庫,金ヶ崎 エリア,1
2023-09-14,福井,氣比神宮,湖上館パムコ（水月湖）エリア,1
2023-09-14,福井,湖上館パムコ（水月湖）エリア,敦賀赤レンガ倉庫,1
2023-09-14,福井,熊川宿,名田庄 エリア,1
2023-09-14,福井,福井県立恐竜博物館,スーベニアショップ ラプトル エリア,1
2023-09-14,福井,福井県立恐竜博物館,一乗谷朝倉氏遺跡 エリア,1
2023-09-14,福井,美浜町レイクセンター エリア,若狭海遊バザール千鳥苑 若狭美浜 海の駅,1
2023-09-14,福井,若狭フィッシャーマンズワーフ エリア,道の駅「名田庄」,1
2023-09-14,福井,道の駅「うみんぴあ大飯」,御食国若狭おばま食文化館 エリア,1
2023-09-14,福井,道の駅「うみんぴあ大飯」,道の駅「若狭おばま」 エリア,1
2023-09-14,福井,道の駅「シーサイド高浜」,うみんぴあ大飯 エリア,1
2023-09-14,福井,道の駅「シーサイド高浜」,若州一滴文庫 エリア,1
2023-09-14,福井,道の駅「シーサイド高浜」,若狭高浜 エリア,1
2023-09-14,福井,道の駅「パークイン丹生ヶ丘」 エリア,一乗谷朝倉氏遺跡,1
2023-09-14,福井,道の駅「一乗谷あさくら水の駅」,一乗谷朝倉氏遺跡 エリア,1
2023-09-14,福井,道の駅「名田庄」,若狭和田 エリア,1
2023-09-14,福井,道の駅「恐竜渓谷かつやま」,道の駅「越前おおの荒島の郷」 エリア,1
2023-09-14,福井,道の駅「越前おおの荒島の郷」 エリア,道の駅「九頭竜・和泉ふれあい会館」,1
2023-09-15,福井,スキージャム勝山 エリア,大本山永平寺,2
2023-09-15,福井,レインボーライン,道の駅「三方五湖」  エリア,1
2023-09-15,福井,レインボーライン エリア,熊川宿,1
2023-09-15,福井,一乗谷朝倉氏遺跡,一乗谷朝倉氏遺跡 エリア,1
2023-09-15,福井,一乗谷朝倉氏遺跡,丸岡城 エリア,1
2023-09-15,福井,一乗谷朝倉氏遺跡,越前和紙の里 エリア,1
2023-09-15,福井,一乗谷朝倉氏遺跡,道の駅「三方五湖」  エリア,1
2023-09-15,福井,劔神社 エリア,道の駅「越前」,1
2023-09-15,福井,北陸新幹線 越前たけふ駅 エリア,北の庄城址・柴田公園,1
2023-09-15,福井,東尋坊,JR敦賀駅前 エリア,1
2023-09-15,福井,福井県立恐竜博物館,スキージャム勝山 エリア,2
2023-09-15,福井,箸のふるさと館WAKASA エリア,若狭フィッシャーマンズワーフ,1
2023-09-15,福井,若狭フィッシャーマンズワーフ エリア,熊川宿,1
2023-09-15,福井,若狭瓜割名水公園 瓜割の滝,若狭フィッシャーマンズワーフ エリア,1
2023-09-15,福井,越前和紙の里,道の駅「南えちぜん山海里」 エリア,1
2023-09-15,福井,越前大野城,越前大野城・城下町 エリア,1
2023-09-15,福井,越前大野城・城下町 エリア,一乗谷朝倉氏遺跡,1
2023-09-15,福井,道の駅「三方五湖」  エリア,北の庄城址・柴田公園,1
2023-09-15,福井,道の駅「南えちぜん山海里」 エリア,敦賀赤レンガ倉庫,1
2023-09-15,福井,道の駅「若狭おばま」,箸のふるさと館WAKASA エリア,1
2023-09-15,福井,道の駅みくに ふれあいパーク三里浜 エリア,越前大野城,1
2023-09-16,福井,JR敦賀駅前 エリア,大本山永平寺,1
2023-09-16,福井,JR敦賀駅前 エリア,越前大野城,1
2023-09-16,福井,あわら温泉「芦湯」,あわら湯のまち エリア,1
2023-09-16,福井,スキージャム勝山 エリア,越前大仏,1
2023-09-16,福井,スーベニアショップ ラプトル エリア,越前大仏,1
2023-09-16,福井,レインボーライン エリア,三方五湖,1
2023-09-16,福井,一乗谷朝倉氏遺跡,北潟湖 エリア,1
2023-09-16,福井,一乗谷朝倉氏遺跡,福井駅前 エリア,1
2023-09-16,福井,一乗谷朝倉氏遺跡,道の駅「三方五湖」  エリア,1
2023-09-16,福井,一乗谷朝倉氏遺跡,道の駅「禅の里」 エリア,1
2023-09-16,福井,七間朝市,越前大野城・城下町 エリア,1
2023-09-16,福井,三丁町,小浜 エリア（宿泊施設）,1
2023-09-16,福井,三方五湖,道の駅「三方五湖」  エリア,1
2023-09-16,福井,丸岡城,あわら湯のまち エリア,1
2023-09-16,福井,丸岡城,熊川宿 エリア,1
2023-09-16,福井,丸岡城,福井駅前 エリア,1
2023-09-16,福井,丸岡城,道の駅「越前おおの荒島の郷」 エリア,1
2023-09-16,福井,人道の港 敦賀ムゼウム,金ヶ崎 エリア,3
2023-09-16,福井,北潟湖 エリア,東尋坊,1
2023-09-16,福井,名田庄 エリア,道の駅「シーサイド高浜」,1
2023-09-16,福井,大本山 永平寺 エリア,東尋坊,1
2023-09-16,福井,大本山永平寺,レインボーライン エリア,1
2023-09-16,福井,大本山永平寺,一乗谷朝倉氏遺跡 エリア,1
2023-09-16,福井,大本山永平寺,丸岡城 エリア,1
2023-09-16,福井,大本山永平寺,若狭フィッシャーマンズワーフ エリア,1
2023-09-16,福井,御誕生寺,北陸新幹線 越前たけふ駅 エリア,1
2023-09-16,福井,敦賀駅,日本海さかな街 エリア,1
2023-09-16,福井,日本海さかな街,JR敦賀駅前 エリア,1
2023-09-16,福井,日本海さかな街 エリア,敦賀駅,1
2023-09-16,福井,氣比神宮,JR敦賀駅前 エリア,1
2023-09-16,福井,湖上館パムコ（水月湖）エリア,レインボーライン,1
2023-09-16,福井,湖上館パムコ（水月湖）エリア,丸岡城,1
2023-09-16,福井,熊川宿,道の駅「シーサイド高浜」 エリア,2
2023-09-16,福井,熊川宿,道の駅「若狭おばま」 エリア,2
2023-09-16,福井,神楽通り エリア,敦賀赤レンガ倉庫,1
2023-09-16,福井,福井城,越前大野城・城下町 エリア,1
2023-09-16,福井,福井県立恐竜博物館,スキージャム勝山 エリア,1
2023-09-16,福井,福井県立恐竜博物館,スーベニアショップ ラプトル エリア,1
2023-09-16,福井,福井県立恐竜博物館,湖上館パムコ（水月湖）エリア,1
2023-09-16,福井,福井県立恐竜博物館,越前大野城・城下町 エリア,1
2023-09-16,福井,福井駅前 エリア,越前がにミュージアム,1
2023-09-16,福井,箸のふるさと館WAKASA エリア,小浜市水産食品センター（若狭小浜お魚センター）,1
2023-09-16,福井,花の駅 ゆりの里公園 エリア,福井県こども家族館,1
2023-09-16,福井,若狭フィッシャーマンズワーフ エリア,三方五湖,1
2023-09-16,福井,若狭フィッシャーマンズワーフ エリア,越前大野城,1
2023-09-16,福井,越前大仏,大本山 永平寺 エリア,1
2023-09-16,福井,越前大野城,湖上館パムコ（水月湖）エリア,1
2023-09-16,福井,越前大野城,越前大野城・城下町 エリア,2
2023-09-16,福井,越前大野城・城下町 エリア,道の駅「九頭竜・和泉ふれあい会館」,1
2023-09-16,福井,越前陶芸村,越前陶芸村 エリア,1
2023-09-16,福井,道の駅「うみんぴあ大飯」,名田庄 エリア,1
2023-09-16,福井,道の駅「シーサイド高浜」 エリア,UMIKARA,1
2023-09-16,福井,道の駅「シーサイド高浜」 エリア,若狭瓜割名水公園 瓜割の滝,2
2023-09-16,福井,道の駅「シーサイド高浜」 エリア,道の駅「若狭熊川宿」,1
2023-09-16,福井,道の駅「パークイン丹生ヶ丘」,道の駅「パークイン丹生ヶ丘」 エリア,1
2023-09-16,福井,道の駅「三方五湖」  エリア,あわら温泉街,1
2023-09-16,福井,道の駅「三方五湖」  エリア,若狭町観光船レイククルーズ,1
2023-09-16,福井,道の駅「南えちぜん山海里」 エリア,一乗谷朝倉氏遺跡,1
2023-09-16,福井,道の駅「名田庄」,道の駅「シーサイド高浜」 エリア,1
2023-09-16,福井,道の駅「若狭おばま」 エリア,若狭瓜割名水公園 瓜割の滝,2
2023-09-16,福井,道の駅「越前おおの荒島の郷」 エリア,福井県立恐竜博物館,1
2023-09-16,福井,道の駅「越前おおの荒島の郷」 エリア,越前大仏,1
2023-09-16,福井,金ヶ崎,JR敦賀駅前 エリア,1
2023-09-16,福井,金ヶ崎 エリア,氣比神宮,2
2023-09-17,福井,JR敦賀駅前 エリア,氣比神宮,1
2023-09-17,福井,あわら温泉街,越前松島水族館 エリア,1
2023-09-17,福井,あわら湯のまち エリア,丸岡城,1
2023-09-17,福井,あわら湯のまち エリア,東尋坊,1
2023-09-17,福井,あわら湯のまち エリア,越前大野城,1
2023-09-17,福井,あわら湯のまち エリア,近江八幡（滋賀県）,1
2023-09-17,福井,えちぜん鉄道 松岡駅 エリア,福井駅,1
2023-09-17,福井,ふれあいパーク三里浜(道の駅「みくに」),道の駅「パークイン丹生ヶ丘」 エリア,1
2023-09-17,福井,スーベニアショップ ラプトル,道の駅「禅の里」 エリア,1
2023-09-17,福井,レインボーライン,熊川宿 エリア,1
2023-09-17,福井,レインボーライン,美浜町レイクセンター エリア,1
2023-09-17,福井,一乗谷朝倉氏遺跡,あわら湯のまち エリア,1
2023-09-17,福井,一乗谷朝倉氏遺跡,レインボーライン エリア,1
2023-09-17,福井,一乗谷朝倉氏遺跡,一乗谷朝倉氏遺跡 エリア,1
2023-09-17,福井,一乗谷朝倉氏遺跡,日本海さかな街 エリア,1
2023-09-17,福井,一乗谷朝倉氏遺跡,道の駅「南えちぜん山海里」 エリア,1
2023-09-17,福井,一乗谷朝倉氏遺跡 エリア,日本海さかな街,2
2023-09-17,福井,三方五湖,明通寺 エリア,1
2023-09-17,福井,丸岡城,あわら湯のまち エリア,1
2023-09-17,福井,丸岡城,えちぜん鉄道 松岡駅 エリア,1
2023-09-17,福井,丸岡城,一乗谷朝倉氏遺跡 エリア,1
2023-09-17,福井,丸岡城,丸岡城 エリア,1
2023-09-17,福井,丸岡城,越前そばの里 エリア,1
2023-09-17,福井,丸岡城,道の駅「越前」 エリア,1
2023-09-17,福井,丸岡城 エリア,養浩館庭園,1
2023-09-17,福井,六呂師高原,六呂師高原 エリア,1
2023-09-17,福井,北の庄城址・柴田公園,越前大野城・城下町 エリア,1
2023-09-17,福井,北陸新幹線 越前たけふ駅 エリア,御誕生寺,1
2023-09-17,福井,大本山永平寺,あわら湯のまち エリア,1
2023-09-17,福井,大本山永平寺,えちぜん鉄道 松岡駅 エリア,1
2023-09-17,福井,大本山永平寺,道の駅「南えちぜん山海里」 エリア,1
2023-09-17,福井,妙楽寺,明通寺 エリア,1
2023-09-17,福井,小浜 エリア（宿泊施設）,小浜町家ステイ,1
2023-09-17,福井,小浜市 阿納 エリア,レインボーライン,1
2023-09-17,福井,小浜市水産食品センター（若狭小浜お魚センター）,明通寺 エリア,1
2023-09-17,福井,御誕生寺,北陸新幹線 越前たけふ駅 エリア,1
2023-09-17,福井,御食国若狭おばま食文化館,箸のふるさと館WAKASA エリア,2
2023-09-17,福井,敦賀赤レンガ倉庫,レインボーライン エリア,1
2023-09-17,福井,明通寺 エリア,越前大野城,1
2023-09-17,福井,明通寺 エリア,道の駅「若狭おばま」,1
2023-09-17,福井,東尋坊,あわら湯のまち エリア,1
2023-09-17,福井,東尋坊,越前松島水族館 エリア,1
2023-09-17,福井,東尋坊,道の駅「パークイン丹生ヶ丘」 エリア,1
2023-09-17,福井,東尋坊,道の駅みくに ふれあいパーク三里浜 エリア,1
2023-09-17,福井,氣比神宮,あわら湯のまち エリア,1
2023-09-17,福井,氣比神宮,湖上館パムコ（水月湖）エリア,1
2023-09-17,福井,氣比神宮,越前そばの里 エリア,1
2023-09-17,福井,湖上館パムコ（水月湖）エリア,三方五湖,1
2023-09-17,福井,白山平泉寺歴史探遊館 まほろば,道の駅「恐竜渓谷かつやま」 エリア,2
2023-09-17,福井,福井県立恐竜博物館,スーベニアショップ ラプトル エリア,1
2023-09-17,福井,福井県立恐竜博物館,越前大野城・城下町 エリア,1
2023-09-17,福井,福井県立恐竜博物館,道の駅「三方五湖」  エリア,1
2023-09-17,福井,福井駅,JR敦賀駅前 エリア,1
2023-09-17,福井,箸のふるさと館WAKASA,レインボーライン エリア,1
2023-09-17,福井,箸のふるさと館WAKASA,小浜市 阿納 エリア,1
2023-09-17,福井,美浜町レイクセンター エリア,若狭海遊バザール千鳥苑 若狭美浜 海の駅,1
2023-09-17,福井,若狭フィッシャーマンズワーフ エリア,レインボーライン,1
2023-09-17,福井,若狭瓜割名水公園 瓜割の滝,JR美浜駅 エリア,1
2023-09-17,福井,越前そばの里 エリア,福井県立恐竜博物館,1
2023-09-17,福井,越前大仏,えちぜん鉄道 永平寺口駅 エリア,1
2023-09-17,福井,越前大仏,スーベニアショップ ラプトル エリア,1
2023-09-17,福井,越前大野城,六呂師高原 エリア,1
2023-09-17,福井,越前大野城,越前そばの里 エリア,1
2023-09-17,福井,越前大野城,越前大野城・城下町 エリア,1
2023-09-17,福井,越前大野城,道の駅「恐竜渓谷かつやま」 エリア,1
2023-09-17,福井,越前大野城・城下町 エリア,一乗谷朝倉氏遺跡,1
2023-09-17,福井,越前大野城・城下町 エリア,丸岡城,1
2023-09-17,福井,越前大野城・城下町 エリア,北の庄城址・柴田公園,1
2023-09-17,福井,越前松島水族館,あわら湯のまち エリア,1
2023-09-17,福井,越前松島水族館,北陸新幹線 越前たけふ駅 エリア,1
2023-09-17,福井,越前松島水族館,道の駅みくに ふれあいパーク三里浜 エリア,2
2023-09-17,福井,越前松島水族館 エリア,三國湊レトロ,1
2023-09-17,福井,越前松島水族館 エリア,東尋坊,1
2023-09-17,福井,道の駅「三方五湖」,美浜町レイクセンター エリア,1
2023-09-17,福井,道の駅「三方五湖」  エリア,福井県年縞博物館,1
2023-09-17,福井,道の駅「九頭竜・和泉ふれあい会館」,六呂師高原 エリア,1
2023-09-17,福井,道の駅「南えちぜん山海里」 エリア,福井県立恐竜博物館,1
2023-09-17,福井,道の駅「恐竜渓谷かつやま」 エリア,福井県立恐竜博物館,1
2023-09-17,福井,道の駅「越前」 エリア,福井県立恐竜博物館,1
2023-09-17,福井,金津創作の森,あわら湯のまち エリア,1
2023-09-18,福井,JR敦賀駅前 エリア,氣比神宮,1
2023-09-18,福井,あわら温泉街,三国湊 エリア,1
2023-09-18,福井,あわら湯のまち エリア,三國湊レトロ,1
2023-09-18,福井,あわら湯のまち エリア,丸岡城,1
2023-09-18,福井,あわら湯のまち エリア,金津創作の森,1
2023-09-18,福井,うみんぴあ大飯 エリア,道の駅「若狭おばま」,1
2023-09-18,福井,えちぜん鉄道 松岡駅 エリア,大本山永平寺,1
2023-09-18,福井,スーベニアショップ ラプトル エリア,大本山永平寺,1
2023-09-18,福井,フルーツライン エリア,ゆりの里公園ユリーム春江,1
2023-09-18,福井,レインボーライン,湖上館パムコ（水月湖）エリア,1
2023-09-18,福井,一乗谷朝倉氏遺跡,あわら湯のまち エリア,1
2023-09-18,福井,一乗谷朝倉氏遺跡,えちぜん鉄道 永平寺口駅 エリア,1
2023-09-18,福井,一乗谷朝倉氏遺跡,北陸新幹線 越前たけふ駅 エリア,2
2023-09-18,福井,一乗谷朝倉氏遺跡,大本山 永平寺 エリア,1
2023-09-18,福井,一乗谷朝倉氏遺跡 エリア,福井県立恐竜博物館,1
2023-09-18,福井,三国湊 エリア,丸岡城,1
2023-09-18,福井,中山寺,道の駅「シーサイド高浜」 エリア,1
2023-09-18,福井,丸岡城,あわら湯のまち エリア,1
2023-09-18,福井,丸岡城,スーベニアショップ ラプトル エリア,1
2023-09-18,福井,丸岡城,一乗谷朝倉氏遺跡 エリア,1
2023-09-18,福井,丸岡城,丸岡城 エリア,1
2023-09-18,福井,丸岡城,道の駅「恐竜渓谷かつやま」 エリア,1
2023-09-18,福井,六呂師高原,越前大野城・城下町 エリア,1
2023-09-18,福井,六呂師高原 エリア,道の駅「恐竜渓谷かつやま」,1
2023-09-18,福井,北陸新幹線 越前たけふ駅 エリア,めがねミュージアム,1
2023-09-18,福井,北陸新幹線 越前たけふ駅 エリア,敦賀赤レンガ倉庫,1
2023-09-18,福井,吉崎御坊跡,フルーツライン エリア,1
2023-09-18,福井,多田寺,明通寺 エリア,1
2023-09-18,福井,大本山 永平寺 エリア,敦賀鉄道資料館（旧敦賀港駅舎 ）,1
2023-09-18,福井,大本山永平寺,明通寺 エリア,1
2023-09-18,福井,大本山永平寺,道の駅「越前おおの荒島の郷」 エリア,1
2023-09-18,福井,山中温泉（石川県）,あわら湯のまち エリア,1
2023-09-18,福井,敦賀赤レンガ倉庫,JR敦賀駅前 エリア,1
2023-09-18,福井,敦賀駅,一乗谷朝倉氏遺跡 エリア,1
2023-09-18,福井,明通寺 エリア,ホテルうみんぴあ,1
2023-09-18,福井,明通寺 エリア,氣比神宮,1
2023-09-18,福井,明通寺 エリア,熊川宿,1
2023-09-18,福井,明通寺 エリア,神宮寺,1
2023-09-18,福井,東尋坊,福井駅前 エリア,1
2023-09-18,福井,東尋坊,道の駅「三方五湖」  エリア,2
2023-09-18,福井,湖上館パムコ（水月湖）エリア,三方五湖,1
2023-09-18,福井,熊川宿,明通寺 エリア,1
2023-09-18,福井,福井県立恐竜博物館,スーベニアショップ ラプトル エリア,1
2023-09-18,福井,福井県立恐竜博物館,福井駅前 エリア（宿泊施設）,1
2023-09-18,福井,福井駅前 エリア,大本山永平寺,1
2023-09-18,福井,若狭フィッシャーマンズワーフ,明通寺 エリア,1
2023-09-18,福井,越前がにミュージアム,越前海岸 越前岬 エリア,1
2023-09-18,福井,越前そばの里,あわら湯のまち エリア,1
2023-09-18,福井,越前そばの里 エリア,氣比神宮,1
2023-09-18,福井,越前大仏,武生駅 エリア,1
2023-09-18,福井,越前大野城,JR九頭竜湖駅 エリア,1
2023-09-18,福井,越前大野城・城下町 エリア,福井県立恐竜博物館,1
2023-09-18,福井,越前大野城・城下町 エリア,道の駅「九頭竜・和泉ふれあい会館」,1
2023-09-18,福井,越前海岸,道の駅「越前」 エリア,1
2023-09-18,福井,越前海岸 越前岬 エリア,道の駅「越前」,1
2023-09-18,福井,道の駅「うみんぴあ大飯」,うみんぴあ大飯 エリア,1
2023-09-18,福井,道の駅「一乗谷あさくら水の駅」,越前大野城・城下町 エリア,1
2023-09-18,福井,道の駅「三方五湖」  エリア,若狭フィッシャーマンズワーフ,2
2023-09-18,福井,道の駅「九頭竜・和泉ふれあい会館」,スーベニアショップ ラプトル エリア,1
2023-09-18,福井,道の駅「越前」 エリア,北の庄城址・柴田公園,1
2023-09-18,福井,道の駅「越前」 エリア,東尋坊,2
2023-09-18,福井,道の駅「越前おおの荒島の郷」 エリア,九頭竜湖,1
2023-09-19,福井,あわら湯のまち エリア,一乗谷朝倉氏遺跡,1
2023-09-19,福井,あわら湯のまち エリア,東尋坊,1
2023-09-19,福井,スキージャム勝山 エリア,福井県立恐竜博物館,1
2023-09-19,福井,スーベニアショップ ラプトル エリア,福井県立恐竜博物館,1
2023-09-19,福井,レインボーライン,道の駅「三方五湖」  エリア,1
2023-09-19,福井,一乗谷朝倉氏遺跡,スーベニアショップ ラプトル エリア,1
2023-09-19,福井,一乗谷朝倉氏遺跡,東尋坊 エリア,1
2023-09-19,福井,一乗谷朝倉氏遺跡 エリア,東尋坊,1
2023-09-19,福井,三方五湖,一乗谷朝倉氏遺跡 エリア,1
2023-09-19,福井,九頭竜湖,道の駅「越前おおの荒島の郷」 エリア,1
2023-09-19,福井,大本山 永平寺 エリア,東尋坊,1
2023-09-19,福井,大本山永平寺,あわら湯のまち エリア,1
2023-09-19,福井,大本山永平寺,越前大野城・城下町 エリア,1
2023-09-19,福井,敦賀赤レンガ倉庫,道の駅「越前おおの荒島の郷」 エリア,1
2023-09-19,福井,福井県立恐竜博物館,あわら湯のまち エリア,1
2023-09-19,福井,福井県立恐竜博物館,道の駅「西山公園」 エリア,1
2023-09-19,福井,若狭フィッシャーマンズワーフ エリア,御食国若狭おばま食文化館,1
2023-09-19,福井,若狭町観光船レイククルーズ,美浜町レイクセンター エリア,1
2023-09-19,福井,越前大野城・城下町 エリア,白山平泉寺歴史探遊館 まほろば,1
2023-09-19,福井,道の駅「三方五湖」  エリア,天橋立（京都府）,1
2023-09-19,福井,道の駅「西山公園」 エリア,大本山永平寺,1
2023-09-19,福井,道の駅「越前おおの荒島の郷」,JR九頭竜湖駅 エリア,1
2023-09-20,福井,うるしの里 エリア,越前和紙の里,1
2023-09-20,福井,ふれあいパーク三里浜(道の駅「みくに」),あわら湯のまち エリア,1
2023-09-20,福井,めがねミュージアム,道の駅「西山公園」 エリア,1
2023-09-20,福井,スキージャム勝山,丸岡城 エリア,1
2023-09-20,福井,レインボーライン,若狭海遊バザール 千鳥苑 エリア,1
2023-09-20,福井,レインボーライン エリア,日本海さかな街,1
2023-09-20,福井,丸岡城,あわら湯のまち エリア,1
2023-09-20,福井,丸岡城 エリア,大本山永平寺,1
2023-09-20,福井,人道の港 敦賀ムゼウム,あわら湯のまち エリア,1
2023-09-20,福井,北の庄城址・柴田公園,福井駅前 エリア（宿泊施設）,1
2023-09-20,福井,北前船主の館 右近家,道の駅「越前」 エリア,1
2023-09-20,福井,大本山永平寺,東尋坊 エリア,1
2023-09-20,福井,東尋坊,福井駅前 エリア,1
2023-09-20,福井,福井県立恐竜博物館,あわら湯のまち エリア,1
2023-09-20,福井,福井県立恐竜博物館,平泉寺白山神社 エリア,1
2023-09-20,福井,越前和紙の里,タケフナイフビレッジ エリア,1
2023-09-20,福井,越前陶芸村 エリア,道の駅「越前」,1
2023-09-20,福井,道の駅「三方五湖」,レインボーライン エリア,1
2023-09-20,福井,道の駅「若狭熊川宿」,JR敦賀駅前 エリア,1
2023-09-20,福井,道の駅「西山公園」,越前陶芸村 エリア,1
2023-09-20,福井,道の駅「西山公園」 エリア,越前陶芸村,1
2023-09-20,福井,道の駅「越前」 エリア,越前陶芸村,1
2023-09-21,福井,あわら温泉街,スーベニアショップ ラプトル エリア,1
2023-09-21,福井,あわら湯のまち エリア,福井県立恐竜博物館,2
2023-09-21,福井,あわら湯のまち エリア,越前和紙の里,1
2023-09-21,福井,うみんぴあ大飯 エリア,エルガイアおおい,1
2023-09-21,福井,ふれあいパーク三里浜(道の駅「みくに」),福井駅前 エリア,1
2023-09-21,福井,エルガイアおおい,若州一滴文庫 エリア,1
2023-09-21,福井,一乗谷朝倉氏遺跡,大本山 永平寺 エリア,1
2023-09-21,福井,丸岡城,大本山 永平寺 エリア,1
2023-09-21,福井,北陸新幹線 越前たけふ駅 エリア,粟津温泉（石川県）,1
2023-09-21,福井,大本山 永平寺 エリア,一乗谷朝倉氏遺跡,1
2023-09-21,福井,恐竜博物館,大本山 永平寺 エリア,1
2023-09-21,福井,日本海さかな街 エリア,敦賀赤レンガ倉庫,1
2023-09-21,福井,東尋坊,大本山 永平寺 エリア,2
2023-09-21,福井,氣比神宮,日本海さかな街 エリア,1
2023-09-21,福井,水晶浜海水浴場,道の駅「越前」 エリア,1
2023-09-21,福井,福井県こども家族館,うみんぴあ大飯 エリア,1
2023-09-21,福井,福井県立恐竜博物館,福井駅前 エリア（宿泊施設）,1
2023-09-21,福井,福井駅前 エリア,道の駅「西山公園」,1
2023-09-21,福井,若州一滴文庫 エリア,福井県こども家族館,1
2023-09-21,福井,道の駅「三方五湖」  エリア,東尋坊,1
2023-09-21,福井,道の駅「南えちぜん山海里」 エリア,びわ湖（滋賀県）,1
2023-09-21,福井,道の駅「恐竜渓谷かつやま」,道の駅「南えちぜん山海里」 エリア,1
2023-09-21,福井,道の駅「恐竜渓谷かつやま」 エリア,道の駅「南えちぜん山海里」,1
2023-09-21,福井,道の駅「河野」,北陸新幹線 越前たけふ駅 エリア,1
2023-09-22,福井,あわら湯のまち エリア,東尋坊,2
2023-09-22,福井,あわら湯のまち エリア,瀧谷寺,1
2023-09-22,福井,一乗谷朝倉氏遺跡,JR美浜駅 エリア,1
2023-09-22,福井,一乗谷朝倉氏遺跡,一乗谷朝倉氏遺跡 エリア,1
2023-09-22,福井,三国湊 エリア,東尋坊,1
2023-09-22,福井,丸岡城,道の駅「越前おおの荒島の郷」 エリア,1
2023-09-22,福井,丸岡城 エリア,三国サンセットビーチ,1
2023-09-22,福井,丸岡城 エリア,越前がにミュージアム,1
2023-09-22,福井,大安禅寺,あわら湯のまち エリア,1
2023-09-22,福井,大本山永平寺,三国湊 エリア,1
2023-09-22,福井,大本山永平寺,丸岡城 エリア,1
2023-09-22,福井,東尋坊,丸岡城 エリア,1
2023-09-22,福井,白山平泉寺歴史探遊館 まほろば,あわら湯のまち エリア,1
2023-09-22,福井,福井県立恐竜博物館,スーベニアショップ ラプトル エリア,2
2023-09-22,福井,福井駅前 エリア,あわら温泉街,1
2023-09-22,福井,若狭和田ビーチ,明通寺 エリア,1
2023-09-22,福井,越前大仏,あわら湯のまち エリア,1
2023-09-23,福井,JR九頭竜湖駅 エリア,白山平泉寺歴史探遊館 まほろば,1
2023-09-23,福井,あわら温泉街,えちぜん鉄道 松岡駅 エリア,1
2023-09-23,福井,あわら湯のまち エリア,東尋坊,1
2023-09-23,福井,あわら湯のまち エリア,金沢駅周辺（石川県）,1
2023-09-23,福井,スーベニアショップ ラプトル エリア,大本山永平寺,1
2023-09-23,福井,スーベニアショップ ラプトル エリア,東尋坊,1
2023-09-23,福井,ホテルうみんぴあ,レインボーライン エリア,1
2023-09-23,福井,レインボーライン,JR美浜駅 エリア,1
2023-09-23,福井,一乗谷朝倉氏遺跡,丸岡城 エリア,1
2023-09-23,福井,一乗谷朝倉氏遺跡,大本山 永平寺 エリア,1
2023-09-23,福井,丸岡城,越前大野城・城下町 エリア,1
2023-09-23,福井,丸岡城 エリア,北の庄城址・柴田公園,1
2023-09-23,福井,今庄宿,道の駅「恐竜渓谷かつやま」 エリア,1
2023-09-23,福井,六呂師高原,平泉寺白山神社 エリア,1
2023-09-23,福井,劔神社 エリア,越前大野城,1
2023-09-23,福井,北前船主の館 右近家 エリア,敦賀赤レンガ倉庫,1
2023-09-23,福井,北潟湖 エリア,芝政ワールド,1
2023-09-23,福井,北陸新幹線 越前たけふ駅 エリア,越前大仏,1
2023-09-23,福井,吉崎御坊跡,東尋坊 エリア,1
2023-09-23,福井,名田庄 エリア,道の駅「うみんぴあ大飯」,1
2023-09-23,福井,呼鳥門,道の駅「越前」 エリア,1
2023-09-23,福井,大本山 永平寺 エリア,福井県立恐竜博物館,1
2023-09-23,福井,小浜市 阿納 エリア,三方五湖,1
2023-09-23,福井,平泉寺白山神社 エリア,勝山城博物館,1
2023-09-23,福井,平泉寺白山神社 エリア,越前大仏,1
2023-09-23,福井,敦賀赤レンガ倉庫,北陸新幹線 越前たけふ駅 エリア,1
2023-09-23,福井,敦賀駅,金ヶ崎 エリア,1
2023-09-23,福井,明通寺 エリア,若狭フィッシャーマンズワーフ,1
2023-09-23,福井,明通寺 エリア,若狭三方縄文博物館,1
2023-09-23,福井,明通寺 エリア,道の駅「若狭熊川宿」,1
2023-09-23,福井,東尋坊,丸岡城 エリア,1
2023-09-23,福井,東尋坊 エリア,大本山永平寺,2
2023-09-23,福井,氣比神宮,明通寺 エリア,1
2023-09-23,福井,熊川宿,明通寺 エリア,1
2023-09-23,福井,熊川宿,熊川宿 エリア,1
2023-09-23,福井,熊川宿 エリア,御食国若狭おばま食文化館,1
2023-09-23,福井,熊川宿 エリア,若狭フィッシャーマンズワーフ,1
2023-09-23,福井,熊川宿 エリア,若狭瓜割名水公園 瓜割の滝,1
2023-09-23,福井,神楽通り エリア,氣比神宮,1
2023-09-23,福井,福井県立恐竜博物館,はたや記念館 ゆめおーれ勝山 エリア,1
2023-09-23,福井,福井県立恐竜博物館,スーベニアショップ ラプトル エリア,2
2023-09-23,福井,福井駅,あわら湯のまち エリア,1
2023-09-23,福井,福井駅,福井駅前 エリア,1
2023-09-23,福井,箸のふるさと館WAKASA エリア,道の駅「若狭おばま」,1
2023-09-23,福井,羽賀寺,うみんぴあ大飯 エリア,1
2023-09-23,福井,若狭フィッシャーマンズワーフ エリア,御食国若狭おばま食文化館,1
2023-09-23,福井,若狭瓜割名水公園 瓜割の滝,日本海さかな街 エリア,1
2023-09-23,福井,若狭瓜割名水公園 瓜割の滝,若狭フィッシャーマンズワーフ エリア,1
2023-09-23,福井,若狭瓜割名水公園 瓜割の滝,道の駅「三方五湖」  エリア,1
2023-09-23,福井,越前大仏,平泉寺白山神社 エリア,1
2023-09-23,福井,越前大野城,スキージャム勝山 エリア,1
2023-09-23,福井,越前大野城,劔神社 エリア,1
2023-09-23,福井,越前大野城,越前大野城・城下町 エリア,2
2023-09-23,福井,越前大野城・城下町 エリア,一乗谷朝倉氏遺跡,1
2023-09-23,福井,越前松島水族館,東尋坊 エリア,1
2023-09-23,福井,道の駅「南えちぜん山海里」 エリア,レインボーライン,1
2023-09-23,福井,道の駅「禅の里」 エリア,道の駅「越前おおの荒島の郷」,1
2023-09-23,福井,道の駅「若狭おばま」,小浜市 阿納 エリア,1
2023-09-23,福井,道の駅「若狭熊川宿」,明通寺 エリア,1
2023-09-23,福井,道の駅「若狭熊川宿」,熊川宿 エリア,1
2023-09-23,福井,道の駅「越前」,道の駅「越前」 エリア,1
2023-09-23,福井,道の駅「越前」 エリア,大本山永平寺,1
2023-09-23,福井,道の駅「越前おおの荒島の郷」 エリア,越前大野城,1
2023-09-24,福井,JR敦賀駅前 エリア,敦賀赤レンガ倉庫,1
2023-09-24,福井,JR芦原温泉駅 エリア,三国サンセットビーチ,1
2023-09-24,福井,JR芦原温泉駅 エリア,福井県立恐竜博物館,1
2023-09-24,福井,JR芦原温泉駅 エリア,金沢駅周辺（石川県）,1
2023-09-24,福井,あわら温泉街,JR芦原温泉駅 エリア,1
2023-09-24,福井,あわら温泉街,福井駅前 エリア,1
2023-09-24,福井,あわら湯のまち エリア,大本山永平寺,1
2023-09-24,福井,スキージャム勝山 エリア,福井県立恐竜博物館,1
2023-09-24,福井,スーベニアショップ ラプトル エリア,道の駅「恐竜渓谷かつやま」,1
2023-09-24,福井,フルーツライン エリア,北潟湖畔公園・サイクリングパーク,1
2023-09-24,福井,レインボーライン,御食国若狭おばま食文化館 エリア,1
2023-09-24,福井,レインボーライン エリア,若狭町観光船レイククルーズ,1
2023-09-24,福井,一乗谷朝倉氏遺跡,一乗谷朝倉氏遺跡 エリア,1
2023-09-24,福井,一乗谷朝倉氏遺跡,丸岡城 エリア,1
2023-09-24,福井,一乗谷朝倉氏遺跡,福井駅前 エリア,1
2023-09-24,福井,一乗谷朝倉氏遺跡,道の駅「南えちぜん山海里」 エリア,1
2023-09-24,福井,一乗谷朝倉氏遺跡,道の駅「恐竜渓谷かつやま」 エリア,1
2023-09-24,福井,一乗谷朝倉氏遺跡 エリア,丸岡城,2
2023-09-24,福井,一乗谷朝倉氏遺跡 エリア,東尋坊,1
2023-09-24,福井,一乗谷朝倉氏遺跡 エリア,氣比神宮,1
2023-09-24,福井,一乗谷朝倉氏遺跡 エリア,道の駅「西山公園」,1
2023-09-24,福井,三方五湖,道の駅「三方五湖」  エリア,1
2023-09-24,福井,丸岡城,えちぜん鉄道 永平寺口駅 エリア,1
2023-09-24,福井,丸岡城,湖上館パムコ（水月湖）エリア,1
2023-09-24,福井,北の庄城址・柴田公園,北ノ庄 エリア,1
2023-09-24,福井,北の庄城址・柴田公園,福井駅前 エリア,1
2023-09-24,福井,大本山永平寺,スキージャム勝山 エリア,1
2023-09-24,福井,大本山永平寺,フルーツライン エリア,1
2023-09-24,福井,大本山永平寺,一乗谷朝倉氏遺跡 エリア,2
2023-09-24,福井,岡太神社・大瀧神社,一乗谷朝倉氏遺跡 エリア,2
2023-09-24,福井,御食国若狭おばま食文化館 エリア,レインボーライン,1
2023-09-24,福井,敦賀赤レンガ倉庫,熊川宿 エリア,1
2023-09-24,福井,敦賀赤レンガ倉庫,越前そばの里 エリア,1
2023-09-24,福井,氣比神宮,JR敦賀駅前 エリア,1
2023-09-24,福井,氣比神宮,あわら湯のまち エリア,1
2023-09-24,福井,氣比神宮,レインボーライン エリア,1
2023-09-24,福井,氣比神宮,道の駅「越前」 エリア,1
2023-09-24,福井,水晶浜海水浴場,若狭海遊バザール 千鳥苑 エリア,1
2023-09-24,福井,湖上館パムコ（水月湖）エリア,福井県立恐竜博物館,1
2023-09-24,福井,熊川宿,道の駅「三方五湖」  エリア,1
2023-09-24,福井,熊川宿 エリア,五湖の駅,1
2023-09-24,福井,福井県立恐竜博物館,道の駅「越前」 エリア,1
2023-09-24,福井,福井駅前 エリア,北の庄城址・柴田公園,1
2023-09-24,福井,若狭海遊バザール 千鳥苑 エリア,日本海さかな街,1
2023-09-24,福井,若狭瓜割名水公園 瓜割の滝,熊川宿 エリア,1
2023-09-24,福井,越前大仏,一乗谷朝倉氏遺跡 エリア,1
2023-09-24,福井,越前海岸 くりや旅館街 エリア,福井県立恐竜博物館,1
2023-09-24,福井,越前海岸 越前岬 エリア,越前がにミュージアム,1
2023-09-24,福井,道の駅「三方五湖」  エリア,道の駅「若狭おばま」,1
2023-09-24,福井,道の駅「南えちぜん山海里」 エリア,黒壁スクエア（滋賀県）,1
2023-09-24,福井,道の駅「恐竜渓谷かつやま」,平泉寺白山神社 エリア,1
2023-09-24,福井,道の駅「恐竜渓谷かつやま」 エリア,福井県立恐竜博物館,1
2023-09-24,福井,道の駅「若狭おばま」,レインボーライン エリア,1
2023-09-24,福井,道の駅「越前」,越前海岸 越前岬 エリア,1
2023-09-24,福井,道の駅「越前」 エリア,東尋坊,1
2023-09-24,福井,道の駅「越前おおの荒島の郷」 エリア,越前大野城,1
2023-09-24,福井,野外恐竜博物館,道の駅「恐竜渓谷かつやま」 エリア,1
2023-09-24,福井,金津創作の森,フルーツライン エリア,1
2023-09-25,福井,JR敦賀駅前 エリア,敦賀赤レンガ倉庫,1
2023-09-25,福井,うみんぴあ大飯 エリア,若狭瓜割名水公園 瓜割の滝,1
2023-09-25,福井,レインボーライン,名田庄 エリア,1
2023-09-25,福井,一乗谷朝倉氏遺跡,一乗谷朝倉氏遺跡 エリア,1
2023-09-25,福井,一乗谷朝倉氏遺跡,丸岡城 エリア,1
2023-09-25,福井,一乗谷朝倉氏遺跡,道の駅「南えちぜん山海里」 エリア,1
2023-09-25,福井,一乗谷朝倉氏遺跡 エリア,丸岡城,1
2023-09-25,福井,一乗谷朝倉氏遺跡 エリア,越前大野城,1
2023-09-25,福井,三方五湖,うみんぴあ大飯 エリア,1
2023-09-25,福井,丸岡城,スーベニアショップ ラプトル エリア,1
2023-09-25,福井,丸岡城,一乗谷朝倉氏遺跡 エリア,2
2023-09-25,福井,丸岡城,道の駅みくに ふれあいパーク三里浜 エリア,1
2023-09-25,福井,人道の港 敦賀ムゼウム,JR敦賀駅前 エリア,1
2023-09-25,福井,人道の港 敦賀ムゼウム,日本海さかな街 エリア,1
2023-09-25,福井,北の庄城址・柴田公園,名勝 養浩館庭園 エリア,1
2023-09-25,福井,北陸新幹線 越前たけふ駅 エリア,越前和紙の里,1
2023-09-25,福井,名勝 養浩館庭園 エリア,丸岡城,1
2023-09-25,福井,御誕生寺,北陸新幹線 越前たけふ駅 エリア,1
2023-09-25,福井,敦賀赤レンガ倉庫,金ヶ崎 エリア,1
2023-09-25,福井,日本海さかな街,金ヶ崎 エリア,1
2023-09-25,福井,日本海さかな街 エリア,敦賀赤レンガ倉庫,1
2023-09-25,福井,氣比神宮,JR敦賀駅前 エリア,1
2023-09-25,福井,越前がにミュージアム,北前船主の館 右近家 エリア,1
2023-09-25,福井,越前がにミュージアム,越前そばの里 エリア,1
2023-09-25,福井,越前がにミュージアム,道の駅「越前」 エリア,1
2023-09-25,福井,道の駅「河野」,道の駅「南えちぜん山海里」 エリア,1
2023-09-25,福井,道の駅「越前」,北陸新幹線 越前たけふ駅 エリア,1
2023-09-25,福井,道の駅「越前」 エリア,北前船主の館 右近家,1
2023-09-25,福井,金ヶ崎 エリア,敦賀赤レンガ倉庫,1
2023-09-25,福井,金ヶ崎 エリア,金ヶ崎,1
2023-09-26,福井,JR敦賀駅前 エリア,三方五湖,1
2023-09-26,福井,はたや記念館 ゆめおーれ勝山 エリア,一乗谷朝倉氏遺跡,1
2023-09-26,福井,めがねミュージアム,メガネストリート エリア,1
2023-09-26,福井,めがねミュージアム,道の駅「南えちぜん山海里」 エリア,1
2023-09-26,福井,スキージャム勝山 エリア,福井県立恐竜博物館,1
2023-09-26,福井,メガネストリート エリア,道の駅「南えちぜん山海里」,1
2023-09-26,福井,北の庄城址・柴田公園,北ノ庄 エリア,1
2023-09-26,福井,北ノ庄 エリア,養浩館庭園,1
2023-09-26,福井,北陸新幹線 越前たけふ駅 エリア,越前がにミュージアム,1
2023-09-26,福井,大本山永平寺,スキージャム勝山 エリア,1
2023-09-26,福井,御誕生寺,北陸新幹線 越前たけふ駅 エリア,1
2023-09-26,福井,水島,JR敦賀駅前 エリア,1
2023-09-26,福井,福井県立恐竜博物館,道の駅「恐竜渓谷かつやま」 エリア,1
2023-09-26,福井,福井駅前 エリア,越前大野城,1
2023-09-26,福井,越前大仏,はたや記念館 ゆめおーれ勝山 エリア,1
2023-09-26,福井,越前大野城,福井駅前 エリア,1
2023-09-26,福井,越前陶芸村,福井駅前 エリア,1
2023-09-26,福井,道の駅「越前」,メガネストリート エリア,1
2023-09-27,福井,JR九頭竜湖駅 エリア,道の駅「越前おおの荒島の郷」,1
2023-09-27,福井,えちぜん鉄道 松岡駅 エリア,福井県立恐竜博物館,1
2023-09-27,福井,えちぜん鉄道 永平寺口駅 エリア,丸岡城,1
2023-09-27,福井,スキージャム勝山 エリア,一乗谷朝倉氏遺跡,1
2023-09-27,福井,レインボーライン,若狭海遊バザール 千鳥苑 エリア,1
2023-09-27,福井,北潟湖 エリア,越前松島水族館,1
2023-09-27,福井,敦賀赤レンガ倉庫,金ヶ崎 エリア,1
2023-09-27,福井,東尋坊,大本山 永平寺 エリア,1
2023-09-27,福井,東尋坊,福井駅前 エリア（宿泊施設）,1
2023-09-27,福井,熊川宿,道の駅「三方五湖」  エリア,1
2023-09-27,福井,福井県年縞博物館,道の駅「三方五湖」  エリア,1
2023-09-27,福井,芝政ワールド,芝政ワールド エリア,1
2023-09-27,福井,芝政ワールド エリア,越前松島水族館,1
2023-09-27,福井,越前大仏,道の駅「南えちぜん山海里」 エリア,1
2023-09-27,福井,越前大野城,えちぜん鉄道 松岡駅 エリア,1
2023-09-27,福井,越前大野城,えちぜん鉄道 永平寺口駅 エリア,1
2023-09-27,福井,越前大野城,道の駅「恐竜渓谷かつやま」 エリア,1
2023-09-27,福井,越前大野城・城下町 エリア,道の駅「恐竜渓谷かつやま」,1
2023-09-27,福井,道の駅「シーサイド高浜」,熊川宿 エリア,1
2023-09-27,福井,金ヶ崎 エリア,敦賀赤レンガ倉庫,1
2023-09-28,福井,JR敦賀駅前 エリア,敦賀赤レンガ倉庫,1
2023-09-28,福井,JR敦賀駅前 エリア,氣比神宮,1
2023-09-28,福井,JR芦原温泉駅 エリア,丸岡城,1
2023-09-28,福井,あわら温泉屋台村「湯けむり横丁」,あわら湯のまち エリア,1
2023-09-28,福井,あわら湯のまち エリア,金沢駅周辺（石川県）,1
2023-09-28,福井,レインボーライン エリア,一乗谷朝倉氏遺跡,1
2023-09-28,福井,一乗谷朝倉氏遺跡 エリア,一乗谷朝倉氏遺跡,1
2023-09-28,福井,丸岡城,一乗谷朝倉氏遺跡 エリア,1
2023-09-28,福井,国分寺 (小浜市),レインボーライン エリア,1
2023-09-28,福井,大本山永平寺,福井駅前 エリア（宿泊施設）,1
2023-09-28,福井,敦賀駅,JR敦賀駅前 エリア,1
2023-09-28,福井,越前大仏,道の駅「恐竜渓谷かつやま」 エリア,1
2023-09-28,福井,越前大野城・城下町 エリア,大本山永平寺,1
2023-09-28,福井,道の駅「九頭竜・和泉ふれあい会館」,道の駅「越前おおの荒島の郷」 エリア,1
2023-09-28,福井,道の駅「恐竜渓谷かつやま」 エリア,一乗谷朝倉氏遺跡,1
2023-09-28,福井,道の駅「若狭おばま」,若狭フィッシャーマンズワーフ エリア,1
2023-09-28,福井,道の駅「若狭熊川宿」,小浜 エリア（宿泊施設）,1
2023-09-28,福井,道の駅「越前おおの荒島の郷」,越前大野城・城下町 エリア,1
2023-09-28,福井,道の駅「越前おおの荒島の郷」 エリア,越前大野城,1
2023-09-29,福井,JR美浜駅 エリア,道の駅「三方五湖」,1
2023-09-29,福井,あわら温泉「芦湯」,フルーツライン エリア,1
2023-09-29,福井,あわら湯のまち エリア,ファーマーズマーケットきららの丘,1
2023-09-29,福井,スーベニアショップ ラプトル エリア,東尋坊,1
2023-09-29,福井,スーベニアショップ ラプトル エリア,野外恐竜博物館,1
2023-09-29,福井,レインボーライン,うみんぴあ大飯 エリア,1
2023-09-29,福井,一乗谷朝倉氏遺跡,北陸新幹線 越前たけふ駅 エリア,1
2023-09-29,福井,一乗谷朝倉氏遺跡,大本山 永平寺 エリア,1
2023-09-29,福井,一乗谷朝倉氏遺跡,越前そばの里 エリア,1
2023-09-29,福井,丸岡城,あわら湯のまち エリア,1
2023-09-29,福井,丸岡城,波松 エリア,1
2023-09-29,福井,北陸新幹線 越前たけふ駅 エリア,敦賀赤レンガ倉庫,1
2023-09-29,福井,大本山 永平寺 エリア,敦賀赤レンガ倉庫,1
2023-09-29,福井,小浜市まちの駅 エリア,小浜市まちの駅・旭座,1
2023-09-29,福井,山代温泉（石川県）,JR芦原温泉駅 エリア,1
2023-09-29,福井,敦賀駅,JR芦原温泉駅 エリア,1
2023-09-29,福井,明通寺 エリア,氣比神宮,1
2023-09-29,福井,東尋坊,一乗谷朝倉氏遺跡 エリア,1
2023-09-29,福井,熊川宿,明通寺 エリア,1
2023-09-29,福井,福井県立恐竜博物館,あわら湯のまち エリア,1
2023-09-29,福井,福井県立恐竜博物館,えちぜん鉄道 松岡駅 エリア,1
2023-09-29,福井,福井県立恐竜博物館,越前海岸 北部 エリア,1
2023-09-29,福井,福井駅,一乗谷朝倉氏遺跡 エリア,1
2023-09-29,福井,越前海岸 北部 エリア,越前大野城,1
2023-09-29,福井,道の駅「三方五湖」  エリア,福井県年縞博物館,1
2023-09-29,福井,道の駅「若狭おばま」,JR美浜駅 エリア,1
2023-09-29,福井,道の駅「若狭おばま」,小浜市まちの駅 エリア,1
2023-09-29,福井,道の駅「若狭おばま」 エリア,小浜市まちの駅・旭座,1
2023-09-30,福井,JR九頭竜湖駅 エリア,福井駅,1
2023-09-30,福井,JR敦賀駅前 エリア,敦賀鉄道資料館（旧敦賀港駅舎 ）,1
2023-09-30,福井,あわら湯のまち エリア,一乗谷朝倉氏遺跡,1
2023-09-30,福井,うみんぴあ大飯 エリア,道の駅「若狭おばま」,1
2023-09-30,福井,エルガイアおおい,若狭高浜 エリア,1
2023-09-30,福井,スーベニアショップ ラプトル エリア,あわら温泉街,1
2023-09-30,福井,スーベニアショップ ラプトル エリア,東尋坊,1
2023-09-30,福井,一乗谷朝倉氏遺跡,一乗谷朝倉氏遺跡 エリア,2
2023-09-30,福井,一乗谷朝倉氏遺跡,福井駅前 エリア（宿泊施設）,1
2023-09-30,福井,一乗谷朝倉氏遺跡,道の駅「西山公園」 エリア,1
2023-09-30,福井,一乗谷朝倉氏遺跡 エリア,越前そばの里,1
2023-09-30,福井,三国サンセットビーチ,道の駅「南えちぜん山海里」 エリア,1
2023-09-30,福井,丸岡城,あわら湯のまち エリア,1
2023-09-30,福井,丸岡城,丸岡城 エリア,1
2023-09-30,福井,丸岡城 エリア,一乗谷朝倉氏遺跡,1
2023-09-30,福井,丸岡城 エリア,福井県立恐竜博物館,1
2023-09-30,福井,丸岡城 エリア,越前大野城,1
2023-09-30,福井,北潟湖 エリア,越前陶芸村,1
2023-09-30,福井,吉崎御坊跡,北潟湖 エリア,1
2023-09-30,福井,国分寺 (小浜市),明通寺 エリア,1
2023-09-30,福井,大本山永平寺,武生駅 エリア,1
2023-09-30,福井,敦賀赤レンガ倉庫,日本海さかな街 エリア,1
2023-09-30,福井,明通寺 エリア,羽賀寺,1
2023-09-30,福井,東尋坊,一乗谷朝倉氏遺跡 エリア,1
2023-09-30,福井,武生駅 エリア,岡太神社・大瀧神社,1
2023-09-30,福井,氣比神宮,丸岡城 エリア,1
2023-09-30,福井,氣比神宮,福井駅前 エリア（宿泊施設）,1
2023-09-30,福井,氣比神宮,越前そばの里 エリア,1
2023-09-30,福井,熊川宿 エリア,道の駅「三方五湖」,1
2023-09-30,福井,福井県立恐竜博物館,スーベニアショップ ラプトル エリア,2
2023-09-30,福井,福井県立恐竜博物館,一乗谷朝倉氏遺跡 エリア,1
2023-09-30,福井,福井駅前 エリア（宿泊施設）,北の庄城址・柴田公園,1
2023-09-30,福井,福井駅前 エリア（宿泊施設）,福井県立恐竜博物館,1
2023-09-30,福井,若狭フィッシャーマンズワーフ エリア,道の駅「名田庄」,1
2023-09-30,福井,越前がにミュージアム,道の駅「越前」 エリア,1
2023-09-30,福井,越前そばの里 エリア,大本山永平寺,1
2023-09-30,福井,越前和紙の里,一乗谷朝倉氏遺跡 エリア,1
2023-09-30,福井,越前大仏,道の駅「パークイン丹生ヶ丘」 エリア,1
2023-09-30,福井,越前大野城・城下町 エリア,丸岡城,1
2023-09-30,福井,越前大野城・城下町 エリア,大本山永平寺,1
2023-09-30,福井,道の駅「さかい」（坂井地域交流センター「いねす」）,北潟湖 エリア,1
2023-09-30,福井,道の駅「パークイン丹生ヶ丘」 エリア,一乗谷朝倉氏遺跡,1
2023-09-30,福井,道の駅「九頭竜・和泉ふれあい会館」,道の駅「越前おおの荒島の郷」 エリア,1
2023-09-30,福井,道の駅「河野」,JR敦賀駅前 エリア,1
2023-09-30,福井,道の駅「禅の里」,一乗谷朝倉氏遺跡 エリア,1
2023-09-30,福井,道の駅「禅の里」 エリア,一乗谷朝倉氏遺跡,1
2023-09-30,福井,道の駅「若狭おばま」 エリア,道の駅「若狭熊川宿」,1
2023-09-30,福井,道の駅「西山公園」 エリア,御食国若狭おばま食文化館,1
2023-10-01,福井,JR芦原温泉駅 エリア,丸岡城,1
2023-10-01,福井,あわら温泉街,東尋坊 エリア,1
2023-10-01,福井,うるしの里 エリア,めがねミュージアム,1
2023-10-01,福井,エルガイアおおい,道の駅「三方五湖」  エリア,1
2023-10-01,福井,スーベニアショップ ラプトル エリア,福井県立恐竜博物館,1
2023-10-01,福井,スーベニアショップ ラプトル エリア,越前大野城,1
2023-10-01,福井,一乗谷朝倉氏遺跡,一乗谷朝倉氏遺跡 エリア,1
2023-10-01,福井,一乗谷朝倉氏遺跡,大本山 永平寺 エリア,1
2023-10-01,福井,一乗谷朝倉氏遺跡,紫式部公園 エリア,1
2023-10-01,福井,一乗谷朝倉氏遺跡,道の駅「禅の里」 エリア,1
2023-10-01,福井,一乗谷朝倉氏遺跡,道の駅「越前」 エリア,1
2023-10-01,福井,一乗谷朝倉氏遺跡 エリア,越前大野城,1
2023-10-01,福井,丸岡城,スーベニアショップ ラプトル エリア,2
2023-10-01,福井,丸岡城,道の駅「恐竜渓谷かつやま」 エリア,2
2023-10-01,福井,丸岡城 エリア,越前大野城,1
2023-10-01,福井,丸岡城 エリア,道の駅「さかい」（坂井地域交流センター「いねす」）,1
2023-10-01,福井,北潟湖 エリア,あわら温泉街,2
2023-10-01,福井,北陸新幹線 越前たけふ駅 エリア,西山動物園,2
2023-10-01,福井,大本山 永平寺 エリア,丸岡城,1
2023-10-01,福井,大本山 永平寺 エリア,日本海さかな街,1
2023-10-01,福井,大本山永平寺,丸岡城 エリア,1
2023-10-01,福井,大本山永平寺,越前海岸 越前岬 エリア,1
2023-10-01,福井,小浜 エリア（宿泊施設）,レインボーライン,1
2023-10-01,福井,岡太神社・大瀧神社,北陸新幹線 越前たけふ駅 エリア,1
2023-10-01,福井,岡太神社・大瀧神社,道の駅「南えちぜん山海里」 エリア,1
2023-10-01,福井,敦賀赤レンガ倉庫,道の駅「南えちぜん山海里」 エリア,2
2023-10-01,福井,東尋坊,JR芦原温泉駅 エリア,1
2023-10-01,福井,東尋坊,あわら湯のまち エリア,1
2023-10-01,福井,東尋坊,名勝 養浩館庭園 エリア,2
2023-10-01,福井,東尋坊,道の駅「パークイン丹生ヶ丘」 エリア,1
2023-10-01,福井,東尋坊 エリア,金沢駅周辺（石川県）,1
2023-10-01,福井,福井県立恐竜博物館,スーベニアショップ ラプトル エリア,2
2023-10-01,福井,福井県立恐竜博物館,福井駅前 エリア,1
2023-10-01,福井,福井駅前 エリア,めがねミュージアム,1
2023-10-01,福井,紫式部公園 エリア,西山動物園,1
2023-10-01,福井,西山動物園,北陸新幹線 越前たけふ駅 エリア,1
2023-10-01,福井,越前がにミュージアム,道の駅「越前」 エリア,1
2023-10-01,福井,越前そばの里,うるしの里 エリア,1
2023-10-01,福井,越前大仏,越前大野城・城下町 エリア,1
2023-10-01,福井,越前大野城,一乗谷朝倉氏遺跡 エリア,1
2023-10-01,福井,越前大野城,大本山 永平寺 エリア,1
2023-10-01,福井,越前大野城,越前そばの里 エリア,1
2023-10-01,福井,越前大野城・城下町 エリア,一乗谷朝倉氏遺跡,1
2023-10-01,福井,越前海岸 越前岬 エリア,氣比神宮,1
2023-10-01,福井,道の駅「一乗谷あさくら水の駅」,一乗谷朝倉氏遺跡 エリア,1
2023-10-01,福井,道の駅「三方五湖」  エリア,一乗谷朝倉氏遺跡,1
2023-10-01,福井,道の駅「南えちぜん山海里」,北陸新幹線 越前たけふ駅 エリア,1
2023-10-01,福井,道の駅「南えちぜん山海里」 エリア,越前大野城,1
2023-10-01,福井,道の駅「恐竜渓谷かつやま」 エリア,福井県立恐竜博物館,1
2023-10-01,福井,道の駅「恐竜渓谷かつやま」 エリア,越前大野城,1
2023-10-01,福井,道の駅「河野」,道の駅「越前」 エリア,1
2023-10-01,福井,道の駅「禅の里」,道の駅「越前おおの荒島の郷」 エリア,1
2023-10-01,福井,道の駅「若狭おばま」,小浜市 阿納 エリア,1
2023-10-01,福井,道の駅「越前おおの荒島の郷」 エリア,道の駅「恐竜渓谷かつやま」,1
2023-10-02,福井,JR九頭竜湖駅 エリア,白山平泉寺歴史探遊館 まほろば,1
2023-10-02,福井,JR美浜駅 エリア,熊川宿,1
2023-10-02,福井,うみんぴあ大飯 エリア,御食国若狭おばま食文化館,1
2023-10-02,福井,うみんぴあ大飯 エリア,若狭たかはま エルどらんど,1
2023-10-02,福井,レインボーライン,うみんぴあ大飯 エリア,1
2023-10-02,福井,レインボーライン エリア,氣比神宮,1
2023-10-02,福井,一乗谷朝倉氏遺跡,一乗谷朝倉氏遺跡 エリア,1
2023-10-02,福井,一乗谷朝倉氏遺跡 エリア,あわら温泉街,1
2023-10-02,福井,丸岡城,一乗谷朝倉氏遺跡 エリア,1
2023-10-02,福井,北陸新幹線 越前たけふ駅 エリア,岡太神社・大瀧神社,1
2023-10-02,福井,北陸新幹線 越前たけふ駅 エリア,敦賀赤レンガ倉庫,1
2023-10-02,福井,名田庄 エリア,道の駅「シーサイド高浜」,1
2023-10-02,福井,日本海さかな街,JR敦賀駅前 エリア,1
2023-10-02,福井,氣比神宮,JR美浜駅 エリア,1
2023-10-02,福井,熊川宿 エリア,若狭フィッシャーマンズワーフ,1
2023-10-02,福井,福井県立恐竜博物館,福井駅前 エリア,1
2023-10-02,福井,福井駅,一乗谷朝倉氏遺跡 エリア,1
2023-10-02,福井,福井駅前 エリア,越前がにミュージアム,1
2023-10-02,福井,越前和紙の里,タケフナイフビレッジ エリア,1
2023-10-02,福井,越前大野城,福井駅前 エリア,1
2023-10-02,福井,道の駅「パークイン丹生ヶ丘」 エリア,西山動物園,1
2023-10-02,福井,道の駅「三方五湖」  エリア,若狭海遊バザール千鳥苑 若狭美浜 海の駅,1
2023-10-02,福井,道の駅「名田庄」,道の駅「シーサイド高浜」 エリア,1
2023-10-02,福井,道の駅「越前」,北陸新幹線 越前たけふ駅 エリア,1
2023-10-02,福井,道の駅「越前」,道の駅「パークイン丹生ヶ丘」 エリア,1
2023-10-03,石川,小松空港,ひがし茶屋街,1
2023-10-03,石川,小松空港,兼六園,1
2023-10-03,石川,小松空港,帰宅,1
2023-10-03,石川,小松空港,金沢21世紀美術館,1
2023-10-03,石川,小松空港,金沢駅,1
2023-10-03,石川,金沢駅,金沢中央観光案内所,1
2023-10-03,福井,あわら温泉「芦湯」,JR芦原温泉駅 エリア,1
2023-10-03,福井,あわら湯のまち エリア,日本海さかな街,1
2023-10-03,福井,うるしの里 エリア,西山動物園,1
2023-10-03,福井,きのこの森,道の駅「若狭おばま」 エリア,1
2023-10-03,福井,ファーマーズマーケットきららの丘,フルーツライン エリア,1
2023-10-03,福井,一乗谷朝倉氏遺跡,一乗谷朝倉氏遺跡 エリア,1
2023-10-03,福井,一乗谷朝倉氏遺跡,北陸新幹線 越前たけふ駅 エリア,1
2023-10-03,福井,丸岡城 エリア,東尋坊,1
2023-10-03,福井,北陸新幹線 越前たけふ駅 エリア,御誕生寺,1
2023-10-03,福井,大本山永平寺,越前そばの里 エリア,1
2023-10-03,福井,平泉寺白山神社 エリア,一乗谷朝倉氏遺跡,1
2023-10-03,福井,日本海さかな街,紫式部公園 エリア,1
2023-10-03,福井,東尋坊,ふくい鮮いちば エリア,1
2023-10-03,福井,福井県立恐竜博物館,あわら湯のまち エリア,1
2023-10-03,福井,福井県立恐竜博物館,スーベニアショップ ラプトル エリア,1
2023-10-03,福井,福井県立恐竜博物館,道の駅「南えちぜん山海里」 エリア,1
2023-10-03,福井,若狭フィッシャーマンズワーフ,明通寺 エリア,1
2023-10-03,福井,越前そばの里 エリア,大本山永平寺,1
2023-10-03,福井,越前和紙の里,うるしの里 エリア,1
2023-10-03,福井,越前大野城,JR芦原温泉駅 エリア,1
2023-10-03,福井,道の駅「若狭おばま」,うみんぴあ大飯 エリア,1
2023-10-03,福井,道の駅「若狭おばま」 エリア,道の駅「うみんぴあ大飯」,1
2023-10-04,福井,JR芦原温泉駅 エリア,東尋坊,1
2023-10-04,福井,あわら湯のまち エリア,一乗谷朝倉氏遺跡,1
2023-10-04,福井,丸岡城 エリア,東尋坊,1
2023-10-04,福井,北陸新幹線 越前たけふ駅 エリア,福井県立恐竜博物館,1
2023-10-04,福井,大本山永平寺,スーベニアショップ ラプトル エリア,1
2023-10-04,福井,大本山永平寺,道の駅「禅の里」 エリア,1
2023-10-04,福井,東尋坊,あわら湯のまち エリア,1
2023-10-04,福井,越前そばの里,北陸新幹線 越前たけふ駅 エリア,1
2023-10-04,福井,越前大野城,道の駅「越前おおの荒島の郷」 エリア,1
2023-10-04,福井,越前松島水族館,JR芦原温泉駅 エリア,1
2023-10-04,福井,越前松島水族館,あわら湯のまち エリア,1
2023-10-04,福井,道の駅「禅の里」 エリア,福井県立恐竜博物館,1
2023-10-05,福井,あわら温泉街,一乗谷朝倉氏遺跡 エリア,1
2023-10-05,福井,あわら湯のまち エリア,小松空港（石川県）,1
2023-10-05,福井,スーベニアショップ ラプトル エリア,越前大仏,1
2023-10-05,福井,一乗谷朝倉氏遺跡,JR敦賀駅前 エリア,1
2023-10-05,福井,一乗谷朝倉氏遺跡,丸岡城 エリア,1
2023-10-05,福井,一乗谷朝倉氏遺跡,平泉寺白山神社 エリア,1
2023-10-05,福井,一乗谷朝倉氏遺跡,福井駅前 エリア,1
2023-10-05,福井,一乗谷朝倉氏遺跡,越前松島水族館 エリア,1
2023-10-05,福井,一乗谷朝倉氏遺跡 エリア,大本山永平寺,1
2023-10-05,福井,一乗谷朝倉氏遺跡 エリア,福井駅,1
2023-10-05,福井,丸岡城,道の駅「越前おおの荒島の郷」 エリア,1
2023-10-05,福井,丸岡城 エリア,一乗谷朝倉氏遺跡,1
2023-10-05,福井,平泉寺白山神社 エリア,福井県立恐竜博物館,1
2023-10-05,福井,敦賀赤レンガ倉庫,一乗谷朝倉氏遺跡 エリア,1
2023-10-05,福井,敦賀駅,JR敦賀駅前 エリア,1
2023-10-05,福井,明通寺 エリア,大本山永平寺,1
2023-10-05,福井,氣比神宮,明通寺 エリア,1
2023-10-05,福井,福井県立恐竜博物館,越前大仏 エリア,1
2023-10-05,福井,羽賀寺,道の駅「若狭おばま」 エリア,1
2023-10-05,福井,越前大仏,スーベニアショップ ラプトル エリア,1
2023-10-05,福井,越前大仏 エリア,道の駅「恐竜渓谷かつやま」,1
2023-10-05,福井,越前大野城,福井駅前 エリア（宿泊施設）,2
2023-10-05,福井,越前大野城・城下町 エリア,大本山永平寺,1
2023-10-05,福井,越前松島水族館 エリア,丸岡城,1
2023-10-05,福井,道の駅「南えちぜん山海里」 エリア,黒壁スクエア（滋賀県）,1
2023-10-05,福井,道の駅「若狭おばま」 エリア,明通寺,1
2023-10-06,福井,あわら湯のまち エリア,「ちひろの生まれた家」記念館,1
2023-10-06,福井,あわら湯のまち エリア,氣比神宮,1
2023-10-06,福井,あわら湯のまち エリア,越前松島水族館,1
2023-10-06,福井,えちぜん鉄道 永平寺口駅 エリア,大本山永平寺,1
2023-10-06,福井,めがねミュージアム,メガネストリート エリア,1
2023-10-06,福井,スキージャム勝山,一乗谷朝倉氏遺跡 エリア,1
2023-10-06,福井,スキージャム勝山 エリア,白山平泉寺歴史探遊館 まほろば,1
2023-10-06,福井,スーベニアショップ ラプトル エリア,越前大仏,1
2023-10-06,福井,メガネストリート エリア,丸岡城,1
2023-10-06,福井,レインボーライン,日本海さかな街 エリア,1
2023-10-06,福井,一乗谷朝倉氏遺跡,道の駅「西山公園」 エリア,1
2023-10-06,福井,一乗谷朝倉氏遺跡 エリア,福井県立恐竜博物館,1
2023-10-06,福井,丸岡城,道の駅「三方五湖」  エリア,1
2023-10-06,福井,丸岡城,道の駅「南えちぜん山海里」 エリア,1
2023-10-06,福井,丸岡城 エリア,東尋坊,1
2023-10-06,福井,北の庄城址・柴田公園,北ノ庄 エリア,1
2023-10-06,福井,北陸新幹線 越前たけふ駅 エリア,越前和紙の里,1
2023-10-06,福井,吉崎御坊跡,あわら湯のまち エリア,1
2023-10-06,福井,大本山永平寺,JR敦賀駅前 エリア,1
2023-10-06,福井,大本山永平寺,あわら湯のまち エリア,1
2023-10-06,福井,大本山永平寺,えちぜん鉄道 永平寺口駅 エリア,1
2023-10-06,福井,日本海さかな街 エリア,東尋坊,1
2023-10-06,福井,福井県立恐竜博物館,あわら湯のまち エリア,1
2023-10-06,福井,福井県立恐竜博物館,スーベニアショップ ラプトル エリア,1
2023-10-06,福井,福井県立恐竜博物館,丸岡城 エリア,2
2023-10-06,福井,越前大仏,JR敦賀駅前 エリア,1
2023-10-06,福井,越前大仏,うみんぴあ大飯 エリア,1
2023-10-06,福井,越前松島水族館 エリア,ふれあいパーク三里浜(道の駅「みくに」),1
2023-10-06,福井,道の駅「三方五湖」  エリア,岡太神社・大瀧神社,1
2023-10-06,福井,道の駅「西山公園」 エリア,越前和紙の里,1
2023-10-07,石川,和倉温泉,小松空港,1
2023-10-07,石川,小松空港,帰宅,1
2023-10-07,石川,小松空港,羽田空港,1
2023-10-07,石川,小松空港,金沢駅,1
2023-10-07,石川,金沢駅,小松空港,1
2023-10-07,福井,JR敦賀駅前 エリア,今庄宿,1
2023-10-07,福井,あわら湯のまち エリア,東尋坊,2
2023-10-07,福井,あわら湯のまち エリア,福井県立恐竜博物館,1
2023-10-07,福井,うるしの里 エリア,岡太神社・大瀧神社,1
2023-10-07,福井,スキージャム勝山,道の駅「恐竜渓谷かつやま」 エリア,1
2023-10-07,福井,スーベニアショップ ラプトル エリア,道の駅「九頭竜・和泉ふれあい会館」,1
2023-10-07,福井,レインボーライン エリア,天橋立（京都府）,1
2023-10-07,福井,レインボーライン エリア,東尋坊,1
2023-10-07,福井,一乗谷朝倉氏遺跡,一乗谷朝倉氏遺跡 エリア,1
2023-10-07,福井,一乗谷朝倉氏遺跡,今庄宿 エリア,1
2023-10-07,福井,一乗谷朝倉氏遺跡,大本山 永平寺 エリア,1
2023-10-07,福井,一乗谷朝倉氏遺跡 エリア,丸岡城,1
2023-10-07,福井,一乗谷朝倉氏遺跡 エリア,大本山永平寺,1
2023-10-07,福井,三国湊 エリア,一乗谷朝倉氏遺跡,1
2023-10-07,福井,三国湊 エリア,東尋坊,1
2023-10-07,福井,三国湊 エリア,越前大仏,1
2023-10-07,福井,三國湊レトロ,三国湊 エリア,1
2023-10-07,福井,丸岡城,あわら湯のまち エリア,2
2023-10-07,福井,丸岡城,三国湊 エリア,1
2023-10-07,福井,丸岡城,大本山 永平寺 エリア,1
2023-10-07,福井,大本山 永平寺 エリア,福井県立恐竜博物館,3
2023-10-07,福井,大本山永平寺,はたや記念館 ゆめおーれ勝山 エリア,1
2023-10-07,福井,大本山永平寺,レインボーライン エリア,1
2023-10-07,福井,小浜市まちの駅 エリア,小浜市水産食品センター（若狭小浜お魚センター）,1
2023-10-07,福井,明通寺 エリア,多田寺,1
2023-10-07,福井,東尋坊,あわら湯のまち エリア,1
2023-10-07,福井,氣比神宮,JR敦賀駅前 エリア,1
2023-10-07,福井,氣比神宮,湖上館パムコ（水月湖）エリア,1
2023-10-07,福井,福井県立恐竜博物館,スーベニアショップ ラプトル エリア,1
2023-10-07,福井,福井県立恐竜博物館,レインボーライン エリア,1
2023-10-07,福井,福井駅前 エリア,三国サンセットビーチ,1
2023-10-07,福井,羽賀寺,明通寺 エリア,1
2023-10-07,福井,越前大仏,三国湊 エリア,1
2023-10-07,福井,越前大野城,大本山 永平寺 エリア,1
2023-10-07,福井,越前大野城,越前大野城・城下町 エリア,1
2023-10-07,福井,道の駅「三方五湖」  エリア,小浜市水産食品センター（若狭小浜お魚センター）,1
2023-10-07,福井,道の駅「河野」,北前船主の館 右近家 エリア,1
2023-10-07,福井,金沢駅周辺（石川県）,福井駅前 エリア,1
2023-10-08,石川,小松基地,小松空港,1
2023-10-08,石川,小松空港,小松基地,3
2023-10-08,福井,JR敦賀駅前 エリア,大本山永平寺,1
2023-10-08,福井,JR美浜駅 エリア,三方五湖,1
2023-10-08,福井,スキージャム勝山 エリア,白山平泉寺歴史探遊館 まほろば,1
2023-10-08,福井,スーベニアショップ ラプトル エリア,野外恐竜博物館,1
2023-10-08,福井,ホテルうみんぴあ,明通寺 エリア,1
2023-10-08,福井,レインボーライン,明通寺 エリア,1
2023-10-08,福井,レインボーライン,熊川宿 エリア,1
2023-10-08,福井,レインボーライン,道の駅「三方五湖」  エリア,1
2023-10-08,福井,一乗谷朝倉氏遺跡,スーベニアショップ ラプトル エリア,2
2023-10-08,福井,一乗谷朝倉氏遺跡,一乗谷朝倉氏遺跡 エリア,2
2023-10-08,福井,一乗谷朝倉氏遺跡,丸岡城 エリア,1
2023-10-08,福井,一乗谷朝倉氏遺跡,大本山 永平寺 エリア,1
2023-10-08,福井,一乗谷朝倉氏遺跡,花の駅 ゆりの里公園 エリア,1
2023-10-08,福井,一乗谷朝倉氏遺跡,越前大野城・城下町 エリア,1
2023-10-08,福井,一乗谷朝倉氏遺跡,金ヶ崎 エリア,2
2023-10-08,福井,一乗谷朝倉氏遺跡 エリア,大本山永平寺,1
2023-10-08,福井,一乗谷朝倉氏遺跡 エリア,東尋坊,1
2023-10-08,福井,一乗谷朝倉氏遺跡 エリア,越前大野城,1
2023-10-08,福井,三国サンセットビーチ,東尋坊 エリア,1
2023-10-08,福井,三國湊レトロ,東尋坊 エリア,1
2023-10-08,福井,三方五湖,熊川宿 エリア,1
2023-10-08,福井,丸岡城,丸岡城 エリア,2
2023-10-08,福井,丸岡城,波松 エリア,1
2023-10-08,福井,丸岡城 エリア,一乗谷朝倉氏遺跡,1
2023-10-08,福井,九頭竜湖,道の駅「越前おおの荒島の郷」 エリア,1
2023-10-08,福井,六呂師高原,越前大野城・城下町 エリア,1
2023-10-08,福井,六呂師高原 エリア,あわら温泉街,1
2023-10-08,福井,北の庄城址・柴田公園,北ノ庄 エリア,1
2023-10-08,福井,北の庄城址・柴田公園,福井駅前 エリア,1
2023-10-08,福井,北の庄城址・柴田公園,紫式部公園 エリア,1
2023-10-08,福井,北ノ庄 エリア,一乗谷朝倉氏遺跡,1
2023-10-08,福井,千古の家(坪川家住宅),丸岡城 エリア,1
2023-10-08,福井,吉崎御坊跡,北潟湖 エリア,1
2023-10-08,福井,大本山 永平寺 エリア,丸岡城,1
2023-10-08,福井,大本山永平寺,三国湊 エリア,1
2023-10-08,福井,大本山永平寺,大本山 永平寺 エリア,1
2023-10-08,福井,大本山永平寺,平泉寺白山神社 エリア,1
2023-10-08,福井,大本山永平寺,福井駅前 エリア（宿泊施設）,1
2023-10-08,福井,小浜市水産食品センター（若狭小浜お魚センター）,箸のふるさと館WAKASA エリア,1
2023-10-08,福井,平泉寺白山神社 エリア,大本山永平寺,1
2023-10-08,福井,平泉寺白山神社 エリア,福井県立恐竜博物館,1
2023-10-08,福井,敦賀赤レンガ倉庫,道の駅「三方五湖」  エリア,1
2023-10-08,福井,敦賀赤レンガ倉庫,金ヶ崎 エリア,1
2023-10-08,福井,明通寺 エリア,天橋立（京都府）,1
2023-10-08,福井,明通寺 エリア,明通寺,1
2023-10-08,福井,明通寺 エリア,道の駅「シーサイド高浜」,1
2023-10-08,福井,東尋坊,福井駅前 エリア（宿泊施設）,1
2023-10-08,福井,東尋坊 エリア,あわら温泉街,2
2023-10-08,福井,東尋坊 エリア,福井県立恐竜博物館,1
2023-10-08,福井,氣比神宮,JR敦賀駅前 エリア,1
2023-10-08,福井,氣比神宮,水晶浜 エリア,1
2023-10-08,福井,氣比神宮,道の駅「三方五湖」  エリア,1
2023-10-08,福井,水晶浜 エリア,大本山永平寺,1
2023-10-08,福井,熊川宿,小浜市まちの駅 エリア,1
2023-10-08,福井,熊川宿,明通寺 エリア,1
2023-10-08,福井,熊川宿 エリア,レインボーライン,1
2023-10-08,福井,白山平泉寺歴史探遊館 まほろば,平泉寺白山神社 エリア,1
2023-10-08,福井,福井県立恐竜博物館,えちぜん鉄道 松岡駅 エリア,1
2023-10-08,福井,福井県立恐竜博物館,スキージャム勝山 エリア,1
2023-10-08,福井,福井県立恐竜博物館,スーベニアショップ ラプトル エリア,1
2023-10-08,福井,福井県立恐竜博物館,道の駅「越前おおの荒島の郷」 エリア,1
2023-10-08,福井,福井駅前 エリア,北の庄城址・柴田公園,1
2023-10-08,福井,福井駅前 エリア,氣比神宮,1
2023-10-08,福井,福井駅前 エリア,福井駅,1
2023-10-08,福井,福井駅前 エリア（宿泊施設）,大本山永平寺,1
2023-10-08,福井,福井駅前 エリア（宿泊施設）,越前大野城,1
2023-10-08,福井,紫式部公園 エリア,大本山永平寺,1
2023-10-08,福井,舞鶴（京都府）,道の駅「若狭おばま」 エリア,1
2023-10-08,福井,花の駅 ゆりの里公園 エリア,丸岡城,1
2023-10-08,福井,若狭フィッシャーマンズワーフ,名田庄 エリア,1
2023-10-08,福井,若狭海遊バザール千鳥苑 若狭美浜 海の駅,JR美浜駅 エリア,1
2023-10-08,福井,西山動物園,北陸新幹線 越前たけふ駅 エリア,1
2023-10-08,福井,越前大仏,一乗谷朝倉氏遺跡 エリア,1
2023-10-08,福井,越前大野城,丸岡城 エリア,1
2023-10-08,福井,越前大野城,六呂師高原 エリア,1
2023-10-08,福井,越前大野城・城下町 エリア,一乗谷朝倉氏遺跡,2
2023-10-08,福井,越前大野城・城下町 エリア,越前大仏,1
2023-10-08,福井,道の駅「シーサイド高浜」,うみんぴあ大飯 エリア,1
2023-10-08,福井,道の駅「パークイン丹生ヶ丘」,一乗谷朝倉氏遺跡 エリア,1
2023-10-08,福井,道の駅「パークイン丹生ヶ丘」 エリア,越前陶芸村,1
2023-10-08,福井,道の駅「三方五湖」  エリア,ふれあいパーク三里浜(道の駅「みくに」),1
2023-10-08,福井,道の駅「三方五湖」  エリア,三方五湖,1
2023-10-08,福井,道の駅「南えちぜん山海里」,道の駅「三方五湖」  エリア,1
2023-10-09,石川,のとじま水族館,ふれあい昆虫館,1
2023-10-09,石川,のとじま水族館,和倉温泉,1
2023-10-09,石川,恐竜博物館,ふれあい昆虫館,1
2023-10-09,石川,近江町市場,小松空港,1
2023-10-09,石川,金沢駅,のとじま水族館,1
2023-10-09,福井,あわら温泉屋台村「湯けむり横丁」,JR芦原温泉駅 エリア,1
2023-10-09,福井,あわら温泉街,スーベニアショップ ラプトル エリア,1
2023-10-09,福井,あわら湯のまち エリア,福井県立恐竜博物館,1
2023-10-09,福井,スーベニアショップ ラプトル エリア,九頭竜湖,1
2023-10-09,福井,スーベニアショップ ラプトル エリア,越前大野城,1
2023-10-09,福井,メガネストリート エリア,養浩館庭園,1
2023-10-09,福井,メタセコイア並木（滋賀県）,JR敦賀駅前 エリア,1
2023-10-09,福井,レインボーライン,熊川宿 エリア,1
2023-10-09,福井,一乗谷朝倉氏遺跡,うるしの里 エリア,1
2023-10-09,福井,一乗谷朝倉氏遺跡,一乗谷朝倉氏遺跡 エリア,1
2023-10-09,福井,一乗谷朝倉氏遺跡,三国湊 エリア,1
2023-10-09,福井,一乗谷朝倉氏遺跡,丸岡城 エリア,1
2023-10-09,福井,一乗谷朝倉氏遺跡 エリア,一乗谷朝倉氏遺跡,1
2023-10-09,福井,一乗谷朝倉氏遺跡 エリア,丸岡城,1
2023-10-09,福井,一乗谷朝倉氏遺跡 エリア,大本山永平寺,1
2023-10-09,福井,一乗谷朝倉氏遺跡 エリア,氣比神宮,1
2023-10-09,福井,三国湊 エリア,福井県立恐竜博物館,1
2023-10-09,福井,丸岡城,一乗谷朝倉氏遺跡 エリア,1
2023-10-09,福井,丸岡城,丸岡城 エリア,1
2023-10-09,福井,丸岡城,北ノ庄 エリア,1
2023-10-09,福井,丸岡城,東尋坊 エリア,2
2023-10-09,福井,丸岡城 エリア,一乗谷朝倉氏遺跡,1
2023-10-09,福井,北ノ庄 エリア,一乗谷朝倉氏遺跡,1
2023-10-09,福井,北陸新幹線 越前たけふ駅 エリア,東尋坊,1
2023-10-09,福井,北陸新幹線 越前たけふ駅 エリア,越前がにミュージアム,1
2023-10-09,福井,吉崎御坊跡,北潟湖 エリア,1
2023-10-09,福井,大本山永平寺,あわら湯のまち エリア,1
2023-10-09,福井,敦賀赤レンガ倉庫,三国湊 エリア,1
2023-10-09,福井,敦賀鉄道資料館（旧敦賀港駅舎 ）,金ヶ崎 エリア,1
2023-10-09,福井,日本海さかな街,道の駅「若狭おばま」 エリア,1
2023-10-09,福井,明通寺 エリア,御食国若狭おばま食文化館,1
2023-10-09,福井,明通寺 エリア,福井県年縞博物館,1
2023-10-09,福井,東尋坊,福井駅前 エリア（宿泊施設）,1
2023-10-09,福井,東尋坊,越前大野城・城下町 エリア,1
2023-10-09,福井,東尋坊 エリア,金沢駅周辺（石川県）,2
2023-10-09,福井,氣比神宮,明通寺 エリア,1
2023-10-09,福井,氣比神宮,若狭フィッシャーマンズワーフ エリア,1
2023-10-09,福井,熊川宿,明通寺 エリア,1
2023-10-09,福井,白山平泉寺歴史探遊館 まほろば,越前大野城・城下町 エリア,1
2023-10-09,福井,福井県立恐竜博物館,スーベニアショップ ラプトル エリア,2
2023-10-09,福井,福井県立恐竜博物館,一乗谷朝倉氏遺跡 エリア,1
2023-10-09,福井,福井県立恐竜博物館,北潟湖 エリア,1
2023-10-09,福井,福井県立恐竜博物館,北陸新幹線 越前たけふ駅 エリア,1
2023-10-09,福井,福井県立恐竜博物館,福井駅前 エリア,2
2023-10-09,福井,福井県立恐竜博物館,道の駅「南えちぜん山海里」 エリア,1
2023-10-09,福井,福井県立恐竜博物館,道の駅「恐竜渓谷かつやま」 エリア,1
2023-10-09,福井,福井県立恐竜博物館,道の駅「越前」 エリア,1
2023-10-09,福井,福井県立恐竜博物館,道の駅「越前おおの荒島の郷」 エリア,1
2023-10-09,福井,福井駅前 エリア,福井県立恐竜博物館,1
2023-10-09,福井,福井駅前 エリア（宿泊施設）,大本山永平寺,1
2023-10-09,福井,福井駅前 エリア（宿泊施設）,日本海さかな街,1
2023-10-09,福井,若狭フィッシャーマンズワーフ エリア,敦賀赤レンガ倉庫,1
2023-10-09,福井,若狭瓜割名水公園 瓜割の滝,明通寺 エリア,1
2023-10-09,福井,越前大仏,越前そばの里 エリア,1
2023-10-09,福井,越前大野城,スーベニアショップ ラプトル エリア,1
2023-10-09,福井,越前大野城,一乗谷朝倉氏遺跡 エリア,1
2023-10-09,福井,越前大野城,越前大野城・城下町 エリア,1
2023-10-09,福井,越前大野城・城下町 エリア,氣比神宮,1
2023-10-09,福井,越前大野城・城下町 エリア,福井駅,1
2023-10-09,福井,道の駅,レインボーライン エリア,1
2023-10-09,福井,道の駅「うみんぴあ大飯」,うみんぴあ大飯 エリア,1
2023-10-09,福井,道の駅「パークイン丹生ヶ丘」,道の駅「越前」 エリア,1
2023-10-09,福井,道の駅「三方五湖」,小浜市まちの駅 エリア,1
2023-10-09,福井,道の駅「三方五湖」  エリア,日本海さかな街,1
2023-10-09,福井,道の駅「九頭竜・和泉ふれあい会館」,一乗谷朝倉氏遺跡 エリア,1
2023-10-09,福井,道の駅「南えちぜん山海里」,道の駅「三方五湖」  エリア,1
2023-10-09,福井,道の駅「若狭おばま」 エリア,若狭フィッシャーマンズワーフ,1
2023-10-09,福井,道の駅「越前」 エリア,福井県立恐竜博物館,1
2023-10-09,福井,道の駅「越前おおの荒島の郷」 エリア,福井県立恐竜博物館,1
2023-10-09,福井,道の駅「越前おおの荒島の郷」 エリア,越前そばの里,1
2023-10-09,福井,金ヶ崎 エリア,敦賀赤レンガ倉庫,1
2023-10-09,福井,養浩館庭園,道の駅みくに ふれあいパーク三里浜 エリア,1
2023-10-10,福井,JR敦賀駅前 エリア,氣比神宮,1
2023-10-10,福井,あわら湯のまち エリア,金津創作の森,1
2023-10-10,福井,うみんぴあ大飯 エリア,道の駅「若狭おばま」,1
2023-10-10,福井,スーベニアショップ ラプトル エリア,越前大仏,1
2023-10-10,福井,一乗谷朝倉氏遺跡,丸岡城 エリア,1
2023-10-10,福井,一乗谷朝倉氏遺跡,北陸新幹線 越前たけふ駅 エリア,1
2023-10-10,福井,一乗谷朝倉氏遺跡,熊川宿 エリア,1
2023-10-10,福井,一乗谷朝倉氏遺跡,福井駅前 エリア（宿泊施設）,1
2023-10-10,福井,一乗谷朝倉氏遺跡 エリア,福井県立恐竜博物館,1
2023-10-10,福井,一乗谷朝倉氏遺跡 エリア,越前大野城,1
2023-10-10,福井,三国サンセットビーチ,あわら湯のまち エリア,1
2023-10-10,福井,丸岡城 エリア,越前和紙の里,1
2023-10-10,福井,北陸新幹線 越前たけふ駅 エリア,一乗谷朝倉氏遺跡,1
2023-10-10,福井,吉崎御坊跡,北潟湖 エリア,1
2023-10-10,福井,東尋坊,うみんぴあ大飯 エリア,1
2023-10-10,福井,東尋坊,越前松島水族館 エリア,1
2023-10-10,福井,福井県立恐竜博物館,道の駅「越前」 エリア,1
2023-10-10,福井,越前がにミュージアム,北潟湖 エリア,1
2023-10-10,福井,越前和紙の里 エリア,大本山永平寺,1
2023-10-10,福井,越前大野城,スーベニアショップ ラプトル エリア,1
2023-10-10,福井,越前陶芸村,一乗谷朝倉氏遺跡 エリア,1
2023-10-11,福井,JR敦賀駅前 エリア,氣比神宮,1
2023-10-11,福井,スキージャム勝山 エリア,道の駅「恐竜渓谷かつやま」,1
2023-10-11,福井,一乗谷朝倉氏遺跡,はたや記念館 ゆめおーれ勝山 エリア,1
2023-10-11,福井,丸岡城,JR敦賀駅前 エリア,1
2023-10-11,福井,小浜市水産食品センター（若狭小浜お魚センター）,熊川宿 エリア,1
2023-10-11,福井,山代温泉（石川県）,あわら湯のまち エリア,1
2023-10-11,福井,帰宅,一乗谷朝倉氏遺跡 エリア,1
2023-10-11,福井,敦賀市立博物館 エリア,氣比神宮,1
2023-10-11,福井,日本海さかな街,レインボーライン エリア,1
2023-10-11,福井,熊川宿 エリア,道の駅「若狭おばま」,1
2023-10-11,福井,福井城址,福井駅前 エリア,1
2023-10-11,福井,福井駅前 エリア,福井県立恐竜博物館,1
2023-10-11,福井,越前がにミュージアム,道の駅「パークイン丹生ヶ丘」 エリア,1
2023-10-11,福井,越前大野城,一乗谷朝倉氏遺跡 エリア,1
2023-10-11,福井,越前大野城,福井駅前 エリア,2
2023-10-11,福井,越前大野城,越前大野城・城下町 エリア,1
2023-10-11,福井,越前大野城・城下町 エリア,北の庄城址・柴田公園,1
2023-10-11,福井,道の駅「三方五湖」  エリア,福井県立恐竜博物館,1
2023-10-11,福井,道の駅「恐竜渓谷かつやま」 エリア,越前大野城,1
2023-10-12,福井,JR芦原温泉駅 エリア,三国サンセットビーチ,1
2023-10-12,福井,「ちひろの生まれた家」記念館,北陸新幹線 越前たけふ駅 エリア,1
2023-10-12,福井,かずら橋 エリア,一乗谷朝倉氏遺跡,1
2023-10-12,福井,だるまちゃん広場 エリア,大本山永平寺,1
2023-10-12,福井,大本山永平寺,熊川宿 エリア,1
2023-10-12,福井,敦賀市立博物館 エリア,氣比神宮,1
2023-10-12,福井,日本海さかな街,敦賀市立博物館 エリア,1
2023-10-12,福井,白山平泉寺歴史探遊館 まほろば,かずら橋 エリア,1
2023-10-12,福井,福井県立恐竜博物館,レインボーライン エリア,1
2023-10-12,福井,越前大仏,はたや記念館 ゆめおーれ勝山 エリア,1
2023-10-12,福井,越前大野城,北陸新幹線 越前たけふ駅 エリア,1
2023-10-12,福井,越前海岸,道の駅「越前」 エリア,1
2023-10-12,福井,道の駅「越前おおの荒島の郷」,道の駅「南えちぜん山海里」 エリア,1
2023-10-12,福井,道の駅「越前おおの荒島の郷」 エリア,越前大野城,1
2023-10-13,石川,のとじま水族館,和倉温泉,1
2023-10-13,福井,あわら湯のまち エリア,平泉寺白山神社,1
2023-10-13,福井,レインボーライン エリア,明通寺,1
2023-10-13,福井,一乗谷朝倉氏遺跡 エリア,大本山永平寺,1
2023-10-13,福井,一乗谷朝倉氏遺跡 エリア,越前大仏,1
2023-10-13,福井,丸岡城,ふくい鮮いちば エリア,1
2023-10-13,福井,丸岡城,一乗谷朝倉氏遺跡 エリア,1
2023-10-13,福井,丸岡城,三国湊 エリア,1
2023-10-13,福井,北の庄城址・柴田公園,一乗谷朝倉氏遺跡 エリア,1
2023-10-13,福井,名勝 養浩館庭園 エリア,北の庄城址・柴田公園,1
2023-10-13,福井,大本山永平寺,あわら湯のまち エリア,2
2023-10-13,福井,大本山永平寺,えちぜん鉄道 松岡駅 エリア,1
2023-10-13,福井,日本海さかな街,道の駅「三方五湖」  エリア,1
2023-10-13,福井,氣比神宮,レインボーライン エリア,1
2023-10-13,福井,湖上館パムコ（水月湖）エリア,三方五湖,1
2023-10-13,福井,福井駅前 エリア（宿泊施設）,東尋坊,1
2023-10-13,福井,越前大野城,越前大野城・城下町 エリア,1
2023-10-13,福井,道の駅「九頭竜・和泉ふれあい会館」,大本山 永平寺 エリア,1
2023-10-13,福井,道の駅「九頭竜・和泉ふれあい会館」,道の駅「越前おおの荒島の郷」 エリア,2
2023-10-13,福井,道の駅「南えちぜん山海里」 エリア,敦賀赤レンガ倉庫,1
2023-10-13,福井,道の駅「若狭おばま」,湖上館パムコ（水月湖）エリア,1
2023-10-14,石川,金沢駅,小松空港,1
2023-10-14,福井,あわら湯のまち エリア,丸岡城,1
2023-10-14,福井,あわら湯のまち エリア,福井県立恐竜博物館,1
2023-10-14,福井,かずら橋 エリア,芝政ワールド,1
2023-10-14,福井,スキージャム勝山 エリア,一乗谷朝倉氏遺跡,1
2023-10-14,福井,一乗谷朝倉氏遺跡,スキージャム勝山 エリア,1
2023-10-14,福井,一乗谷朝倉氏遺跡 エリア,一乗谷朝倉氏遺跡,1
2023-10-14,福井,一乗谷朝倉氏遺跡 エリア,道の駅「越前おおの荒島の郷」,1
2023-10-14,福井,丸岡城,JR敦賀駅前 エリア,1
2023-10-14,福井,丸岡城,福井駅前 エリア（宿泊施設）,1
2023-10-14,福井,大本山 永平寺 エリア,一乗谷朝倉氏遺跡,1
2023-10-14,福井,敦賀赤レンガ倉庫,水晶浜 エリア,1
2023-10-14,福井,日本海さかな街 エリア,三方五湖,1
2023-10-14,福井,氣比神宮,金ヶ崎 エリア,1
2023-10-14,福井,水晶浜 エリア,日本海さかな街,2
2023-10-14,福井,水晶浜海水浴場,水晶浜 エリア,1
2023-10-14,福井,白山平泉寺歴史探遊館 まほろば,道の駅「恐竜渓谷かつやま」 エリア,1
2023-10-14,福井,神楽通り エリア,氣比神宮,1
2023-10-14,福井,福井県年縞博物館,若狭フィッシャーマンズワーフ エリア,1
2023-10-14,福井,福井県立恐竜博物館,スーベニアショップ ラプトル エリア,1
2023-10-14,福井,福井駅前 エリア（宿泊施設）,一乗谷朝倉氏遺跡,1
2023-10-14,福井,箸のふるさと館WAKASA,小浜市 阿納 エリア,1
2023-10-14,福井,越前大野城,一乗谷朝倉氏遺跡 エリア,1
2023-10-14,福井,越前大野城,越前大野城・城下町 エリア,1
2023-10-14,福井,越前大野城,道の駅「禅の里」 エリア,1
2023-10-14,福井,越前大野城・城下町 エリア,一乗谷朝倉氏遺跡,1
2023-10-14,福井,越前大野城・城下町 エリア,福井県立恐竜博物館,1
2023-10-14,福井,越前海岸 越前岬 エリア,越前がにミュージアム,1
2023-10-14,福井,道の駅「一乗谷あさくら水の駅」,福井駅前 エリア（宿泊施設）,1
2023-10-14,福井,道の駅「若狭熊川宿」,道の駅「三方五湖」  エリア,1
2023-10-14,福井,野外恐竜博物館,あわら湯のまち エリア,1
2023-10-14,福井,金ヶ崎 エリア,敦賀赤レンガ倉庫,1
2023-10-15,石川,ふれあい昆虫館,帰宅,1
2023-10-15,石川,白山ひめ神社,ふれあい昆虫館,1
2023-10-15,福井,JR敦賀駅前 エリア,一乗谷朝倉氏遺跡,1
2023-10-15,福井,JR敦賀駅前 エリア,三方五湖,1
2023-10-15,福井,メガネストリート エリア,福井駅,1
2023-10-15,福井,レインボーライン エリア,大本山永平寺,1
2023-10-15,福井,一乗谷朝倉氏遺跡,JR敦賀駅前 エリア,2
2023-10-15,福井,一乗谷朝倉氏遺跡,一乗谷朝倉氏遺跡 エリア,1
2023-10-15,福井,一乗谷朝倉氏遺跡,越前大野城・城下町 エリア,1
2023-10-15,福井,一乗谷朝倉氏遺跡,道の駅「南えちぜん山海里」 エリア,1
2023-10-15,福井,一乗谷朝倉氏遺跡 エリア,大本山永平寺,1
2023-10-15,福井,一乗谷朝倉氏遺跡 エリア,越前大野城,1
2023-10-15,福井,三方五湖,レインボーライン エリア,1
2023-10-15,福井,三方五湖,熊川宿 エリア,1
2023-10-15,福井,丸岡城 エリア,越前和紙の里,1
2023-10-15,福井,北の庄城址・柴田公園,福井駅前 エリア,1
2023-10-15,福井,北前船主の館 右近家 エリア,日本海さかな街,1
2023-10-15,福井,北陸新幹線 越前たけふ駅 エリア,敦賀赤レンガ倉庫,1
2023-10-15,福井,大本山永平寺,一乗谷朝倉氏遺跡 エリア,1
2023-10-15,福井,小松空港（石川県）,道の駅「南えちぜん山海里」 エリア,1
2023-10-15,福井,小浜 エリア（宿泊施設）,国分寺 (小浜市),1
2023-10-15,福井,岡太神社・大瀧神社,北陸新幹線 越前たけふ駅 エリア,1
2023-10-15,福井,敦賀赤レンガ倉庫,金ヶ崎 エリア,1
2023-10-15,福井,明通寺 エリア,岡太神社・大瀧神社,1
2023-10-15,福井,明通寺 エリア,神宮寺,1
2023-10-15,福井,東尋坊 エリア,福井県立恐竜博物館,1
2023-10-15,福井,気比の松原,JR敦賀駅前 エリア,1
2023-10-15,福井,氣比神宮,JR敦賀駅前 エリア,2
2023-10-15,福井,氣比神宮,明通寺 エリア,1
2023-10-15,福井,熊川宿,小浜 エリア（宿泊施設）,1
2023-10-15,福井,熊川宿 エリア,びわ湖（滋賀県）,1
2023-10-15,福井,福井県立恐竜博物館,スーベニアショップ ラプトル エリア,1
2023-10-15,福井,福井県立恐竜博物館,福井駅前 エリア,1
2023-10-15,福井,福井駅前 エリア,北の庄城址・柴田公園,1
2023-10-15,福井,福井駅前 エリア,吉崎御坊跡,1
2023-10-15,福井,福井駅前 エリア,足羽川桜並木,1
2023-10-15,福井,越前がにミュージアム,福井駅前 エリア,1
2023-10-15,福井,越前そばの里,福井駅前 エリア,1
2023-10-15,福井,越前大仏,丸岡城 エリア,1
2023-10-15,福井,越前大野城,道の駅「南えちぜん山海里」 エリア,1
2023-10-15,福井,越前陶芸村 エリア,劔神社,1
2023-10-15,福井,越前陶芸村 エリア,越前水仙の里公園,1
2023-10-15,福井,道の駅「パークイン丹生ヶ丘」,一乗谷朝倉氏遺跡 エリア,1
2023-10-15,福井,道の駅「パークイン丹生ヶ丘」,越前陶芸村 エリア,1
2023-10-15,福井,道の駅「パークイン丹生ヶ丘」,道の駅「越前」 エリア,1
2023-10-15,福井,道の駅「パークイン丹生ヶ丘」 エリア,一乗谷朝倉氏遺跡,1
2023-10-15,福井,道の駅「南えちぜん山海里」 エリア,福井県立恐竜博物館,1
2023-10-15,福井,道の駅「南えちぜん山海里」 エリア,越前大野城,1
2023-10-15,福井,道の駅「恐竜渓谷かつやま」,平泉寺白山神社 エリア,1
2023-10-15,福井,道の駅「恐竜渓谷かつやま」 エリア,白山平泉寺歴史探遊館 まほろば,1
2023-10-15,福井,道の駅「若狭おばま」,レインボーライン エリア,1
2023-10-15,福井,金ヶ崎 エリア,氣比神宮,1
2023-10-15,福井,金沢駅周辺（石川県）,福井駅前 エリア（宿泊施設）,1
2023-10-16,石川,千里浜なぎさドライブウェイ,小松空港,1
2023-10-16,石川,小松空港,金沢駅,1
2023-10-16,石川,恐竜博物館,ふれあい昆虫館,1
2023-10-16,福井,かずら橋 エリア,福井県立恐竜博物館,1
2023-10-16,福井,スーベニアショップ ラプトル エリア,福井県立恐竜博物館,1
2023-10-16,福井,ツリーピクニックアドベンチャーいけだ,かずら橋 エリア,1
2023-10-16,福井,一乗谷朝倉氏遺跡,北ノ庄 エリア,1
2023-10-16,福井,一乗谷朝倉氏遺跡,道の駅「三方五湖」  エリア,1
2023-10-16,福井,一乗谷朝倉氏遺跡,道の駅「南えちぜん山海里」 エリア,1
2023-10-16,福井,九頭竜湖,道の駅「越前おおの荒島の郷」 エリア,1
2023-10-16,福井,大本山永平寺,だるまちゃん広場 エリア,1
2023-10-16,福井,神宮寺,明通寺 エリア,1
2023-10-16,福井,福井県立恐竜博物館,スーベニアショップ ラプトル エリア,1
2023-10-16,福井,福井駅前 エリア,めがねミュージアム,1
2023-10-16,福井,箸のふるさと館WAKASA,小浜 エリア（宿泊施設）,1
2023-10-16,福井,若狭町観光船レイククルーズ,レインボーライン エリア,1
2023-10-16,福井,越前そばの里 エリア,一乗谷朝倉氏遺跡,1
2023-10-16,福井,越前海岸,道の駅「パークイン丹生ヶ丘」 エリア,1
2023-10-16,福井,道の駅「パークイン丹生ヶ丘」 エリア,越前陶芸村,1
2023-10-16,福井,道の駅「名田庄」,若狭高浜 エリア,1
2023-10-17,福井,JR美浜駅 エリア,レインボーライン,1
2023-10-17,福井,あわら温泉街,あわら湯のまち エリア,1
2023-10-17,福井,あわら湯のまち エリア,日本海さかな街,1
2023-10-17,福井,あわら湯のまち エリア,芝政ワールド,1
2023-10-17,福井,一乗谷朝倉氏遺跡,大本山 永平寺 エリア,1
2023-10-17,福井,一乗谷朝倉氏遺跡,福井駅前 エリア,1
2023-10-17,福井,三丁町,明通寺 エリア,1
2023-10-17,福井,三國湊レトロ,道の駅みくに ふれあいパーク三里浜 エリア,1
2023-10-17,福井,丸岡城,フルーツライン エリア,1
2023-10-17,福井,大本山 永平寺 エリア,福井県立恐竜博物館,1
2023-10-17,福井,大本山永平寺,だるまちゃん広場 エリア,1
2023-10-17,福井,小浜市まちの駅・旭座,明通寺 エリア,1
2023-10-17,福井,日本海さかな街,道の駅「南えちぜん山海里」 エリア,1
2023-10-17,福井,明通寺 エリア,三方五湖,1
2023-10-17,福井,明通寺 エリア,熊川宿,1
2023-10-17,福井,明通寺 エリア,若狭瓜割名水公園 瓜割の滝,1
2023-10-17,福井,明通寺 エリア,道の駅「若狭おばま」,1
2023-10-17,福井,東尋坊,越前松島水族館 エリア,1
2023-10-17,福井,氣比神宮,明通寺 エリア,1
2023-10-17,福井,福井県立恐竜博物館,道の駅「南えちぜん山海里」 エリア,1
2023-10-17,福井,福井駅前 エリア,丸岡城,1
2023-10-17,福井,若狭フィッシャーマンズワーフ,JR美浜駅 エリア,1
2023-10-17,福井,越前そばの里,一乗谷朝倉氏遺跡 エリア,1
2023-10-17,福井,越前大野城,道の駅「禅の里」 エリア,1
2023-10-17,福井,越前松島水族館,あわら湯のまち エリア,1
2023-10-17,福井,越前松島水族館 エリア,福井県立恐竜博物館,1
2023-10-17,福井,道の駅「若狭熊川宿」,明通寺 エリア,1
2023-10-17,福井,道の駅「越前おおの荒島の郷」,越前大野城・城下町 エリア,1
2023-10-17,福井,道の駅「越前おおの荒島の郷」 エリア,越前大野城,1
2023-10-17,福井,道の駅みくに ふれあいパーク三里浜 エリア,丸岡城,1
2023-10-18,石川,恐竜博物館,小松空港,1
2023-10-18,福井,あわら湯のまち エリア,丸岡城,1
2023-10-18,福井,うみんぴあ大飯 エリア,道の駅「若狭熊川宿」,1
2023-10-18,福井,はたや記念館 ゆめおーれ勝山 エリア,福井県立恐竜博物館,1
2023-10-18,福井,スキージャム勝山 エリア,福井県立恐竜博物館,1
2023-10-18,福井,スーベニアショップ ラプトル エリア,平泉寺白山神社,1
2023-10-18,福井,レインボーライン エリア,一乗谷朝倉氏遺跡,1
2023-10-18,福井,一乗谷朝倉氏遺跡,一乗谷朝倉氏遺跡 エリア,1
2023-10-18,福井,一乗谷朝倉氏遺跡 エリア,道の駅「南えちぜん山海里」,1
2023-10-18,福井,七間朝市,道の駅「越前おおの荒島の郷」 エリア,1
2023-10-18,福井,三國湊レトロ,三国湊 エリア,1
2023-10-18,福井,丸岡城 エリア,養浩館庭園,1
2023-10-18,福井,九頭竜湖,あわら湯のまち エリア,1
2023-10-18,福井,今庄宿,道の駅「南えちぜん山海里」 エリア,1
2023-10-18,福井,劔神社,福井駅前 エリア,1
2023-10-18,福井,大本山 永平寺 エリア,道の駅「禅の里」,1
2023-10-18,福井,大本山永平寺,一乗谷朝倉氏遺跡 エリア,1
2023-10-18,福井,大本山永平寺,道の駅「禅の里」 エリア,1
2023-10-18,福井,小浜市まちの駅 エリア,道の駅「うみんぴあ大飯」,1
2023-10-18,福井,平泉寺白山神社 エリア,大本山永平寺,1
2023-10-18,福井,御食国若狭おばま食文化館 エリア,道の駅「シーサイド高浜」,1
2023-10-18,福井,敦賀赤レンガ倉庫,金ヶ崎 エリア,1
2023-10-18,福井,日本海さかな街 エリア,気比の松原,1
2023-10-18,福井,明通寺 エリア,レインボーライン,1
2023-10-18,福井,東尋坊,福井駅前 エリア,1
2023-10-18,福井,氣比神宮,日本海さかな街 エリア,1
2023-10-18,福井,湖上館パムコ（水月湖）エリア,越前大野城,1
2023-10-18,福井,福井県年縞博物館,レインボーライン エリア,1
2023-10-18,福井,福井県産業会館,福井駅前 エリア（宿泊施設）,1
2023-10-18,福井,福井県立恐竜博物館,スキージャム勝山 エリア,2
2023-10-18,福井,福井県立恐竜博物館,スーベニアショップ ラプトル エリア,1
2023-10-18,福井,福井県立恐竜博物館,越前大野城・城下町 エリア,1
2023-10-18,福井,福井駅前 エリア,一乗谷朝倉氏遺跡,1
2023-10-18,福井,紫式部公園,だるまちゃん広場 エリア,1
2023-10-18,福井,美浜町レイクセンター エリア,敦賀赤レンガ倉庫,1
2023-10-18,福井,若狭フィッシャーマンズワーフ,小浜市まちの駅 エリア,1
2023-10-18,福井,若狭フィッシャーマンズワーフ,御食国若狭おばま食文化館 エリア,1
2023-10-18,福井,若狭フィッシャーマンズワーフ エリア,道の駅「若狭熊川宿」,1
2023-10-18,福井,越前和紙の里,うるしの里 エリア,1
2023-10-18,福井,越前大野城,湖上館パムコ（水月湖）エリア,1
2023-10-18,福井,越前大野城・城下町 エリア,一乗谷朝倉氏遺跡,1
2023-10-18,福井,越前陶芸村,道の駅「パークイン丹生ヶ丘」 エリア,1
2023-10-18,福井,道の駅「うみんぴあ大飯」,道の駅「シーサイド高浜」 エリア,1
2023-10-18,福井,道の駅「さかい」（坂井地域交流センター「いねす」）,丸岡城 エリア,1
2023-10-18,福井,道の駅「シーサイド高浜」,若狭フィッシャーマンズワーフ エリア,1
2023-10-18,福井,道の駅「シーサイド高浜」 エリア,UMIKARA,1
2023-10-18,福井,道の駅「恐竜渓谷かつやま」,はたや記念館 ゆめおーれ勝山 エリア,1
2023-10-18,福井,道の駅「恐竜渓谷かつやま」 エリア,福井県立恐竜博物館,1
2023-10-18,福井,道の駅「禅の里」 エリア,一乗谷朝倉氏遺跡,1
2023-10-18,福井,道の駅「西山公園」,メガネストリート エリア,1
2023-10-18,福井,道の駅「西山公園」,北潟湖 エリア,1
2023-10-18,福井,道の駅「越前」,越前漁港 エリア,1
2023-10-18,福井,道の駅「越前」,道の駅「南えちぜん山海里」 エリア,1
2023-10-18,福井,道の駅「越前おおの荒島の郷」,大本山 永平寺 エリア,1
2023-10-18,福井,道の駅「越前おおの荒島の郷」,平泉寺白山神社 エリア,1
2023-10-18,福井,道の駅「越前おおの荒島の郷」,道の駅「恐竜渓谷かつやま」 エリア,1
2023-10-18,福井,道の駅「越前おおの荒島の郷」 エリア,道の駅「恐竜渓谷かつやま」,1
2023-10-18,福井,金ヶ崎 エリア,気比の松原,1
2023-10-19,石川,のとじま水族館,食祭市場,1
2023-10-19,石川,小松空港,金沢市内,1
2023-10-19,福井,ふくい鮮いちば エリア,大本山永平寺,1
2023-10-19,福井,スーベニアショップ ラプトル エリア,福井県立恐竜博物館,1
2023-10-19,福井,レインボーライン,明通寺 エリア,1
2023-10-19,福井,一乗谷朝倉氏遺跡,一乗谷朝倉氏遺跡 エリア,1
2023-10-19,福井,一乗谷朝倉氏遺跡 エリア,一乗谷朝倉氏遺跡,1
2023-10-19,福井,丸岡城,ふくい鮮いちば エリア,1
2023-10-19,福井,丸岡城,スーベニアショップ ラプトル エリア,1
2023-10-19,福井,丸岡城,北潟湖 エリア,1
2023-10-19,福井,北の庄城址・柴田公園,福井駅前 エリア,1
2023-10-19,福井,北潟湖 エリア,一乗谷朝倉氏遺跡,1
2023-10-19,福井,吉崎御坊跡,JR芦原温泉駅 エリア,1
2023-10-19,福井,妙楽寺,明通寺 エリア,1
2023-10-19,福井,明通寺 エリア,多田寺,1
2023-10-19,福井,東尋坊,一乗谷朝倉氏遺跡 エリア,1
2023-10-19,福井,東尋坊,越前松島水族館 エリア,1
2023-10-19,福井,熊川宿,熊川宿 エリア,1
2023-10-19,福井,熊川宿 エリア,メタセコイア並木（滋賀県）,1
2023-10-19,福井,福井県立恐竜博物館,スーベニアショップ ラプトル エリア,2
2023-10-19,福井,福井県立恐竜博物館,福井駅前 エリア,2
2023-10-19,福井,福井県立恐竜博物館,越前大野城・城下町 エリア,1
2023-10-19,福井,福井駅前 エリア,今庄宿,1
2023-10-19,福井,羽賀寺,明通寺 エリア,1
2023-10-19,福井,越前大野城,越前大野城・城下町 エリア,1
2023-10-19,福井,越前大野城,道の駅「越前おおの荒島の郷」 エリア,1
2023-10-19,福井,越前大野城・城下町 エリア,一乗谷朝倉氏遺跡,1
2023-10-19,福井,道の駅「若狭おばま」,熊川宿 エリア,1
2023-10-19,福井,道の駅「越前おおの荒島の郷」 エリア,越前大野城,1
2023-10-20,福井,一乗谷朝倉氏遺跡,明通寺 エリア,1
2023-10-20,福井,一乗谷朝倉氏遺跡,福井駅前 エリア,1
2023-10-20,福井,一乗谷朝倉氏遺跡 エリア,一乗谷朝倉氏遺跡,1
2023-10-20,福井,丸岡城,明通寺 エリア,1
2023-10-20,福井,丸岡城 エリア,東尋坊,1
2023-10-20,福井,大本山永平寺,大本山 永平寺 エリア,1
2023-10-20,福井,大本山永平寺,福井駅前 エリア,1
2023-10-20,福井,小浜市 阿納 エリア,若狭フィッシャーマンズワーフ,1
2023-10-20,福井,日本海さかな街,水晶浜 エリア,1
2023-10-20,福井,明通寺 エリア,敦賀赤レンガ倉庫,1
2023-10-20,福井,水晶浜 エリア,敦賀赤レンガ倉庫,1
2023-10-20,福井,福井駅前 エリア,福井県立恐竜博物館,1
2023-10-20,福井,福井駅前 エリア,野外恐竜博物館,1
2023-10-20,福井,越前大仏,一乗谷朝倉氏遺跡 エリア,1
2023-10-20,福井,越前大野城,丸岡城 エリア,1
2023-10-20,福井,道の駅「一乗谷あさくら水の駅」,一乗谷朝倉氏遺跡 エリア,1
2023-10-21,石川,小松空港,兼六園,1
2023-10-21,石川,小松空港,金沢城,1
2023-10-21,石川,金沢駅,小松空港,1
2023-10-21,福井,JR九頭竜湖駅 エリア,道の駅「九頭竜・和泉ふれあい会館」,1
2023-10-21,福井,ふくい鮮いちば,福井駅前 エリア,1
2023-10-21,福井,レインボーライン,レインボーライン エリア,1
2023-10-21,福井,レインボーライン,日本海さかな街 エリア,1
2023-10-21,福井,レインボーライン エリア,日本海さかな街,1
2023-10-21,福井,一乗谷朝倉氏遺跡,一乗谷朝倉氏遺跡 エリア,1
2023-10-21,福井,一乗谷朝倉氏遺跡,大本山 永平寺 エリア,1
2023-10-21,福井,丸岡城,大本山 永平寺 エリア,1
2023-10-21,福井,丸岡城,越前大野城・城下町 エリア,1
2023-10-21,福井,丸岡城 エリア,一乗谷朝倉氏遺跡,1
2023-10-21,福井,九頭竜スキー場,JR九頭竜湖駅 エリア,1
2023-10-21,福井,人道の港 敦賀ムゼウム,金ヶ崎 エリア,1
2023-10-21,福井,劔神社,越前そばの里 エリア,1
2023-10-21,福井,北の庄城址・柴田公園,北ノ庄 エリア,1
2023-10-21,福井,北の庄城址・柴田公園,名勝 養浩館庭園 エリア,1
2023-10-21,福井,名勝 養浩館庭園 エリア,福井県立恐竜博物館,1
2023-10-21,福井,大本山 永平寺 エリア,東尋坊,1
2023-10-21,福井,大本山永平寺,はたや記念館 ゆめおーれ勝山 エリア,1
2023-10-21,福井,大本山永平寺,東尋坊 エリア,1
2023-10-21,福井,日本海さかな街 エリア,びわ湖（滋賀県）,1
2023-10-21,福井,東尋坊 エリア,越前松島水族館,1
2023-10-21,福井,熊川宿,レインボーライン エリア,1
2023-10-21,福井,熊川宿,金ヶ崎 エリア,1
2023-10-21,福井,福井県立恐竜博物館,丸岡城 エリア,1
2023-10-21,福井,福井駅,福井駅前 エリア,1
2023-10-21,福井,福井駅,福井駅前 エリア（宿泊施設）,2
2023-10-21,福井,福井駅前 エリア,一乗谷朝倉氏遺跡,1
2023-10-21,福井,福井駅前 エリア,北の庄城址・柴田公園,1
2023-10-21,福井,福井駅前 エリア,越前大仏,1
2023-10-21,福井,福井駅前 エリア（宿泊施設）,一乗谷朝倉氏遺跡,1
2023-10-21,福井,福井駅前 エリア（宿泊施設）,福井県立恐竜博物館,1
2023-10-21,福井,箸のふるさと館WAKASA エリア,御食国若狭おばま食文化館,1
2023-10-21,福井,西山動物園,道の駅「西山公園」 エリア,1
2023-10-21,福井,越前そばの里 エリア,越前がにミュージアム,1
2023-10-21,福井,越前大野城,道の駅「越前おおの荒島の郷」 エリア,1
2023-10-21,福井,越前大野城・城下町 エリア,越前大野城,1
2023-10-21,福井,越前海岸,福井駅前 エリア,1
2023-10-21,福井,道の駅「九頭竜・和泉ふれあい会館」,道の駅「越前おおの荒島の郷」 エリア,1
2023-10-21,福井,道の駅「恐竜渓谷かつやま」,道の駅「禅の里」 エリア,1
2023-10-21,福井,道の駅「禅の里」,一乗谷朝倉氏遺跡 エリア,1
2023-10-21,福井,道の駅「西山公園」 エリア,大本山永平寺,1
2023-10-21,福井,道の駅「越前おおの荒島の郷」 エリア,九頭竜スキー場,1
2023-10-21,福井,金ヶ崎 エリア,丸岡城,1
2023-10-21,福井,養浩館庭園,福井駅前 エリア,1
2023-10-21,福井,養浩館庭園,福井駅前 エリア（宿泊施設）,1
2023-10-22,石川,小松空港,帰宅,1
2023-10-22,福井,あわら温泉屋台村「湯けむり横丁」,あわら湯のまち エリア,1
2023-10-22,福井,あわら湯のまち エリア,東尋坊,1
2023-10-22,福井,えちぜん鉄道 永平寺口駅 エリア,福井県立恐竜博物館,1
2023-10-22,福井,はたや記念館 ゆめおーれ勝山 エリア,福井県立恐竜博物館,1
2023-10-22,福井,スーベニアショップ ラプトル エリア,一乗谷朝倉氏遺跡,1
2023-10-22,福井,スーベニアショップ ラプトル エリア,平泉寺白山神社,1
2023-10-22,福井,レインボーライン,レインボーライン エリア,1
2023-10-22,福井,レインボーライン エリア,三方五湖,1
2023-10-22,福井,レインボーライン エリア,道の駅「三方五湖」,1
2023-10-22,福井,一乗谷朝倉氏遺跡,一乗谷朝倉氏遺跡 エリア,3
2023-10-22,福井,一乗谷朝倉氏遺跡 エリア,丸岡城,1
2023-10-22,福井,一乗谷朝倉氏遺跡 エリア,福井県立恐竜博物館,1
2023-10-22,福井,一乗谷朝倉氏遺跡 エリア,越前大野城,3
2023-10-22,福井,三丁町,明通寺 エリア,1
2023-10-22,福井,丸岡城,丸岡城 エリア,1
2023-10-22,福井,丸岡城 エリア,大本山永平寺,1
2023-10-22,福井,丸岡城 エリア,東尋坊,1
2023-10-22,福井,北の庄城址・柴田公園,道の駅「南えちぜん山海里」 エリア,1
2023-10-22,福井,大本山 永平寺 エリア,一乗谷朝倉氏遺跡,1
2023-10-22,福井,大本山 永平寺 エリア,大本山永平寺,1
2023-10-22,福井,大本山永平寺,丸岡城 エリア,1
2023-10-22,福井,大本山永平寺,大本山 永平寺 エリア,1
2023-10-22,福井,大本山永平寺,福井駅前 エリア（宿泊施設）,1
2023-10-22,福井,小浜市 阿納 エリア,氣比神宮,1
2023-10-22,福井,平泉寺白山神社 エリア,越前大野城,1
2023-10-22,福井,日本海さかな街,JR敦賀駅前 エリア,1
2023-10-22,福井,日本海さかな街,道の駅「西山公園」 エリア,1
2023-10-22,福井,日本海さかな街 エリア,若狭海遊バザール千鳥苑 若狭美浜 海の駅,2
2023-10-22,福井,明通寺,明通寺 エリア,1
2023-10-22,福井,東尋坊,一乗谷朝倉氏遺跡 エリア,1
2023-10-22,福井,東尋坊,平泉寺白山神社 エリア,1
2023-10-22,福井,東尋坊,越前大野城・城下町 エリア,1
2023-10-22,福井,毛谷黒龍神社,福井駅前 エリア（宿泊施設）,1
2023-10-22,福井,氣比神宮,日本海さかな街 エリア,2
2023-10-22,福井,熊川宿,湖上館パムコ（水月湖）エリア,1
2023-10-22,福井,神宮寺,明通寺 エリア,1
2023-10-22,福井,福井県こども家族館,若狭高浜 エリア,1
2023-10-22,福井,福井県年縞博物館,小浜市 阿納 エリア,1
2023-10-22,福井,福井県立恐竜博物館,福井駅前 エリア,1
2023-10-22,福井,福井県立恐竜博物館,福井駅前 エリア（宿泊施設）,1
2023-10-22,福井,福井県立恐竜博物館,越前大野城・城下町 エリア,1
2023-10-22,福井,福井駅,スーベニアショップ ラプトル エリア,1
2023-10-22,福井,福井駅前 エリア,かつやまディノパーク,1
2023-10-22,福井,福井駅前 エリア,一乗谷朝倉氏遺跡,1
2023-10-22,福井,福井駅前 エリア（宿泊施設）,福井県立恐竜博物館,1
2023-10-22,福井,福井駅前 エリア（宿泊施設）,越前がにミュージアム,1
2023-10-22,福井,若狭たかはま エルどらんど,若狭和田 エリア,1
2023-10-22,福井,若狭フィッシャーマンズワーフ,若狭フィッシャーマンズワーフ エリア,1
2023-10-22,福井,越前そばの里,越前そばの里 エリア,1
2023-10-22,福井,越前大仏,一乗谷朝倉氏遺跡 エリア,1
2023-10-22,福井,越前大野城,スーベニアショップ ラプトル エリア,1
2023-10-22,福井,越前大野城,一乗谷朝倉氏遺跡 エリア,1
2023-10-22,福井,越前大野城,越前大野城・城下町 エリア,1
2023-10-22,福井,越前大野城・城下町 エリア,福井県立恐竜博物館,1
2023-10-22,福井,道の駅「シーサイド高浜」,レインボーライン エリア,1
2023-10-22,福井,道の駅「シーサイド高浜」,道の駅「シーサイド高浜」 エリア,1
2023-10-22,福井,道の駅「三方五湖」  エリア,道の駅「若狭おばま」,1
2023-10-22,福井,道の駅「南えちぜん山海里」 エリア,一乗谷朝倉氏遺跡,1
2023-10-22,福井,道の駅「若狭おばま」,明通寺 エリア,1
2023-10-22,福井,養浩館庭園,一乗谷朝倉氏遺跡 エリア,1
2023-10-23,石川,小松空港,自宅,1
2023-10-23,石川,永平寺,小松空港,1
2023-10-23,福井,JR美浜駅 エリア,レインボーライン,1
2023-10-23,福井,JR美浜駅 エリア,三方五湖,1
2023-10-23,福井,一乗谷朝倉氏遺跡,スーベニアショップ ラプトル エリア,1
2023-10-23,福井,一乗谷朝倉氏遺跡,大本山 永平寺 エリア,2
2023-10-23,福井,一乗谷朝倉氏遺跡,福井駅前 エリア,1
2023-10-23,福井,一乗谷朝倉氏遺跡,道の駅「越前」 エリア,1
2023-10-23,福井,一乗谷朝倉氏遺跡 エリア,福井県立恐竜博物館,1
2023-10-23,福井,丸岡城,道の駅みくに ふれあいパーク三里浜 エリア,1
2023-10-23,福井,劔神社 エリア,氣比神宮,1
2023-10-23,福井,北の庄城址・柴田公園,JR美浜駅 エリア,1
2023-10-23,福井,北の庄城址・柴田公園,福井駅前 エリア,1
2023-10-23,福井,北ノ庄 エリア,福井駅,1
2023-10-23,福井,大本山 永平寺 エリア,福井駅,1
2023-10-23,福井,小浜市 阿納 エリア,熊川宿,1
2023-10-23,福井,敦賀駅,JR敦賀駅前 エリア,1
2023-10-23,福井,東尋坊,道の駅「越前」 エリア,1
2023-10-23,福井,東尋坊,道の駅みくに ふれあいパーク三里浜 エリア,1
2023-10-23,福井,氣比神宮,北ノ庄 エリア,1
2023-10-23,福井,熊川宿,明通寺 エリア,1
2023-10-23,福井,福井県立恐竜博物館,道の駅「越前おおの荒島の郷」 エリア,1
2023-10-23,福井,福井駅,北ノ庄 エリア,1
2023-10-23,福井,福井駅前 エリア,平泉寺白山神社,1
2023-10-23,福井,福井駅前 エリア,氣比神宮,1
2023-10-23,福井,羽賀寺,うみんぴあ大飯 エリア,1
2023-10-23,福井,若狭フィッシャーマンズワーフ,JR美浜駅 エリア,2
2023-10-23,福井,若狭三方縄文博物館,小浜市 阿納 エリア,1
2023-10-23,福井,若狭歴史博物館,明通寺 エリア,1
2023-10-23,福井,若狭瓜割名水公園 瓜割の滝,熊川宿 エリア,1
2023-10-23,福井,越前大仏,道の駅みくに ふれあいパーク三里浜 エリア,1
2023-10-23,福井,越前大野城・城下町 エリア,丸岡城,1
2023-10-23,福井,道の駅「九頭竜・和泉ふれあい会館」,越前大野城・城下町 エリア,1
2023-10-23,福井,道の駅「若狭おばま」,JR美浜駅 エリア,1
2023-10-23,福井,道の駅「越前」 エリア,福井県立恐竜博物館,1
2023-10-23,福井,道の駅みくに ふれあいパーク三里浜 エリア,丸岡城,1
2023-10-23,福井,道の駅みくに ふれあいパーク三里浜 エリア,氣比神宮,1
2023-10-24,石川,小松空港,羽田空港,2
2023-10-24,石川,近江市場,小松空港,1
2023-10-24,福井,えちぜん鉄道 松岡駅 エリア,丸岡城,1
2023-10-24,福井,スーベニアショップ ラプトル エリア,あわら温泉街,1
2023-10-24,福井,一乗谷朝倉氏遺跡,越前大野城・城下町 エリア,1
2023-10-24,福井,丸岡城,あわら湯のまち エリア,1
2023-10-24,福井,丸岡城,福井駅前 エリア（宿泊施設）,1
2023-10-24,福井,北陸新幹線 越前たけふ駅 エリア,東尋坊,1
2023-10-24,福井,名勝 養浩館庭園 エリア,一乗谷朝倉氏遺跡,1
2023-10-24,福井,大本山永平寺,北ノ庄 エリア,1
2023-10-24,福井,大本山永平寺,名勝 養浩館庭園 エリア,1
2023-10-24,福井,日本海さかな街 エリア,東尋坊,1
2023-10-24,福井,明通寺 エリア,神宮寺,1
2023-10-24,福井,氣比神宮,JR敦賀駅前 エリア,1
2023-10-24,福井,氣比神宮,北陸新幹線 越前たけふ駅 エリア,1
2023-10-24,福井,湖上館パムコ（水月湖）エリア,三方五湖,1
2023-10-24,福井,湖上館パムコ（水月湖）エリア,五湖の駅,1
2023-10-24,福井,熊川宿,湖上館パムコ（水月湖）エリア,1
2023-10-24,福井,福井県立恐竜博物館,スーベニアショップ ラプトル エリア,2
2023-10-24,福井,紫式部公園 エリア,越前打刃物会館,1
2023-10-24,福井,越前大野城,日本海さかな街 エリア,1
2023-10-24,福井,越前大野城・城下町 エリア,あわら温泉街,1
2023-10-24,福井,道の駅「三方五湖」,レインボーライン エリア,1
2023-10-24,福井,道の駅「三方五湖」,湖上館パムコ（水月湖）エリア,1
2023-10-24,福井,道の駅「三方五湖」  エリア,道の駅「若狭おばま」,1
2023-10-25,福井,JR敦賀駅前 エリア,彦根城（滋賀県）,1
2023-10-25,福井,JR敦賀駅前 エリア,福井県年縞博物館,1
2023-10-25,福井,あわら温泉街,越前松島水族館 エリア,1
2023-10-25,福井,スキージャム勝山 エリア,越前大仏,1
2023-10-25,福井,一乗谷朝倉氏遺跡,丸岡城 エリア,1
2023-10-25,福井,一乗谷朝倉氏遺跡,明通寺 エリア,1
2023-10-25,福井,丸岡城,道の駅「南えちぜん山海里」 エリア,1
2023-10-25,福井,丸岡城 エリア,大本山永平寺,2
2023-10-25,福井,北の庄城址・柴田公園,北ノ庄 エリア,1
2023-10-25,福井,明通寺 エリア,道の駅「うみんぴあ大飯」,1
2023-10-25,福井,東尋坊,丸岡城 エリア,2
2023-10-25,福井,熊川宿 エリア,びわ湖（滋賀県）,1
2023-10-25,福井,道の駅「恐竜渓谷かつやま」 エリア,白山平泉寺歴史探遊館 まほろば,1
2023-10-25,福井,道の駅「若狭熊川宿」,熊川宿 エリア,1
2023-10-25,福井,金津創作の森,フルーツライン エリア,1
2023-10-26,福井,JR敦賀駅前 エリア,一乗谷朝倉氏遺跡,1
2023-10-26,福井,「ちひろの生まれた家」記念館,武生駅 エリア,1
2023-10-26,福井,だるまちゃん広場 エリア,西山動物園,1
2023-10-26,福井,めがねミュージアム,越前和紙の里 エリア,1
2023-10-26,福井,一乗谷朝倉氏遺跡 エリア,東尋坊,1
2023-10-26,福井,九頭竜湖,越前大野城・城下町 エリア,1
2023-10-26,福井,小浜市水産食品センター（若狭小浜お魚センター）,道の駅「三方五湖」  エリア,1
2023-10-26,福井,敦賀鉄道資料館（旧敦賀港駅舎 ）,JR敦賀駅前 エリア,1
2023-10-26,福井,氣比神宮,JR敦賀駅前 エリア,1
2023-10-26,福井,若狭フィッシャーマンズワーフ エリア,道の駅「シーサイド高浜」,1
2023-10-26,福井,若狭和田ビーチ,道の駅「シーサイド高浜」 エリア,1
2023-10-26,福井,越前大野城,一乗谷朝倉氏遺跡 エリア,1
2023-10-26,福井,越前大野城・城下町 エリア,一乗谷朝倉氏遺跡,1
2023-10-26,福井,越前大野城・城下町 エリア,平泉寺白山神社,1
2023-10-26,福井,越前打刃物会館,だるまちゃん広場 エリア,1
2023-10-26,福井,越前松島水族館,東尋坊 エリア,1
2023-10-26,福井,道の駅「三方五湖」  エリア,道の駅「うみんぴあ大飯」,1
2023-10-26,福井,雄島,東尋坊 エリア,1
2023-10-26,福井,青葉山ハーバルビレッジ,若狭高浜 エリア,1
2023-10-27,石川,21世紀美術館,小松空港,1
2023-10-27,石川,兼六園,小松空港,1
2023-10-27,石川,輪島,小松空港,1
2023-10-27,福井,JR敦賀駅前 エリア,人道の港 敦賀ムゼウム,1
2023-10-27,福井,JR芦原温泉駅 エリア,あわら温泉街,1
2023-10-27,福井,あわら湯のまち エリア,大本山永平寺,1
2023-10-27,福井,メガネストリート エリア,大本山永平寺,1
2023-10-27,福井,一乗谷朝倉氏遺跡,明通寺 エリア,1
2023-10-27,福井,一乗谷朝倉氏遺跡,福井駅前 エリア,1
2023-10-27,福井,一乗谷朝倉氏遺跡 エリア,越前松島水族館,1
2023-10-27,福井,万葉の里 味真野苑（ミズバショウ・フジ・スイレン・ハギ）,タケフナイフビレッジ エリア,1
2023-10-27,福井,三国湊 エリア,東尋坊,1
2023-10-27,福井,三國湊レトロ,三国湊 エリア,1
2023-10-27,福井,丸岡城 エリア,大本山永平寺,1
2023-10-27,福井,人道の港 敦賀ムゼウム,金ヶ崎 エリア,1
2023-10-27,福井,明通寺 エリア,氣比神宮,1
2023-10-27,福井,東尋坊,あわら湯のまち エリア,1
2023-10-27,福井,東尋坊,メガネストリート エリア,1
2023-10-27,福井,東尋坊,丸岡城 エリア,1
2023-10-27,福井,氣比神宮,道の駅「三方五湖」  エリア,1
2023-10-27,福井,福井県立恐竜博物館,一乗谷朝倉氏遺跡 エリア,1
2023-10-27,福井,福井駅前 エリア,東尋坊,1
2023-10-27,福井,花はす公園,越前そばの里 エリア,1
2023-10-27,福井,若狭フィッシャーマンズワーフ,小浜 エリア（宿泊施設）,1
2023-10-27,福井,越前そばの里,紫式部公園 エリア,1
2023-10-27,福井,越前そばの里 エリア,西山動物園,1
2023-10-27,福井,越前海岸,道の駅「越前」 エリア,1
2023-10-27,福井,越前海岸 高佐米ノ旅館街 エリア,越前がにミュージアム,1
2023-10-27,福井,道の駅「シーサイド高浜」,名田庄 エリア,1
2023-10-27,福井,道の駅「パークイン丹生ヶ丘」,道の駅「南えちぜん山海里」 エリア,1
2023-10-27,福井,道の駅「三方五湖」  エリア,熊川宿,1
2023-10-27,福井,道の駅「越前」 エリア,東尋坊,1
2023-10-28,石川,和倉温泉,のとじま水族館,1
2023-10-28,福井,JR敦賀駅前 エリア,丸岡城,1
2023-10-28,福井,あわら温泉「芦湯」,フルーツライン エリア,1
2023-10-28,福井,あわら温泉「芦湯」,丸岡城 エリア,1
2023-10-28,福井,あわら温泉「芦湯」,北潟湖 エリア,1
2023-10-28,福井,あわら湯のまち エリア,三國湊レトロ,1
2023-10-28,福井,あわら湯のまち エリア,福井県立恐竜博物館,1
2023-10-28,福井,えちぜん鉄道 永平寺口駅 エリア,福井県立恐竜博物館,1
2023-10-28,福井,ファーマーズマーケットきららの丘,道の駅みくに ふれあいパーク三里浜 エリア,1
2023-10-28,福井,フルーツライン エリア,丸岡城,1
2023-10-28,福井,三国湊 エリア,越前大野城,1
2023-10-28,福井,三國湊レトロ,三国湊 エリア,1
2023-10-28,福井,丸岡城,丸岡城 エリア,1
2023-10-28,福井,丸岡城,越前そばの里 エリア,1
2023-10-28,福井,丸岡城 エリア,丸岡城,1
2023-10-28,福井,丸岡城 エリア,越前大仏,1
2023-10-28,福井,丸岡城 エリア,越前松島水族館,1
2023-10-28,福井,劔神社,丸岡城 エリア,1
2023-10-28,福井,北潟湖 エリア,一乗谷朝倉氏遺跡,1
2023-10-28,福井,大本山永平寺,あわら湯のまち エリア,1
2023-10-28,福井,大本山永平寺,越前大野城・城下町 エリア,1
2023-10-28,福井,小浜市 阿納 エリア,三方五湖,1
2023-10-28,福井,小浜市 阿納 エリア,道の駅「若狭おばま」,1
2023-10-28,福井,小浜市水産食品センター（若狭小浜お魚センター）,若狭フィッシャーマンズワーフ エリア,1
2023-10-28,福井,敦賀赤レンガ倉庫,JR九頭竜湖駅 エリア,1
2023-10-28,福井,敦賀赤レンガ倉庫,劔神社 エリア,1
2023-10-28,福井,氣比神宮,JR敦賀駅前 エリア,1
2023-10-28,福井,氣比神宮,小浜市 阿納 エリア,1
2023-10-28,福井,福井県立恐竜博物館,あわら湯のまち エリア,2
2023-10-28,福井,福井県立恐竜博物館,スーベニアショップ ラプトル エリア,1
2023-10-28,福井,若狭フィッシャーマンズワーフ,明通寺 エリア,1
2023-10-28,福井,若狭フィッシャーマンズワーフ エリア,敦賀赤レンガ倉庫,1
2023-10-28,福井,越前大仏,レインボーライン エリア,1
2023-10-28,福井,越前大野城,道の駅「禅の里」 エリア,1
2023-10-28,福井,越前大野城・城下町 エリア,越前大野城,1
2023-10-28,福井,道の駅「シーサイド高浜」,若州一滴文庫 エリア,1
2023-10-28,福井,道の駅「三方五湖」  エリア,敦賀赤レンガ倉庫,1
2023-10-28,福井,道の駅「名田庄」,名田庄 エリア,1
2023-10-28,福井,道の駅「若狭おばま」,明通寺 エリア,1
2023-10-29,石川,兼六園,ふれあい昆虫館,1
2023-10-29,石川,金沢中央観光案内所,ホテルに戻る,1
2023-10-29,福井,JR九頭竜湖駅 エリア,九頭竜湖,1
2023-10-29,福井,JR美浜駅 エリア,一乗谷朝倉氏遺跡,1
2023-10-29,福井,あわら湯のまち エリア,丸岡城,2
2023-10-29,福井,えちぜん鉄道 松岡駅 エリア,越前大野城,1
2023-10-29,福井,レインボーライン,道の駅「三方五湖」  エリア,1
2023-10-29,福井,レインボーライン エリア,三方五湖,1
2023-10-29,福井,三國湊レトロ,JR芦原温泉駅 エリア,1
2023-10-29,福井,三方五湖,JR敦賀駅前 エリア,1
2023-10-29,福井,三方五湖,JR美浜駅 エリア,1
2023-10-29,福井,三方五湖,明通寺 エリア,1
2023-10-29,福井,丸岡城,丸岡城 エリア,1
2023-10-29,福井,丸岡城 エリア,福井県立恐竜博物館,1
2023-10-29,福井,九頭竜湖,道の駅「越前おおの荒島の郷」 エリア,1
2023-10-29,福井,人道の港 敦賀ムゼウム,金ヶ崎 エリア,1
2023-10-29,福井,北の庄城址・柴田公園,越前海岸 北部 エリア,1
2023-10-29,福井,北潟湖 エリア,あわら温泉街,1
2023-10-29,福井,恐竜博物館,越前大野城・城下町 エリア,1
2023-10-29,福井,敦賀赤レンガ倉庫,日本海さかな街 エリア,2
2023-10-29,福井,日本海さかな街,レインボーライン エリア,1
2023-10-29,福井,明通寺 エリア,国分寺 (小浜市),1
2023-10-29,福井,明通寺 エリア,若狭瓜割名水公園 瓜割の滝,1
2023-10-29,福井,福井県立恐竜博物館,あわら湯のまち エリア,2
2023-10-29,福井,福井駅前 エリア,東尋坊,1
2023-10-29,福井,福井駅前 エリア（宿泊施設）,金沢駅周辺（石川県）,1
2023-10-29,福井,若狭海遊バザール千鳥苑 若狭美浜 海の駅,JR美浜駅 エリア,1
2023-10-29,福井,若狭町観光船レイククルーズ,レインボーライン エリア,1
2023-10-29,福井,越前大野城,越前大野城・城下町 エリア,1
2023-10-29,福井,越前大野城・城下町 エリア,大本山永平寺,1
2023-10-29,福井,越前海岸 北部 エリア,越前大仏,1
2023-10-29,福井,越前陶芸村,越前海岸 くりや旅館街 エリア,1
2023-10-29,福井,道の駅「三方五湖」,レインボーライン エリア,1
2023-10-29,福井,道の駅「三方五湖」  エリア,五湖の駅,1
2023-10-29,福井,道の駅「三方五湖」  エリア,福井駅,1
2023-10-29,福井,道の駅「南えちぜん山海里」,道の駅「パークイン丹生ヶ丘」 エリア,1
2023-10-29,福井,道の駅「恐竜渓谷かつやま」 エリア,福井県立恐竜博物館,1
2023-10-29,福井,道の駅「若狭熊川宿」,熊川宿 エリア,1
2023-10-29,福井,道の駅「越前」,道の駅「越前」 エリア,1
2023-10-29,福井,道の駅「越前おおの荒島の郷」 エリア,道の駅「禅の里」,1
2023-10-29,福井,金ヶ崎 エリア,敦賀赤レンガ倉庫,1
2023-10-30,石川,いしかわ動物園,兼六園,1
2023-10-30,石川,いしかわ動物園,帰る,1
2023-10-30,石川,いしかわ動物園,近江町市場,1
2023-10-30,福井,「ちひろの生まれた家」記念館,武生駅 エリア,1
2023-10-30,福井,あわら温泉屋台村「湯けむり横丁」,道の駅みくに ふれあいパーク三里浜 エリア,1
2023-10-30,福井,うみんぴあ大飯 エリア,道の駅「シーサイド高浜」,1
2023-10-30,福井,ふれあいパーク三里浜(道の駅「みくに」),道の駅「南えちぜん山海里」 エリア,1
2023-10-30,福井,レインボーライン,小浜市 阿納 エリア,1
2023-10-30,福井,レインボーライン,熊川宿 エリア,1
2023-10-30,福井,レインボーライン エリア,若狭フィッシャーマンズワーフ,1
2023-10-30,福井,一乗谷朝倉氏遺跡,一乗谷朝倉氏遺跡 エリア,1
2023-10-30,福井,一乗谷朝倉氏遺跡 エリア,大本山永平寺,1
2023-10-30,福井,一乗谷朝倉氏遺跡 エリア,福井県立恐竜博物館,1
2023-10-30,福井,一乗谷朝倉氏遺跡 エリア,越前大野城,1
2023-10-30,福井,七間朝市,道の駅「越前おおの荒島の郷」 エリア,1
2023-10-30,福井,丸岡城,越前そばの里 エリア,1
2023-10-30,福井,九頭竜スキー場,道の駅「越前おおの荒島の郷」 エリア,1
2023-10-30,福井,休暇村越前三国オートキャンプ場,三国湊 エリア,1
2023-10-30,福井,北の庄城址・柴田公園,一乗谷朝倉氏遺跡 エリア,1
2023-10-30,福井,北の庄城址・柴田公園,越前大野城・城下町 エリア,1
2023-10-30,福井,北潟湖畔公園・サイクリングパーク,北潟湖 エリア,1
2023-10-30,福井,北陸新幹線 越前たけふ駅 エリア,岡太神社・大瀧神社,1
2023-10-30,福井,大安禅寺,福井駅前 エリア,1
2023-10-30,福井,小浜市 阿納 エリア,日本海さかな街,1
2023-10-30,福井,岡太神社・大瀧神社,花の駅 ゆりの里公園 エリア,1
2023-10-30,福井,東尋坊,一乗谷朝倉氏遺跡 エリア,1
2023-10-30,福井,武生駅 エリア,越前そばの里,1
2023-10-30,福井,氣比神宮,明通寺 エリア,1
2023-10-30,福井,福井県産業会館,福井駅前 エリア（宿泊施設）,1
2023-10-30,福井,福井駅前 エリア,丸岡城,1
2023-10-30,福井,福井駅前 エリア（宿泊施設）,福井県立恐竜博物館,1
2023-10-30,福井,越前がにミュージアム,福井駅前 エリア,1
2023-10-30,福井,越前大野城,越前大野城・城下町 エリア,2
2023-10-30,福井,越前大野城・城下町 エリア,一乗谷朝倉氏遺跡,2
2023-10-30,福井,越前大野城・城下町 エリア,九頭竜湖,1
2023-10-30,福井,越前大野城・城下町 エリア,越前大野城,1
2023-10-30,福井,道の駅「さかい」（坂井地域交流センター「いねす」）,福井駅前 エリア,1
2023-10-30,福井,道の駅「シーサイド高浜」 エリア,道の駅「うみんぴあ大飯」,1
2023-10-30,福井,道の駅「九頭竜・和泉ふれあい会館」,JR九頭竜湖駅 エリア,1
2023-10-30,福井,道の駅「若狭おばま」,御食国若狭おばま食文化館 エリア,1
2023-10-30,福井,道の駅「越前」,道の駅「越前」 エリア,1
2023-10-30,福井,道の駅「越前」 エリア,道の駅「河野」,1
2023-10-30,福井,道の駅「越前おおの荒島の郷」 エリア,福井県立恐竜博物館,1
2023-10-30,福井,道の駅「越前おおの荒島の郷」 エリア,越前大野城,1
2023-10-30,福井,鷹巣海水浴場,越前海岸 北部 エリア,1
2023-10-31,石川,山代温泉,小松空港,1
2023-10-31,福井,JR九頭竜湖駅 エリア,道の駅「越前おおの荒島の郷」,1
2023-10-31,福井,JR敦賀駅前 エリア,氣比神宮,1
2023-10-31,福井,あわら湯のまち エリア,熊川宿,1
2023-10-31,福井,あわら湯のまち エリア,越前大仏,1
2023-10-31,福井,スキージャム勝山 エリア,はたや記念館 ゆめおーれ勝山,1
2023-10-31,福井,スーベニアショップ ラプトル エリア,越前大仏,1
2023-10-31,福井,レインボーライン,小浜市 阿納 エリア,1
2023-10-31,福井,レインボーライン エリア,道の駅「若狭熊川宿」,1
2023-10-31,福井,一乗谷朝倉氏遺跡,レインボーライン エリア,1
2023-10-31,福井,一乗谷朝倉氏遺跡 エリア,養浩館庭園,1
2023-10-31,福井,丸岡城,あわら湯のまち エリア,1
2023-10-31,福井,九頭竜スキー場,JR九頭竜湖駅 エリア,1
2023-10-31,福井,名田庄 エリア,道の駅「シーサイド高浜」,1
2023-10-31,福井,大本山永平寺,スーベニアショップ ラプトル エリア,1
2023-10-31,福井,小浜市 阿納 エリア,道の駅「若狭熊川宿」,1
2023-10-31,福井,帰宅,道の駅「三方五湖」  エリア,1
2023-10-31,福井,帰宅,道の駅「越前おおの荒島の郷」 エリア,1
2023-10-31,福井,平泉寺白山神社,一乗谷朝倉氏遺跡 エリア,1
2023-10-31,福井,敦賀赤レンガ倉庫,道の駅「三方五湖」  エリア,1
2023-10-31,福井,日本海さかな街,道の駅「南えちぜん山海里」 エリア,1
2023-10-31,福井,東尋坊 エリア,三國湊レトロ,1
2023-10-31,福井,氣比神宮,JR敦賀駅前 エリア,1
2023-10-31,福井,熊川宿,若狭フィッシャーマンズワーフ エリア,1
2023-10-31,福井,福井県立恐竜博物館,スキージャム勝山 エリア,1
2023-10-31,福井,福井駅,北ノ庄 エリア,1
2023-10-31,福井,福井駅前 エリア（宿泊施設）,福井県立恐竜博物館,1
2023-10-31,福井,紫式部公園 エリア,日本海さかな街,1
2023-10-31,福井,若狭フィッシャーマンズワーフ エリア,小浜市水産食品センター（若狭小浜お魚センター）,1
2023-10-31,福井,道の駅「九頭竜・和泉ふれあい会館」,道の駅「越前おおの荒島の郷」 エリア,1
2023-10-31,福井,道の駅「南えちぜん山海里」 エリア,西山動物園,1
2023-11-01,石川,小松空港,金沢城,1
2023-11-01,福井,うみんぴあ大飯 エリア,道の駅「シーサイド高浜」,1
2023-11-01,福井,レインボーライン エリア,熊川宿,1
2023-11-01,福井,一乗谷朝倉氏遺跡,北陸新幹線 越前たけふ駅 エリア,1
2023-11-01,福井,一乗谷朝倉氏遺跡,道の駅「パークイン丹生ヶ丘」 エリア,1
2023-11-01,福井,一乗谷朝倉氏遺跡 エリア,越前がにミュージアム,1
2023-11-01,福井,万葉の里 味真野苑（ミズバショウ・フジ・スイレン・ハギ）,タケフナイフビレッジ エリア,1
2023-11-01,福井,三方五湖,レインボーライン エリア,1
2023-11-01,福井,北陸新幹線 越前たけふ駅 エリア,花はす公園,1
2023-11-01,福井,北陸新幹線 越前たけふ駅 エリア,道の駅「南えちぜん山海里」,1
2023-11-01,福井,小浜市水産食品センター（若狭小浜お魚センター）,明通寺 エリア,1
2023-11-01,福井,敦賀赤レンガ倉庫,道の駅「南えちぜん山海里」 エリア,1
2023-11-01,福井,熊川宿,道の駅「若狭おばま」 エリア,1
2023-11-01,福井,福井県立恐竜博物館,越前大野城・城下町 エリア,1
2023-11-01,福井,越前和紙の里 エリア,越前打刃物会館,1
2023-11-01,福井,越前大野城・城下町 エリア,東尋坊,1
2023-11-01,福井,道の駅「パークイン丹生ヶ丘」 エリア,越前和紙の里,1
2023-11-01,福井,道の駅「恐竜渓谷かつやま」 エリア,道の駅「九頭竜・和泉ふれあい会館」,1
2023-11-01,福井,道の駅「若狭おばま」 エリア,道の駅「三方五湖」,1
2023-11-02,石川,金沢城,小松空港,1
2023-11-02,福井,JR敦賀駅前 エリア,三方五湖,1
2023-11-02,福井,あわら温泉「芦湯」,三国湊 エリア,1
2023-11-02,福井,レインボーライン,日本海さかな街 エリア,1
2023-11-02,福井,レインボーライン エリア,日本海さかな街,1
2023-11-02,福井,レインボーライン エリア,越前大野城,1
2023-11-02,福井,万葉の里 味真野苑（ミズバショウ・フジ・スイレン・ハギ）,タケフナイフビレッジ エリア,1
2023-11-02,福井,三丁町,御食国若狭おばま食文化館 エリア,1
2023-11-02,福井,三国湊 エリア,丸岡城,1
2023-11-02,福井,三方五湖,日本海さかな街 エリア,1
2023-11-02,福井,丸岡城,丸岡城 エリア,2
2023-11-02,福井,丸岡城,花の駅 ゆりの里公園 エリア,1
2023-11-02,福井,大本山 永平寺 エリア,福井県立恐竜博物館,1
2023-11-02,福井,大本山永平寺,大本山 永平寺 エリア,1
2023-11-02,福井,大本山永平寺,道の駅「禅の里」 エリア,1
2023-11-02,福井,御食国若狭おばま食文化館 エリア,熊川宿,1
2023-11-02,福井,敦賀赤レンガ倉庫,名田庄 エリア,1
2023-11-02,福井,日本海さかな街 エリア,道の駅「三方五湖」,1
2023-11-02,福井,氣比神宮,JR敦賀駅前 エリア,1
2023-11-02,福井,氣比神宮,金ヶ崎 エリア,1
2023-11-02,福井,福井県立恐竜博物館,スーベニアショップ ラプトル エリア,1
2023-11-02,福井,福井県立恐竜博物館,大本山 永平寺 エリア,1
2023-11-02,福井,花の駅 ゆりの里公園 エリア,越前がにミュージアム,1
2023-11-02,福井,越前大仏,道の駅「越前」 エリア,1
2023-11-02,福井,越前大野城,花の駅 ゆりの里公園 エリア,1
2023-11-02,福井,越前大野城,越前大野城・城下町 エリア,1
2023-11-02,福井,越前大野城・城下町 エリア,大本山永平寺,1
2023-11-02,福井,越前大野城・城下町 エリア,福井県立恐竜博物館,1
2023-11-02,福井,越前陶芸村,道の駅「越前」 エリア,1
2023-11-02,福井,道の駅「禅の里」 エリア,福井県立恐竜博物館,1
2023-11-02,福井,金ヶ崎 エリア,敦賀赤レンガ倉庫,1
2023-11-03,石川,ふれあい昆虫館,コストコ,2
2023-11-03,福井,JR敦賀駅前 エリア,日本海さかな街,1
2023-11-03,福井,UMIKARA,若狭高浜 エリア,1
2023-11-03,福井,あわら湯のまち エリア,大本山永平寺,1
2023-11-03,福井,きららの丘,北潟湖 エリア,2
2023-11-03,福井,ふくい鮮いちば エリア,氣比神宮,1
2023-11-03,福井,スーベニアショップ ラプトル エリア,道の駅「九頭竜・和泉ふれあい会館」,1
2023-11-03,福井,一乗谷朝倉氏遺跡,ふくい鮮いちば エリア,1
2023-11-03,福井,一乗谷朝倉氏遺跡,一乗谷朝倉氏遺跡 エリア,2
2023-11-03,福井,一乗谷朝倉氏遺跡,丸岡城 エリア,1
2023-11-03,福井,一乗谷朝倉氏遺跡,福井駅前 エリア（宿泊施設）,1
2023-11-03,福井,一乗谷朝倉氏遺跡 エリア,大本山永平寺,1
2023-11-03,福井,三国湊 エリア,丸岡城,1
2023-11-03,福井,三方五湖,道の駅「三方五湖」  エリア,1
2023-11-03,福井,丸岡城,丸岡城 エリア,1
2023-11-03,福井,丸岡城,北潟湖 エリア,1
2023-11-03,福井,丸岡城 エリア,めがねミュージアム,1
2023-11-03,福井,丸岡城 エリア,越前大野城,1
2023-11-03,福井,人道の港 敦賀ムゼウム,金ヶ崎 エリア,1
2023-11-03,福井,劔神社,越前海岸 越前岬 エリア,1
2023-11-03,福井,劔神社 エリア,越前がにミュージアム,1
2023-11-03,福井,北の庄城址・柴田公園,福井駅前 エリア（宿泊施設）,1
2023-11-03,福井,北ノ庄 エリア,丸岡城,1
2023-11-03,福井,北潟湖 エリア,大本山永平寺,1
2023-11-03,福井,北陸新幹線 越前たけふ駅 エリア,越前そばの里,1
2023-11-03,福井,吉崎御坊跡,三国湊 エリア,1
2023-11-03,福井,大本山永平寺,名勝 養浩館庭園 エリア,1
2023-11-03,福井,小浜 エリア（宿泊施設）,若狭瓜割名水公園 瓜割の滝,1
2023-11-03,福井,小浜市水産食品センター（若狭小浜お魚センター）,若狭フィッシャーマンズワーフ エリア,1
2023-11-03,福井,御食国若狭おばま食文化館 エリア,道の駅「名田庄」,1
2023-11-03,福井,敦賀市立博物館,金ヶ崎 エリア,1
2023-11-03,福井,敦賀赤レンガ倉庫,日本海さかな街 エリア,1
2023-11-03,福井,敦賀鉄道資料館（旧敦賀港駅舎 ）,北陸新幹線 越前たけふ駅 エリア,1
2023-11-03,福井,敦賀駅,日本海さかな街 エリア,1
2023-11-03,福井,明通寺 エリア,御食国若狭おばま食文化館,1
2023-11-03,福井,明通寺 エリア,若狭フィッシャーマンズワーフ,1
2023-11-03,福井,東尋坊,あわら湯のまち エリア,2
2023-11-03,福井,東尋坊,丸岡城 エリア,1
2023-11-03,福井,東尋坊,越前海岸 くりや旅館街 エリア,1
2023-11-03,福井,水晶浜海水浴場,若狭海遊バザール 千鳥苑 エリア,1
2023-11-03,福井,熊川宿,金ヶ崎 エリア,2
2023-11-03,福井,熊川宿 エリア,三方五湖,2
2023-11-03,福井,神宮寺,明通寺 エリア,1
2023-11-03,福井,福井県立恐竜博物館,スーベニアショップ ラプトル エリア,1
2023-11-03,福井,福井駅,タケフナイフビレッジ エリア,1
2023-11-03,福井,福井駅,北ノ庄 エリア,1
2023-11-03,福井,福井駅,福井駅前 エリア,2
2023-11-03,福井,福井駅前 エリア（宿泊施設）,丸岡城,2
2023-11-03,福井,美浜町レイクセンター エリア,敦賀赤レンガ倉庫,1
2023-11-03,福井,自宅,北陸新幹線 越前たけふ駅 エリア,1
2023-11-03,福井,若狭フィッシャーマンズワーフ,御食国若狭おばま食文化館 エリア,1
2023-11-03,福井,若狭フィッシャーマンズワーフ エリア,御食国若狭おばま食文化館,1
2023-11-03,福井,若狭フィッシャーマンズワーフ エリア,道の駅「名田庄」,1
2023-11-03,福井,若狭三方縄文博物館,美浜町レイクセンター エリア,2
2023-11-03,福井,若狭海遊バザール千鳥苑 若狭美浜 海の駅,JR美浜駅 エリア,1
2023-11-03,福井,若狭瓜割名水公園 瓜割の滝,明通寺 エリア,1
2023-11-03,福井,若狭瓜割名水公園 瓜割の滝,熊川宿 エリア,2
2023-11-03,福井,越前がにミュージアム,レインボーライン エリア,1
2023-11-03,福井,越前がにミュージアム,越前陶芸村 エリア,1
2023-11-03,福井,越前大仏,明通寺 エリア,1
2023-11-03,福井,越前大仏,道の駅「西山公園」 エリア,1
2023-11-03,福井,越前大野城,JR九頭竜湖駅 エリア,1
2023-11-03,福井,越前大野城,JR敦賀駅前 エリア,1
2023-11-03,福井,越前大野城,越前そばの里 エリア,1
2023-11-03,福井,越前大野城,越前大野城・城下町 エリア,2
2023-11-03,福井,越前大野城・城下町 エリア,一乗谷朝倉氏遺跡,1
2023-11-03,福井,越前大野城・城下町 エリア,越前大仏,1
2023-11-03,福井,越前松島水族館 エリア,福井県立恐竜博物館,1
2023-11-03,福井,越前水仙の里公園,越前海岸 越前岬 エリア,1
2023-11-03,福井,越前水仙の里公園,道の駅「越前」 エリア,1
2023-11-03,福井,越前海岸 くりや旅館街 エリア,越前陶芸村,1
2023-11-03,福井,越前海岸 越前岬 エリア,道の駅「パークイン丹生ヶ丘」,1
2023-11-03,福井,越前陶芸村 エリア,道の駅「パークイン丹生ヶ丘」,1
2023-11-03,福井,道の駅「九頭竜・和泉ふれあい会館」,越前大野城・城下町 エリア,1
2023-11-03,福井,道の駅「恐竜渓谷かつやま」,道の駅「禅の里」 エリア,1
2023-11-03,福井,道の駅「若狭熊川宿」,小浜 エリア（宿泊施設）,1
2023-11-03,福井,道の駅「若狭熊川宿」,若狭フィッシャーマンズワーフ エリア,1
2023-11-03,福井,道の駅「西山公園」,道の駅「南えちぜん山海里」 エリア,1
2023-11-03,福井,道の駅「越前」 エリア,道の駅「パークイン丹生ヶ丘」,1
2023-11-03,福井,金ヶ崎 エリア,三方五湖,2
2023-11-03,福井,金ヶ崎 エリア,敦賀赤レンガ倉庫,1
2023-11-04,石川,兼六園,小松空港,1
2023-11-04,福井,JR九頭竜湖駅 エリア,道の駅「越前おおの荒島の郷」,1
2023-11-04,福井,JR敦賀駅前 エリア,三方五湖,3
2023-11-04,福井,JR敦賀駅前 エリア,敦賀赤レンガ倉庫,1
2023-11-04,福井,JR敦賀駅前 エリア,敦賀鉄道資料館（旧敦賀港駅舎 ）,1
2023-11-04,福井,JR美浜駅 エリア,氣比神宮,1
2023-11-04,福井,UMIKARA,うみんぴあ大飯 エリア,1
2023-11-04,福井,あわら温泉「芦湯」,あわら湯のまち エリア,1
2023-11-04,福井,あわら温泉「芦湯」,北潟湖 エリア,1
2023-11-04,福井,あわら温泉街,JR芦原温泉駅 エリア,1
2023-11-04,福井,あわら湯のまち エリア,めがねミュージアム,1
2023-11-04,福井,あわら湯のまち エリア,福井駅,1
2023-11-04,福井,ふれあいパーク三里浜(道の駅「みくに」),東尋坊 エリア,1
2023-11-04,福井,スーベニアショップ ラプトル エリア,越前大仏,2
2023-11-04,福井,フルーツライン エリア,三国サンセットビーチ,1
2023-11-04,福井,一乗谷朝倉氏遺跡,JR九頭竜湖駅 エリア,1
2023-11-04,福井,一乗谷朝倉氏遺跡,道の駅「南えちぜん山海里」 エリア,1
2023-11-04,福井,一乗谷朝倉氏遺跡,道の駅「越前」 エリア,1
2023-11-04,福井,一乗谷朝倉氏遺跡 エリア,越前大仏,1
2023-11-04,福井,三方五湖,道の駅「若狭おばま」 エリア,2
2023-11-04,福井,丸岡城,大本山 永平寺 エリア,1
2023-11-04,福井,丸岡城,福井駅前 エリア,1
2023-11-04,福井,丸岡城,福井駅前 エリア（宿泊施設）,1
2023-11-04,福井,丸岡城,越前海岸 くりや旅館街 エリア,1
2023-11-04,福井,丸岡城 エリア,一筆啓上 日本一短い手紙の館,1
2023-11-04,福井,丸岡城 エリア,東尋坊,1
2023-11-04,福井,九頭竜湖,丸岡城 エリア,1
2023-11-04,福井,九頭竜湖,越前大野城・城下町 エリア,1
2023-11-04,福井,劔神社,道の駅「パークイン丹生ヶ丘」 エリア,1
2023-11-04,福井,劔神社,道の駅「越前」 エリア,1
2023-11-04,福井,北の庄城址・柴田公園,丸岡城 エリア,1
2023-11-04,福井,大本山 永平寺 エリア,大本山永平寺,1
2023-11-04,福井,大本山永平寺,JR敦賀駅前 エリア,1
2023-11-04,福井,大本山永平寺,水晶浜 エリア,1
2023-11-04,福井,天橋立（京都府）,道の駅「シーサイド高浜」 エリア,2
2023-11-04,福井,小浜市 阿納 エリア,明通寺,1
2023-11-04,福井,小浜市 阿納 エリア,東尋坊,1
2023-11-04,福井,小浜市水産食品センター（若狭小浜お魚センター）,明通寺 エリア,2
2023-11-04,福井,御食国若狭おばま食文化館,御食国若狭おばま食文化館 エリア,1
2023-11-04,福井,御食国若狭おばま食文化館 エリア,三方五湖,1
2023-11-04,福井,敦賀赤レンガ倉庫,JR敦賀駅前 エリア,2
2023-11-04,福井,敦賀赤レンガ倉庫,小浜市 阿納 エリア,1
2023-11-04,福井,敦賀赤レンガ倉庫,道の駅「越前」 エリア,1
2023-11-04,福井,敦賀駅,JR美浜駅 エリア,3
2023-11-04,福井,日本海さかな街,金ヶ崎 エリア,1
2023-11-04,福井,明通寺,明通寺 エリア,2
2023-11-04,福井,明通寺 エリア,道の駅「三方五湖」,1
2023-11-04,福井,明通寺 エリア,道の駅「若狭おばま」,1
2023-11-04,福井,東尋坊,ふくい鮮いちば エリア,1
2023-11-04,福井,東尋坊,丸岡城 エリア,1
2023-11-04,福井,東尋坊 エリア,丸岡城,1
2023-11-04,福井,松尾寺,JR美浜駅 エリア,3
2023-11-04,福井,松尾寺,道の駅「三方五湖」  エリア,3
2023-11-04,福井,武生中央公園,北陸新幹線 越前たけふ駅 エリア,1
2023-11-04,福井,氣比神宮,JR敦賀駅前 エリア,1
2023-11-04,福井,氣比神宮,越前海岸 くりや旅館街 エリア,1
2023-11-04,福井,氣比神宮,金ヶ崎 エリア,1
2023-11-04,福井,熊川宿,道の駅「シーサイド高浜」 エリア,1
2023-11-04,福井,熊川宿 エリア,若狭フィッシャーマンズワーフ,1
2023-11-04,福井,福井県立恐竜博物館,だるまちゃん広場 エリア,1
2023-11-04,福井,福井県立恐竜博物館,スキージャム勝山 エリア,1
2023-11-04,福井,福井県立恐竜博物館,丸岡城 エリア,1
2023-11-04,福井,福井県立恐竜博物館,福井駅前 エリア（宿泊施設）,1
2023-11-04,福井,福井県立恐竜博物館,道の駅「南えちぜん山海里」 エリア,1
2023-11-04,福井,福井県立恐竜博物館,道の駅みくに ふれあいパーク三里浜 エリア,1
2023-11-04,福井,福井駅前 エリア,金沢駅周辺（石川県）,1
2023-11-04,福井,福井駅前 エリア（宿泊施設）,東尋坊,1
2023-11-04,福井,若狭フィッシャーマンズワーフ エリア,道の駅「うみんぴあ大飯」,1
2023-11-04,福井,越前がにミュージアム,道の駅「パークイン丹生ヶ丘」 エリア,1
2023-11-04,福井,越前そばの里,越前和紙の里 エリア,1
2023-11-04,福井,越前和紙の里,まちの市場 こってコテいけだ エリア,1
2023-11-04,福井,越前和紙の里,道の駅「南えちぜん山海里」 エリア,1
2023-11-04,福井,越前大野城,JR九頭竜湖駅 エリア,1
2023-11-04,福井,越前大野城,スーベニアショップ ラプトル エリア,2
2023-11-04,福井,越前大野城,越前大野城・城下町 エリア,2
2023-11-04,福井,越前大野城・城下町 エリア,福井県立恐竜博物館,1
2023-11-04,福井,越前大野城・城下町 エリア,越前大野城,1
2023-11-04,福井,越前海岸,道の駅「越前」 エリア,1
2023-11-04,福井,越前海岸 くりや旅館街 エリア,一乗谷朝倉氏遺跡,1
2023-11-04,福井,越前海岸 くりや旅館街 エリア,大本山永平寺,1
2023-11-04,福井,越前陶芸村,劔神社 エリア,1
2023-11-04,福井,越前陶芸村,越前陶芸村 エリア,1
2023-11-04,福井,越前陶芸村 エリア,劔神社,1
2023-11-04,福井,道の駅「うみんぴあ大飯」,若狭高浜 エリア,1
2023-11-04,福井,道の駅「シーサイド高浜」 エリア,一乗谷朝倉氏遺跡,1
2023-11-04,福井,道の駅「シーサイド高浜」 エリア,舞鶴（京都府）,1
2023-11-04,福井,道の駅「三方五湖」  エリア,小浜市水産食品センター（若狭小浜お魚センター）,1
2023-11-04,福井,道の駅「九頭竜・和泉ふれあい会館」,スーベニアショップ ラプトル エリア,1
2023-11-04,福井,道の駅「九頭竜・和泉ふれあい会館」,道の駅「越前おおの荒島の郷」 エリア,1
2023-11-04,福井,道の駅「南えちぜん山海里」 エリア,越前打刃物会館,1
2023-11-04,福井,道の駅「若狭おばま」,明通寺 エリア,1
2023-11-04,福井,道の駅「越前」 エリア,大本山永平寺,1
2023-11-04,福井,道の駅「越前」 エリア,熊川宿,1
2023-11-04,福井,道の駅「越前」 エリア,道の駅「河野」,1
2023-11-04,福井,道の駅「越前おおの荒島の郷」 エリア,越前大野城,1
2023-11-04,福井,道の駅「越前おおの荒島の郷」 エリア,道の駅「恐竜渓谷かつやま」,1
2023-11-04,福井,金ヶ崎,JR敦賀駅前 エリア,3
2023-11-04,福井,金ヶ崎 エリア,氣比神宮,1
2023-11-04,福井,金津創作の森,あわら湯のまち エリア,1
2023-11-04,福井,阿納海水浴場(2021夏は開設しません),小浜市 阿納 エリア,1
2023-11-05,石川,いしかわ動物園,帰る,1
2023-11-05,石川,小松空港,山代温泉,1
2023-11-05,福井,JR九頭竜湖駅 エリア,道の駅「越前おおの荒島の郷」,1
2023-11-05,福井,JR敦賀駅前 エリア,北の庄城址・柴田公園,1
2023-11-05,福井,JR美浜駅 エリア,御食国若狭おばま食文化館,1
2023-11-05,福井,JR芦原温泉駅 エリア,丸岡城,1
2023-11-05,福井,UMIKARA,道の駅「シーサイド高浜」 エリア,1
2023-11-05,福井,あわら温泉「芦湯」,JR芦原温泉駅 エリア,1
2023-11-05,福井,あわら湯のまち エリア,あわら温泉「芦湯」,1
2023-11-05,福井,あわら湯のまち エリア,福井県立恐竜博物館,1
2023-11-05,福井,うるしの里,うるしの里 エリア,1
2023-11-05,福井,うるしの里,北陸新幹線 越前たけふ駅 エリア,1
2023-11-05,福井,うるしの里 エリア,めがねミュージアム,1
2023-11-05,福井,うるしの里 エリア,道の駅「西山公園」,1
2023-11-05,福井,えちぜん鉄道 永平寺口駅 エリア,一乗谷朝倉氏遺跡,1
2023-11-05,福井,ふれあいパーク三里浜(道の駅「みくに」),三国湊 エリア,2
2023-11-05,福井,ふれあいパーク三里浜(道の駅「みくに」),東尋坊 エリア,1
2023-11-05,福井,ゆりの里公園ユリーム春江,道の駅みくに ふれあいパーク三里浜 エリア,1
2023-11-05,福井,エルガイアおおい,若狭高浜 エリア,1
2023-11-05,福井,ファーマーズマーケットきららの丘,北潟湖 エリア,2
2023-11-05,福井,フルーツライン エリア,ゆりの里公園ユリーム春江,1
2023-11-05,福井,ホテルうみんぴあ,道の駅「三方五湖」  エリア,1
2023-11-05,福井,レインボーライン,明通寺 エリア,1
2023-11-05,福井,レインボーライン,美浜町レイクセンター エリア,1
2023-11-05,福井,レインボーライン エリア,レインボーライン,1
2023-11-05,福井,レインボーライン エリア,熊川宿,1
2023-11-05,福井,一乗谷朝倉氏遺跡,一乗谷朝倉氏遺跡 エリア,2
2023-11-05,福井,一乗谷朝倉氏遺跡 エリア,丸岡城,1
2023-11-05,福井,一乗谷朝倉氏遺跡 エリア,越前大野城,1
2023-11-05,福井,三国サンセットビーチ,フルーツライン エリア,1
2023-11-05,福井,三国湊 エリア,東尋坊,1
2023-11-05,福井,三國湊レトロ,東尋坊 エリア,1
2023-11-05,福井,三國湊レトロ,福井駅前 エリア,1
2023-11-05,福井,丸岡城,JR芦原温泉駅 エリア,1
2023-11-05,福井,丸岡城,あわら湯のまち エリア,1
2023-11-05,福井,丸岡城,丸岡城 エリア,1
2023-11-05,福井,丸岡城,大本山 永平寺 エリア,1
2023-11-05,福井,丸岡城,花の駅 ゆりの里公園 エリア,2
2023-11-05,福井,丸岡城,越前松島水族館 エリア,1
2023-11-05,福井,丸岡城,道の駅みくに ふれあいパーク三里浜 エリア,1
2023-11-05,福井,丸岡城 エリア,ゆりの里公園ユリーム春江,1
2023-11-05,福井,丸岡城 エリア,越前大野城,1
2023-11-05,福井,北の庄城址・柴田公園,福井駅前 エリア,1
2023-11-05,福井,北の庄城址・柴田公園,福井駅前 エリア（宿泊施設）,1
2023-11-05,福井,北潟湖 エリア,金沢駅周辺（石川県）,1
2023-11-05,福井,吉崎御坊跡,東尋坊 エリア,1
2023-11-05,福井,大本山 永平寺 エリア,東尋坊,1
2023-11-05,福井,大本山 永平寺 エリア,福井県立恐竜博物館,1
2023-11-05,福井,大本山永平寺,JR九頭竜湖駅 エリア,1
2023-11-05,福井,大本山永平寺,えちぜん鉄道 松岡駅 エリア,1
2023-11-05,福井,大本山永平寺,えちぜん鉄道 永平寺口駅 エリア,1
2023-11-05,福井,大本山永平寺,一乗谷朝倉氏遺跡 エリア,1
2023-11-05,福井,大本山永平寺,東尋坊 エリア,1
2023-11-05,福井,小浜市水産食品センター（若狭小浜お魚センター）,レインボーライン エリア,1
2023-11-05,福井,帰宅,レインボーライン エリア,1
2023-11-05,福井,敦賀赤レンガ倉庫,JR敦賀駅前 エリア,1
2023-11-05,福井,敦賀赤レンガ倉庫,道の駅「越前」 エリア,1
2023-11-05,福井,明通寺,明通寺 エリア,1
2023-11-05,福井,明通寺 エリア,三丁町,1
2023-11-05,福井,明通寺 エリア,三方五湖,1
2023-11-05,福井,明通寺 エリア,小浜市水産食品センター（若狭小浜お魚センター）,1
2023-11-05,福井,明通寺 エリア,熊川宿,1
2023-11-05,福井,明通寺 エリア,道の駅「三方五湖」,1
2023-11-05,福井,東尋坊,あわら湯のまち エリア,1
2023-11-05,福井,東尋坊,福井駅前 エリア,1
2023-11-05,福井,東尋坊,越前松島水族館 エリア,1
2023-11-05,福井,東尋坊 エリア,福井県立恐竜博物館,1
2023-11-05,福井,東尋坊 エリア,福井駅,1
2023-11-05,福井,東尋坊 エリア,越前松島水族館,1
2023-11-05,福井,氣比神宮,道の駅「越前」 エリア,1
2023-11-05,福井,熊川宿,JR美浜駅 エリア,1
2023-11-05,福井,熊川宿,明通寺 エリア,1
2023-11-05,福井,熊川宿 エリア,びわ湖（滋賀県）,1
2023-11-05,福井,福井県立恐竜博物館,スーベニアショップ ラプトル エリア,1
2023-11-05,福井,福井県立恐竜博物館,大本山 永平寺 エリア,1
2023-11-05,福井,福井県立恐竜博物館,越前大野城・城下町 エリア,1
2023-11-05,福井,福井県立恐竜博物館,道の駅「南えちぜん山海里」 エリア,1
2023-11-05,福井,福井県立恐竜博物館,金ヶ崎 エリア,1
2023-11-05,福井,福井駅,丸岡城 エリア,1
2023-11-05,福井,福井駅,越前大野城・城下町 エリア,1
2023-11-05,福井,福井駅前 エリア（宿泊施設）,丸岡城,1
2023-11-05,福井,福井駅前 エリア（宿泊施設）,越前大野城,1
2023-11-05,福井,美浜町レイクセンター エリア,金ヶ崎,1
2023-11-05,福井,自宅,レインボーライン エリア,1
2023-11-05,福井,若狭三方縄文博物館,明通寺 エリア,1
2023-11-05,福井,若狭海遊バザール 千鳥苑 エリア,三方五湖,1
2023-11-05,福井,若狭高浜 エリア,御食国若狭おばま食文化館,1
2023-11-05,福井,若狭高浜 エリア,道の駅「シーサイド高浜」,1
2023-11-05,福井,越前がにミュージアム,JR美浜駅 エリア,1
2023-11-05,福井,越前そばの里,あわら湯のまち エリア,1
2023-11-05,福井,越前大仏,丸岡城 エリア,1
2023-11-05,福井,越前大野城,福井駅前 エリア（宿泊施設）,1
2023-11-05,福井,越前大野城,越前大野城・城下町 エリア,2
2023-11-05,福井,越前大野城,道の駅「恐竜渓谷かつやま」 エリア,1
2023-11-05,福井,越前大野城・城下町 エリア,丸岡城,4
2023-11-05,福井,越前松島水族館,フルーツライン エリア,2
2023-11-05,福井,越前松島水族館 エリア,ファーマーズマーケットきららの丘,1
2023-11-05,福井,道の駅「シーサイド高浜」 エリア,道の駅「うみんぴあ大飯」,1
2023-11-05,福井,道の駅「三方五湖」,熊川宿 エリア,1
2023-11-05,福井,道の駅「南えちぜん山海里」 エリア,今庄宿,1
2023-11-05,福井,道の駅「南えちぜん山海里」 エリア,福井県年縞博物館,1
2023-11-05,福井,道の駅「名田庄」,若狭高浜 エリア,1
2023-11-05,福井,道の駅「若狭おばま」,小浜 エリア（宿泊施設）,1
2023-11-05,福井,道の駅「越前」 エリア,敦賀赤レンガ倉庫,1
2023-11-05,福井,道の駅みくに ふれあいパーク三里浜 エリア,三國湊レトロ,1
2023-11-05,福井,道の駅みくに ふれあいパーク三里浜 エリア,東尋坊,1
2023-11-05,福井,金ヶ崎 エリア,氣比神宮,1
2023-11-05,福井,金沢駅周辺（石川県）,丸岡城 エリア,1
2023-11-06,石川,妙立寺,金沢城公園,1
2023-11-06,石川,小松空港,山代温泉,1
2023-11-06,福井,レインボーライン,小浜市 阿納 エリア,1
2023-11-06,福井,一乗谷朝倉氏遺跡,JR九頭竜湖駅 エリア,1
2023-11-06,福井,一乗谷朝倉氏遺跡,一乗谷朝倉氏遺跡 エリア,1
2023-11-06,福井,一乗谷朝倉氏遺跡,越前大野城・城下町 エリア,1
2023-11-06,福井,一乗谷朝倉氏遺跡,道の駅「南えちぜん山海里」 エリア,1
2023-11-06,福井,一乗谷朝倉氏遺跡,道の駅「西山公園」 エリア,1
2023-11-06,福井,一乗谷朝倉氏遺跡 エリア,丸岡城,1
2023-11-06,福井,一乗谷朝倉氏遺跡 エリア,越前和紙の里,1
2023-11-06,福井,一乗谷朝倉氏遺跡 エリア,越前大野城,1
2023-11-06,福井,丸岡城,東尋坊 エリア,1
2023-11-06,福井,丸岡城,越前松島水族館 エリア,1
2023-11-06,福井,北の庄城址・柴田公園,一乗谷朝倉氏遺跡 エリア,1
2023-11-06,福井,小浜 エリア（宿泊施設）,若狭フィッシャーマンズワーフ,1
2023-11-06,福井,小浜市 阿納 エリア,三方五湖,1
2023-11-06,福井,小浜市 阿納 エリア,熊川宿,1
2023-11-06,福井,敦賀赤レンガ倉庫,道の駅「越前」 エリア,2
2023-11-06,福井,明通寺,明通寺 エリア,1
2023-11-06,福井,東尋坊 エリア,越前大野城,1
2023-11-06,福井,氣比神宮,道の駅「南えちぜん山海里」 エリア,1
2023-11-06,福井,永平寺,スーベニアショップ ラプトル エリア,1
2023-11-06,福井,福井県年縞博物館,湖上館パムコ（水月湖）エリア,1
2023-11-06,福井,福井県立恐竜博物館,JR九頭竜湖駅 エリア,2
2023-11-06,福井,福井県立恐竜博物館,スーベニアショップ ラプトル エリア,1
2023-11-06,福井,福井駅前 エリア,一乗谷朝倉氏遺跡,1
2023-11-06,福井,越前和紙の里,越前和紙の里 エリア,1
2023-11-06,福井,越前大野城・城下町 エリア,福井県立恐竜博物館,1
2023-11-06,福井,越前松島水族館 エリア,三國湊レトロ,1
2023-11-06,福井,越前陶芸村,越前海岸 越前岬 エリア,1
2023-11-06,福井,道の駅「パークイン丹生ヶ丘」 エリア,越前陶芸村,1
2023-11-06,福井,道の駅「一乗谷あさくら水の駅」,一乗谷朝倉氏遺跡 エリア,1
2023-11-06,福井,道の駅「三方五湖」  エリア,福井県立恐竜博物館,1
2023-11-06,福井,道の駅「若狭おばま」,小浜 エリア（宿泊施設）,1
2023-11-06,福井,道の駅「越前」 エリア,呼鳥門,1
2023-11-06,福井,道の駅「越前」 エリア,福井県立恐竜博物館,2
2023-11-07,石川,小松空港,兼六園,1
2023-11-07,福井,あわら温泉「芦湯」,東尋坊 エリア,1
2023-11-07,福井,あわら湯のまち エリア,北の庄城址・柴田公園,1
2023-11-07,福井,はたや記念館 ゆめおーれ勝山 エリア,越前大仏,1
2023-11-07,福井,スーベニアショップ ラプトル エリア,あわら温泉街,1
2023-11-07,福井,スーベニアショップ ラプトル エリア,大本山永平寺,1
2023-11-07,福井,スーベニアショップ ラプトル エリア,越前大仏,1
2023-11-07,福井,一乗谷朝倉氏遺跡,あわら湯のまち エリア,1
2023-11-07,福井,一乗谷朝倉氏遺跡,東尋坊 エリア,1
2023-11-07,福井,一乗谷朝倉氏遺跡 エリア,北の庄城址・柴田公園,1
2023-11-07,福井,一乗谷朝倉氏遺跡 エリア,道の駅「越前おおの荒島の郷」,1
2023-11-07,福井,七間朝市,道の駅「越前おおの荒島の郷」 エリア,1
2023-11-07,福井,三国湊 エリア,金津創作の森,1
2023-11-07,福井,三國湊レトロ,三国湊 エリア,1
2023-11-07,福井,三方五湖,JR美浜駅 エリア,1
2023-11-07,福井,丸岡城,はたや記念館 ゆめおーれ勝山 エリア,1
2023-11-07,福井,丸岡城,スーベニアショップ ラプトル エリア,1
2023-11-07,福井,北の庄城址・柴田公園,一乗谷朝倉氏遺跡 エリア,1
2023-11-07,福井,北の庄城址・柴田公園,福井駅前 エリア,1
2023-11-07,福井,岡太神社・大瀧神社,道の駅「パークイン丹生ヶ丘」 エリア,1
2023-11-07,福井,明通寺 エリア,敦賀駅,1
2023-11-07,福井,東尋坊 エリア,敦賀赤レンガ倉庫,1
2023-11-07,福井,東尋坊 エリア,越前大野城,1
2023-11-07,福井,熊川宿,明通寺 エリア,1
2023-11-07,福井,福井県立恐竜博物館,スーベニアショップ ラプトル エリア,1
2023-11-07,福井,福井駅前 エリア,丸岡城,1
2023-11-07,福井,福井駅前 エリア（宿泊施設）,福井県立恐竜博物館,1
2023-11-07,福井,舞鶴（京都府）,道の駅「シーサイド高浜」 エリア,1
2023-11-07,福井,若狭歴史博物館,若狭フィッシャーマンズワーフ エリア,1
2023-11-07,福井,越前大仏,だるまちゃん広場 エリア,1
2023-11-07,福井,越前大仏,スーベニアショップ ラプトル エリア,1
2023-11-07,福井,越前大野城,道の駅「恐竜渓谷かつやま」 エリア,1
2023-11-07,福井,越前海岸 高佐米ノ旅館街 エリア,越前陶芸村,1
2023-11-07,福井,道の駅「恐竜渓谷かつやま」 エリア,福井県立恐竜博物館,1
2023-11-07,福井,道の駅「越前おおの荒島の郷」 エリア,福井県立恐竜博物館,1
2023-11-08,福井,JR九頭竜湖駅 エリア,道の駅「越前おおの荒島の郷」,1
2023-11-08,福井,JR美浜駅 エリア,道の駅「若狭熊川宿」,1
2023-11-08,福井,あわら温泉街,福井駅前 エリア,1
2023-11-08,福井,あわら湯のまち エリア,大本山永平寺,2
2023-11-08,福井,あわら湯のまち エリア,福井県立恐竜博物館,1
2023-11-08,福井,スキージャム勝山 エリア,白山平泉寺歴史探遊館 まほろば,1
2023-11-08,福井,スキージャム勝山 エリア,福井県立恐竜博物館,1
2023-11-08,福井,フルーツライン エリア,大本山永平寺,1
2023-11-08,福井,レインボーライン エリア,越前がにミュージアム,1
2023-11-08,福井,一乗谷朝倉氏遺跡,スキージャム勝山 エリア,2
2023-11-08,福井,一乗谷朝倉氏遺跡,道の駅「恐竜渓谷かつやま」 エリア,1
2023-11-08,福井,北潟湖 エリア,大本山永平寺,1
2023-11-08,福井,国分寺 (小浜市),レインボーライン エリア,1
2023-11-08,福井,大本山永平寺,平泉寺白山神社 エリア,1
2023-11-08,福井,小浜 エリア（宿泊施設）,三方五湖,1
2023-11-08,福井,平泉寺白山神社 エリア,一乗谷朝倉氏遺跡,1
2023-11-08,福井,日本海さかな街 エリア,熊川宿,1
2023-11-08,福井,明通寺,道の駅「三方五湖」  エリア,1
2023-11-08,福井,東尋坊,あわら湯のまち エリア,2
2023-11-08,福井,東尋坊 エリア,三国サンセットビーチ,1
2023-11-08,福井,永平寺,丸岡城 エリア,1
2023-11-08,福井,福井県立恐竜博物館,JR敦賀駅前 エリア,1
2023-11-08,福井,福井県立恐竜博物館,越前松島水族館 エリア,1
2023-11-08,福井,福井駅前 エリア,一乗谷朝倉氏遺跡,1
2023-11-08,福井,福井駅前 エリア,福井県立恐竜博物館,1
2023-11-08,福井,舞鶴（京都府）,小浜 エリア（宿泊施設）,1
2023-11-08,福井,芝政ワールド,丸岡城 エリア,1
2023-11-08,福井,若狭三方縄文博物館,明通寺 エリア,1
2023-11-08,福井,越前大野城,越前大野城・城下町 エリア,1
2023-11-08,福井,越前大野城,道の駅「恐竜渓谷かつやま」 エリア,1
2023-11-08,福井,越前大野城・城下町 エリア,越前大野城,1
2023-11-08,福井,道の駅「九頭竜・和泉ふれあい会館」,道の駅「越前おおの荒島の郷」 エリア,1
2023-11-08,福井,道の駅「恐竜渓谷かつやま」 エリア,丸岡城,1
2023-11-08,福井,道の駅「河野」,道の駅「越前」 エリア,1
2023-11-08,福井,道の駅「越前」 エリア,東尋坊,1
2023-11-08,福井,金ヶ崎 エリア,人道の港 敦賀ムゼウム,1
2023-11-08,福井,金沢駅周辺（石川県）,福井駅前 エリア（宿泊施設）,1
2023-11-09,福井,あわら湯のまち エリア,金沢駅周辺（石川県）,1
2023-11-09,福井,ふれあいパーク三里浜(道の駅「みくに」),大本山 永平寺 エリア,1
2023-11-09,福井,スキージャム勝山 エリア,福井駅,1
2023-11-09,福井,レインボーライン エリア,日本海さかな街,1
2023-11-09,福井,一乗谷朝倉氏遺跡,スーベニアショップ ラプトル エリア,1
2023-11-09,福井,一乗谷朝倉氏遺跡,名勝 養浩館庭園 エリア,1
2023-11-09,福井,一乗谷朝倉氏遺跡,越前大野城・城下町 エリア,1
2023-11-09,福井,一乗谷朝倉氏遺跡,道の駅「南えちぜん山海里」 エリア,1
2023-11-09,福井,一乗谷朝倉氏遺跡 エリア,大本山永平寺,1
2023-11-09,福井,一乗谷朝倉氏遺跡 エリア,福井県立恐竜博物館,1
2023-11-09,福井,一乗谷朝倉氏遺跡 エリア,福井駅,1
2023-11-09,福井,一乗谷朝倉氏遺跡 エリア,越前松島水族館,1
2023-11-09,福井,三方五湖,小浜市 阿納 エリア,1
2023-11-09,福井,丸岡城,一乗谷朝倉氏遺跡 エリア,1
2023-11-09,福井,六呂師高原 エリア,スキージャム勝山,1
2023-11-09,福井,北潟湖 エリア,道の駅「さかい」（坂井地域交流センター「いねす」）,1
2023-11-09,福井,北潟湖畔公園・サイクリングパーク,北潟湖 エリア,1
2023-11-09,福井,名勝 養浩館庭園 エリア,越前大野城,1
2023-11-09,福井,大本山 永平寺 エリア,道の駅「禅の里」,1
2023-11-09,福井,大本山永平寺,JR九頭竜湖駅 エリア,1
2023-11-09,福井,大本山永平寺,一乗谷朝倉氏遺跡 エリア,1
2023-11-09,福井,大本山永平寺,六呂師高原 エリア,1
2023-11-09,福井,大本山永平寺,道の駅「禅の里」 エリア,1
2023-11-09,福井,小浜 エリア（宿泊施設）,敦賀赤レンガ倉庫,1
2023-11-09,福井,小浜市 阿納 エリア,一乗谷朝倉氏遺跡,1
2023-11-09,福井,小浜市水産食品センター（若狭小浜お魚センター）,名田庄 エリア,1
2023-11-09,福井,小浜市水産食品センター（若狭小浜お魚センター）,小浜 エリア（宿泊施設）,1
2023-11-09,福井,御食国若狭おばま食文化館,若狭フィッシャーマンズワーフ エリア,1
2023-11-09,福井,明通寺,熊川宿 エリア,1
2023-11-09,福井,明通寺 エリア,熊川宿,1
2023-11-09,福井,熊川宿,道の駅「三方五湖」  エリア,1
2023-11-09,福井,福井県立恐竜博物館,一乗谷朝倉氏遺跡 エリア,1
2023-11-09,福井,福井県立恐竜博物館,明通寺 エリア,1
2023-11-09,福井,福井駅前 エリア,一乗谷朝倉氏遺跡,1
2023-11-09,福井,赤礁崎オートキャンプ場,道の駅「若狭おばま」 エリア,1
2023-11-09,福井,越前大野城,一乗谷朝倉氏遺跡 エリア,1
2023-11-09,福井,越前打刃物会館,刃物の里 エリア,1
2023-11-09,福井,道の駅「一乗谷あさくら水の駅」,一乗谷朝倉氏遺跡 エリア,1
2023-11-09,福井,道の駅「三方五湖」  エリア,道の駅「若狭おばま」,1
2023-11-09,福井,道の駅「南えちぜん山海里」 エリア,氣比神宮,1
2023-11-09,福井,道の駅「南えちぜん山海里」 エリア,越前大野城,1
2023-11-09,福井,道の駅「恐竜渓谷かつやま」 エリア,道の駅「越前おおの荒島の郷」,1
2023-11-09,福井,道の駅「禅の里」,道の駅「恐竜渓谷かつやま」 エリア,1
2023-11-09,福井,道の駅「若狭おばま」,明通寺 エリア,1
2023-11-09,福井,道の駅「若狭おばま」 エリア,レインボーライン,1
2023-11-09,福井,道の駅「西山公園」,一乗谷朝倉氏遺跡 エリア,1
2023-11-09,福井,道の駅「越前おおの荒島の郷」,JR九頭竜湖駅 エリア,1
2023-11-09,福井,道の駅みくに ふれあいパーク三里浜 エリア,大本山永平寺,1
2023-11-10,石川,兼六園,ふれあい昆虫館,1
2023-11-10,福井,JR美浜駅 エリア,レインボーライン,1
2023-11-10,福井,JR美浜駅 エリア,若狭歴史博物館,1
2023-11-10,福井,あわら湯のまち エリア,丸岡城,1
2023-11-10,福井,スーベニアショップ ラプトル エリア,九頭竜湖,1
2023-11-10,福井,一乗谷朝倉氏遺跡 エリア,福井県立恐竜博物館,1
2023-11-10,福井,丸岡城,道の駅「越前おおの荒島の郷」 エリア,1
2023-11-10,福井,丸岡城 エリア,越前大仏,1
2023-11-10,福井,劔神社,越前そばの里 エリア,1
2023-11-10,福井,多田寺,あわら湯のまち エリア,1
2023-11-10,福井,大本山 永平寺 エリア,丸岡城,1
2023-11-10,福井,大本山永平寺,丸岡城 エリア,1
2023-11-10,福井,大本山永平寺,大本山 永平寺 エリア,1
2023-11-10,福井,小浜市水産食品センター（若狭小浜お魚センター）,明通寺 エリア,1
2023-11-10,福井,御食国若狭おばま食文化館,JR美浜駅 エリア,1
2023-11-10,福井,日本海さかな街,紫式部公園 エリア,1
2023-11-10,福井,明通寺 エリア,御食国若狭おばま食文化館,1
2023-11-10,福井,東尋坊,あわら湯のまち エリア,1
2023-11-10,福井,熊川宿,道の駅「三方五湖」  エリア,1
2023-11-10,福井,福井県立恐竜博物館,北陸新幹線 越前たけふ駅 エリア,1
2023-11-10,福井,福井駅前 エリア,金沢駅周辺（石川県）,1
2023-11-10,福井,紫式部公園 エリア,越前そばの里,1
2023-11-10,福井,若狭瓜割名水公園 瓜割の滝,JR美浜駅 エリア,1
2023-11-10,福井,越前がにミュージアム,道の駅「越前」 エリア,1
2023-11-10,福井,越前そばの里,福井駅前 エリア,1
2023-11-10,福井,越前大仏,道の駅「南えちぜん山海里」 エリア,1
2023-11-10,福井,道の駅「三方五湖」  エリア,若狭瓜割名水公園 瓜割の滝,1
2023-11-10,福井,道の駅「恐竜渓谷かつやま」 エリア,野外恐竜博物館,1
2023-11-10,福井,道の駅「河野」,道の駅「越前」 エリア,1
2023-11-10,福井,道の駅「若狭熊川宿」,JR美浜駅 エリア,1
2023-11-10,福井,道の駅「越前」 エリア,道の駅「越前」,1
2023-11-10,福井,道の駅はまびより,JR美浜駅 エリア,1
2023-11-11,石川,いしかわ動物園,兼六園,1
2023-11-11,石川,小松空港,金沢,1
2023-11-11,石川,気多大社,千里浜レストハウス,1
2023-11-11,福井,あわら温泉「芦湯」,東尋坊 エリア,1
2023-11-11,福井,ふくい鮮いちば エリア,三國湊レトロ,1
2023-11-11,福井,ふれあいパーク三里浜(道の駅「みくに」),道の駅「越前」 エリア,1
2023-11-11,福井,一乗谷朝倉氏遺跡,一乗谷朝倉氏遺跡 エリア,1
2023-11-11,福井,一乗谷朝倉氏遺跡,福井駅前 エリア（宿泊施設）,1
2023-11-11,福井,一乗谷朝倉氏遺跡,道の駅「西山公園」 エリア,1
2023-11-11,福井,一乗谷朝倉氏遺跡,道の駅「越前おおの荒島の郷」 エリア,1
2023-11-11,福井,一乗谷朝倉氏遺跡 エリア,越前大仏,1
2023-11-11,福井,三国湊 エリア,芝政ワールド,1
2023-11-11,福井,人道の港 敦賀ムゼウム,金ヶ崎 エリア,1
2023-11-11,福井,劔神社,道の駅「パークイン丹生ヶ丘」 エリア,1
2023-11-11,福井,北潟湖 エリア,丸岡城,1
2023-11-11,福井,北陸新幹線 越前たけふ駅 エリア,あわら温泉街,1
2023-11-11,福井,多田寺,明通寺 エリア,1
2023-11-11,福井,大本山永平寺,一乗谷朝倉氏遺跡 エリア,1
2023-11-11,福井,大本山永平寺,福井駅前 エリア,1
2023-11-11,福井,大本山永平寺,福井駅前 エリア（宿泊施設）,1
2023-11-11,福井,小浜 エリア（宿泊施設）,小浜市水産食品センター（若狭小浜お魚センター）,1
2023-11-11,福井,御誕生寺,北陸新幹線 越前たけふ駅 エリア,1
2023-11-11,福井,敦賀赤レンガ倉庫,小浜 エリア（宿泊施設）,1
2023-11-11,福井,敦賀赤レンガ倉庫,御食国若狭おばま食文化館 エリア,1
2023-11-11,福井,明通寺,明通寺 エリア,1
2023-11-11,福井,明通寺 エリア,レインボーライン,1
2023-11-11,福井,東尋坊,北潟湖 エリア,1
2023-11-11,福井,東尋坊 エリア,大本山永平寺,1
2023-11-11,福井,熊川宿,名田庄 エリア,1
2023-11-11,福井,福井県こども家族館,うみんぴあ大飯 エリア,1
2023-11-11,福井,福井県立恐竜博物館,ふくい鮮いちば エリア,1
2023-11-11,福井,福井県立恐竜博物館,三国湊 エリア,1
2023-11-11,福井,福井駅前 エリア,北の庄城址・柴田公園,1
2023-11-11,福井,福井駅前 エリア,養浩館庭園,1
2023-11-11,福井,福井駅前 エリア（宿泊施設）,一乗谷朝倉氏遺跡,1
2023-11-11,福井,福井駅前 エリア（宿泊施設）,金沢駅周辺（石川県）,1
2023-11-11,福井,越前がにミュージアム,福井駅前 エリア,1
2023-11-11,福井,越前がにミュージアム,越前海岸 北部 エリア,1
2023-11-11,福井,越前がにミュージアム,越前海岸 越前岬 エリア,1
2023-11-11,福井,越前がにミュージアム,越前陶芸村 エリア,1
2023-11-11,福井,越前がにミュージアム,道の駅「越前」 エリア,4
2023-11-11,福井,越前がにミュージアム,金ヶ崎 エリア,1
2023-11-11,福井,越前そばの里,北陸新幹線 越前たけふ駅 エリア,1
2023-11-11,福井,越前大野城,福井駅前 エリア（宿泊施設）,1
2023-11-11,福井,越前大野城,道の駅「越前」 エリア,1
2023-11-11,福井,道の駅「恐竜渓谷かつやま」 エリア,福井県立恐竜博物館,1
2023-11-11,福井,道の駅「越前」,越前そばの里 エリア,1
2023-11-11,福井,道の駅「越前」 エリア,あわら温泉街,1
2023-11-11,福井,道の駅「越前」 エリア,五湖の駅,1
2023-11-11,福井,道の駅「越前」 エリア,越前がにミュージアム,1
2023-11-11,福井,道の駅「越前」 エリア,道の駅「越前」,1
2023-11-11,福井,金ヶ崎 エリア,日本海さかな街,1
2023-11-11,福井,金沢駅周辺（石川県）,東尋坊 エリア,1
2023-11-12,石川,21世紀美術館,小松空港,1
2023-11-12,石川,こまつの杜,小松空港,1
2023-11-12,石川,ふれあい昆虫館,コストコ,1
2023-11-12,石川,兼六園,ふれあい昆虫館,1
2023-11-12,石川,兼六園,小松空港,1
2023-11-12,石川,山中温泉,小松空港,2
2023-11-12,福井,JR敦賀駅前 エリア,氣比神宮,1
2023-11-12,福井,「ちひろの生まれた家」記念館,紫式部公園 エリア,1
2023-11-12,福井,あわら湯のまち エリア,三國湊レトロ,1
2023-11-12,福井,うるしの里 エリア,めがねミュージアム,1
2023-11-12,福井,えちぜん鉄道 松岡駅 エリア,一乗谷朝倉氏遺跡,1
2023-11-12,福井,えちぜん鉄道 松岡駅 エリア,福井県立恐竜博物館,1
2023-11-12,福井,かずら橋 エリア,一乗谷朝倉氏遺跡,1
2023-11-12,福井,はたや記念館 ゆめおーれ勝山 エリア,福井県立恐竜博物館,1
2023-11-12,福井,メガネストリート エリア,敦賀赤レンガ倉庫,1
2023-11-12,福井,レインボーライン エリア,大本山永平寺,1
2023-11-12,福井,一乗谷朝倉氏遺跡,うるしの里 エリア,1
2023-11-12,福井,一乗谷朝倉氏遺跡,一乗谷朝倉氏遺跡 エリア,1
2023-11-12,福井,一乗谷朝倉氏遺跡,北潟湖 エリア,1
2023-11-12,福井,一乗谷朝倉氏遺跡,越前大野城・城下町 エリア,1
2023-11-12,福井,一乗谷朝倉氏遺跡 エリア,一乗谷朝倉氏遺跡,2
2023-11-12,福井,一乗谷朝倉氏遺跡 エリア,三方五湖,1
2023-11-12,福井,一乗谷朝倉氏遺跡 エリア,越前大野城,1
2023-11-12,福井,万葉の里 味真野苑（ミズバショウ・フジ・スイレン・ハギ）,タケフナイフビレッジ エリア,1
2023-11-12,福井,三国湊 エリア,福井県立恐竜博物館,1
2023-11-12,福井,三方五湖,湖上館パムコ（水月湖）エリア,1
2023-11-12,福井,三方五湖,若狭フィッシャーマンズワーフ エリア,1
2023-11-12,福井,丸岡城,一乗谷朝倉氏遺跡 エリア,1
2023-11-12,福井,丸岡城,福井駅前 エリア,1
2023-11-12,福井,北の庄城址・柴田公園,道の駅「南えちぜん山海里」 エリア,1
2023-11-12,福井,北潟湖 エリア,越前大野城,1
2023-11-12,福井,北陸新幹線 越前たけふ駅 エリア,「ちひろの生まれた家」記念館,1
2023-11-12,福井,大安禅寺,福井駅前 エリア,1
2023-11-12,福井,大本山 永平寺 エリア,一乗谷朝倉氏遺跡,1
2023-11-12,福井,大本山永平寺,あわら湯のまち エリア,1
2023-11-12,福井,大本山永平寺,えちぜん鉄道 松岡駅 エリア,2
2023-11-12,福井,大本山永平寺,レインボーライン エリア,1
2023-11-12,福井,大本山永平寺,福井駅前 エリア（宿泊施設）,1
2023-11-12,福井,大本山永平寺,越前松島水族館 エリア,1
2023-11-12,福井,山中温泉（石川県）,大本山 永平寺 エリア,1
2023-11-12,福井,恐竜博物館,道の駅「越前おおの荒島の郷」 エリア,1
2023-11-12,福井,敦賀赤レンガ倉庫,JR敦賀駅前 エリア,1
2023-11-12,福井,敦賀赤レンガ倉庫,一乗谷朝倉氏遺跡 エリア,1
2023-11-12,福井,敦賀鉄道資料館（旧敦賀港駅舎 ）,JR敦賀駅前 エリア,1
2023-11-12,福井,明通寺,明通寺 エリア,1
2023-11-12,福井,明通寺 エリア,小浜市水産食品センター（若狭小浜お魚センター）,1
2023-11-12,福井,明通寺 エリア,道の駅「若狭おばま」,2
2023-11-12,福井,氣比神宮,JR敦賀駅前 エリア,1
2023-11-12,福井,氣比神宮,道の駅「三方五湖」  エリア,1
2023-11-12,福井,湖上館パムコ（水月湖）エリア,道の駅「三方五湖」,1
2023-11-12,福井,熊川宿,若狭フィッシャーマンズワーフ エリア,1
2023-11-12,福井,熊川宿 エリア,越前大野城,1
2023-11-12,福井,神宮寺,明通寺 エリア,1
2023-11-12,福井,福井県立恐竜博物館,道の駅「越前」 エリア,1
2023-11-12,福井,福井駅前 エリア,福井県立恐竜博物館,1
2023-11-12,福井,福井駅前 エリア,越前大仏,1
2023-11-12,福井,福井駅前 エリア（宿泊施設）,一乗谷朝倉氏遺跡,1
2023-11-12,福井,福井駅前 エリア（宿泊施設）,東尋坊,1
2023-11-12,福井,美浜町レイクセンター エリア,道の駅「若狭おばま」,1
2023-11-12,福井,若狭フィッシャーマンズワーフ,熊川宿 エリア,1
2023-11-12,福井,西山動物園,だるまちゃん広場 エリア,1
2023-11-12,福井,越前がにミュージアム,越前海岸 越前岬 エリア,2
2023-11-12,福井,越前和紙の里,越前和紙の里 エリア,1
2023-11-12,福井,越前和紙の里,道の駅「パークイン丹生ヶ丘」 エリア,1
2023-11-12,福井,越前大仏,道の駅「恐竜渓谷かつやま」 エリア,1
2023-11-12,福井,越前大野城,かずら橋 エリア,1
2023-11-12,福井,越前大野城・城下町 エリア,道の駅「越前おおの荒島の郷」,1
2023-11-12,福井,越前松島水族館 エリア,福井駅,1
2023-11-12,福井,越前松島水族館 エリア,道の駅「さかい」（坂井地域交流センター「いねす」）,1
2023-11-12,福井,越前水仙の里公園,道の駅「越前」 エリア,1
2023-11-12,福井,越前海岸 越前岬 エリア,越前そばの里,1
2023-11-12,福井,越前海岸 越前岬 エリア,道の駅「パークイン丹生ヶ丘」,1
2023-11-12,福井,道の駅「うみんぴあ大飯」,道の駅「シーサイド高浜」 エリア,1
2023-11-12,福井,道の駅「パークイン丹生ヶ丘」,一乗谷朝倉氏遺跡 エリア,1
2023-11-12,福井,道の駅「パークイン丹生ヶ丘」 エリア,一乗谷朝倉氏遺跡,1
2023-11-12,福井,道の駅「三方五湖」  エリア,若狭歴史博物館,1
2023-11-12,福井,道の駅「越前」,道の駅「越前」 エリア,1
2023-11-12,福井,道の駅「越前」 エリア,レインボーライン,1
2023-11-12,福井,道の駅「越前」 エリア,劔神社,1
2023-11-12,福井,道の駅「越前おおの荒島の郷」,はたや記念館 ゆめおーれ勝山 エリア,1
2023-11-12,福井,道の駅「越前おおの荒島の郷」 エリア,はたや記念館 ゆめおーれ勝山,1
2023-11-12,福井,金ヶ崎 エリア,敦賀赤レンガ倉庫,1
2023-11-13,石川,能登食祭市場,和倉温泉,1
2023-11-13,福井,あわら湯のまち エリア,敦賀赤レンガ倉庫,1
2023-11-13,福井,かつやまディノパーク,あわら湯のまち エリア,1
2023-11-13,福井,レインボーライン,小浜市 阿納 エリア,1
2023-11-13,福井,一乗谷朝倉氏遺跡,一乗谷朝倉氏遺跡 エリア,2
2023-11-13,福井,一乗谷朝倉氏遺跡,丸岡城 エリア,2
2023-11-13,福井,一乗谷朝倉氏遺跡,福井駅前 エリア（宿泊施設）,1
2023-11-13,福井,一乗谷朝倉氏遺跡,道の駅「三方五湖」  エリア,1
2023-11-13,福井,一乗谷朝倉氏遺跡,道の駅「越前」 エリア,1
2023-11-13,福井,一乗谷朝倉氏遺跡 エリア,一乗谷朝倉氏遺跡,1
2023-11-13,福井,一乗谷朝倉氏遺跡 エリア,丸岡城,1
2023-11-13,福井,一乗谷朝倉氏遺跡 エリア,東尋坊,1
2023-11-13,福井,丸岡城,あわら湯のまち エリア,1
2023-11-13,福井,丸岡城,道の駅「越前おおの荒島の郷」 エリア,1
2023-11-13,福井,丸岡城 エリア,丸岡城,1
2023-11-13,福井,丸岡城 エリア,大本山永平寺,1
2023-11-13,福井,小浜市 阿納 エリア,日本海さかな街,1
2023-11-13,福井,小浜市 阿納 エリア,道の駅「若狭おばま」,1
2023-11-13,福井,敦賀赤レンガ倉庫,日本海さかな街 エリア,1
2023-11-13,福井,敦賀赤レンガ倉庫,水晶浜 エリア,1
2023-11-13,福井,日本海さかな街,道の駅「南えちぜん山海里」 エリア,1
2023-11-13,福井,東尋坊,丸岡城 エリア,1
2023-11-13,福井,東尋坊 エリア,越前松島水族館,1
2023-11-13,福井,氣比神宮,金ヶ崎 エリア,1
2023-11-13,福井,熊川宿,レインボーライン エリア,2
2023-11-13,福井,福井県立恐竜博物館,フルーツライン エリア,1
2023-11-13,福井,福井駅前 エリア（宿泊施設）,大本山永平寺,1
2023-11-13,福井,福井駅前 エリア（宿泊施設）,日本海さかな街,1
2023-11-13,福井,福井駅前 エリア（宿泊施設）,福井県立恐竜博物館,1
2023-11-13,福井,若狭和田ビーチ,若狭和田 エリア,1
2023-11-13,福井,越前がにミュージアム,越前陶芸村 エリア,1
2023-11-13,福井,越前大仏,越前海岸 北部 エリア,1
2023-11-13,福井,越前大仏 エリア,道の駅「恐竜渓谷かつやま」,1
2023-11-13,福井,越前大野城,一乗谷朝倉氏遺跡 エリア,1
2023-11-13,福井,越前大野城,越前大仏 エリア,1
2023-11-13,福井,越前大野城,道の駅「パークイン丹生ヶ丘」 エリア,1
2023-11-13,福井,越前大野城・城下町 エリア,越前大仏,1
2023-11-13,福井,越前海岸,道の駅「西山公園」 エリア,1
2023-11-13,福井,越前海岸 北部 エリア,丸岡城,1
2023-11-13,福井,越前陶芸村 エリア,西山動物園,1
2023-11-13,福井,道の駅「パークイン丹生ヶ丘」 エリア,丸岡城,1
2023-11-13,福井,道の駅「南えちぜん山海里」 エリア,越前がにミュージアム,1
2023-11-13,福井,道の駅「恐竜渓谷かつやま」 エリア,一乗谷朝倉氏遺跡,1
2023-11-13,福井,道の駅「若狭おばま」,小浜市 阿納 エリア,1
2023-11-13,福井,道の駅「若狭熊川宿」,小浜市 阿納 エリア,1
2023-11-13,福井,道の駅「若狭熊川宿」,金ヶ崎 エリア,1
2023-11-13,福井,道の駅「西山公園」 エリア,越前陶芸村,1
2023-11-13,福井,道の駅「越前おおの荒島の郷」,越前大野城・城下町 エリア,1
2023-11-13,福井,道の駅「越前おおの荒島の郷」 エリア,九頭竜湖,1
2023-11-13,福井,金ヶ崎 エリア,敦賀赤レンガ倉庫,1
2023-11-14,石川,近江市場,小松空港,1
2023-11-14,福井,JR美浜駅 エリア,一乗谷朝倉氏遺跡,1
2023-11-14,福井,あわら温泉街,あわら湯のまち エリア,1
2023-11-14,福井,あわら湯のまち エリア,東尋坊,1
2023-11-14,福井,ふれあいパーク三里浜(道の駅「みくに」),道の駅みくに ふれあいパーク三里浜 エリア,1
2023-11-14,福井,スーベニアショップ ラプトル エリア,丸岡城,1
2023-11-14,福井,一乗谷朝倉氏遺跡,越前松島水族館 エリア,1
2023-11-14,福井,一乗谷朝倉氏遺跡 エリア,一乗谷朝倉氏遺跡,1
2023-11-14,福井,三方五湖,あわら湯のまち エリア,1
2023-11-14,福井,丸岡城,スーベニアショップ ラプトル エリア,1
2023-11-14,福井,丸岡城,丸岡城 エリア,1
2023-11-14,福井,丸岡城,越前松島水族館 エリア,1
2023-11-14,福井,丸岡城,道の駅みくに ふれあいパーク三里浜 エリア,1
2023-11-14,福井,丸岡城 エリア,一乗谷朝倉氏遺跡,1
2023-11-14,福井,北の庄城址・柴田公園,福井駅前 エリア,1
2023-11-14,福井,大本山永平寺,うるしの里 エリア,1
2023-11-14,福井,大本山永平寺,えちぜん鉄道 永平寺口駅 エリア,1
2023-11-14,福井,敦賀赤レンガ倉庫,熊川宿 エリア,1
2023-11-14,福井,明通寺,明通寺 エリア,1
2023-11-14,福井,東尋坊,丸岡城 エリア,1
2023-11-14,福井,氣比神宮,レインボーライン エリア,1
2023-11-14,福井,熊川宿 エリア,今庄宿,1
2023-11-14,福井,福井県立恐竜博物館,スーベニアショップ ラプトル エリア,1
2023-11-14,福井,福井県立恐竜博物館,一乗谷朝倉氏遺跡 エリア,1
2023-11-14,福井,福井県立恐竜博物館,道の駅「越前」 エリア,1
2023-11-14,福井,越前松島水族館 エリア,休暇村越前三国オートキャンプ場,1
2023-11-14,福井,越前松島水族館 エリア,東尋坊,1
2023-11-14,福井,越前海岸,紫式部公園 エリア,1
2023-11-14,福井,道の駅「越前」 エリア,レインボーライン,1
2023-11-14,福井,道の駅みくに ふれあいパーク三里浜 エリア,丸岡城,1
2023-11-15,福井,レインボーライン,小浜市 阿納 エリア,1
2023-11-15,福井,レインボーライン エリア,東尋坊,1
2023-11-15,福井,一乗谷朝倉氏遺跡,えちぜん鉄道 永平寺口駅 エリア,1
2023-11-15,福井,一乗谷朝倉氏遺跡,丸岡城 エリア,1
2023-11-15,福井,一乗谷朝倉氏遺跡,北陸新幹線 越前たけふ駅 エリア,1
2023-11-15,福井,一乗谷朝倉氏遺跡,道の駅「南えちぜん山海里」 エリア,1
2023-11-15,福井,一乗谷朝倉氏遺跡 エリア,福井駅,1
2023-11-15,福井,北陸新幹線 越前たけふ駅 エリア,花はす公園,1
2023-11-15,福井,名田庄 エリア,道の駅「シーサイド高浜」,1
2023-11-15,福井,大本山永平寺,福井駅前 エリア（宿泊施設）,1
2023-11-15,福井,大本山永平寺,道の駅「越前おおの荒島の郷」 エリア,1
2023-11-15,福井,岡太神社・大瀧神社,一乗谷朝倉氏遺跡 エリア,1
2023-11-15,福井,日本海さかな街,JR敦賀駅前 エリア,1
2023-11-15,福井,明通寺,御食国若狭おばま食文化館 エリア,1
2023-11-15,福井,氣比神宮,レインボーライン エリア,1
2023-11-15,福井,永平寺,一乗谷朝倉氏遺跡 エリア,1
2023-11-15,福井,神宮寺,明通寺 エリア,1
2023-11-15,福井,福井県立恐竜博物館,JR九頭竜湖駅 エリア,1
2023-11-15,福井,福井県立恐竜博物館,一乗谷朝倉氏遺跡 エリア,1
2023-11-15,福井,越前大野城,道の駅「西山公園」 エリア,1
2023-11-15,福井,道の駅「シーサイド高浜」,JR美浜駅 エリア,1
2023-11-15,福井,道の駅「南えちぜん山海里」 エリア,東尋坊,1
2023-11-15,福井,道の駅「名田庄」,道の駅「シーサイド高浜」 エリア,1
2023-11-16,石川,のとじま水族館,ガラス美術館,1
2023-11-16,福井,JR敦賀駅前 エリア,人道の港 敦賀ムゼウム,1
2023-11-16,福井,JR敦賀駅前 エリア,越前大野城,1
2023-11-16,福井,あわら湯のまち エリア,福井県立恐竜博物館,1
2023-11-16,福井,えちぜん鉄道 松岡駅 エリア,一乗谷朝倉氏遺跡,1
2023-11-16,福井,フルーツライン エリア,道の駅「さかい」（坂井地域交流センター「いねす」）,1
2023-11-16,福井,レインボーライン,道の駅「三方五湖」  エリア,1
2023-11-16,福井,レインボーライン エリア,越前がにミュージアム,1
2023-11-16,福井,一乗谷朝倉氏遺跡,大本山 永平寺 エリア,1
2023-11-16,福井,一乗谷朝倉氏遺跡,明通寺 エリア,1
2023-11-16,福井,一乗谷朝倉氏遺跡,福井駅前 エリア（宿泊施設）,2
2023-11-16,福井,丸岡城,えちぜん鉄道 松岡駅 エリア,1
2023-11-16,福井,丸岡城,丸岡城 エリア,1
2023-11-16,福井,丸岡城,福井駅前 エリア（宿泊施設）,1
2023-11-16,福井,大本山 永平寺 エリア,丸岡城,1
2023-11-16,福井,明通寺 エリア,一乗谷朝倉氏遺跡,1
2023-11-16,福井,東尋坊,あわら湯のまち エリア,2
2023-11-16,福井,福井駅前 エリア（宿泊施設）,越前大野城,1
2023-11-16,福井,若狭三方縄文博物館,道の駅「三方五湖」  エリア,1
2023-11-16,福井,越前大仏,大本山 永平寺 エリア,1
2023-11-16,福井,道の駅「さかい」（坂井地域交流センター「いねす」）,道の駅みくに ふれあいパーク三里浜 エリア,1
2023-11-16,福井,道の駅「シーサイド高浜」,レインボーライン エリア,1
2023-11-16,福井,道の駅「三方五湖」  エリア,道の駅「若狭おばま」,1
2023-11-16,福井,道の駅「南えちぜん山海里」 エリア,レインボーライン,1
2023-11-16,福井,道の駅「南えちぜん山海里」 エリア,三方五湖,1
2023-11-16,福井,金沢駅周辺（石川県）,道の駅「南えちぜん山海里」 エリア,1
2023-11-17,福井,JR敦賀駅前 エリア,一乗谷朝倉氏遺跡,1
2023-11-17,福井,JR敦賀駅前 エリア,日本海さかな街,1
2023-11-17,福井,JR敦賀駅前 エリア,氣比神宮,1
2023-11-17,福井,あわら温泉屋台村「湯けむり横丁」,JR芦原温泉駅 エリア,1
2023-11-17,福井,あわら温泉街,JR芦原温泉駅 エリア,1
2023-11-17,福井,あわら湯のまち エリア,あわら温泉街,1
2023-11-17,福井,あわら湯のまち エリア,大本山永平寺,1
2023-11-17,福井,あわら湯のまち エリア,福井県立恐竜博物館,1
2023-11-17,福井,ファーマーズマーケットきららの丘,あわら湯のまち エリア,1
2023-11-17,福井,フルーツライン エリア,あわら温泉街,1
2023-11-17,福井,レインボーライン,小浜市 阿納 エリア,1
2023-11-17,福井,一乗谷朝倉氏遺跡,北陸新幹線 越前たけふ駅 エリア,1
2023-11-17,福井,劔神社 エリア,道の駅「越前」,1
2023-11-17,福井,北の庄城址・柴田公園,北ノ庄 エリア,1
2023-11-17,福井,北ノ庄 エリア,大本山永平寺,1
2023-11-17,福井,北潟湖畔公園・サイクリングパーク,フルーツライン エリア,1
2023-11-17,福井,大本山 永平寺 エリア,山中温泉（石川県）,1
2023-11-17,福井,大本山永平寺,JR敦賀駅前 エリア,1
2023-11-17,福井,大本山永平寺,あわら湯のまち エリア,1
2023-11-17,福井,小浜市 阿納 エリア,若狭フィッシャーマンズワーフ,1
2023-11-17,福井,山中温泉（石川県）,大本山 永平寺 エリア,1
2023-11-17,福井,敦賀赤レンガ倉庫,湖上館パムコ（水月湖）エリア,1
2023-11-17,福井,敦賀駅,神楽通り エリア,1
2023-11-17,福井,日本海さかな街,JR美浜駅 エリア,1
2023-11-17,福井,東尋坊,あわら湯のまち エリア,1
2023-11-17,福井,東尋坊,丸岡城 エリア,1
2023-11-17,福井,氣比神宮,金ヶ崎 エリア,1
2023-11-17,福井,水晶浜 エリア,水晶浜海水浴場,1
2023-11-17,福井,熊川宿,小浜 エリア（宿泊施設）,1
2023-11-17,福井,神楽通り エリア,金ヶ崎,1
2023-11-17,福井,福井駅,福井駅前 エリア,1
2023-11-17,福井,福井駅前 エリア,丸岡城,1
2023-11-17,福井,越前松島水族館,あわら湯のまち エリア,1
2023-11-17,福井,越前松島水族館,福井駅前 エリア,1
2023-11-17,福井,越前水仙の里公園,道の駅「越前」 エリア,1
2023-11-17,福井,道の駅「恐竜渓谷かつやま」,はたや記念館 ゆめおーれ勝山 エリア,1
2023-11-17,福井,道の駅「越前おおの荒島の郷」,道の駅「南えちぜん山海里」 エリア,1
2023-11-18,石川,小松空港,兼六園,2
2023-11-18,石川,能登ワイン,能登食祭市場,1
2023-11-18,石川,近江町市場,小松空港,1
2023-11-18,石川,道の駅のと千里浜,コスモアイル羽咋,1
2023-11-18,福井,JR芦原温泉駅 エリア,大本山永平寺,1
2023-11-18,福井,「ちひろの生まれた家」記念館,武生駅 エリア,1
2023-11-18,福井,「ちひろの生まれた家」記念館,道の駅「南えちぜん山海里」 エリア,1
2023-11-18,福井,あわら温泉街,東尋坊 エリア,1
2023-11-18,福井,うみんぴあ大飯 エリア,エルガイアおおい,1
2023-11-18,福井,かずら橋 エリア,越前陶芸村,1
2023-11-18,福井,ふくい鮮いちば エリア,東尋坊,1
2023-11-18,福井,ふくい鮮いちば エリア,越前大野城,1
2023-11-18,福井,エルガイアおおい,小浜市 阿納 エリア,1
2023-11-18,福井,タケフナイフビレッジ,北陸新幹線 越前たけふ駅 エリア,1
2023-11-18,福井,レインボーライン,湖上館パムコ（水月湖）エリア,1
2023-11-18,福井,レインボーライン,熊川宿 エリア,1
2023-11-18,福井,レインボーライン エリア,日本海さかな街,1
2023-11-18,福井,レインボーライン エリア,越前大野城,1
2023-11-18,福井,一乗谷朝倉氏遺跡,かずら橋 エリア,1
2023-11-18,福井,一乗谷朝倉氏遺跡,道の駅「西山公園」 エリア,3
2023-11-18,福井,一乗谷朝倉氏遺跡 エリア,福井県立恐竜博物館,1
2023-11-18,福井,一乗谷朝倉氏遺跡 エリア,金沢駅周辺（石川県）,1
2023-11-18,福井,三国湊 エリア,丸岡城,1
2023-11-18,福井,三國湊レトロ,JR芦原温泉駅 エリア,2
2023-11-18,福井,三方五湖,水晶浜 エリア,1
2023-11-18,福井,丸岡城,明通寺 エリア,1
2023-11-18,福井,丸岡城 エリア,一乗谷朝倉氏遺跡,1
2023-11-18,福井,北潟湖 エリア,丸岡城,1
2023-11-18,福井,吉崎御坊跡,あわら湯のまち エリア,1
2023-11-18,福井,名勝 養浩館庭園 エリア,大本山永平寺,1
2023-11-18,福井,大本山永平寺,えちぜん鉄道 松岡駅 エリア,1
2023-11-18,福井,小浜市 阿納 エリア,大本山永平寺,1
2023-11-18,福井,小浜市 阿納 エリア,小浜市水産食品センター（若狭小浜お魚センター）,1
2023-11-18,福井,帰宅,道の駅「南えちぜん山海里」 エリア,1
2023-11-18,福井,恐竜博物館,一乗谷朝倉氏遺跡 エリア,1
2023-11-18,福井,恐竜博物館,丸岡城 エリア,1
2023-11-18,福井,日本海さかな街,小浜 エリア（宿泊施設）,1
2023-11-18,福井,氣比神宮,レインボーライン エリア,1
2023-11-18,福井,氣比神宮,道の駅「越前おおの荒島の郷」 エリア,1
2023-11-18,福井,熊川宿,うみんぴあ大飯 エリア,1
2023-11-18,福井,熊川宿,熊川宿 エリア,1
2023-11-18,福井,福井県立恐竜博物館,あわら湯のまち エリア,1
2023-11-18,福井,福井駅,名勝 養浩館庭園 エリア,1
2023-11-18,福井,福井駅前 エリア,養浩館庭園,1
2023-11-18,福井,越前がにミュージアム,道の駅「西山公園」 エリア,1
2023-11-18,福井,越前和紙の里,越前松島水族館 エリア,1
2023-11-18,福井,越前大仏,かずら橋 エリア,1
2023-11-18,福井,越前大仏,ふくい鮮いちば エリア,1
2023-11-18,福井,越前大仏,武生駅 エリア,1
2023-11-18,福井,越前大野城,北潟湖 エリア,1
2023-11-18,福井,越前打刃物会館,道の駅「南えちぜん山海里」 エリア,1
2023-11-18,福井,越前松島水族館 エリア,ふれあいパーク三里浜(道の駅「みくに」),1
2023-11-18,福井,越前松島水族館 エリア,道の駅「南えちぜん山海里」,1
2023-11-18,福井,越前水仙の里公園,道の駅「越前」 エリア,1
2023-11-18,福井,越前海岸 北部 エリア,福井駅,1
2023-11-18,福井,道の駅「九頭竜・和泉ふれあい会館」,一乗谷朝倉氏遺跡 エリア,1
2023-11-18,福井,道の駅「南えちぜん山海里」 エリア,道の駅「若狭おばま」,1
2023-11-18,福井,道の駅「河野」,越前そばの里 エリア,1
2023-11-18,福井,道の駅「西山公園」,越前松島水族館 エリア,1
2023-11-18,福井,道の駅「西山公園」,道の駅「南えちぜん山海里」 エリア,1
2023-11-18,福井,道の駅「西山公園」 エリア,「ちひろの生まれた家」記念館,2
2023-11-18,福井,道の駅「西山公園」 エリア,御食国若狭おばま食文化館,1
2023-11-18,福井,道の駅「越前」 エリア,めがねミュージアム,1
2023-11-18,福井,道の駅「越前おおの荒島の郷」 エリア,一乗谷朝倉氏遺跡,1
2023-11-18,福井,道の駅「越前おおの荒島の郷」 エリア,越前大野城,2
2023-11-18,福井,金沢駅周辺（石川県）,丸岡城 エリア,1
2023-11-19,石川,小松空港,自宅,1
2023-11-19,福井,JR九頭竜湖駅 エリア,越前大仏,1
2023-11-19,福井,JR美浜駅 エリア,道の駅「若狭おばま」,1
2023-11-19,福井,あわら湯のまち エリア,敦賀駅,1
2023-11-19,福井,あわら湯のまち エリア,東尋坊,1
2023-11-19,福井,あわら湯のまち エリア,越前松島水族館,1
2023-11-19,福井,えちぜん鉄道 松岡駅 エリア,福井駅,1
2023-11-19,福井,はたや記念館 ゆめおーれ勝山,道の駅「恐竜渓谷かつやま」 エリア,1
2023-11-19,福井,はたや記念館 ゆめおーれ勝山 エリア,道の駅「禅の里」,1
2023-11-19,福井,スーベニアショップ ラプトル エリア,大本山永平寺,1
2023-11-19,福井,スーベニアショップ ラプトル エリア,東尋坊,1
2023-11-19,福井,スーベニアショップ ラプトル エリア,福井県立恐竜博物館,1
2023-11-19,福井,スーベニアショップ ラプトル エリア,道の駅「恐竜渓谷かつやま」,1
2023-11-19,福井,レインボーライン エリア,五湖の駅,1
2023-11-19,福井,レインボーライン エリア,日本海さかな街,1
2023-11-19,福井,一乗谷朝倉氏遺跡,JR敦賀駅前 エリア,1
2023-11-19,福井,一乗谷朝倉氏遺跡,スーベニアショップ ラプトル エリア,2
2023-11-19,福井,一乗谷朝倉氏遺跡,一乗谷朝倉氏遺跡 エリア,2
2023-11-19,福井,一乗谷朝倉氏遺跡,越前陶芸村 エリア,1
2023-11-19,福井,一乗谷朝倉氏遺跡 エリア,氣比神宮,1
2023-11-19,福井,一乗谷朝倉氏遺跡 エリア,道の駅「一乗谷あさくら水の駅」,1
2023-11-19,福井,一乗谷朝倉氏遺跡 エリア,道の駅「越前」,1
2023-11-19,福井,三国サンセットビーチ,北潟湖 エリア,1
2023-11-19,福井,三方五湖,小浜市 阿納 エリア,1
2023-11-19,福井,三方五湖,道の駅「越前」 エリア,1
2023-11-19,福井,丸岡城,一乗谷朝倉氏遺跡 エリア,1
2023-11-19,福井,丸岡城,丸岡城 エリア,1
2023-11-19,福井,丸岡城,道の駅「越前」 エリア,1
2023-11-19,福井,丸岡城 エリア,丸岡城,1
2023-11-19,福井,丸岡城 エリア,道の駅「越前」,1
2023-11-19,福井,劔神社,道の駅「越前」 エリア,1
2023-11-19,福井,北の庄城址・柴田公園,北ノ庄 エリア,1
2023-11-19,福井,北の庄城址・柴田公園,福井駅前 エリア,1
2023-11-19,福井,北ノ庄 エリア,大本山永平寺,1
2023-11-19,福井,名勝 養浩館庭園 エリア,北の庄城址・柴田公園,1
2023-11-19,福井,呼鳥門,道の駅「越前」 エリア,1
2023-11-19,福井,大本山 永平寺 エリア,一乗谷朝倉氏遺跡,1
2023-11-19,福井,大本山永平寺,えちぜん鉄道 松岡駅 エリア,1
2023-11-19,福井,大本山永平寺,一乗谷朝倉氏遺跡 エリア,1
2023-11-19,福井,大本山永平寺,北ノ庄 エリア,1
2023-11-19,福井,大本山永平寺,日本海さかな街 エリア,1
2023-11-19,福井,大本山永平寺,福井駅前 エリア,1
2023-11-19,福井,大本山永平寺,道の駅「南えちぜん山海里」 エリア,1
2023-11-19,福井,小浜市 阿納 エリア,敦賀駅,1
2023-11-19,福井,小浜市水産食品センター（若狭小浜お魚センター）,熊川宿 エリア,1
2023-11-19,福井,御食国若狭おばま食文化館 エリア,若狭瓜割名水公園 瓜割の滝,1
2023-11-19,福井,敦賀赤レンガ倉庫,小浜市 阿納 エリア,1
2023-11-19,福井,敦賀赤レンガ倉庫,金ヶ崎 エリア,1
2023-11-19,福井,明通寺,若狭フィッシャーマンズワーフ エリア,1
2023-11-19,福井,明通寺 エリア,氣比神宮,1
2023-11-19,福井,東尋坊,大本山 永平寺 エリア,1
2023-11-19,福井,氣比神宮,レインボーライン エリア,1
2023-11-19,福井,氣比神宮,神楽通り エリア,1
2023-11-19,福井,氣比神宮,福井駅前 エリア,1
2023-11-19,福井,熊川宿 エリア,御食国若狭おばま食文化館,1
2023-11-19,福井,熊川宿 エリア,氣比神宮,1
2023-11-19,福井,熊川宿 エリア,道の駅「若狭おばま」,1
2023-11-19,福井,福井県立恐竜博物館,JR九頭竜湖駅 エリア,1
2023-11-19,福井,福井県立恐竜博物館,あわら湯のまち エリア,1
2023-11-19,福井,福井県立恐竜博物館,スーベニアショップ ラプトル エリア,3
2023-11-19,福井,福井県立恐竜博物館,一乗谷朝倉氏遺跡 エリア,1
2023-11-19,福井,福井県立恐竜博物館,道の駅「恐竜渓谷かつやま」 エリア,1
2023-11-19,福井,福井駅,名勝 養浩館庭園 エリア,1
2023-11-19,福井,福井駅前 エリア,大本山永平寺,3
2023-11-19,福井,福井駅前 エリア,福井県立恐竜博物館,1
2023-11-19,福井,福井駅前 エリア（宿泊施設）,東尋坊,1
2023-11-19,福井,花の駅 ゆりの里公園 エリア,越前大仏,1
2023-11-19,福井,若狭フィッシャーマンズワーフ,小浜市まちの駅 エリア,1
2023-11-19,福井,若狭フィッシャーマンズワーフ,熊川宿 エリア,1
2023-11-19,福井,若狭フィッシャーマンズワーフ,若狭フィッシャーマンズワーフ エリア,1
2023-11-19,福井,若狭三方縄文博物館,熊川宿 エリア,1
2023-11-19,福井,若狭和田ビーチ,明通寺 エリア,1
2023-11-19,福井,越前がにミュージアム,あわら湯のまち エリア,1
2023-11-19,福井,越前がにミュージアム,北陸新幹線 越前たけふ駅 エリア,1
2023-11-19,福井,越前がにミュージアム,越前そばの里 エリア,1
2023-11-19,福井,越前がにミュージアム,越前海岸 越前岬 エリア,1
2023-11-19,福井,越前がにミュージアム,道の駅「越前」 エリア,1
2023-11-19,福井,越前そばの里 エリア,越前大仏,1
2023-11-19,福井,越前和紙の里,越前そばの里 エリア,1
2023-11-19,福井,越前大仏,JR九頭竜湖駅 エリア,1
2023-11-19,福井,越前大仏,道の駅「禅の里」 エリア,1
2023-11-19,福井,越前大野城,花の駅 ゆりの里公園 エリア,1
2023-11-19,福井,越前大野城,越前陶芸村 エリア,1
2023-11-19,福井,越前大野城,道の駅「禅の里」 エリア,1
2023-11-19,福井,越前大野城・城下町 エリア,一乗谷朝倉氏遺跡,1
2023-11-19,福井,越前大野城・城下町 エリア,北の庄城址・柴田公園,1
2023-11-19,福井,越前松島水族館,あわら湯のまち エリア,1
2023-11-19,福井,越前松島水族館 エリア,あわら温泉街,1
2023-11-19,福井,越前海岸 越前岬 エリア,日本海さかな街,1
2023-11-19,福井,越前陶芸村 エリア,岡太神社・大瀧神社,1
2023-11-19,福井,越前陶芸村 エリア,越前大野城,1
2023-11-19,福井,道の駅「九頭竜・和泉ふれあい会館」,JR九頭竜湖駅 エリア,1
2023-11-19,福井,道の駅「九頭竜・和泉ふれあい会館」,道の駅「越前おおの荒島の郷」 エリア,1
2023-11-19,福井,道の駅「名田庄」,うみんぴあ大飯 エリア,1
2023-11-19,福井,道の駅「名田庄」,名田庄 エリア,1
2023-11-19,福井,道の駅「恐竜渓谷かつやま」 エリア,一乗谷朝倉氏遺跡,1
2023-11-19,福井,道の駅「河野」,道の駅「越前」 エリア,1
2023-11-19,福井,道の駅「禅の里」 エリア,大本山永平寺,1
2023-11-19,福井,道の駅「禅の里」 エリア,越前大仏,1
2023-11-19,福井,道の駅「若狭熊川宿」,御食国若狭おばま食文化館 エリア,1
2023-11-19,福井,道の駅「若狭熊川宿」,道の駅「若狭おばま」 エリア,1
2023-11-19,福井,道の駅「西山公園」,道の駅「南えちぜん山海里」 エリア,1
2023-11-19,福井,道の駅「越前」,かずら橋 エリア,1
2023-11-19,福井,道の駅「越前」 エリア,五湖の駅,1
2023-11-19,福井,道の駅「越前」 エリア,越前がにミュージアム,2
2023-11-19,福井,道の駅「越前」 エリア,越前そばの里,1
2023-11-19,福井,道の駅「越前」 エリア,越前大野城,1
2023-11-19,福井,道の駅「越前おおの荒島の郷」 エリア,七間朝市,1
2023-11-19,福井,金ヶ崎 エリア,氣比神宮,1
2023-11-19,福井,金沢,福井駅前 エリア,1
2023-11-20,石川,のとじま水族館,金沢,2
2023-11-20,石川,兼六園,小松空港,1
2023-11-20,福井,あわら温泉街,あわら湯のまち エリア,1
2023-11-20,福井,あわら湯のまち エリア,三國湊レトロ,1
2023-11-20,福井,あわら湯のまち エリア,東尋坊,1
2023-11-20,福井,一乗谷朝倉氏遺跡,三国湊 エリア,1
2023-11-20,福井,一乗谷朝倉氏遺跡,今庄宿 エリア,1
2023-11-20,福井,一乗谷朝倉氏遺跡,北潟湖 エリア,1
2023-11-20,福井,一乗谷朝倉氏遺跡,東尋坊 エリア,1
2023-11-20,福井,一乗谷朝倉氏遺跡,道の駅「恐竜渓谷かつやま」 エリア,1
2023-11-20,福井,三丁町,小浜 エリア（宿泊施設）,1
2023-11-20,福井,三国湊 エリア,あわら温泉「芦湯」,1
2023-11-20,福井,今庄宿 エリア,氣比神宮,1
2023-11-20,福井,劔神社,道の駅「パークイン丹生ヶ丘」 エリア,1
2023-11-20,福井,劔神社,道の駅「越前」 エリア,1
2023-11-20,福井,北潟湖 エリア,丸岡城,1
2023-11-20,福井,大本山 永平寺 エリア,東尋坊,1
2023-11-20,福井,大本山永平寺,JR芦原温泉駅 エリア,1
2023-11-20,福井,小浜 エリア（宿泊施設）,熊川宿,1
2023-11-20,福井,小浜 エリア（宿泊施設）,福井県立恐竜博物館,1
2023-11-20,福井,御食国若狭おばま食文化館,小浜 エリア（宿泊施設）,1
2023-11-20,福井,敦賀駅,金ヶ崎 エリア,1
2023-11-20,福井,日本海さかな街,福井駅前 エリア,1
2023-11-20,福井,日本海さかな街 エリア,越前がにミュージアム,1
2023-11-20,福井,氣比神宮,明通寺 エリア,1
2023-11-20,福井,水晶浜 エリア,大本山永平寺,1
2023-11-20,福井,熊川宿,熊川宿 エリア,1
2023-11-20,福井,福井県立恐竜博物館,JR芦原温泉駅 エリア,1
2023-11-20,福井,福井県立恐竜博物館,あわら湯のまち エリア,1
2023-11-20,福井,福井県立恐竜博物館,北潟湖 エリア,1
2023-11-20,福井,福井県立恐竜博物館,日本海さかな街 エリア,2
2023-11-20,福井,福井駅,北陸新幹線 越前たけふ駅 エリア,1
2023-11-20,福井,福井駅前 エリア,敦賀赤レンガ倉庫,1
2023-11-20,福井,福井駅前 エリア（宿泊施設）,福井県立恐竜博物館,1
2023-11-20,福井,越前和紙の里 エリア,越前打刃物会館,1
2023-11-20,福井,越前大野城,まちの市場 こってコテいけだ エリア,1
2023-11-20,福井,越前陶芸村,あわら湯のまち エリア,1
2023-11-20,福井,道の駅「さかい」（坂井地域交流センター「いねす」）,道の駅みくに ふれあいパーク三里浜 エリア,1
2023-11-20,福井,道の駅「パークイン丹生ヶ丘」 エリア,越前大野城,1
2023-11-20,福井,道の駅「三方五湖」  エリア,敦賀赤レンガ倉庫,1
2023-11-20,福井,道の駅「名田庄」,名田庄 エリア,1
2023-11-20,福井,道の駅「恐竜渓谷かつやま」 エリア,道の駅「九頭竜・和泉ふれあい会館」,1
2023-11-20,福井,道の駅「若狭熊川宿」,熊川宿 エリア,1
2023-11-20,福井,道の駅「越前」,劔神社 エリア,1
2023-11-20,福井,道の駅「越前」 エリア,越前がにミュージアム,1
2023-11-20,福井,道の駅みくに ふれあいパーク三里浜 エリア,越前がにミュージアム,1
2023-11-21,石川,小松空港,21世紀美術館,1
2023-11-21,石川,小松空港,兼六園,1
2023-11-21,福井,JR敦賀駅前 エリア,西福寺,1
2023-11-21,福井,JR美浜駅 エリア,五湖の駅,1
2023-11-21,福井,JR芦原温泉駅 エリア,一乗谷朝倉氏遺跡,1
2023-11-21,福井,あわら湯のまち エリア,越前がにミュージアム,1
2023-11-21,福井,スーベニアショップ ラプトル エリア,福井県立恐竜博物館,1
2023-11-21,福井,一乗谷朝倉氏遺跡,一乗谷朝倉氏遺跡 エリア,1
2023-11-21,福井,一乗谷朝倉氏遺跡,明通寺 エリア,1
2023-11-21,福井,一乗谷朝倉氏遺跡,越前陶芸村 エリア,1
2023-11-21,福井,一筆啓上 日本一短い手紙の館,丸岡城 エリア,1
2023-11-21,福井,丸岡城,北陸新幹線 越前たけふ駅 エリア,1
2023-11-21,福井,丸岡城,越前大野城・城下町 エリア,1
2023-11-21,福井,丸岡城 エリア,竹田水車メロディパーク,1
2023-11-21,福井,人道の港 敦賀ムゼウム,JR敦賀駅前 エリア,1
2023-11-21,福井,北の庄城址・柴田公園,JR敦賀駅前 エリア,1
2023-11-21,福井,北陸新幹線 越前たけふ駅 エリア,タケフナイフビレッジ,1
2023-11-21,福井,大本山永平寺,スーベニアショップ ラプトル エリア,1
2023-11-21,福井,大本山永平寺,敦賀市立博物館 エリア,1
2023-11-21,福井,大本山永平寺,道の駅「越前おおの荒島の郷」 エリア,1
2023-11-21,福井,小浜 エリア（宿泊施設）,御食国若狭おばま食文化館,1
2023-11-21,福井,山代温泉（石川県）,道の駅「南えちぜん山海里」 エリア,1
2023-11-21,福井,敦賀赤レンガ倉庫,金ヶ崎 エリア,1
2023-11-21,福井,明通寺 エリア,三方五湖,1
2023-11-21,福井,東尋坊,道の駅「越前」 エリア,1
2023-11-21,福井,熊川宿,明通寺 エリア,1
2023-11-21,福井,福井県立恐竜博物館,JR敦賀駅前 エリア,1
2023-11-21,福井,福井県立恐竜博物館,あわら湯のまち エリア,1
2023-11-21,福井,福井県立恐竜博物館,道の駅「南えちぜん山海里」 エリア,1
2023-11-21,福井,福井駅,道の駅「西山公園」 エリア,1
2023-11-21,福井,福井駅前 エリア,道の駅「西山公園」,1
2023-11-21,福井,箸のふるさと館WAKASA,小浜 エリア（宿泊施設）,1
2023-11-21,福井,越前がにミュージアム,道の駅「越前」 エリア,1
2023-11-21,福井,越前和紙の里,金ヶ崎 エリア,1
2023-11-21,福井,越前大野城,道の駅「若狭おばま」 エリア,1
2023-11-21,福井,道の駅「パークイン丹生ヶ丘」,越前陶芸村 エリア,1
2023-11-21,福井,道の駅「南えちぜん山海里」 エリア,日本海さかな街,1
2023-11-21,福井,道の駅「名田庄」,名田庄 エリア,1
2023-11-21,福井,道の駅「禅の里」,道の駅「越前おおの荒島の郷」 エリア,1
2023-11-21,福井,道の駅「禅の里」 エリア,丸岡城,1
2023-11-21,福井,道の駅「若狭おばま」 エリア,大本山永平寺,1
2023-11-21,福井,道の駅「越前」 エリア,道の駅「河野」,1
2023-11-21,福井,道の駅「越前おおの荒島の郷」 エリア,スキージャム勝山,1
2023-11-21,福井,金ヶ崎 エリア,国分寺 (小浜市),1
2023-11-22,福井,JR敦賀駅前 エリア,丸岡城,1
2023-11-22,福井,JR美浜駅 エリア,気比の松原,1
2023-11-22,福井,UMIKARA,若州一滴文庫 エリア,1
2023-11-22,福井,あわら湯のまち エリア,東尋坊,1
2023-11-22,福井,あわら湯のまち エリア,福井県立恐竜博物館,1
2023-11-22,福井,うみんぴあ大飯 エリア,UMIKARA,1
2023-11-22,福井,えちぜん鉄道 松岡駅 エリア,大本山永平寺,1
2023-11-22,福井,ふくい鮮いちば エリア,敦賀赤レンガ倉庫,1
2023-11-22,福井,レインボーライン,北潟湖 エリア,1
2023-11-22,福井,一乗谷朝倉氏遺跡,道の駅「パークイン丹生ヶ丘」 エリア,1
2023-11-22,福井,一乗谷朝倉氏遺跡,道の駅「南えちぜん山海里」 エリア,1
2023-11-22,福井,一乗谷朝倉氏遺跡 エリア,一乗谷朝倉氏遺跡,1
2023-11-22,福井,一乗谷朝倉氏遺跡 エリア,岡太神社・大瀧神社,1
2023-11-22,福井,丸岡城,ふくい鮮いちば エリア,1
2023-11-22,福井,丸岡城,武生駅 エリア,1
2023-11-22,福井,丸岡城 エリア,福井県立恐竜博物館,1
2023-11-22,福井,九頭竜スキー場,道の駅「越前おおの荒島の郷」 エリア,1
2023-11-22,福井,北の庄城址・柴田公園,JR敦賀駅前 エリア,1
2023-11-22,福井,北の庄城址・柴田公園,名勝 養浩館庭園 エリア,1
2023-11-22,福井,北潟湖 エリア,越前大野城,1
2023-11-22,福井,大本山永平寺,あわら湯のまち エリア,1
2023-11-22,福井,敦賀赤レンガ倉庫,熊川宿 エリア,1
2023-11-22,福井,明通寺,明通寺 エリア,1
2023-11-22,福井,明通寺 エリア,神宮寺,1
2023-11-22,福井,東尋坊,えちぜん鉄道 松岡駅 エリア,1
2023-11-22,福井,東尋坊,一乗谷朝倉氏遺跡 エリア,1
2023-11-22,福井,武生駅 エリア,一乗谷朝倉氏遺跡,1
2023-11-22,福井,水晶浜 エリア,氣比神宮,1
2023-11-22,福井,熊川宿 エリア,日本海さかな街,1
2023-11-22,福井,福井県立恐竜博物館,道の駅「若狭おばま」 エリア,1
2023-11-22,福井,福井駅,一乗谷朝倉氏遺跡 エリア,1
2023-11-22,福井,福井駅前 エリア（宿泊施設）,丸岡城,1
2023-11-22,福井,芝政ワールド,あわら湯のまち エリア,1
2023-11-22,福井,越前がにミュージアム,道の駅「越前」 エリア,1
2023-11-22,福井,越前大野城,一乗谷朝倉氏遺跡 エリア,1
2023-11-22,福井,越前陶芸村,道の駅「越前」 エリア,1
2023-11-22,福井,道の駅「シーサイド高浜」,越前海岸 くりや旅館街 エリア,1
2023-11-22,福井,道の駅「パークイン丹生ヶ丘」,道の駅「南えちぜん山海里」 エリア,1
2023-11-22,福井,道の駅「南えちぜん山海里」 エリア,丸岡城,1
2023-11-22,福井,道の駅「若狭おばま」 エリア,大本山永平寺,1
2023-11-22,福井,道の駅「越前」 エリア,レインボーライン,1
2023-11-23,石川,いしかわ動物園,能登島水族館,1
2023-11-23,石川,のとじま水族館,食祭市場,1
2023-11-23,石川,ふれあい昆虫館,獅子吼高原,1
2023-11-23,福井,JR敦賀駅前 エリア,三方五湖,1
2023-11-23,福井,JR敦賀駅前 エリア,敦賀赤レンガ倉庫,1
2023-11-23,福井,JR美浜駅 エリア,氣比神宮,1
2023-11-23,福井,あわら温泉「芦湯」,北潟湖 エリア,1
2023-11-23,福井,あわら湯のまち エリア,あわら温泉街,1
2023-11-23,福井,あわら湯のまち エリア,大本山永平寺,1
2023-11-23,福井,あわら湯のまち エリア,福井県立恐竜博物館,2
2023-11-23,福井,あわら湯のまち エリア,道の駅「さかい」（坂井地域交流センター「いねす」）,1
2023-11-23,福井,うるしの里 エリア,道の駅「西山公園」,1
2023-11-23,福井,かずら橋,越前そばの里 エリア,1
2023-11-23,福井,ふれあいパーク三里浜(道の駅「みくに」),道の駅みくに ふれあいパーク三里浜 エリア,1
2023-11-23,福井,まちの市場 こってコテいけだ,うるしの里 エリア,1
2023-11-23,福井,まちの市場 こってコテいけだ エリア,かずら橋,1
2023-11-23,福井,まちの市場 こってコテいけだ エリア,道の駅「西山公園」,1
2023-11-23,福井,スーベニアショップ ラプトル エリア,越前大野城,1
2023-11-23,福井,フルーツライン エリア,福井駅,1
2023-11-23,福井,メガネストリート エリア,あわら温泉街,1
2023-11-23,福井,メタセコイア並木（滋賀県）,明通寺 エリア,1
2023-11-23,福井,レインボーライン,JR美浜駅 エリア,1
2023-11-23,福井,一乗谷朝倉氏遺跡,大本山 永平寺 エリア,1
2023-11-23,福井,一乗谷朝倉氏遺跡 エリア,福井県立恐竜博物館,1
2023-11-23,福井,三国サンセットビーチ,あわら湯のまち エリア,1
2023-11-23,福井,三国サンセットビーチ,道の駅「越前」 エリア,1
2023-11-23,福井,三国サンセットビーチ,道の駅みくに ふれあいパーク三里浜 エリア,1
2023-11-23,福井,丸岡城,はたや記念館 ゆめおーれ勝山 エリア,1
2023-11-23,福井,丸岡城,一乗谷朝倉氏遺跡 エリア,1
2023-11-23,福井,丸岡城,越前そばの里 エリア,1
2023-11-23,福井,丸岡城,道の駅みくに ふれあいパーク三里浜 エリア,1
2023-11-23,福井,北の庄城址・柴田公園,北ノ庄 エリア,2
2023-11-23,福井,北前船主の館 右近家,道の駅「越前」 エリア,1
2023-11-23,福井,吉崎御坊跡,フルーツライン エリア,1
2023-11-23,福井,名田庄 エリア,御食国若狭おばま食文化館,1
2023-11-23,福井,大本山 永平寺 エリア,福井県立恐竜博物館,1
2023-11-23,福井,大本山永平寺,丸岡城 エリア,1
2023-11-23,福井,大本山永平寺,北陸新幹線 越前たけふ駅 エリア,2
2023-11-23,福井,天橋立（京都府）,道の駅「若狭おばま」 エリア,1
2023-11-23,福井,小浜市 阿納 エリア,日本海さかな街,1
2023-11-23,福井,帰宅,熊川宿 エリア,1
2023-11-23,福井,御食国若狭おばま食文化館,明通寺 エリア,1
2023-11-23,福井,御食国若狭おばま食文化館,若狭フィッシャーマンズワーフ エリア,1
2023-11-23,福井,敦賀赤レンガ倉庫,劔神社 エリア,1
2023-11-23,福井,敦賀鉄道資料館（旧敦賀港駅舎 ）,金ヶ崎 エリア,1
2023-11-23,福井,明通寺,小浜市 阿納 エリア,1
2023-11-23,福井,明通寺,明通寺 エリア,1
2023-11-23,福井,明通寺 エリア,熊川宿,1
2023-11-23,福井,明通寺 エリア,道の駅「若狭おばま」,1
2023-11-23,福井,明通寺 エリア,道の駅「若狭熊川宿」,1
2023-11-23,福井,東尋坊,あわら湯のまち エリア,2
2023-11-23,福井,東尋坊,福井駅前 エリア,1
2023-11-23,福井,氣比神宮,JR敦賀駅前 エリア,2
2023-11-23,福井,氣比神宮,あわら湯のまち エリア,1
2023-11-23,福井,氣比神宮,湖上館パムコ（水月湖）エリア,1
2023-11-23,福井,氣比神宮,道の駅「南えちぜん山海里」 エリア,1
2023-11-23,福井,氣比神宮,金ヶ崎 エリア,1
2023-11-23,福井,湖上館パムコ（水月湖）エリア,道の駅「シーサイド高浜」,1
2023-11-23,福井,熊川宿,明通寺 エリア,3
2023-11-23,福井,熊川宿,湖上館パムコ（水月湖）エリア,1
2023-11-23,福井,熊川宿 エリア,越前大仏,1
2023-11-23,福井,熊川宿 エリア,道の駅「名田庄」,1
2023-11-23,福井,福井県立恐竜博物館,道の駅「恐竜渓谷かつやま」 エリア,1
2023-11-23,福井,福井駅,あわら湯のまち エリア,1
2023-11-23,福井,若狭町観光船レイククルーズ,レインボーライン エリア,1
2023-11-23,福井,越前そばの里 エリア,あわら温泉街,1
2023-11-23,福井,越前そばの里 エリア,越前大仏,1
2023-11-23,福井,越前和紙の里,道の駅「越前」 エリア,1
2023-11-23,福井,越前大野城,一乗谷朝倉氏遺跡 エリア,1
2023-11-23,福井,越前大野城,名田庄 エリア,1
2023-11-23,福井,越前大野城,越前大野城・城下町 エリア,2
2023-11-23,福井,越前大野城,道の駅「南えちぜん山海里」 エリア,1
2023-11-23,福井,越前大野城,道の駅「越前」 エリア,1
2023-11-23,福井,越前海岸,あわら湯のまち エリア,1
2023-11-23,福井,越前海岸,メガネストリート エリア,1
2023-11-23,福井,越前海岸 越前岬 エリア,越前がにミュージアム,1
2023-11-23,福井,越前海岸 越前岬 エリア,越前水仙の里公園,1
2023-11-23,福井,越前陶芸村 エリア,道の駅「パークイン丹生ヶ丘」,1
2023-11-23,福井,道の駅「シーサイド高浜」,熊川宿 エリア,1
2023-11-23,福井,道の駅「九頭竜・和泉ふれあい会館」,JR九頭竜湖駅 エリア,1
2023-11-23,福井,道の駅「名田庄」,名田庄 エリア,1
2023-11-23,福井,道の駅「名田庄」,箸のふるさと館WAKASA エリア,1
2023-11-23,福井,道の駅「禅の里」,スーベニアショップ ラプトル エリア,1
2023-11-23,福井,道の駅「禅の里」 エリア,福井県立恐竜博物館,1
2023-11-23,福井,道の駅「西山公園」,丸岡城 エリア,1
2023-11-23,福井,道の駅「越前」 エリア,越前大野城,1
2023-11-23,福井,道の駅みくに ふれあいパーク三里浜 エリア,越前水仙の里公園,1
2023-11-23,福井,金ヶ崎 エリア,人道の港 敦賀ムゼウム,1
2023-11-24,石川,のとじま水族館,和倉温泉,1
2023-11-24,石川,のとじま水族館,金沢駅,1
2023-11-24,石川,兼六園,のとじま水族館,1
2023-11-24,石川,能登食祭市場,和倉温泉,1
2023-11-24,福井,JR敦賀駅前 エリア,金ヶ崎,1
2023-11-24,福井,あわら温泉屋台村「湯けむり横丁」,あわら湯のまち エリア,1
2023-11-24,福井,あわら温泉街,福井駅前 エリア,1
2023-11-24,福井,あわら湯のまち エリア,福井県立恐竜博物館,1
2023-11-24,福井,うるしの里,北陸新幹線 越前たけふ駅 エリア,1
2023-11-24,福井,えちぜん鉄道 松岡駅 エリア,越前大仏,1
2023-11-24,福井,ふれあいパーク三里浜(道の駅「みくに」),フルーツライン エリア,2
2023-11-24,福井,まちの市場 こってコテいけだ エリア,岡太神社・大瀧神社,1
2023-11-24,福井,エルガイアおおい,若狭和田 エリア,1
2023-11-24,福井,スーベニアショップ ラプトル エリア,丸岡城,1
2023-11-24,福井,スーベニアショップ ラプトル エリア,東尋坊,1
2023-11-24,福井,スーベニアショップ ラプトル エリア,福井県立恐竜博物館,1
2023-11-24,福井,一乗谷朝倉氏遺跡,えちぜん鉄道 松岡駅 エリア,1
2023-11-24,福井,一乗谷朝倉氏遺跡,道の駅「南えちぜん山海里」 エリア,1
2023-11-24,福井,一乗谷朝倉氏遺跡 エリア,大本山永平寺,1
2023-11-24,福井,一乗谷朝倉氏遺跡 エリア,道の駅「南えちぜん山海里」,1
2023-11-24,福井,丸岡城,えちぜん鉄道 松岡駅 エリア,1
2023-11-24,福井,丸岡城,越前大野城・城下町 エリア,2
2023-11-24,福井,丸岡城,越前海岸 北部 エリア,1
2023-11-24,福井,丸岡城,道の駅「南えちぜん山海里」 エリア,2
2023-11-24,福井,丸岡城 エリア,越前大野城,1
2023-11-24,福井,丸岡城 エリア,道の駅「南えちぜん山海里」,1
2023-11-24,福井,北の庄城址・柴田公園,JR芦原温泉駅 エリア,1
2023-11-24,福井,北の庄城址・柴田公園,北ノ庄 エリア,1
2023-11-24,福井,北陸新幹線 越前たけふ駅 エリア,一乗谷朝倉氏遺跡,1
2023-11-24,福井,大本山永平寺,まちの市場 こってコテいけだ エリア,1
2023-11-24,福井,大本山永平寺,一乗谷朝倉氏遺跡 エリア,1
2023-11-24,福井,大本山永平寺,越前海岸 北部 エリア,1
2023-11-24,福井,敦賀赤レンガ倉庫,金ヶ崎 エリア,2
2023-11-24,福井,敦賀駅,金ヶ崎 エリア,1
2023-11-24,福井,暦会館,名田庄 エリア,1
2023-11-24,福井,東尋坊,あわら湯のまち エリア,2
2023-11-24,福井,東尋坊,越前海岸 くりや旅館街 エリア,1
2023-11-24,福井,東尋坊,越前海岸 北部 エリア,1
2023-11-24,福井,東尋坊 エリア,三國湊レトロ,1
2023-11-24,福井,氣比神宮,JR敦賀駅前 エリア,1
2023-11-24,福井,氣比神宮,金ヶ崎 エリア,1
2023-11-24,福井,湖上館パムコ（水月湖）エリア,福井県年縞博物館,1
2023-11-24,福井,福井県年縞博物館,日本海さかな街 エリア,1
2023-11-24,福井,福井県年縞博物館,道の駅「三方五湖」  エリア,1
2023-11-24,福井,福井県立恐竜博物館,スーベニアショップ ラプトル エリア,2
2023-11-24,福井,福井県立恐竜博物館,水晶浜 エリア,1
2023-11-24,福井,福井県立恐竜博物館,福井駅前 エリア,1
2023-11-24,福井,福井県立恐竜博物館,越前大野城・城下町 エリア,1
2023-11-24,福井,福井県立恐竜博物館,越前海岸 くりや旅館街 エリア,2
2023-11-24,福井,福井県立恐竜博物館,道の駅「恐竜渓谷かつやま」 エリア,2
2023-11-24,福井,福井駅前 エリア,福井県立恐竜博物館,2
2023-11-24,福井,紫式部公園 エリア,福井県立恐竜博物館,1
2023-11-24,福井,若狭和田 エリア,道の駅「うみんぴあ大飯」,1
2023-11-24,福井,越前がにミュージアム,越前漁港 エリア,1
2023-11-24,福井,越前がにミュージアム,道の駅「南えちぜん山海里」 エリア,1
2023-11-24,福井,越前大野城,一乗谷朝倉氏遺跡 エリア,1
2023-11-24,福井,越前大野城,越前大野城・城下町 エリア,1
2023-11-24,福井,越前大野城,道の駅「越前」 エリア,1
2023-11-24,福井,越前大野城・城下町 エリア,一乗谷朝倉氏遺跡,1
2023-11-24,福井,越前大野城・城下町 エリア,道の駅「九頭竜・和泉ふれあい会館」,1
2023-11-24,福井,越前海岸 くりや旅館街 エリア,大本山永平寺,1
2023-11-24,福井,越前海岸 くりや旅館街 エリア,越前がにミュージアム,1
2023-11-24,福井,越前海岸 北部 エリア,一乗谷朝倉氏遺跡,1
2023-11-24,福井,越前海岸 北部 エリア,丸岡城,2
2023-11-24,福井,道の駅「九頭竜・和泉ふれあい会館」,道の駅「越前おおの荒島の郷」 エリア,1
2023-11-24,福井,道の駅「名田庄」,名田庄 エリア,1
2023-11-24,福井,道の駅「恐竜渓谷かつやま」,スーベニアショップ ラプトル エリア,1
2023-11-24,福井,道の駅「恐竜渓谷かつやま」 エリア,東尋坊,1
2023-11-24,福井,道の駅「若狭おばま」,御食国若狭おばま食文化館 エリア,1
2023-11-24,福井,道の駅「若狭熊川宿」,湖上館パムコ（水月湖）エリア,1
2023-11-24,福井,道の駅「若狭熊川宿」,熊川宿 エリア,1
2023-11-24,福井,道の駅「越前おおの荒島の郷」 エリア,福井県立恐竜博物館,1
2023-11-24,福井,金ヶ崎 エリア,道の駅「越前」,1
2023-11-25,石川,のとじま水族館,金沢,1
2023-11-25,石川,のとじま水族館,金沢市内,1
2023-11-25,石川,兼六園,のとじま水族館,1
2023-11-25,石川,小松空港,羽田空港,1
2023-11-25,石川,航空プラザ,のとじま水族館,1
2023-11-25,石川,近江町市場,小松空港,1
2023-11-25,石川,金沢市内,小松空港,1
2023-11-25,福井,JR敦賀駅前 エリア,日本海さかな街,1
2023-11-25,福井,JR美浜駅 エリア,道の駅「シーサイド高浜」,1
2023-11-25,福井,あわら湯のまち エリア,越前がにミュージアム,1
2023-11-25,福井,はたや記念館 ゆめおーれ勝山 エリア,越前大仏,1
2023-11-25,福井,まちの市場 こってコテいけだ,越前和紙の里 エリア,1
2023-11-25,福井,まちの市場 こってコテいけだ エリア,越前大野城,1
2023-11-25,福井,ファーマーズマーケットきららの丘,フルーツライン エリア,1
2023-11-25,福井,フルーツライン エリア,東尋坊,1
2023-11-25,福井,一乗谷朝倉氏遺跡,えちぜん鉄道 永平寺口駅 エリア,1
2023-11-25,福井,一乗谷朝倉氏遺跡,まちの市場 こってコテいけだ エリア,1
2023-11-25,福井,一乗谷朝倉氏遺跡,一乗谷朝倉氏遺跡 エリア,1
2023-11-25,福井,一乗谷朝倉氏遺跡,北陸新幹線 越前たけふ駅 エリア,1
2023-11-25,福井,丸岡城,はたや記念館 ゆめおーれ勝山 エリア,1
2023-11-25,福井,丸岡城,フルーツライン エリア,1
2023-11-25,福井,丸岡城,北陸新幹線 越前たけふ駅 エリア,2
2023-11-25,福井,丸岡城,福井駅前 エリア（宿泊施設）,1
2023-11-25,福井,丸岡城 エリア,越前大野城,1
2023-11-25,福井,兼六園,北潟湖 エリア,1
2023-11-25,福井,劔神社,越前陶芸村 エリア,1
2023-11-25,福井,劔神社 エリア,越前陶芸村,2
2023-11-25,福井,北陸新幹線 越前たけふ駅 エリア,越前がにミュージアム,1
2023-11-25,福井,北陸新幹線 越前たけふ駅 エリア,越前大野城,1
2023-11-25,福井,吉崎御坊跡,ふくい鮮いちば エリア,1
2023-11-25,福井,大本山永平寺,北陸新幹線 越前たけふ駅 エリア,1
2023-11-25,福井,小浜市 阿納 エリア,日本海さかな街,1
2023-11-25,福井,小浜市 阿納 エリア,若狭フィッシャーマンズワーフ,1
2023-11-25,福井,小浜市 阿納 エリア,道の駅「若狭おばま」,1
2023-11-25,福井,平泉寺白山神社 エリア,福井県立恐竜博物館,1
2023-11-25,福井,敦賀赤レンガ倉庫,道の駅みくに ふれあいパーク三里浜 エリア,1
2023-11-25,福井,敦賀駅,若狭海遊バザール 千鳥苑 エリア,1
2023-11-25,福井,明通寺,うみんぴあ大飯 エリア,1
2023-11-25,福井,明通寺 エリア,若狭和田ビーチ,1
2023-11-25,福井,明通寺 エリア,若狭歴史博物館,1
2023-11-25,福井,東尋坊,北潟湖 エリア,1
2023-11-25,福井,氣比神宮,明通寺 エリア,1
2023-11-25,福井,氣比神宮,武生駅 エリア,1
2023-11-25,福井,水晶浜海水浴場,水晶浜 エリア,1
2023-11-25,福井,神宮寺,明通寺 エリア,1
2023-11-25,福井,福井県年縞博物館,小浜市 阿納 エリア,1
2023-11-25,福井,福井県立恐竜博物館,大本山 永平寺 エリア,1
2023-11-25,福井,福井駅前 エリア,めがねミュージアム,1
2023-11-25,福井,福井駅前 エリア（宿泊施設）,めがねミュージアム,1
2023-11-25,福井,福井駅前 エリア（宿泊施設）,氣比神宮,1
2023-11-25,福井,若狭フィッシャーマンズワーフ,小浜市 阿納 エリア,2
2023-11-25,福井,若狭海遊バザール千鳥苑 若狭美浜 海の駅,JR美浜駅 エリア,1
2023-11-25,福井,越前そばの里,北陸新幹線 越前たけふ駅 エリア,1
2023-11-25,福井,越前和紙の里,越前陶芸村 エリア,1
2023-11-25,福井,越前和紙の里 エリア,越前陶芸村,1
2023-11-25,福井,越前大仏,劔神社 エリア,1
2023-11-25,福井,越前大野城,丸岡城 エリア,1
2023-11-25,福井,越前大野城,越前陶芸村 エリア,1
2023-11-25,福井,越前松島水族館,あわら湯のまち エリア,1
2023-11-25,福井,越前漁港 エリア,越前がにミュージアム,1
2023-11-25,福井,越前陶芸村,紫式部公園 エリア,2
2023-11-25,福井,越前陶芸村,道の駅「南えちぜん山海里」 エリア,1
2023-11-25,福井,越前陶芸村 エリア,劔神社,1
2023-11-25,福井,道の駅「パークイン丹生ヶ丘」,劔神社 エリア,1
2023-11-25,福井,道の駅「パークイン丹生ヶ丘」 エリア,越前陶芸村,1
2023-11-25,福井,道の駅「三方五湖」,日本海さかな街 エリア,1
2023-11-25,福井,道の駅「九頭竜・和泉ふれあい会館」,道の駅「越前おおの荒島の郷」 エリア,1
2023-11-25,福井,道の駅「越前」 エリア,越前がにミュージアム,1
2023-11-25,福井,道の駅みくに ふれあいパーク三里浜 エリア,越前大仏,1
2023-11-26,石川,いしかわ動物園,帰宅,1
2023-11-26,石川,いしかわ動物園,近江町市場,1
2023-11-26,石川,のとじま水族館,いしかわ動物園,1
2023-11-26,石川,金沢駅,金沢城公園,1
2023-11-26,福井,JR敦賀駅前 エリア,氣比神宮,1
2023-11-26,福井,JR美浜駅 エリア,レインボーライン,1
2023-11-26,福井,あわら温泉屋台村「湯けむり横丁」,あわら湯のまち エリア,1
2023-11-26,福井,あわら湯のまち エリア,一乗谷朝倉氏遺跡,1
2023-11-26,福井,あわら湯のまち エリア,越前松島水族館,1
2023-11-26,福井,かずら橋 エリア,ツリーピクニックアドベンチャーいけだ,1
2023-11-26,福井,ゆりの里公園ユリーム春江,福井駅前 エリア,1
2023-11-26,福井,ゆりの里公園ユリーム春江,花の駅 ゆりの里公園 エリア,1
2023-11-26,福井,メタセコイア並木（滋賀県）,熊川宿 エリア,1
2023-11-26,福井,レインボーライン,御食国若狭おばま食文化館 エリア,1
2023-11-26,福井,レインボーライン,明通寺 エリア,1
2023-11-26,福井,レインボーライン エリア,若狭フィッシャーマンズワーフ,1
2023-11-26,福井,一乗谷朝倉氏遺跡,一乗谷朝倉氏遺跡 エリア,2
2023-11-26,福井,一乗谷朝倉氏遺跡,北ノ庄 エリア,1
2023-11-26,福井,一乗谷朝倉氏遺跡,平泉寺白山神社 エリア,1
2023-11-26,福井,一乗谷朝倉氏遺跡,越前和紙の里 エリア,2
2023-11-26,福井,一乗谷朝倉氏遺跡,越前大野城・城下町 エリア,1
2023-11-26,福井,一乗谷朝倉氏遺跡,道の駅「越前」 エリア,1
2023-11-26,福井,一乗谷朝倉氏遺跡,道の駅「越前おおの荒島の郷」 エリア,1
2023-11-26,福井,一乗谷朝倉氏遺跡 エリア,一乗谷朝倉氏遺跡,1
2023-11-26,福井,一乗谷朝倉氏遺跡 エリア,丸岡城,1
2023-11-26,福井,一乗谷朝倉氏遺跡 エリア,道の駅「九頭竜・和泉ふれあい会館」,1
2023-11-26,福井,万葉の里 味真野苑（ミズバショウ・フジ・スイレン・ハギ）,北陸新幹線 越前たけふ駅 エリア,1
2023-11-26,福井,三国サンセットビーチ,三国湊 エリア,1
2023-11-26,福井,三方五湖,湖上館パムコ（水月湖）エリア,1
2023-11-26,福井,丸岡城,えちぜん鉄道 松岡駅 エリア,1
2023-11-26,福井,丸岡城,大本山 永平寺 エリア,2
2023-11-26,福井,丸岡城,福井駅前 エリア,1
2023-11-26,福井,丸岡城,金ヶ崎 エリア,1
2023-11-26,福井,丸岡城 エリア,金沢駅周辺（石川県）,1
2023-11-26,福井,劔神社,北陸新幹線 越前たけふ駅 エリア,1
2023-11-26,福井,北ノ庄 エリア,福井県立恐竜博物館,1
2023-11-26,福井,北ノ庄 エリア,越前和紙の里,1
2023-11-26,福井,北潟湖畔公園・サイクリングパーク,花の駅 ゆりの里公園 エリア,1
2023-11-26,福井,北陸新幹線 越前たけふ駅 エリア,氣比神宮,2
2023-11-26,福井,大本山 永平寺 エリア,日本海さかな街,1
2023-11-26,福井,大本山 永平寺 エリア,氣比神宮,1
2023-11-26,福井,大本山 永平寺 エリア,道の駅「西山公園」,1
2023-11-26,福井,大本山永平寺,あわら湯のまち エリア,1
2023-11-26,福井,大本山永平寺,ふくい鮮いちば エリア,1
2023-11-26,福井,大本山永平寺,一乗谷朝倉氏遺跡 エリア,1
2023-11-26,福井,大本山永平寺,越前海岸 越前岬 エリア,2
2023-11-26,福井,岡太神社・大瀧神社,あわら湯のまち エリア,1
2023-11-26,福井,岡太神社・大瀧神社,北陸新幹線 越前たけふ駅 エリア,1
2023-11-26,福井,平泉寺白山神社 エリア,丸岡城,1
2023-11-26,福井,御食国若狭おばま食文化館,JR美浜駅 エリア,1
2023-11-26,福井,御食国若狭おばま食文化館,小浜 エリア（宿泊施設）,1
2023-11-26,福井,御食国若狭おばま食文化館,若狭フィッシャーマンズワーフ エリア,1
2023-11-26,福井,恐竜博物館,一乗谷朝倉氏遺跡 エリア,1
2023-11-26,福井,敦賀赤レンガ倉庫,箸のふるさと館WAKASA エリア,1
2023-11-26,福井,明通寺 エリア,福井県年縞博物館,1
2023-11-26,福井,明通寺 エリア,福井県立恐竜博物館,1
2023-11-26,福井,東尋坊,福井駅前 エリア,1
2023-11-26,福井,熊川宿,レインボーライン エリア,1
2023-11-26,福井,熊川宿,熊川宿 エリア,1
2023-11-26,福井,熊川宿,道の駅「若狭おばま」 エリア,1
2023-11-26,福井,熊川宿 エリア,国分寺 (小浜市),1
2023-11-26,福井,福井県立恐竜博物館,あわら湯のまち エリア,1
2023-11-26,福井,福井県立恐竜博物館,うるしの里 エリア,1
2023-11-26,福井,福井県立恐竜博物館,かずら橋 エリア,1
2023-11-26,福井,福井県立恐竜博物館,一乗谷朝倉氏遺跡 エリア,1
2023-11-26,福井,福井県立恐竜博物館,道の駅「パークイン丹生ヶ丘」 エリア,1
2023-11-26,福井,福井駅,花の駅 ゆりの里公園 エリア,1
2023-11-26,福井,福井駅前 エリア,丸岡城,1
2023-11-26,福井,若狭フィッシャーマンズワーフ,明通寺 エリア,1
2023-11-26,福井,若狭三方縄文博物館,JR敦賀駅前 エリア,1
2023-11-26,福井,若狭海遊バザール千鳥苑 若狭美浜 海の駅,レインボーライン エリア,1
2023-11-26,福井,西山動物園,道の駅「越前」 エリア,1
2023-11-26,福井,越前がにミュージアム,道の駅「越前」 エリア,1
2023-11-26,福井,越前和紙の里,タケフナイフビレッジ エリア,1
2023-11-26,福井,越前大野城,あわら湯のまち エリア,1
2023-11-26,福井,越前大野城・城下町 エリア,越前大野城,1
2023-11-26,福井,越前海岸 くりや旅館街 エリア,大本山永平寺,1
2023-11-26,福井,越前海岸 くりや旅館街 エリア,越前がにミュージアム,1
2023-11-26,福井,越前海岸 越前岬 エリア,敦賀赤レンガ倉庫,1
2023-11-26,福井,道の駅「さかい」（坂井地域交流センター「いねす」）,フルーツライン エリア,1
2023-11-26,福井,道の駅「パークイン丹生ヶ丘」 エリア,道の駅「越前」,1
2023-11-26,福井,道の駅「越前」 エリア,道の駅「パークイン丹生ヶ丘」,1
2023-11-26,福井,金ヶ崎 エリア,一乗谷朝倉氏遺跡,1
2023-11-27,石川,のとじま水族館,金沢駅,1
2023-11-27,石川,ひょっこり温泉,のとじま水族館,1
2023-11-27,石川,兼六園,のとじま水族館,1
2023-11-27,石川,小松空港,金沢市内,1
2023-11-27,石川,近江町市場,いしかわ動物園,1
2023-11-27,石川,金沢城,のとじま水族館,1
2023-11-27,石川,金沢駅,のとじま水族館,1
2023-11-27,福井,JR美浜駅 エリア,敦賀赤レンガ倉庫,1
2023-11-27,福井,「ちひろの生まれた家」記念館,武生駅 エリア,1
2023-11-27,福井,かずら橋,北陸新幹線 越前たけふ駅 エリア,1
2023-11-27,福井,タケフナイフビレッジ,越前和紙の里 エリア,1
2023-11-27,福井,レインボーライン,小浜市 阿納 エリア,1
2023-11-27,福井,一乗谷朝倉氏遺跡,えちぜん鉄道 永平寺口駅 エリア,1
2023-11-27,福井,一乗谷朝倉氏遺跡,一乗谷朝倉氏遺跡 エリア,1
2023-11-27,福井,丸岡城,福井駅前 エリア,1
2023-11-27,福井,大本山永平寺,東尋坊 エリア,1
2023-11-27,福井,大本山永平寺,福井駅前 エリア,2
2023-11-27,福井,小浜市 阿納 エリア,小浜市水産食品センター（若狭小浜お魚センター）,1
2023-11-27,福井,小浜市 阿納 エリア,明通寺,1
2023-11-27,福井,小浜市水産食品センター（若狭小浜お魚センター）,うみんぴあ大飯 エリア,1
2023-11-27,福井,敦賀駅,福井駅前 エリア（宿泊施設）,1
2023-11-27,福井,明通寺,明通寺 エリア,1
2023-11-27,福井,明通寺 エリア,熊川宿,2
2023-11-27,福井,明通寺 エリア,福井県年縞博物館,1
2023-11-27,福井,武生駅 エリア,越前和紙の里,1
2023-11-27,福井,氣比神宮,うみんぴあ大飯 エリア,1
2023-11-27,福井,氣比神宮,小浜市 阿納 エリア,1
2023-11-27,福井,白山平泉寺歴史探遊館 まほろば,道の駅「越前おおの荒島の郷」 エリア,1
2023-11-27,福井,神宮寺,小浜市 阿納 エリア,1
2023-11-27,福井,福井県こども家族館,うみんぴあ大飯 エリア,1
2023-11-27,福井,福井県立恐竜博物館,一乗谷朝倉氏遺跡 エリア,1
2023-11-27,福井,福井県立恐竜博物館,道の駅「南えちぜん山海里」 エリア,1
2023-11-27,福井,福井県立恐竜博物館,道の駅「恐竜渓谷かつやま」 エリア,1
2023-11-27,福井,福井駅前 エリア,一乗谷朝倉氏遺跡,1
2023-11-27,福井,福井駅前 エリア,福井県立恐竜博物館,1
2023-11-27,福井,福井駅前 エリア,越前松島水族館,1
2023-11-27,福井,越前和紙の里 エリア,岡太神社・大瀧神社,1
2023-11-27,福井,越前大仏,福井駅前 エリア,1
2023-11-27,福井,越前大野城,一乗谷朝倉氏遺跡 エリア,1
2023-11-27,福井,越前大野城,越前海岸 くりや旅館街 エリア,1
2023-11-27,福井,越前打刃物会館,道の駅「西山公園」 エリア,2
2023-11-27,福井,越前松島水族館,一乗谷朝倉氏遺跡 エリア,1
2023-11-27,福井,道の駅「名田庄」,明通寺 エリア,1
2023-11-27,福井,道の駅「禅の里」,道の駅「南えちぜん山海里」 エリア,1
2023-11-27,福井,道の駅「西山公園」 エリア,「ちひろの生まれた家」記念館,1
2023-11-27,福井,道の駅「越前おおの荒島の郷」 エリア,九頭竜湖,1
2023-11-27,福井,金津創作の森,JR芦原温泉駅 エリア,1
2023-11-28,石川,小松空港,帰宅,1
2023-11-28,福井,JR敦賀駅前 エリア,敦賀赤レンガ倉庫,1
2023-11-28,福井,うるしの里,北陸新幹線 越前たけふ駅 エリア,1
2023-11-28,福井,ふくい鮮いちば エリア,福井県立恐竜博物館,1
2023-11-28,福井,レインボーライン エリア,敦賀赤レンガ倉庫,1
2023-11-28,福井,一乗谷朝倉氏遺跡,レインボーライン エリア,1
2023-11-28,福井,一乗谷朝倉氏遺跡,北潟湖 エリア,1
2023-11-28,福井,北の庄城址・柴田公園,福井駅前 エリア,1
2023-11-28,福井,北の庄城址・柴田公園,福井駅前 エリア（宿泊施設）,1
2023-11-28,福井,北陸新幹線 越前たけふ駅 エリア,越前そばの里,1
2023-11-28,福井,名田庄 エリア,御食国若狭おばま食文化館,1
2023-11-28,福井,大本山 永平寺 エリア,一乗谷朝倉氏遺跡,1
2023-11-28,福井,小浜市 阿納 エリア,三方五湖,1
2023-11-28,福井,小浜市 阿納 エリア,氣比神宮,1
2023-11-28,福井,明通寺 エリア,熊川宿,1
2023-11-28,福井,東尋坊,東尋坊 エリア,1
2023-11-28,福井,氣比神宮,明通寺 エリア,1
2023-11-28,福井,福井県立恐竜博物館,一乗谷朝倉氏遺跡 エリア,1
2023-11-28,福井,福井県立恐竜博物館,小浜市 阿納 エリア,1
2023-11-28,福井,福井県立恐竜博物館,越前海岸 北部 エリア,1
2023-11-28,福井,福井駅前 エリア,養浩館庭園,1
2023-11-28,福井,福井駅前 エリア（宿泊施設）,岡太神社・大瀧神社,1
2023-11-28,福井,花はす公園,道の駅「南えちぜん山海里」 エリア,1
2023-11-28,福井,若狭三方縄文博物館,JR敦賀駅前 エリア,1
2023-11-28,福井,道の駅「禅の里」,道の駅「恐竜渓谷かつやま」 エリア,1
2023-11-29,福井,JR芦原温泉駅 エリア,越前松島水族館,1
2023-11-29,福井,あわら湯のまち エリア,あわら温泉「芦湯」,1
2023-11-29,福井,レインボーライン,道の駅「若狭おばま」 エリア,1
2023-11-29,福井,レインボーライン エリア,明通寺,1
2023-11-29,福井,一乗谷朝倉氏遺跡,一乗谷朝倉氏遺跡 エリア,1
2023-11-29,福井,丸岡城,北陸新幹線 越前たけふ駅 エリア,1
2023-11-29,福井,丸岡城,日本海さかな街 エリア,1
2023-11-29,福井,北陸新幹線 越前たけふ駅 エリア,一乗谷朝倉氏遺跡,1
2023-11-29,福井,吉崎御坊跡,あわら湯のまち エリア,1
2023-11-29,福井,多田寺,明通寺 エリア,1
2023-11-29,福井,小浜 エリア（宿泊施設）,若狭フィッシャーマンズワーフ,1
2023-11-29,福井,小浜市まちの駅・旭座,小浜 エリア（宿泊施設）,1
2023-11-29,福井,日本海さかな街 エリア,東尋坊,1
2023-11-29,福井,明通寺 エリア,岡太神社・大瀧神社,1
2023-11-29,福井,東尋坊,JR芦原温泉駅 エリア,1
2023-11-29,福井,東尋坊,道の駅「南えちぜん山海里」 エリア,1
2023-11-29,福井,氣比神宮,水晶浜 エリア,1
2023-11-29,福井,福井県立恐竜博物館,レインボーライン エリア,1
2023-11-29,福井,花はす公園,北陸新幹線 越前たけふ駅 エリア,1
2023-11-29,福井,越前がにミュージアム,道の駅「越前」 エリア,1
2023-11-29,福井,越前和紙の里 エリア,岡太神社・大瀧神社,1
2023-11-29,福井,越前和紙の里 エリア,福井県立恐竜博物館,1
2023-11-29,福井,道の駅「シーサイド高浜」 エリア,ホテルうみんぴあ,1
2023-11-29,福井,道の駅「河野」,道の駅「越前」 エリア,1
2023-11-29,福井,道の駅「若狭おばま」 エリア,若狭たかはま エルどらんど,1
2023-11-29,福井,道の駅「越前」 エリア,越前陶芸村,1
2023-11-30,石川,氷見漁港,のとじま水族館,1
2023-11-30,福井,JR敦賀駅前 エリア,一乗谷朝倉氏遺跡,1
2023-11-30,福井,あわら温泉屋台村「湯けむり横丁」,北潟湖 エリア,1
2023-11-30,福井,スーベニアショップ ラプトル エリア,東尋坊,1
2023-11-30,福井,一乗谷朝倉氏遺跡,あわら湯のまち エリア,1
2023-11-30,福井,一乗谷朝倉氏遺跡,道の駅「南えちぜん山海里」 エリア,1
2023-11-30,福井,一乗谷朝倉氏遺跡 エリア,東尋坊,1
2023-11-30,福井,北の庄城址・柴田公園,スーベニアショップ ラプトル エリア,1
2023-11-30,福井,北潟湖 エリア,丸岡城,1
2023-11-30,福井,北陸新幹線 越前たけふ駅 エリア,御誕生寺,1
2023-11-30,福井,大本山永平寺,えちぜん鉄道 松岡駅 エリア,2
2023-11-30,福井,小浜市水産食品センター（若狭小浜お魚センター）,小浜市 阿納 エリア,1
2023-11-30,福井,帰宅,JR九頭竜湖駅 エリア,1
2023-11-30,福井,敦賀赤レンガ倉庫,日本海さかな街 エリア,1
2023-11-30,福井,永平寺,スーベニアショップ ラプトル エリア,1
2023-11-30,福井,福井県立恐竜博物館,JR九頭竜湖駅 エリア,1
2023-11-30,福井,福井県立恐竜博物館,スーベニアショップ ラプトル エリア,2
2023-11-30,福井,福井駅,北陸新幹線 越前たけふ駅 エリア,1
2023-11-30,福井,福井駅,福井駅前 エリア,1
2023-11-30,福井,福井駅前 エリア,北の庄城址・柴田公園,1
2023-11-30,福井,福井駅前 エリア（宿泊施設）,北の庄城址・柴田公園,1
2023-11-30,福井,若狭三方縄文博物館,JR敦賀駅前 エリア,1
2023-11-30,福井,越前がにミュージアム,JR美浜駅 エリア,1
2023-11-30,福井,越前松島水族館,東尋坊 エリア,1
2023-11-30,福井,道の駅「南えちぜん山海里」 エリア,大本山永平寺,1
2023-11-30,福井,道の駅「恐竜渓谷かつやま」 エリア,福井県立恐竜博物館,1
2023-12-01,石川,のとじま水族館,21世紀美術館,1
2023-12-01,石川,のとじま水族館,ひょっこり温泉,1
2023-12-01,石川,のとじま水族館,能登島ガラス美術館,1
2023-12-01,石川,ふれあい昆虫館,白山比咩神社,1
2023-12-01,石川,ガラス美術館,のとじま水族館,1
2023-12-01,石川,気多大社,のとじま水族館,1
2023-12-01,福井,あわら湯のまち エリア,福井駅,1
2023-12-01,福井,スーベニアショップ ラプトル エリア,越前大野城,1
2023-12-01,福井,一乗谷朝倉氏遺跡,レインボーライン エリア,1
2023-12-01,福井,一乗谷朝倉氏遺跡,御食国若狭おばま食文化館 エリア,1
2023-12-01,福井,一乗谷朝倉氏遺跡,道の駅「南えちぜん山海里」 エリア,1
2023-12-01,福井,敦賀赤レンガ倉庫,熊川宿 エリア,1
2023-12-01,福井,東尋坊 エリア,三國湊レトロ,1
2023-12-01,福井,熊川宿 エリア,国分寺 (小浜市),1
2023-12-01,福井,福井県立恐竜博物館,あわら湯のまち エリア,1
2023-12-01,福井,福井県立恐竜博物館,道の駅「越前」 エリア,1
2023-12-01,福井,福井駅,北ノ庄 エリア,1
2023-12-01,福井,越前和紙の里 エリア,岡太神社・大瀧神社,1
2023-12-01,福井,越前岬,道の駅「越前」 エリア,1
2023-12-01,福井,道の駅「越前」 エリア,レインボーライン,1
2023-12-02,石川,いしかわ動物園,近江町市場,1
2023-12-02,石川,のとじま水族館,兼六園,1
2023-12-02,石川,のとじま水族館,和倉温泉,1
2023-12-02,石川,氷見,のとじま水族館,1
2023-12-02,福井,JR芦原温泉駅 エリア,北の庄城址・柴田公園,1
2023-12-02,福井,「ちひろの生まれた家」記念館,武生駅 エリア,1
2023-12-02,福井,あわら温泉街,スーベニアショップ ラプトル エリア,1
2023-12-02,福井,あわら湯のまち エリア,ふれあいパーク三里浜(道の駅「みくに」),1
2023-12-02,福井,あわら湯のまち エリア,ゆりの里公園ユリーム春江,1
2023-12-02,福井,あわら湯のまち エリア,日本海さかな街,1
2023-12-02,福井,あわら湯のまち エリア,福井県立恐竜博物館,1
2023-12-02,福井,あわら湯のまち エリア,越前松島水族館,1
2023-12-02,福井,うみんぴあ大飯 エリア,赤礁崎オートキャンプ場,1
2023-12-02,福井,エルガイアおおい,うみんぴあ大飯 エリア,1
2023-12-02,福井,ファーマーズマーケットきららの丘,あわら湯のまち エリア,1
2023-12-02,福井,レインボーライン エリア,明通寺,1
2023-12-02,福井,一乗谷朝倉氏遺跡,一乗谷朝倉氏遺跡 エリア,1
2023-12-02,福井,一乗谷朝倉氏遺跡,北潟湖 エリア,1
2023-12-02,福井,一乗谷朝倉氏遺跡,北陸新幹線 越前たけふ駅 エリア,1
2023-12-02,福井,一乗谷朝倉氏遺跡,熊川宿 エリア,1
2023-12-02,福井,一乗谷朝倉氏遺跡,福井駅前 エリア,1
2023-12-02,福井,一乗谷朝倉氏遺跡,金ヶ崎 エリア,1
2023-12-02,福井,一乗谷朝倉氏遺跡 エリア,一乗谷朝倉氏遺跡,1
2023-12-02,福井,一乗谷朝倉氏遺跡 エリア,山代温泉（石川県）,1
2023-12-02,福井,一乗谷朝倉氏遺跡 エリア,福井県立恐竜博物館,1
2023-12-02,福井,一乗谷朝倉氏遺跡 エリア,越前大野城,1
2023-12-02,福井,丸岡城,あわら湯のまち エリア,1
2023-12-02,福井,人道の港 敦賀ムゼウム,明通寺 エリア,1
2023-12-02,福井,北の庄城址・柴田公園,JR芦原温泉駅 エリア,1
2023-12-02,福井,北陸新幹線 越前たけふ駅 エリア,岡太神社・大瀧神社,1
2023-12-02,福井,名田庄 エリア,御食国若狭おばま食文化館,1
2023-12-02,福井,大本山永平寺,一乗谷朝倉氏遺跡 エリア,3
2023-12-02,福井,大本山永平寺,名勝 養浩館庭園 エリア,1
2023-12-02,福井,大本山永平寺,福井駅前 エリア,1
2023-12-02,福井,小浜 エリア（宿泊施設）,氣比神宮,1
2023-12-02,福井,岡太神社・大瀧神社,越前和紙の里 エリア,1
2023-12-02,福井,敦賀赤レンガ倉庫,越前海岸 北部 エリア,1
2023-12-02,福井,敦賀赤レンガ倉庫,金ヶ崎 エリア,2
2023-12-02,福井,明通寺 エリア,道の駅「若狭熊川宿」,1
2023-12-02,福井,東尋坊,JR美浜駅 エリア,1
2023-12-02,福井,武生駅 エリア,一乗谷朝倉氏遺跡,1
2023-12-02,福井,武生駅 エリア,越前打刃物会館,1
2023-12-02,福井,氣比神宮,小浜 エリア（宿泊施設）,1
2023-12-02,福井,福井県立恐竜博物館,あわら湯のまち エリア,1
2023-12-02,福井,福井県立恐竜博物館,レインボーライン エリア,1
2023-12-02,福井,福井駅,福井駅前 エリア,1
2023-12-02,福井,若狭和田ビーチ,若狭和田 エリア,1
2023-12-02,福井,越前そばの里,武生駅 エリア,1
2023-12-02,福井,越前大野城,一乗谷朝倉氏遺跡 エリア,1
2023-12-02,福井,越前海岸 くりや旅館街 エリア,越前がにミュージアム,1
2023-12-02,福井,越前海岸 北部 エリア,福井県立恐竜博物館,1
2023-12-02,福井,道の駅「うみんぴあ大飯」,赤礁崎オートキャンプ場 エリア,2
2023-12-02,福井,道の駅「名田庄」,名田庄 エリア,1
2023-12-02,福井,道の駅「禅の里」 エリア,道の駅「越前おおの荒島の郷」,1
2023-12-02,福井,道の駅「越前」,道の駅「越前」 エリア,1
2023-12-02,福井,道の駅「越前」 エリア,越前がにミュージアム,1
2023-12-02,福井,道の駅「越前おおの荒島の郷」,道の駅「禅の里」 エリア,1
2023-12-02,福井,道の駅みくに ふれあいパーク三里浜 エリア,ゆりの里公園ユリーム春江,1
2023-12-02,福井,金ヶ崎 エリア,敦賀鉄道資料館（旧敦賀港駅舎 ）,1
2023-12-03,石川,のとじま水族館,ガラス美術館,1
2023-12-03,石川,和倉温泉観光案内所,金沢駅,1
2023-12-03,石川,穴水駅,のと里山空港,1
2023-12-03,福井,JR敦賀駅前 エリア,大本山永平寺,1
2023-12-03,福井,JR敦賀駅前 エリア,敦賀赤レンガ倉庫,1
2023-12-03,福井,JR美浜駅 エリア,三方五湖,1
2023-12-03,福井,JR美浜駅 エリア,福井県海浜自然センター,1
2023-12-03,福井,JR芦原温泉駅 エリア,越前松島水族館,1
2023-12-03,福井,あわら湯のまち エリア,東尋坊,1
2023-12-03,福井,あわら湯のまち エリア,福井県立恐竜博物館,1
2023-12-03,福井,あわら湯のまち エリア,野外恐竜博物館,1
2023-12-03,福井,ふれあいパーク三里浜(道の駅「みくに」),越前そばの里 エリア,1
2023-12-03,福井,まちの市場 こってコテいけだ,北陸新幹線 越前たけふ駅 エリア,1
2023-12-03,福井,一乗谷朝倉氏遺跡,一乗谷朝倉氏遺跡 エリア,1
2023-12-03,福井,一乗谷朝倉氏遺跡 エリア,北の庄城址・柴田公園,1
2023-12-03,福井,丸岡城,北陸新幹線 越前たけふ駅 エリア,1
2023-12-03,福井,丸岡城,越前そばの里 エリア,1
2023-12-03,福井,九頭竜湖,あわら湯のまち エリア,1
2023-12-03,福井,人道の港 敦賀ムゼウム,JR美浜駅 エリア,1
2023-12-03,福井,人道の港 敦賀ムゼウム,明通寺 エリア,1
2023-12-03,福井,北前船主の館 右近家,北陸新幹線 越前たけふ駅 エリア,1
2023-12-03,福井,北陸新幹線 越前たけふ駅 エリア,道の駅「西山公園」,1
2023-12-03,福井,吉崎御坊跡,北潟湖 エリア,1
2023-12-03,福井,名勝 養浩館庭園 エリア,福井駅,1
2023-12-03,福井,大本山 永平寺 エリア,丸岡城,1
2023-12-03,福井,大本山 永平寺 エリア,福井県立恐竜博物館,1
2023-12-03,福井,大本山永平寺,スーベニアショップ ラプトル エリア,1
2023-12-03,福井,大本山永平寺,大本山 永平寺 エリア,1
2023-12-03,福井,小浜 エリア（宿泊施設）,小浜町家ステイ,1
2023-12-03,福井,山中温泉（石川県）,道の駅「恐竜渓谷かつやま」 エリア,1
2023-12-03,福井,敦賀赤レンガ倉庫,道の駅「若狭おばま」 エリア,1
2023-12-03,福井,敦賀駅,あわら湯のまち エリア,1
2023-12-03,福井,敦賀駅,福井駅前 エリア,1
2023-12-03,福井,日本海さかな街,JR敦賀駅前 エリア,1
2023-12-03,福井,明通寺,名田庄 エリア,1
2023-12-03,福井,明通寺 エリア,熊川宿,1
2023-12-03,福井,明通寺 エリア,神宮寺,1
2023-12-03,福井,明通寺 エリア,道の駅「名田庄」,1
2023-12-03,福井,東尋坊,福井駅前 エリア,1
2023-12-03,福井,氣比神宮,JR敦賀駅前 エリア,1
2023-12-03,福井,氣比神宮,うみんぴあ大飯 エリア,1
2023-12-03,福井,氣比神宮,日本海さかな街 エリア,1
2023-12-03,福井,熊川宿,明通寺 エリア,1
2023-12-03,福井,福井県こども家族館,うみんぴあ大飯 エリア,1
2023-12-03,福井,福井県海浜自然センター,明通寺 エリア,1
2023-12-03,福井,福井県立恐竜博物館,はたや記念館 ゆめおーれ勝山 エリア,1
2023-12-03,福井,福井県立恐竜博物館,スーベニアショップ ラプトル エリア,2
2023-12-03,福井,福井駅前 エリア,大本山永平寺,1
2023-12-03,福井,福井駅前 エリア,福井県立恐竜博物館,1
2023-12-03,福井,紫式部公園 エリア,越前そばの里,1
2023-12-03,福井,若狭たかはま エルどらんど,道の駅「シーサイド高浜」 エリア,1
2023-12-03,福井,越前がにミュージアム,越前そばの里 エリア,1
2023-12-03,福井,越前がにミュージアム,道の駅「南えちぜん山海里」 エリア,1
2023-12-03,福井,越前そばの里 エリア,丸岡城,1
2023-12-03,福井,越前大仏,JR美浜駅 エリア,1
2023-12-03,福井,越前大仏,道の駅「恐竜渓谷かつやま」 エリア,1
2023-12-03,福井,越前大野城,大本山 永平寺 エリア,1
2023-12-03,福井,越前松島水族館,あわら湯のまち エリア,1
2023-12-03,福井,越前海岸,越前陶芸村 エリア,1
2023-12-03,福井,越前海岸 越前岬 エリア,劔神社,1
2023-12-03,福井,越前陶芸村,道の駅「越前」 エリア,1
2023-12-03,福井,越前陶芸村 エリア,道の駅「パークイン丹生ヶ丘」,1
2023-12-03,福井,越前陶芸村 エリア,道の駅「越前」,1
2023-12-03,福井,道の駅「パークイン丹生ヶ丘」 エリア,福井県立恐竜博物館,2
2023-12-03,福井,道の駅「三方五湖」  エリア,レインボーライン,1
2023-12-03,福井,道の駅「南えちぜん山海里」,JR敦賀駅前 エリア,1
2023-12-03,福井,道の駅「南えちぜん山海里」,北陸新幹線 越前たけふ駅 エリア,1
2023-12-03,福井,道の駅「南えちぜん山海里」 エリア,福井県立恐竜博物館,1
2023-12-03,福井,道の駅「南えちぜん山海里」 エリア,越前がにミュージアム,1
2023-12-03,福井,道の駅「恐竜渓谷かつやま」 エリア,越前大仏,1
2023-12-03,福井,道の駅「若狭おばま」,小浜 エリア（宿泊施設）,1
2023-12-03,福井,道の駅「若狭おばま」 エリア,エルガイアおおい,1
2023-12-03,福井,道の駅「西山公園」,越前陶芸村 エリア,1
2023-12-03,福井,道の駅「西山公園」,道の駅「南えちぜん山海里」 エリア,1
2023-12-03,福井,道の駅「越前」,道の駅「パークイン丹生ヶ丘」 エリア,1
2023-12-03,福井,道の駅「越前」,道の駅「南えちぜん山海里」 エリア,1
2023-12-04,石川,のとじま水族館,ひょっこり温泉,1
2023-12-04,石川,のとじま水族館,ガラス美術館,1
2023-12-04,石川,能登ワイン,能登食祭市場,2
2023-12-04,福井,JR九頭竜湖駅 エリア,越前大野城,1
2023-12-04,福井,あわら湯のまち エリア,大本山永平寺,1
2023-12-04,福井,あわら湯のまち エリア,東尋坊,1
2023-12-04,福井,うみんぴあ大飯 エリア,道の駅「若狭おばま」,1
2023-12-04,福井,めがねミュージアム,北陸新幹線 越前たけふ駅 エリア,1
2023-12-04,福井,一乗谷朝倉氏遺跡,金ヶ崎 エリア,1
2023-12-04,福井,一乗谷朝倉氏遺跡 エリア,大本山永平寺,1
2023-12-04,福井,一乗谷朝倉氏遺跡 エリア,福井駅,1
2023-12-04,福井,三方五湖,熊川宿 エリア,1
2023-12-04,福井,丸岡城,一乗谷朝倉氏遺跡 エリア,1
2023-12-04,福井,丸岡城,若狭フィッシャーマンズワーフ エリア,1
2023-12-04,福井,丸岡城,道の駅「西山公園」 エリア,1
2023-12-04,福井,丸岡城 エリア,越前大野城,1
2023-12-04,福井,北陸新幹線 越前たけふ駅 エリア,敦賀赤レンガ倉庫,1
2023-12-04,福井,大本山永平寺,劔神社 エリア,1
2023-12-04,福井,水晶浜 エリア,日本海さかな街,1
2023-12-04,福井,水晶浜海水浴場,水晶浜 エリア,1
2023-12-04,福井,福井県立恐竜博物館,一乗谷朝倉氏遺跡 エリア,1
2023-12-04,福井,福井駅,JR九頭竜湖駅 エリア,1
2023-12-04,福井,福井駅,あわら湯のまち エリア,1
2023-12-04,福井,福井駅,道の駅「西山公園」 エリア,1
2023-12-04,福井,若狭フィッシャーマンズワーフ エリア,氣比神宮,1
2023-12-04,福井,若狭フィッシャーマンズワーフ エリア,道の駅「若狭おばま」,1
2023-12-04,福井,越前大仏,丸岡城 エリア,1
2023-12-04,福井,越前大野城・城下町 エリア,一乗谷朝倉氏遺跡,1
2023-12-04,福井,越前海岸 くりや旅館街 エリア,一乗谷朝倉氏遺跡,1
2023-12-04,福井,道の駅「うみんぴあ大飯」,道の駅「若狭おばま」 エリア,1
2023-12-04,福井,道の駅「九頭竜・和泉ふれあい会館」,越前大野城・城下町 エリア,1
2023-12-04,福井,道の駅「若狭おばま」,道の駅「南えちぜん山海里」 エリア,1
2023-12-04,福井,道の駅「若狭おばま」 エリア,道の駅「南えちぜん山海里」,1
2023-12-05,石川,ふれあい昆虫館,白山比咩神社,1
2023-12-05,石川,長町武家屋敷休憩館,金沢駅,1
2023-12-05,福井,あわら温泉「芦湯」,三国湊 エリア,1
2023-12-05,福井,あわら温泉街,東尋坊 エリア,1
2023-12-05,福井,ふれあいパーク三里浜(道の駅「みくに」),北潟湖 エリア,1
2023-12-05,福井,レインボーライン,道の駅「越前」 エリア,1
2023-12-05,福井,一乗谷朝倉氏遺跡,越前海岸 北部 エリア,1
2023-12-05,福井,一筆啓上 日本一短い手紙の館,丸岡城 エリア,1
2023-12-05,福井,丸岡城 エリア,大本山永平寺,2
2023-12-05,福井,劔神社,東尋坊 エリア,1
2023-12-05,福井,北の庄城址・柴田公園,福井駅前 エリア（宿泊施設）,1
2023-12-05,福井,大本山永平寺,道の駅「南えちぜん山海里」 エリア,1
2023-12-05,福井,小浜市水産食品センター（若狭小浜お魚センター）,明通寺 エリア,1
2023-12-05,福井,東尋坊,道の駅みくに ふれあいパーク三里浜 エリア,1
2023-12-05,福井,東尋坊 エリア,ふれあいパーク三里浜(道の駅「みくに」),1
2023-12-05,福井,武生駅 エリア,氣比神宮,1
2023-12-05,福井,福井県立恐竜博物館,スーベニアショップ ラプトル エリア,1
2023-12-05,福井,福井県立恐竜博物館,丸岡城 エリア,1
2023-12-05,福井,福井駅前 エリア（宿泊施設）,越前和紙の里,1
2023-12-05,福井,羽賀寺,明通寺 エリア,1
2023-12-05,福井,越前海岸 北部 エリア,越前水仙の里公園,1
2023-12-05,福井,道の駅「越前」 エリア,五湖の駅,1
2023-12-05,福井,道の駅みくに ふれあいパーク三里浜 エリア,あわら温泉街,1
2023-12-05,福井,野外恐竜博物館,東尋坊 エリア,1
2023-12-06,福井,JR敦賀駅前 エリア,丸岡城,1
2023-12-06,福井,JR敦賀駅前 エリア,氣比神宮,1
2023-12-06,福井,あわら湯のまち エリア,瀧谷寺,1
2023-12-06,福井,あわら湯のまち エリア,道の駅「さかい」（坂井地域交流センター「いねす」）,1
2023-12-06,福井,エルガイアおおい,道の駅「若狭おばま」 エリア,1
2023-12-06,福井,丸岡城,あわら湯のまち エリア,1
2023-12-06,福井,丸岡城,一乗谷朝倉氏遺跡 エリア,1
2023-12-06,福井,北の庄城址・柴田公園,福井駅前 エリア（宿泊施設）,1
2023-12-06,福井,北の庄城址・柴田公園,越前和紙の里 エリア,1
2023-12-06,福井,北前船主の館 右近家,日本海さかな街 エリア,1
2023-12-06,福井,北陸新幹線 越前たけふ駅 エリア,福井県立恐竜博物館,1
2023-12-06,福井,平泉寺白山神社 エリア,大本山永平寺,1
2023-12-06,福井,日本海さかな街 エリア,福井駅,1
2023-12-06,福井,東尋坊,越前松島水族館 エリア,1
2023-12-06,福井,福井県立恐竜博物館,えちぜん鉄道 松岡駅 エリア,1
2023-12-06,福井,福井県立恐竜博物館,道の駅「恐竜渓谷かつやま」 エリア,1
2023-12-06,福井,越前がにミュージアム,あわら湯のまち エリア,1
2023-12-06,福井,越前和紙の里,北陸新幹線 越前たけふ駅 エリア,1
2023-12-06,福井,越前大仏,平泉寺白山神社 エリア,1
2023-12-06,福井,越前大野城,JR敦賀駅前 エリア,1
2023-12-06,福井,越前大野城,一乗谷朝倉氏遺跡 エリア,1
2023-12-06,福井,越前松島水族館 エリア,一乗谷朝倉氏遺跡,1
2023-12-06,福井,道の駅「三方五湖」  エリア,大本山永平寺,1
2023-12-06,福井,道の駅「三方五湖」  エリア,道の駅「うみんぴあ大飯」,1
2023-12-06,福井,道の駅「恐竜渓谷かつやま」 エリア,はたや記念館 ゆめおーれ勝山,1
2023-12-06,福井,道の駅「河野」,北陸新幹線 越前たけふ駅 エリア,1
2023-12-06,福井,道の駅「若狭おばま」,道の駅「三方五湖」  エリア,1
2023-12-06,福井,道の駅「若狭おばま」 エリア,明通寺,1
2023-12-07,石川,兼六園,小松空港,1
2023-12-07,石川,加賀温泉,小松空港,1
2023-12-07,福井,JR九頭竜湖駅 エリア,越前大野城,1
2023-12-07,福井,JR敦賀駅前 エリア,日本海さかな街,1
2023-12-07,福井,あわら温泉街,一乗谷朝倉氏遺跡 エリア,1
2023-12-07,福井,うるしの里 エリア,福井県立恐竜博物館,1
2023-12-07,福井,ふれあいパーク三里浜(道の駅「みくに」),あわら湯のまち エリア,1
2023-12-07,福井,スーベニアショップ ラプトル エリア,越前大仏,1
2023-12-07,福井,一乗谷朝倉氏遺跡,道の駅「越前おおの荒島の郷」 エリア,1
2023-12-07,福井,一乗谷朝倉氏遺跡 エリア,道の駅「九頭竜・和泉ふれあい会館」,1
2023-12-07,福井,三丁町,明通寺 エリア,1
2023-12-07,福井,三国湊 エリア,氣比神宮,1
2023-12-07,福井,三方五湖,熊川宿 エリア,1
2023-12-07,福井,丸岡城 エリア,一乗谷朝倉氏遺跡,1
2023-12-07,福井,北の庄城址・柴田公園,福井駅前 エリア（宿泊施設）,1
2023-12-07,福井,大本山永平寺,うるしの里 エリア,1
2023-12-07,福井,東尋坊,道の駅「南えちぜん山海里」 エリア,1
2023-12-07,福井,越前大仏,三国湊 エリア,1
2023-12-07,福井,道の駅「恐竜渓谷かつやま」 エリア,一乗谷朝倉氏遺跡,1
2023-12-07,福井,養浩館庭園,一乗谷朝倉氏遺跡 エリア,1
2023-12-08,福井,JR敦賀駅前 エリア,敦賀赤レンガ倉庫,1
2023-12-08,福井,JR美浜駅 エリア,日本海さかな街,1
2023-12-08,福井,JR美浜駅 エリア,道の駅「シーサイド高浜」,1
2023-12-08,福井,ふくい鮮いちば エリア,一乗谷朝倉氏遺跡,1
2023-12-08,福井,スーベニアショップ ラプトル エリア,福井県立恐竜博物館,1
2023-12-08,福井,スーベニアショップ ラプトル エリア,越前大仏,1
2023-12-08,福井,メタセコイア並木（滋賀県）,明通寺 エリア,1
2023-12-08,福井,レインボーライン,道の駅「シーサイド高浜」 エリア,1
2023-12-08,福井,レインボーライン エリア,日本海さかな街,1
2023-12-08,福井,一乗谷朝倉氏遺跡,丸岡城 エリア,1
2023-12-08,福井,一乗谷朝倉氏遺跡 エリア,越前大仏,1
2023-12-08,福井,三方五湖,JR美浜駅 エリア,1
2023-12-08,福井,丸岡城,道の駅「禅の里」 エリア,1
2023-12-08,福井,丸岡城 エリア,北の庄城址・柴田公園,1
2023-12-08,福井,北の庄城址・柴田公園,一乗谷朝倉氏遺跡 エリア,1
2023-12-08,福井,小浜 エリア（宿泊施設）,びわ湖（滋賀県）,1
2023-12-08,福井,小浜市 阿納 エリア,御食国若狭おばま食文化館,1
2023-12-08,福井,恐竜博物館,一乗谷朝倉氏遺跡 エリア,1
2023-12-08,福井,敦賀駅,若狭海遊バザール 千鳥苑 エリア,1
2023-12-08,福井,明通寺 エリア,神宮寺,1
2023-12-08,福井,明通寺 エリア,道の駅「若狭おばま」,1
2023-12-08,福井,氣比神宮,JR敦賀駅前 エリア,1
2023-12-08,福井,熊川宿,レインボーライン エリア,1
2023-12-08,福井,熊川宿,明通寺 エリア,1
2023-12-08,福井,福井県立恐竜博物館,北陸新幹線 越前たけふ駅 エリア,1
2023-12-08,福井,若狭海遊バザール千鳥苑 若狭美浜 海の駅,JR美浜駅 エリア,1
2023-12-08,福井,越前大仏,ふくい鮮いちば エリア,1
2023-12-08,福井,越前大仏,スーベニアショップ ラプトル エリア,1
2023-12-08,福井,越前大野城,一乗谷朝倉氏遺跡 エリア,1
2023-12-08,福井,道の駅「うみんぴあ大飯」,名田庄 エリア,1
2023-12-08,福井,道の駅「シーサイド高浜」 エリア,道の駅「名田庄」,1
2023-12-08,福井,道の駅「禅の里」 エリア,一乗谷朝倉氏遺跡,1
2023-12-08,福井,道の駅「西山公園」 エリア,越前大野城,1
2023-12-09,石川,いしかわ動物園,のとじま水族館,1
2023-12-09,石川,のとじま水族館,兼六園,1
2023-12-09,石川,のとじま水族館,足湯,1
2023-12-09,石川,イカキング,のとじま水族館,2
2023-12-09,石川,和倉温泉,のとじま水族館,1
2023-12-09,石川,白米千枚田,小松空港,1
2023-12-09,石川,直接,のとじま水族館,1
2023-12-09,石川,道の駅千里浜,のとじま水族館,1
2023-12-09,福井,JR敦賀駅前 エリア,敦賀赤レンガ倉庫,1
2023-12-09,福井,JR敦賀駅前 エリア,氣比神宮,1
2023-12-09,福井,JR美浜駅 エリア,道の駅「若狭熊川宿」,1
2023-12-09,福井,あわら湯のまち エリア,東尋坊,1
2023-12-09,福井,うみんぴあ大飯 エリア,御食国若狭おばま食文化館,1
2023-12-09,福井,うみんぴあ大飯 エリア,日本海さかな街,1
2023-12-09,福井,えちぜん鉄道 松岡駅 エリア,大本山永平寺,1
2023-12-09,福井,レインボーライン,レインボーライン エリア,1
2023-12-09,福井,レインボーライン エリア,天橋立（京都府）,1
2023-12-09,福井,一乗谷朝倉氏遺跡,一乗谷朝倉氏遺跡 エリア,2
2023-12-09,福井,一乗谷朝倉氏遺跡,越前大野城・城下町 エリア,1
2023-12-09,福井,一乗谷朝倉氏遺跡 エリア,三國湊レトロ,1
2023-12-09,福井,一乗谷朝倉氏遺跡 エリア,道の駅「一乗谷あさくら水の駅」,1
2023-12-09,福井,七間朝市,越前大野城・城下町 エリア,1
2023-12-09,福井,三丁町,小浜 エリア（宿泊施設）,1
2023-12-09,福井,丸岡城,丸岡城 エリア,1
2023-12-09,福井,五湖の駅,道の駅「若狭おばま」 エリア,1
2023-12-09,福井,今庄宿,JR敦賀駅前 エリア,1
2023-12-09,福井,六呂師高原,道の駅「越前おおの荒島の郷」 エリア,1
2023-12-09,福井,六呂師高原 エリア,道の駅「越前おおの荒島の郷」,1
2023-12-09,福井,大本山永平寺,あわら湯のまち エリア,1
2023-12-09,福井,大本山永平寺,大本山 永平寺 エリア,1
2023-12-09,福井,天橋立（京都府）,うみんぴあ大飯 エリア,1
2023-12-09,福井,御食国若狭おばま食文化館,道の駅「若狭おばま」 エリア,1
2023-12-09,福井,御食国若狭おばま食文化館 エリア,道の駅「若狭おばま」,1
2023-12-09,福井,敦賀市立博物館 エリア,人道の港 敦賀ムゼウム,1
2023-12-09,福井,明通寺,明通寺 エリア,1
2023-12-09,福井,明通寺 エリア,道の駅「名田庄」,1
2023-12-09,福井,明通寺 エリア,道の駅「若狭おばま」,1
2023-12-09,福井,武生中央公園,越前そばの里 エリア,1
2023-12-09,福井,氣比神宮,北潟湖 エリア,1
2023-12-09,福井,氣比神宮,敦賀市立博物館 エリア,1
2023-12-09,福井,氣比神宮,明通寺 エリア,2
2023-12-09,福井,氣比神宮,金ヶ崎 エリア,2
2023-12-09,福井,熊川宿 エリア,小浜町並み保存資料館,1
2023-12-09,福井,福井県年縞博物館,JR美浜駅 エリア,1
2023-12-09,福井,福井県年縞博物館,美浜町レイクセンター エリア,1
2023-12-09,福井,福井駅,越前そばの里 エリア,1
2023-12-09,福井,福井駅前 エリア,一乗谷朝倉氏遺跡,1
2023-12-09,福井,美浜町レイクセンター エリア,金ヶ崎,1
2023-12-09,福井,若狭フィッシャーマンズワーフ,名田庄 エリア,1
2023-12-09,福井,赤礁崎オートキャンプ場,うみんぴあ大飯 エリア,1
2023-12-09,福井,越前がにミュージアム,道の駅みくに ふれあいパーク三里浜 エリア,1
2023-12-09,福井,越前和紙の里,あわら湯のまち エリア,1
2023-12-09,福井,越前和紙の里,越前海岸 くりや旅館街 エリア,1
2023-12-09,福井,越前和紙の里 エリア,越前そばの里,1
2023-12-09,福井,越前大野城,一乗谷朝倉氏遺跡 エリア,1
2023-12-09,福井,越前大野城,六呂師高原 エリア,1
2023-12-09,福井,越前大野城,湖上館パムコ（水月湖）エリア,1
2023-12-09,福井,越前大野城,越前海岸 くりや旅館街 エリア,1
2023-12-09,福井,越前大野城,金ヶ崎 エリア,1
2023-12-09,福井,越前大野城・城下町 エリア,越前大仏,1
2023-12-09,福井,越前大野城・城下町 エリア,道の駅「越前おおの荒島の郷」,1
2023-12-09,福井,越前松島水族館 エリア,東尋坊,1
2023-12-09,福井,越前海岸 くりや旅館街 エリア,東尋坊,1
2023-12-09,福井,道の駅「うみんぴあ大飯」,御食国若狭おばま食文化館 エリア,1
2023-12-09,福井,道の駅「南えちぜん山海里」 エリア,越前打刃物会館,1
2023-12-09,福井,道の駅「南えちぜん山海里」 エリア,越前海岸,1
2023-12-09,福井,道の駅「名田庄」,名田庄 エリア,1
2023-12-09,福井,道の駅「恐竜渓谷かつやま」 エリア,はたや記念館 ゆめおーれ勝山,1
2023-12-09,福井,道の駅「若狭おばま」 エリア,日本海さかな街,1
2023-12-09,福井,道の駅「若狭おばま」 エリア,道の駅「若狭熊川宿」,1
2023-12-09,福井,道の駅「越前」,道の駅「南えちぜん山海里」 エリア,1
2023-12-09,福井,道の駅みくに ふれあいパーク三里浜 エリア,ゆりの里公園ユリーム春江,1
2023-12-09,福井,金ヶ崎 エリア,敦賀赤レンガ倉庫,1
2023-12-09,福井,金ヶ崎 エリア,越前がにミュージアム,1
2023-12-10,石川,のとじま水族館,能登ミルク,2
2023-12-10,石川,小松空港,兼六園,1
2023-12-10,石川,小松空港,羽田空港,1
2023-12-10,福井,あわら温泉街,あわら湯のまち エリア,1
2023-12-10,福井,あわら湯のまち エリア,東尋坊,1
2023-12-10,福井,かずら橋 エリア,万葉の里 味真野苑（ミズバショウ・フジ・スイレン・ハギ）,1
2023-12-10,福井,かずら橋 エリア,越前大野城,1
2023-12-10,福井,まちの市場 こってコテいけだ,かずら橋 エリア,1
2023-12-10,福井,めがねミュージアム,福井駅前 エリア（宿泊施設）,1
2023-12-10,福井,エルガイアおおい,若州一滴文庫 エリア,1
2023-12-10,福井,スーベニアショップ ラプトル エリア,福井駅,1
2023-12-10,福井,一乗谷朝倉氏遺跡,一乗谷朝倉氏遺跡 エリア,4
2023-12-10,福井,一乗谷朝倉氏遺跡 エリア,丸岡城,1
2023-12-10,福井,一乗谷朝倉氏遺跡 エリア,養浩館庭園,1
2023-12-10,福井,三國湊レトロ,道の駅みくに ふれあいパーク三里浜 エリア,1
2023-12-10,福井,丸岡城,丸岡城 エリア,1
2023-12-10,福井,北潟湖 エリア,あわら温泉街,1
2023-12-10,福井,北陸新幹線 越前たけふ駅 エリア,丸岡城,1
2023-12-10,福井,吉崎御坊跡,道の駅「越前」 エリア,1
2023-12-10,福井,大本山 永平寺 エリア,福井県立恐竜博物館,1
2023-12-10,福井,大本山永平寺,道の駅「恐竜渓谷かつやま」 エリア,1
2023-12-10,福井,小浜 エリア（宿泊施設）,天橋立（京都府）,1
2023-12-10,福井,小浜市 阿納 エリア,敦賀赤レンガ倉庫,1
2023-12-10,福井,小浜市水産食品センター（若狭小浜お魚センター）,日本海さかな街 エリア,1
2023-12-10,福井,岡太神社・大瀧神社,一乗谷朝倉氏遺跡 エリア,1
2023-12-10,福井,岡太神社・大瀧神社,北陸新幹線 越前たけふ駅 エリア,1
2023-12-10,福井,帰宅,道の駅「南えちぜん山海里」 エリア,1
2023-12-10,福井,御誕生寺,越前そばの里 エリア,1
2023-12-10,福井,御食国若狭おばま食文化館 エリア,越前大野城,1
2023-12-10,福井,恐竜博物館,福井駅前 エリア（宿泊施設）,1
2023-12-10,福井,敦賀赤レンガ倉庫,御食国若狭おばま食文化館 エリア,1
2023-12-10,福井,東尋坊,一乗谷朝倉氏遺跡 エリア,1
2023-12-10,福井,東尋坊,北潟湖 エリア,1
2023-12-10,福井,東尋坊,大本山 永平寺 エリア,1
2023-12-10,福井,氣比神宮,水島 エリア,1
2023-12-10,福井,福井県立恐竜博物館,スーベニアショップ ラプトル エリア,1
2023-12-10,福井,福井県立恐竜博物館,道の駅「禅の里」 エリア,1
2023-12-10,福井,福井駅,あわら湯のまち エリア,1
2023-12-10,福井,福井駅,福井駅前 エリア,1
2023-12-10,福井,福井駅前 エリア,金沢駅周辺（石川県）,1
2023-12-10,福井,福井駅前 エリア（宿泊施設）,一乗谷朝倉氏遺跡,3
2023-12-10,福井,福井駅前 エリア（宿泊施設）,福井県立恐竜博物館,1
2023-12-10,福井,若狭フィッシャーマンズワーフ,道の駅「若狭おばま」 エリア,2
2023-12-10,福井,若狭フィッシャーマンズワーフ エリア,道の駅「若狭おばま」,1
2023-12-10,福井,越前がにミュージアム,越前海岸 高佐米ノ旅館街 エリア,1
2023-12-10,福井,越前大仏,三国湊 エリア,1
2023-12-10,福井,越前大野城,えちぜん鉄道 松岡駅 エリア,1
2023-12-10,福井,越前岬,道の駅「越前」 エリア,1
2023-12-10,福井,越前松島水族館,三国湊 エリア,1
2023-12-10,福井,越前水仙の里公園,道の駅「越前」 エリア,1
2023-12-10,福井,越前海岸 越前岬 エリア,道の駅「越前」,1
2023-12-10,福井,道の駅「南えちぜん山海里」 エリア,福井駅,1
2023-12-10,福井,道の駅「恐竜渓谷かつやま」,道の駅「南えちぜん山海里」 エリア,1
2023-12-10,福井,道の駅「恐竜渓谷かつやま」 エリア,福井県立恐竜博物館,1
2023-12-10,福井,道の駅「恐竜渓谷かつやま」 エリア,道の駅「南えちぜん山海里」,1
2023-12-10,福井,道の駅「若狭熊川宿」,小浜市 阿納 エリア,1
2023-12-10,福井,道の駅「越前」,劔神社 エリア,2
2023-12-10,福井,道の駅「越前」,福井駅前 エリア（宿泊施設）,1
2023-12-10,福井,道の駅「越前」 エリア,越前がにミュージアム,1
2023-12-10,福井,金沢,福井駅前 エリア,1
2023-12-11,石川,のとじま水族館,温泉,1
2023-12-11,福井,JR敦賀駅前 エリア,越前大仏,1
2023-12-11,福井,あわら湯のまち エリア,東尋坊,1
2023-12-11,福井,一乗谷朝倉氏遺跡 エリア,福井県立恐竜博物館,1
2023-12-11,福井,三方五湖,レインボーライン エリア,1
2023-12-11,福井,三方五湖,小浜 エリア（宿泊施設）,1
2023-12-11,福井,丸岡城,道の駅「西山公園」 エリア,1
2023-12-11,福井,丸岡城,道の駅「越前」 エリア,1
2023-12-11,福井,北の庄城址・柴田公園,北ノ庄 エリア,1
2023-12-11,福井,北潟湖 エリア,ふれあいパーク三里浜(道の駅「みくに」),1
2023-12-11,福井,大本山永平寺,三国湊 エリア,1
2023-12-11,福井,敦賀市立博物館,敦賀市立博物館 エリア,1
2023-12-11,福井,敦賀市立博物館 エリア,敦賀駅,1
2023-12-11,福井,敦賀鉄道資料館（旧敦賀港駅舎 ）,金ヶ崎 エリア,1
2023-12-11,福井,明通寺 エリア,小浜市水産食品センター（若狭小浜お魚センター）,1
2023-12-11,福井,氣比神宮,JR敦賀駅前 エリア,1
2023-12-11,福井,氣比神宮,神楽通り エリア,1
2023-12-11,福井,福井県年縞博物館,熊川宿 エリア,1
2023-12-11,福井,福井県立恐竜博物館,福井駅前 エリア（宿泊施設）,1
2023-12-11,福井,福井駅,あわら湯のまち エリア,2
2023-12-11,福井,福井駅,一乗谷朝倉氏遺跡 エリア,1
2023-12-11,福井,福井駅,丸岡城 エリア,1
2023-12-11,福井,福井駅前 エリア（宿泊施設）,丸岡城,1
2023-12-11,福井,羽賀寺,明通寺 エリア,1
2023-12-11,福井,越前大野城,道の駅「越前おおの荒島の郷」 エリア,1
2023-12-11,福井,道の駅「三方五湖」,道の駅「若狭おばま」 エリア,1
2023-12-11,福井,道の駅「三方五湖」  エリア,天橋立（京都府）,1
2023-12-11,福井,道の駅「南えちぜん山海里」,道の駅「三方五湖」  エリア,1
2023-12-11,福井,道の駅「南えちぜん山海里」 エリア,レインボーライン,1
2023-12-11,福井,道の駅「若狭おばま」 エリア,天橋立（京都府）,1
2023-12-11,福井,道の駅「若狭熊川宿」,明通寺 エリア,1
2023-12-11,福井,道の駅「越前おおの荒島の郷」 エリア,越前大野城,1
2023-12-11,福井,金ヶ崎 エリア,敦賀市立博物館,1
2023-12-12,福井,JR敦賀駅前 エリア,敦賀鉄道資料館（旧敦賀港駅舎 ）,1
2023-12-12,福井,あわら湯のまち エリア,一乗谷朝倉氏遺跡,1
2023-12-12,福井,あわら湯のまち エリア,越前松島水族館,1
2023-12-12,福井,一乗谷朝倉氏遺跡,一乗谷朝倉氏遺跡 エリア,1
2023-12-12,福井,一乗谷朝倉氏遺跡,北陸新幹線 越前たけふ駅 エリア,1
2023-12-12,福井,一乗谷朝倉氏遺跡,越前大野城・城下町 エリア,1
2023-12-12,福井,丸岡城,あわら湯のまち エリア,1
2023-12-12,福井,北の庄城址・柴田公園,福井駅前 エリア,2
2023-12-12,福井,北陸新幹線 越前たけふ駅 エリア,道の駅「若狭熊川宿」,1
2023-12-12,福井,大本山永平寺,北陸新幹線 越前たけふ駅 エリア,1
2023-12-12,福井,小浜 エリア（宿泊施設）,福井県立恐竜博物館,1
2023-12-12,福井,小浜市水産食品センター（若狭小浜お魚センター）,熊川宿 エリア,1
2023-12-12,福井,敦賀赤レンガ倉庫,あわら湯のまち エリア,1
2023-12-12,福井,日本海さかな街,JR美浜駅 エリア,1
2023-12-12,福井,明通寺 エリア,小浜町並み保存資料館,1
2023-12-12,福井,氣比神宮,JR敦賀駅前 エリア,1
2023-12-12,福井,熊川宿,小浜 エリア（宿泊施設）,1
2023-12-12,福井,福井県立恐竜博物館,湖上館パムコ（水月湖）エリア,1
2023-12-12,福井,福井県立恐竜博物館,福井駅前 エリア（宿泊施設）,1
2023-12-12,福井,福井駅,福井駅前 エリア（宿泊施設）,1
2023-12-12,福井,福井駅前 エリア（宿泊施設）,大本山永平寺,1
2023-12-12,福井,自宅,道の駅「南えちぜん山海里」 エリア,1
2023-12-12,福井,若狭三方縄文博物館,熊川宿 エリア,1
2023-12-12,福井,越前大野城,JR美浜駅 エリア,1
2023-12-12,福井,越前海岸 くりや旅館街 エリア,越前がにミュージアム,1
2023-12-12,福井,道の駅「名田庄」,明通寺 エリア,1
2023-12-12,福井,道の駅「西山公園」 エリア,ゆりの里公園ユリーム春江,1
2023-12-13,石川,のとじま水族館,足湯,1
2023-12-13,石川,和倉温泉,のとじま水族館,1
2023-12-13,石川,氷見,のとじま水族館,1
2023-12-13,石川,氷見漁港,のとじま水族館,1
2023-12-13,石川,雨晴海岸,のとじま水族館,1
2023-12-13,福井,JR敦賀駅前 エリア,「ちひろの生まれた家」記念館,1
2023-12-13,福井,JR敦賀駅前 エリア,日本海さかな街,1
2023-12-13,福井,JR美浜駅 エリア,道の駅「若狭熊川宿」,1
2023-12-13,福井,UMIKARA,若州一滴文庫 エリア,1
2023-12-13,福井,あわら温泉「芦湯」,道の駅みくに ふれあいパーク三里浜 エリア,1
2023-12-13,福井,あわら湯のまち エリア,ふれあいパーク三里浜(道の駅「みくに」),1
2023-12-13,福井,ゆりの里公園ユリーム春江,三国湊 エリア,1
2023-12-13,福井,エルガイアおおい,名田庄 エリア,1
2023-12-13,福井,フルーツライン エリア,あわら温泉「芦湯」,1
2023-12-13,福井,一乗谷朝倉氏遺跡,丸岡城 エリア,1
2023-12-13,福井,一乗谷朝倉氏遺跡,紫式部公園 エリア,1
2023-12-13,福井,三国湊 エリア,大本山永平寺,1
2023-12-13,福井,三方五湖,北陸新幹線 越前たけふ駅 エリア,1
2023-12-13,福井,丸岡城 エリア,大本山永平寺,1
2023-12-13,福井,丸岡城 エリア,越前大野城,1
2023-12-13,福井,北潟湖 エリア,あわら温泉「芦湯」,1
2023-12-13,福井,北陸新幹線 越前たけふ駅 エリア,熊川宿,1
2023-12-13,福井,吉崎御坊跡,あわら湯のまち エリア,1
2023-12-13,福井,小浜市 阿納 エリア,氣比神宮,1
2023-12-13,福井,小浜市 阿納 エリア,越前大仏,1
2023-12-13,福井,小浜市水産食品センター（若狭小浜お魚センター）,小浜 エリア（宿泊施設）,1
2023-12-13,福井,小浜市水産食品センター（若狭小浜お魚センター）,道の駅「若狭おばま」 エリア,1
2023-12-13,福井,敦賀駅,日本海さかな街 エリア,1
2023-12-13,福井,氣比神宮,小浜市 阿納 エリア,2
2023-12-13,福井,氣比神宮,金ヶ崎 エリア,1
2023-12-13,福井,熊川宿 エリア,道の駅「若狭おばま」,1
2023-12-13,福井,福井県年縞博物館,道の駅「三方五湖」  エリア,1
2023-12-13,福井,福井県立恐竜博物館,越前松島水族館 エリア,1
2023-12-13,福井,福井駅,福井駅前 エリア,1
2023-12-13,福井,福井駅前 エリア（宿泊施設）,めがねミュージアム,1
2023-12-13,福井,紫式部公園 エリア,福井駅,1
2023-12-13,福井,若州一滴文庫 エリア,道の駅「うみんぴあ大飯」,1
2023-12-13,福井,若狭歴史博物館,若狭フィッシャーマンズワーフ エリア,1
2023-12-13,福井,越前和紙の里,北陸新幹線 越前たけふ駅 エリア,1
2023-12-13,福井,越前大仏,三国湊 エリア,1
2023-12-13,福井,越前大野城,福井駅前 エリア,1
2023-12-13,福井,越前松島水族館 エリア,東尋坊,1
2023-12-13,福井,越前海岸 越前岬 エリア,敦賀赤レンガ倉庫,1
2023-12-13,福井,道の駅「南えちぜん山海里」 エリア,道の駅「越前」,1
2023-12-13,福井,道の駅「若狭おばま」 エリア,御食国若狭おばま食文化館,1
2023-12-13,福井,道の駅「若狭おばま」 エリア,若狭フィッシャーマンズワーフ,1
2023-12-13,福井,道の駅「若狭熊川宿」,御食国若狭おばま食文化館 エリア,1
2023-12-13,福井,道の駅「若狭熊川宿」,道の駅「若狭おばま」 エリア,1
2023-12-13,福井,金ヶ崎 エリア,敦賀赤レンガ倉庫,1
2023-12-14,福井,めがねミュージアム,北陸新幹線 越前たけふ駅 エリア,1
2023-12-14,福井,スーベニアショップ ラプトル エリア,福井駅,1
2023-12-14,福井,スーベニアショップ ラプトル エリア,道の駅「恐竜渓谷かつやま」,1
2023-12-14,福井,一乗谷朝倉氏遺跡,道の駅「パークイン丹生ヶ丘」 エリア,1
2023-12-14,福井,一筆啓上 日本一短い手紙の館,丸岡城 エリア,1
2023-12-14,福井,丸岡城,道の駅「三方五湖」  エリア,1
2023-12-14,福井,北の庄城址・柴田公園,福井駅前 エリア,1
2023-12-14,福井,北陸新幹線 越前たけふ駅 エリア,一乗谷朝倉氏遺跡,1
2023-12-14,福井,小浜市 阿納 エリア,敦賀赤レンガ倉庫,1
2023-12-14,福井,敦賀赤レンガ倉庫,小浜市 阿納 エリア,1
2023-12-14,福井,敦賀赤レンガ倉庫,若狭フィッシャーマンズワーフ エリア,1
2023-12-14,福井,日本海さかな街 エリア,氣比神宮,1
2023-12-14,福井,東尋坊,越前大野城・城下町 エリア,1
2023-12-14,福井,氣比神宮,越前海岸 越前岬 エリア,1
2023-12-14,福井,氣比神宮,金ヶ崎 エリア,1
2023-12-14,福井,福井県立恐竜博物館,スーベニアショップ ラプトル エリア,2
2023-12-14,福井,福井駅前 エリア,大本山永平寺,1
2023-12-14,福井,若狭フィッシャーマンズワーフ,熊川宿 エリア,1
2023-12-14,福井,越前大野城,道の駅「南えちぜん山海里」 エリア,1
2023-12-14,福井,越前大野城・城下町 エリア,道の駅「越前おおの荒島の郷」,1
2023-12-14,福井,道の駅「南えちぜん山海里」 エリア,丸岡城,1
2023-12-15,石川,21世紀美術館,小松空港,1
2023-12-15,石川,のとじま水族館,金沢駅,1
2023-12-15,福井,あわら湯のまち エリア,あわら温泉「芦湯」,1
2023-12-15,福井,あわら湯のまち エリア,福井県立恐竜博物館,1
2023-12-15,福井,めがねミュージアム,福井駅前 エリア（宿泊施設）,1
2023-12-15,福井,一乗谷朝倉氏遺跡,道の駅「三方五湖」  エリア,1
2023-12-15,福井,一乗谷朝倉氏遺跡 エリア,山代温泉（石川県）,1
2023-12-15,福井,丸岡城 エリア,岡太神社・大瀧神社,1
2023-12-15,福井,劔神社,越前海岸 越前岬 エリア,1
2023-12-15,福井,北の庄城址・柴田公園,一乗谷朝倉氏遺跡 エリア,1
2023-12-15,福井,北ノ庄 エリア,一乗谷朝倉氏遺跡,1
2023-12-15,福井,大本山永平寺,福井駅前 エリア（宿泊施設）,1
2023-12-15,福井,小浜市水産食品センター（若狭小浜お魚センター）,熊川宿 エリア,1
2023-12-15,福井,敦賀赤レンガ倉庫,金ヶ崎 エリア,1
2023-12-15,福井,東尋坊 エリア,福井県立恐竜博物館,1
2023-12-15,福井,氣比神宮,あわら湯のまち エリア,1
2023-12-15,福井,氣比神宮,福井駅前 エリア,1
2023-12-15,福井,氣比神宮,金ヶ崎 エリア,3
2023-12-15,福井,熊川宿,若狭フィッシャーマンズワーフ エリア,1
2023-12-15,福井,福井県立恐竜博物館,道の駅「恐竜渓谷かつやま」 エリア,1
2023-12-15,福井,福井駅,福井駅前 エリア,1
2023-12-15,福井,福井駅前 エリア,一乗谷朝倉氏遺跡,1
2023-12-15,福井,福井駅前 エリア（宿泊施設）,野外恐竜博物館,1
2023-12-15,福井,越前大仏,道の駅みくに ふれあいパーク三里浜 エリア,1
2023-12-15,福井,道の駅「さかい」（坂井地域交流センター「いねす」）,あわら湯のまち エリア,1
2023-12-15,福井,道の駅「シーサイド高浜」,道の駅「シーサイド高浜」 エリア,1
2023-12-15,福井,道の駅「三方五湖」  エリア,福井県年縞博物館,1
2023-12-15,福井,道の駅「三方五湖」  エリア,越前がにミュージアム,1
2023-12-15,福井,道の駅「越前」,越前漁港 エリア,1
2023-12-15,福井,金ヶ崎 エリア,気比の松原,1
2023-12-15,福井,金ヶ崎 エリア,氣比神宮,1
2023-12-15,福井,金ヶ崎 エリア,福井駅,1
2023-12-16,石川,のとじま水族館,千枚田,1
2023-12-16,石川,ふれあい昆虫館,コストコ,1
2023-12-16,石川,千枚田,のとじま水族館,1
2023-12-16,石川,和倉温泉,のとじま水族館,1
2023-12-16,石川,石川県立美術館,歴史博物館,1
2023-12-16,石川,能登ミルク,のとじま水族館,1
2023-12-16,福井,JR美浜駅 エリア,敦賀赤レンガ倉庫,1
2023-12-16,福井,JR芦原温泉駅 エリア,福井駅,1
2023-12-16,福井,あわら湯のまち エリア,福井県立恐竜博物館,1
2023-12-16,福井,うみんぴあ大飯 エリア,若狭フィッシャーマンズワーフ,1
2023-12-16,福井,スーベニアショップ ラプトル エリア,丸岡城,1
2023-12-16,福井,スーベニアショップ ラプトル エリア,福井県立恐竜博物館,1
2023-12-16,福井,一乗谷朝倉氏遺跡,一乗谷朝倉氏遺跡 エリア,1
2023-12-16,福井,一乗谷朝倉氏遺跡,福井駅前 エリア（宿泊施設）,1
2023-12-16,福井,一乗谷朝倉氏遺跡,道の駅「越前」 エリア,1
2023-12-16,福井,一乗谷朝倉氏遺跡 エリア,一乗谷朝倉氏遺跡,1
2023-12-16,福井,丸岡城 エリア,丸岡城,1
2023-12-16,福井,丸岡城 エリア,大本山永平寺,1
2023-12-16,福井,丸岡城 エリア,越前そばの里,1
2023-12-16,福井,九頭竜湖,道の駅「南えちぜん山海里」 エリア,1
2023-12-16,福井,劔神社,道の駅「越前」 エリア,1
2023-12-16,福井,北陸新幹線 越前たけふ駅 エリア,岡太神社・大瀧神社,1
2023-12-16,福井,大本山永平寺,丸岡城 エリア,1
2023-12-16,福井,大本山永平寺,越前そばの里 エリア,1
2023-12-16,福井,大本山永平寺,越前海岸 北部 エリア,1
2023-12-16,福井,大本山永平寺,越前海岸 越前岬 エリア,1
2023-12-16,福井,小浜市 阿納 エリア,福井県年縞博物館,1
2023-12-16,福井,山代温泉（石川県）,あわら湯のまち エリア,1
2023-12-16,福井,御食国若狭おばま食文化館,道の駅「若狭おばま」 エリア,1
2023-12-16,福井,敦賀赤レンガ倉庫,一乗谷朝倉氏遺跡 エリア,1
2023-12-16,福井,敦賀赤レンガ倉庫,若狭高浜 エリア,1
2023-12-16,福井,敦賀鉄道資料館（旧敦賀港駅舎 ）,金ヶ崎 エリア,1
2023-12-16,福井,日本海さかな街,レインボーライン エリア,1
2023-12-16,福井,明通寺 エリア,小浜町並み保存資料館,1
2023-12-16,福井,東尋坊,丸岡城 エリア,2
2023-12-16,福井,東尋坊,道の駅「越前」 エリア,1
2023-12-16,福井,氣比神宮,越前そばの里 エリア,1
2023-12-16,福井,熊川宿,御食国若狭おばま食文化館 エリア,1
2023-12-16,福井,熊川宿,明通寺 エリア,1
2023-12-16,福井,熊川宿,熊川宿 エリア,2
2023-12-16,福井,熊川宿 エリア,三方五湖,1
2023-12-16,福井,熊川宿 エリア,御食国若狭おばま食文化館,1
2023-12-16,福井,白山平泉寺歴史探遊館 まほろば,はたや記念館 ゆめおーれ勝山 エリア,1
2023-12-16,福井,福井県こども家族館,うみんぴあ大飯 エリア,1
2023-12-16,福井,福井県立恐竜博物館,スーベニアショップ ラプトル エリア,2
2023-12-16,福井,福井県立恐竜博物館,道の駅「南えちぜん山海里」 エリア,1
2023-12-16,福井,福井駅前 エリア,敦賀駅,1
2023-12-16,福井,福井駅前 エリア（宿泊施設）,北の庄城址・柴田公園,1
2023-12-16,福井,若狭たかはま エルどらんど,道の駅「シーサイド高浜」 エリア,1
2023-12-16,福井,若狭フィッシャーマンズワーフ,若狭高浜 エリア,1
2023-12-16,福井,若狭フィッシャーマンズワーフ,道の駅「三方五湖」  エリア,1
2023-12-16,福井,若狭フィッシャーマンズワーフ,道の駅「若狭おばま」 エリア,1
2023-12-16,福井,若狭フィッシャーマンズワーフ エリア,福井県こども家族館,1
2023-12-16,福井,越前がにミュージアム,東尋坊 エリア,1
2023-12-16,福井,越前大仏,北陸新幹線 越前たけふ駅 エリア,1
2023-12-16,福井,越前大野城,名田庄 エリア,1
2023-12-16,福井,越前大野城,越前陶芸村 エリア,1
2023-12-16,福井,越前海岸,越前海岸 北部 エリア,1
2023-12-16,福井,越前海岸,越前陶芸村 エリア,1
2023-12-16,福井,越前海岸 北部 エリア,東尋坊,1
2023-12-16,福井,越前陶芸村,越前海岸 越前岬 エリア,1
2023-12-16,福井,越前陶芸村,道の駅「越前」 エリア,1
2023-12-16,福井,越前陶芸村 エリア,丸岡城,1
2023-12-16,福井,道の駅「うみんぴあ大飯」,道の駅「三方五湖」  エリア,1
2023-12-16,福井,道の駅「シーサイド高浜」,JR美浜駅 エリア,1
2023-12-16,福井,道の駅「シーサイド高浜」,うみんぴあ大飯 エリア,1
2023-12-16,福井,道の駅「シーサイド高浜」 エリア,ホテルうみんぴあ,1
2023-12-16,福井,道の駅「三方五湖」,JR美浜駅 エリア,1
2023-12-16,福井,道の駅「三方五湖」  エリア,敦賀赤レンガ倉庫,1
2023-12-16,福井,道の駅「越前」 エリア,呼鳥門,1
2023-12-17,石川,いしかわ動物園,のとじま水族館,2
2023-12-17,石川,のとじま水族館,ガラス美術館,1
2023-12-17,石川,のとじま水族館,金沢市内,1
2023-12-17,石川,ふれあい昆虫館,いしかわ動物園,1
2023-12-17,石川,能登ミルク,のとじま水族館,1
2023-12-17,石川,近江市場,のとじま水族館,1
2023-12-17,福井,JR敦賀駅前 エリア,日本海さかな街,1
2023-12-17,福井,JR敦賀駅前 エリア,氣比神宮,1
2023-12-17,福井,あわら温泉「芦湯」,あわら湯のまち エリア,3
2023-12-17,福井,あわら湯のまち エリア,あわら温泉街,1
2023-12-17,福井,あわら湯のまち エリア,福井県立恐竜博物館,1
2023-12-17,福井,あわら湯のまち エリア,越前がにミュージアム,1
2023-12-17,福井,あわら湯のまち エリア,金沢駅周辺（石川県）,1
2023-12-17,福井,はたや記念館 ゆめおーれ勝山 エリア,福井県立恐竜博物館,1
2023-12-17,福井,スキージャム勝山 エリア,福井県立恐竜博物館,1
2023-12-17,福井,フルーツライン エリア,福井駅,1
2023-12-17,福井,一乗谷朝倉氏遺跡,JR敦賀駅前 エリア,1
2023-12-17,福井,一乗谷朝倉氏遺跡,フルーツライン エリア,1
2023-12-17,福井,一乗谷朝倉氏遺跡,一乗谷朝倉氏遺跡 エリア,1
2023-12-17,福井,一乗谷朝倉氏遺跡 エリア,福井県立恐竜博物館,1
2023-12-17,福井,三国サンセットビーチ,北潟湖 エリア,1
2023-12-17,福井,丸岡城 エリア,金沢駅周辺（石川県）,1
2023-12-17,福井,北前船主の館 右近家 エリア,日本海さかな街,1
2023-12-17,福井,北潟湖 エリア,あわら温泉街,1
2023-12-17,福井,大本山永平寺,東尋坊 エリア,1
2023-12-17,福井,敦賀市立博物館,敦賀市立博物館 エリア,1
2023-12-17,福井,敦賀市立博物館 エリア,人道の港 敦賀ムゼウム,1
2023-12-17,福井,敦賀赤レンガ倉庫,金ヶ崎 エリア,2
2023-12-17,福井,日本海さかな街 エリア,若狭フィッシャーマンズワーフ,1
2023-12-17,福井,東尋坊,越前松島水族館 エリア,1
2023-12-17,福井,氣比神宮,JR敦賀駅前 エリア,2
2023-12-17,福井,氣比神宮,日本海さかな街 エリア,1
2023-12-17,福井,福井県立恐竜博物館,あわら湯のまち エリア,1
2023-12-17,福井,福井県立恐竜博物館,越前そばの里 エリア,1
2023-12-17,福井,福井県立恐竜博物館,道の駅「恐竜渓谷かつやま」 エリア,1
2023-12-17,福井,西山動物園,メガネストリート エリア,1
2023-12-17,福井,西山動物園,武生駅 エリア,1
2023-12-17,福井,西山動物園,道の駅「西山公園」 エリア,1
2023-12-17,福井,越前そばの里 エリア,日本海さかな街,1
2023-12-17,福井,越前大仏,JR敦賀駅前 エリア,1
2023-12-17,福井,越前松島水族館 エリア,あわら温泉街,1
2023-12-17,福井,道の駅「シーサイド高浜」,道の駅「シーサイド高浜」 エリア,1
2023-12-17,福井,道の駅「シーサイド高浜」,道の駅「若狭おばま」 エリア,1
2023-12-17,福井,道の駅「恐竜渓谷かつやま」,一乗谷朝倉氏遺跡 エリア,1
2023-12-17,福井,道の駅「西山公園」,メガネストリート エリア,1
2023-12-17,福井,道の駅「越前おおの荒島の郷」,はたや記念館 ゆめおーれ勝山 エリア,1
2023-12-18,石川,のと里山空港,羽田空港,1
2023-12-18,石川,金沢駅,小松空港,1
2023-12-18,福井,JR敦賀駅前 エリア,福井駅,1
2023-12-18,福井,あわら温泉街,あわら湯のまち エリア,1
2023-12-18,福井,スキージャム勝山,スキージャム勝山 エリア,1
2023-12-18,福井,スキージャム勝山 エリア,かつやまディノパーク,1
2023-12-18,福井,一乗谷朝倉氏遺跡,えちぜん鉄道 永平寺口駅 エリア,1
2023-12-18,福井,北潟湖 エリア,福井県立恐竜博物館,1
2023-12-18,福井,敦賀赤レンガ倉庫,湖上館パムコ（水月湖）エリア,1
2023-12-18,福井,明通寺 エリア,若狭歴史博物館,1
2023-12-18,福井,氣比神宮,北潟湖 エリア,1
2023-12-18,福井,湖上館パムコ（水月湖）エリア,道の駅「三方五湖」,1
2023-12-18,福井,神宮寺,明通寺 エリア,1
2023-12-18,福井,福井県立恐竜博物館,スーベニアショップ ラプトル エリア,1
2023-12-18,福井,福井県立恐竜博物館,道の駅「南えちぜん山海里」 エリア,1
2023-12-18,福井,越前海岸 北部 エリア,越前水仙の里公園,1
2023-12-18,福井,道の駅「南えちぜん山海里」 エリア,日本海さかな街,1
2023-12-18,福井,道の駅「越前」,越前海岸 北部 エリア,1
2023-12-18,福井,道の駅「越前おおの荒島の郷」 エリア,氣比神宮,1
2023-12-19,石川,のとじま水族館,ひがし茶屋街,1
2023-12-19,石川,のとじま水族館,兼六園,1
2023-12-19,石川,兼六園,のとじま水族館,1
2023-12-19,福井,スーベニアショップ ラプトル エリア,福井県立恐竜博物館,1
2023-12-19,福井,ホテルうみんぴあ,道の駅「シーサイド高浜」 エリア,1
2023-12-19,福井,北陸新幹線 越前たけふ駅 エリア,越前水仙の里公園,1
2023-12-19,福井,大本山永平寺,水晶浜 エリア,1
2023-12-19,福井,小浜市 阿納 エリア,熊川宿,1
2023-12-19,福井,帰宅,道の駅「南えちぜん山海里」 エリア,1
2023-12-19,福井,御誕生寺,北陸新幹線 越前たけふ駅 エリア,1
2023-12-19,福井,敦賀駅,福井駅前 エリア（宿泊施設）,1
2023-12-19,福井,氣比神宮,JR敦賀駅前 エリア,1
2023-12-19,福井,氣比神宮,金ヶ崎 エリア,1
2023-12-19,福井,水晶浜 エリア,大本山永平寺,1
2023-12-19,福井,熊川宿,小浜市まちの駅 エリア,1
2023-12-19,福井,熊川宿,金ヶ崎 エリア,1
2023-12-19,福井,福井県年縞博物館,小浜市 阿納 エリア,1
2023-12-19,福井,福井県年縞博物館,熊川宿 エリア,1
2023-12-19,福井,福井駅前 エリア,道の駅「南えちぜん山海里」,1
2023-12-19,福井,越前がにミュージアム,越前海岸 くりや旅館街 エリア,1
2023-12-19,福井,越前海岸 くりや旅館街 エリア,越前がにミュージアム,1
2023-12-19,福井,道の駅「シーサイド高浜」,道の駅「三方五湖」  エリア,1
2023-12-19,福井,金ヶ崎 エリア,敦賀赤レンガ倉庫,1
2023-12-20,福井,うるしの里 エリア,越前和紙の里,1
2023-12-20,福井,一乗谷朝倉氏遺跡,一乗谷朝倉氏遺跡 エリア,1
2023-12-20,福井,一乗谷朝倉氏遺跡,丸岡城 エリア,2
2023-12-20,福井,一乗谷朝倉氏遺跡,道の駅「西山公園」 エリア,1
2023-12-20,福井,丸岡城 エリア,東尋坊,1
2023-12-20,福井,丸岡城 エリア,福井駅,1
2023-12-20,福井,北陸新幹線 越前たけふ駅 エリア,敦賀駅,1
2023-12-20,福井,大本山 永平寺 エリア,東尋坊,1
2023-12-20,福井,大本山永平寺,福井駅前 エリア,1
2023-12-20,福井,日本海さかな街,越前海岸 越前岬 エリア,2
2023-12-20,福井,氣比神宮,越前海岸 越前岬 エリア,1
2023-12-20,福井,福井県こども家族館,大本山 永平寺 エリア,1
2023-12-20,福井,福井県立恐竜博物館,越前そばの里 エリア,1
2023-12-20,福井,福井駅前 エリア（宿泊施設）,岡太神社・大瀧神社,1
2023-12-20,福井,谷口屋,あわら湯のまち エリア,1
2023-12-20,福井,越前そばの里 エリア,御誕生寺,1
2023-12-20,福井,越前大野城,JR美浜駅 エリア,1
2023-12-20,福井,越前海岸 越前岬 エリア,越前水仙の里公園,1
2023-12-21,福井,めがねミュージアム,JR敦賀駅前 エリア,1
2023-12-21,福井,スーベニアショップ ラプトル エリア,一乗谷朝倉氏遺跡,1
2023-12-21,福井,丸岡城,スーベニアショップ ラプトル エリア,1
2023-12-21,福井,名田庄 エリア,道の駅「シーサイド高浜」,1
2023-12-21,福井,氣比神宮,JR敦賀駅前 エリア,1
2023-12-21,福井,氣比神宮,日本海さかな街 エリア,1
2023-12-21,福井,福井県立恐竜博物館,道の駅「恐竜渓谷かつやま」 エリア,1
2023-12-21,福井,福井駅前 エリア（宿泊施設）,大本山永平寺,1
2023-12-21,福井,道の駅「恐竜渓谷かつやま」 エリア,スキージャム勝山,1
2023-12-22,福井,スーベニアショップ ラプトル エリア,福井県立恐竜博物館,1
2023-12-22,福井,一乗谷朝倉氏遺跡,JR敦賀駅前 エリア,1
2023-12-22,福井,北陸新幹線 越前たけふ駅 エリア,西山動物園,1
2023-12-22,福井,日本海さかな街,日本海さかな街 エリア,1
2023-12-22,福井,日本海さかな街 エリア,大本山永平寺,1
2023-12-22,福井,明通寺,明通寺 エリア,1
2023-12-22,福井,福井駅,道の駅「南えちぜん山海里」 エリア,1
2023-12-22,福井,越前水仙の里公園,道の駅「越前」 エリア,1
2023-12-22,福井,道の駅「南えちぜん山海里」 エリア,越前和紙の里,1
2023-12-22,福井,養浩館庭園,福井駅前 エリア,1
2023-12-23,石川,千里浜レストハウス,道の駅千里浜,1
2023-12-23,石川,和倉温泉,のとじま水族館,1
2023-12-23,石川,妙立寺,西茶屋資料館,1
2023-12-23,福井,JR敦賀駅前 エリア,氣比神宮,1
2023-12-23,福井,JR美浜駅 エリア,三方五湖,1
2023-12-23,福井,あわら湯のまち エリア,吉崎御坊跡,1
2023-12-23,福井,スーベニアショップ ラプトル エリア,福井県立恐竜博物館,1
2023-12-23,福井,一乗谷朝倉氏遺跡,一乗谷朝倉氏遺跡 エリア,1
2023-12-23,福井,一乗谷朝倉氏遺跡 エリア,越前大野城,1
2023-12-23,福井,丸岡城,東尋坊 エリア,1
2023-12-23,福井,丸岡城,越前海岸 くりや旅館街 エリア,1
2023-12-23,福井,五湖の駅,道の駅「三方五湖」  エリア,1
2023-12-23,福井,北潟湖畔公園・サイクリングパーク,北潟湖 エリア,1
2023-12-23,福井,国分寺 (小浜市),明通寺 エリア,1
2023-12-23,福井,小浜市 阿納 エリア,神宮寺,1
2023-12-23,福井,敦賀赤レンガ倉庫,道の駅「三方五湖」  エリア,1
2023-12-23,福井,日本海さかな街,明通寺 エリア,1
2023-12-23,福井,日本海さかな街 エリア,氣比神宮,1
2023-12-23,福井,明通寺,JR美浜駅 エリア,1
2023-12-23,福井,明通寺,小浜 エリア（宿泊施設）,1
2023-12-23,福井,明通寺 エリア,羽賀寺,1
2023-12-23,福井,明通寺 エリア,若狭瓜割名水公園 瓜割の滝,1
2023-12-23,福井,熊川宿,若狭フィッシャーマンズワーフ エリア,1
2023-12-23,福井,熊川宿,道の駅「三方五湖」  エリア,1
2023-12-23,福井,福井県立恐竜博物館,スーベニアショップ ラプトル エリア,1
2023-12-23,福井,越前海岸 くりや旅館街 エリア,越前がにミュージアム,1
2023-12-23,福井,道の駅「若狭熊川宿」,小浜市 阿納 エリア,1
2023-12-24,石川,のとじま水族館,金沢,1
2023-12-24,石川,ふれあい昆虫館,いしかわ動物園,1
2023-12-24,石川,和倉温泉,のとじま水族館,1
2023-12-24,石川,妙立寺,西茶屋資料館,1
2023-12-24,石川,小松空港,兼六園,1
2023-12-24,石川,小松空港,近江町市場,1
2023-12-24,石川,近江町市場,小松空港,1
2023-12-24,福井,JR敦賀駅前 エリア,敦賀赤レンガ倉庫,1
2023-12-24,福井,スーベニアショップ ラプトル エリア,福井県立恐竜博物館,1
2023-12-24,福井,丸岡城,越前海岸 北部 エリア,1
2023-12-24,福井,北の庄城址・柴田公園,名勝 養浩館庭園 エリア,1
2023-12-24,福井,北潟湖 エリア,大本山永平寺,1
2023-12-24,福井,小浜市 阿納 エリア,小浜市水産食品センター（若狭小浜お魚センター）,2
2023-12-24,福井,小浜市まちの駅・旭座,小浜市 阿納 エリア,1
2023-12-24,福井,小浜市水産食品センター（若狭小浜お魚センター）,小浜市 阿納 エリア,1
2023-12-24,福井,敦賀赤レンガ倉庫,道の駅「南えちぜん山海里」 エリア,1
2023-12-24,福井,日本海さかな街,日本海さかな街 エリア,1
2023-12-24,福井,東尋坊,越前松島水族館 エリア,1
2023-12-24,福井,氣比神宮,JR敦賀駅前 エリア,1
2023-12-24,福井,氣比神宮,道の駅「三方五湖」  エリア,1
2023-12-24,福井,水島 エリア,水島,1
2023-12-24,福井,福井県立恐竜博物館,スーベニアショップ ラプトル エリア,1
2023-12-24,福井,福井県立恐竜博物館,北潟湖 エリア,1
2023-12-24,福井,福井県立恐竜博物館,福井駅前 エリア,1
2023-12-24,福井,若狭和田 エリア,舞鶴（京都府）,1
2023-12-24,福井,越前がにミュージアム,道の駅「越前」 エリア,1
2023-12-24,福井,越前松島水族館 エリア,あわら温泉街,1
2023-12-24,福井,越前松島水族館 エリア,日本海さかな街,1
2023-12-24,福井,越前海岸 くりや旅館街 エリア,道の駅「越前」,1
2023-12-24,福井,越前陶芸村,福井駅前 エリア（宿泊施設）,1
2023-12-24,福井,道の駅「三方五湖」  エリア,御食国若狭おばま食文化館,1
2023-12-24,福井,道の駅「禅の里」,スーベニアショップ ラプトル エリア,1
2023-12-24,福井,道の駅「禅の里」 エリア,福井県立恐竜博物館,1
2023-12-24,福井,道の駅「若狭おばま」,小浜市 阿納 エリア,1
2023-12-24,福井,野外恐竜博物館,北潟湖 エリア,1
2023-12-25,石川,のとじま水族館,ガラス館,1
2023-12-25,石川,のとじま水族館,金沢,1
2023-12-25,石川,のとじま水族館,金沢市,1
2023-12-25,石川,和倉温泉,のとじま水族館,1
2023-12-25,石川,小松空港,金沢市内,1
2023-12-25,石川,白山神社,小松空港,1
2023-12-25,福井,「ちひろの生まれた家」記念館,道の駅「南えちぜん山海里」 エリア,1
2023-12-25,福井,あわら温泉街,北陸新幹線 越前たけふ駅 エリア,1
2023-12-25,福井,あわら湯のまち エリア,日本海さかな街,1
2023-12-25,福井,ふれあいパーク三里浜(道の駅「みくに」),越前海岸 北部 エリア,1
2023-12-25,福井,一乗谷朝倉氏遺跡,名勝 養浩館庭園 エリア,1
2023-12-25,福井,名勝 養浩館庭園 エリア,北の庄城址・柴田公園,1
2023-12-25,福井,氣比神宮,敦賀市立博物館 エリア,1
2023-12-25,福井,水晶浜海水浴場,金ヶ崎 エリア,1
2023-12-25,福井,福井県立恐竜博物館,越前海岸 高佐米ノ旅館街 エリア,1
2023-12-25,福井,越前がにミュージアム,道の駅「越前」 エリア,1
2023-12-25,福井,越前海岸,道の駅「越前」 エリア,1
2023-12-25,福井,越前海岸 高佐米ノ旅館街 エリア,福井県立恐竜博物館,1
2023-12-25,福井,道の駅「三方五湖」  エリア,岡太神社・大瀧神社,1
2023-12-25,福井,道の駅「南えちぜん山海里」,越前そばの里 エリア,1
2023-12-25,福井,道の駅「南えちぜん山海里」 エリア,あわら温泉街,1
2023-12-25,福井,道の駅「越前」 エリア,日本海さかな街,1
2023-12-25,福井,道の駅「越前」 エリア,越前がにミュージアム,1
2023-12-25,福井,道の駅蓮如の里あわら,あわら湯のまち エリア,1
2023-12-25,福井,養浩館庭園,道の駅「三方五湖」  エリア,1
2023-12-26,石川,のとじま水族館,金沢,1
2023-12-26,石川,兼六園,グランドホテル白山,1
2023-12-26,石川,兼六園,小松空港,1
2023-12-26,石川,小松市埋蔵文化財センター,加賀国府ものがたり館,1
2023-12-26,石川,見附島,のとじま水族館,1
2023-12-26,福井,スーベニアショップ ラプトル エリア,越前松島水族館,1
2023-12-26,福井,三国湊 エリア,ふれあいパーク三里浜(道の駅「みくに」),1
2023-12-26,福井,丸岡城,北陸新幹線 越前たけふ駅 エリア,1
2023-12-26,福井,丸岡城,道の駅「南えちぜん山海里」 エリア,1
2023-12-26,福井,北陸新幹線 越前たけふ駅 エリア,越前大仏,1
2023-12-26,福井,敦賀赤レンガ倉庫,北陸新幹線 越前たけふ駅 エリア,1
2023-12-26,福井,敦賀鉄道資料館（旧敦賀港駅舎 ）,金ヶ崎 エリア,1
2023-12-26,福井,氣比神宮,紫式部公園 エリア,1
2023-12-26,福井,神楽通り エリア,氣比神宮,1
2023-12-26,福井,福井県立恐竜博物館,スーベニアショップ ラプトル エリア,1
2023-12-26,福井,福井駅前 エリア,敦賀赤レンガ倉庫,1
2023-12-26,福井,芦原温泉,福井駅前 エリア,1
2023-12-26,福井,若狭和田ビーチ,若狭和田 エリア,1
2023-12-26,福井,越前和紙の里,福井駅前 エリア,1
2023-12-26,福井,道の駅「九頭竜・和泉ふれあい会館」,道の駅「越前おおの荒島の郷」 エリア,1
2023-12-26,福井,道の駅「南えちぜん山海里」 エリア,岡太神社・大瀧神社,1
2023-12-26,福井,金ヶ崎 エリア,敦賀赤レンガ倉庫,1
2023-12-27,石川,いしかわ動物園,金沢駅,1
2023-12-27,石川,小松空港,兼六園,1
2023-12-27,石川,金沢駅,いしかわ動物園,1
2023-12-27,福井,あわら湯のまち エリア,越前そばの里,2
2023-12-27,福井,一乗谷朝倉氏遺跡,明通寺 エリア,1
2023-12-27,福井,三国湊 エリア,丸岡城,1
2023-12-27,福井,北の庄城址・柴田公園,北ノ庄 エリア,1
2023-12-27,福井,大本山永平寺,福井駅前 エリア,2
2023-12-27,福井,大本山永平寺,越前海岸 くりや旅館街 エリア,1
2023-12-27,福井,大本山永平寺,道の駅「南えちぜん山海里」 エリア,1
2023-12-27,福井,明通寺 エリア,道の駅「三方五湖」,1
2023-12-27,福井,東尋坊,あわら湯のまち エリア,1
2023-12-27,福井,東尋坊,丸岡城 エリア,2
2023-12-27,福井,東尋坊 エリア,丸岡城,1
2023-12-27,福井,氣比神宮,JR敦賀駅前 エリア,1
2023-12-27,福井,氣比神宮,福井駅前 エリア,1
2023-12-27,福井,福井城址,丸岡城 エリア,1
2023-12-27,福井,福井県立恐竜博物館,あわら湯のまち エリア,1
2023-12-27,福井,福井駅前 エリア,ふれあいパーク三里浜(道の駅「みくに」),1
2023-12-27,福井,福井駅前 エリア（宿泊施設）,一乗谷朝倉氏遺跡,1
2023-12-27,福井,福井駅前 エリア（宿泊施設）,氣比神宮,1
2023-12-27,福井,越前和紙の里,まちの市場 こってコテいけだ エリア,1
2023-12-27,福井,道の駅「さかい」（坂井地域交流センター「いねす」）,福井駅前 エリア,1
2023-12-27,福井,野外恐竜博物館,あわら湯のまち エリア,1
2023-12-27,福井,金津創作の森,JR芦原温泉駅 エリア,1
2023-12-28,石川,いしかわ動物園,ふれあい昆虫館,1
2023-12-28,石川,のとじま水族館,旅館,1
2023-12-28,石川,のとじま水族館,食祭市場,1
2023-12-28,石川,和倉温泉,のとじま水族館,1
2023-12-28,石川,近江町市場,いしかわ動物園,1
2023-12-28,福井,JR敦賀駅前 エリア,敦賀赤レンガ倉庫,2
2023-12-28,福井,JR美浜駅 エリア,若狭海遊バザール千鳥苑 若狭美浜 海の駅,1
2023-12-28,福井,あわら湯のまち エリア,あわら温泉屋台村「湯けむり横丁」,1
2023-12-28,福井,丸岡城,道の駅「南えちぜん山海里」 エリア,1
2023-12-28,福井,大本山永平寺,JR芦原温泉駅 エリア,1
2023-12-28,福井,岡太神社・大瀧神社,紫式部公園 エリア,1
2023-12-28,福井,東尋坊,紫式部公園 エリア,1
2023-12-28,福井,氣比神宮,JR敦賀駅前 エリア,2
2023-12-28,福井,福井県立恐竜博物館,福井駅前 エリア,1
2023-12-28,福井,福井駅前 エリア,越前がにミュージアム,1
2023-12-28,福井,福井駅前 エリア（宿泊施設）,三國湊レトロ,1
2023-12-29,石川,兼六園,加賀伝統工芸村　ゆのくにの森,1
2023-12-29,石川,近江町市場,加賀伝統工芸村　ゆのくにの森,1
2023-12-29,福井,JR敦賀駅前 エリア,今庄宿,1
2023-12-29,福井,あわら湯のまち エリア,越前大仏,2
2023-12-29,福井,スキージャム勝山,スキージャム勝山 エリア,1
2023-12-29,福井,セントピアあわら,あわら湯のまち エリア,1
2023-12-29,福井,フルーツライン エリア,大本山永平寺,1
2023-12-29,福井,レインボーライン エリア,日本海さかな街,1
2023-12-29,福井,一乗谷朝倉氏遺跡,レインボーライン エリア,1
2023-12-29,福井,一乗谷朝倉氏遺跡,一乗谷朝倉氏遺跡 エリア,1
2023-12-29,福井,一乗谷朝倉氏遺跡,北陸新幹線 越前たけふ駅 エリア,1
2023-12-29,福井,一乗谷朝倉氏遺跡 エリア,越前大野城,1
2023-12-29,福井,三方五湖,道の駅「三方五湖」  エリア,1
2023-12-29,福井,丸岡城,丸岡城 エリア,1
2023-12-29,福井,丸岡城 エリア,丸岡城,1
2023-12-29,福井,劔神社,道の駅「越前」 エリア,1
2023-12-29,福井,劔神社 エリア,越前海岸,1
2023-12-29,福井,北の庄城址・柴田公園,北ノ庄 エリア,1
2023-12-29,福井,北の庄城址・柴田公園,福井駅前 エリア,1
2023-12-29,福井,北潟湖 エリア,ふれあいパーク三里浜(道の駅「みくに」),1
2023-12-29,福井,北陸新幹線 越前たけふ駅 エリア,越前和紙の里,1
2023-12-29,福井,山代温泉（石川県）,東尋坊 エリア,1
2023-12-29,福井,東尋坊,丸岡城 エリア,1
2023-12-29,福井,武生駅 エリア,「ちひろの生まれた家」記念館,1
2023-12-29,福井,氣比神宮,JR敦賀駅前 エリア,2
2023-12-29,福井,氣比神宮,武生駅 エリア,2
2023-12-29,福井,福井県立恐竜博物館,スーベニアショップ ラプトル エリア,1
2023-12-29,福井,福井駅,福井駅前 エリア,1
2023-12-29,福井,福井駅前 エリア,今庄宿,1
2023-12-29,福井,越前がにミュージアム,北潟湖 エリア,1
2023-12-29,福井,越前そばの里 エリア,越前がにミュージアム,1
2023-12-29,福井,越前和紙の里,越前そばの里 エリア,1
2023-12-29,福井,越前大仏,あわら湯のまち エリア,1
2023-12-29,福井,越前海岸 越前岬 エリア,越前水仙の里公園,1
2023-12-29,福井,道の駅「三方五湖」,レインボーライン エリア,1
2023-12-29,福井,道の駅「南えちぜん山海里」,道の駅「西山公園」 エリア,1
2023-12-29,福井,道の駅「越前」,道の駅「南えちぜん山海里」 エリア,1
2023-12-29,福井,道の駅「越前」 エリア,道の駅「南えちぜん山海里」,1
2023-12-30,石川,ゆのくに天祥,兼六園,1
2023-12-30,石川,忍者寺,金沢中央観光案内所,1
2023-12-30,石川,近江町市場,ゆのくに天祥,1
2023-12-30,石川,金沢中央観光案内所,武家屋敷,1
2023-12-30,福井,JR敦賀駅前 エリア,敦賀鉄道資料館（旧敦賀港駅舎 ）,1
2023-12-30,福井,「ちひろの生まれた家」記念館,福井駅前 エリア（宿泊施設）,1
2023-12-30,福井,あわら湯のまち エリア,越前松島水族館,1
2023-12-30,福井,うみんぴあ大飯 エリア,舞鶴（京都府）,1
2023-12-30,福井,スーベニアショップ ラプトル エリア,一乗谷朝倉氏遺跡,1
2023-12-30,福井,スーベニアショップ ラプトル エリア,道の駅「九頭竜・和泉ふれあい会館」,1
2023-12-30,福井,一乗谷朝倉氏遺跡,金ヶ崎 エリア,1
2023-12-30,福井,三国サンセットビーチ,福井駅前 エリア,1
2023-12-30,福井,三国湊 エリア,三國湊レトロ,1
2023-12-30,福井,三方五湖,明通寺 エリア,1
2023-12-30,福井,三方五湖,越前海岸 越前岬 エリア,1
2023-12-30,福井,丸岡城,平泉寺白山神社 エリア,1
2023-12-30,福井,丸岡城,東尋坊 エリア,1
2023-12-30,福井,丸岡城 エリア,一乗谷朝倉氏遺跡,1
2023-12-30,福井,北の庄城址・柴田公園,福井駅前 エリア,1
2023-12-30,福井,北陸新幹線 越前たけふ駅 エリア,道の駅「西山公園」,1
2023-12-30,福井,国分寺 (小浜市),うみんぴあ大飯 エリア,1
2023-12-30,福井,大安禅寺,道の駅みくに ふれあいパーク三里浜 エリア,1
2023-12-30,福井,大本山永平寺,あわら湯のまち エリア,1
2023-12-30,福井,大本山永平寺,スーベニアショップ ラプトル エリア,1
2023-12-30,福井,小牧かまぼこ,日本海さかな街 エリア,1
2023-12-30,福井,岡太神社・大瀧神社,丸岡城 エリア,1
2023-12-30,福井,平泉寺白山神社 エリア,一乗谷朝倉氏遺跡,1
2023-12-30,福井,御誕生寺,越前そばの里 エリア,1
2023-12-30,福井,敦賀赤レンガ倉庫,越前海岸 くりや旅館街 エリア,1
2023-12-30,福井,敦賀赤レンガ倉庫,道の駅「三方五湖」  エリア,1
2023-12-30,福井,日本海さかな街,越前海岸 越前岬 エリア,1
2023-12-30,福井,明通寺 エリア,神宮寺,1
2023-12-30,福井,東尋坊,北潟湖 エリア,1
2023-12-30,福井,氣比神宮,JR敦賀駅前 エリア,2
2023-12-30,福井,氣比神宮,日本海さかな街 エリア,2
2023-12-30,福井,氣比神宮,神楽通り エリア,1
2023-12-30,福井,氣比神宮,福井駅前 エリア,1
2023-12-30,福井,氣比神宮,福井駅前 エリア（宿泊施設）,1
2023-12-30,福井,熊川宿,道の駅「三方五湖」  エリア,1
2023-12-30,福井,福井県立恐竜博物館,あわら湯のまち エリア,2
2023-12-30,福井,福井県立恐竜博物館,まちの市場 こってコテいけだ エリア,1
2023-12-30,福井,福井県立恐竜博物館,スーベニアショップ ラプトル エリア,2
2023-12-30,福井,福井県立恐竜博物館,福井駅前 エリア,1
2023-12-30,福井,福井県立恐竜博物館,越前海岸 越前岬 エリア,1
2023-12-30,福井,福井県立恐竜博物館,道の駅「越前」 エリア,1
2023-12-30,福井,福井駅,ふくい鮮いちば エリア,1
2023-12-30,福井,福井駅前 エリア,丸岡城,1
2023-12-30,福井,福井駅前 エリア,今庄宿,1
2023-12-30,福井,福井駅前 エリア,氣比神宮,1
2023-12-30,福井,福井駅前 エリア,福井県立恐竜博物館,1
2023-12-30,福井,福井駅前 エリア,養浩館庭園,1
2023-12-30,福井,福井駅前 エリア（宿泊施設）,福井県立恐竜博物館,2
2023-12-30,福井,越前がにミュージアム,北陸新幹線 越前たけふ駅 エリア,1
2023-12-30,福井,越前そばの里 エリア,越前大野城,1
2023-12-30,福井,越前海岸 くりや旅館街 エリア,越前がにミュージアム,1
2023-12-30,福井,越前海岸 越前岬 エリア,敦賀赤レンガ倉庫,1
2023-12-30,福井,越前海岸 越前岬 エリア,越前がにミュージアム,1
2023-12-30,福井,越前海岸 越前岬 エリア,道の駅「越前」,1
2023-12-30,福井,道の駅「三方五湖」  エリア,丸岡城,1
2023-12-30,福井,道の駅「南えちぜん山海里」,越前そばの里 エリア,1
2023-12-30,福井,道の駅「南えちぜん山海里」,道の駅「西山公園」 エリア,1
2023-12-30,福井,道の駅「若狭熊川宿」,若狭フィッシャーマンズワーフ エリア,1
2023-12-30,福井,道の駅「越前」 エリア,道の駅「南えちぜん山海里」,1
2023-12-30,福井,道の駅みくに ふれあいパーク三里浜 エリア,吉崎御坊跡,1
2023-12-30,福井,道の駅みくに ふれあいパーク三里浜 エリア,福井駅,1
2023-12-31,石川,小松空港,金沢市内,1
2023-12-31,福井,JR美浜駅 エリア,道の駅「三方五湖」,1
2023-12-31,福井,うみんぴあ大飯 エリア,エルガイアおおい,1
2023-12-31,福井,ふれあいパーク三里浜(道の駅「みくに」),北潟湖 エリア,1
2023-12-31,福井,ふれあいパーク三里浜(道の駅「みくに」),福井駅前 エリア,1
2023-12-31,福井,エルガイアおおい,道の駅「シーサイド高浜」 エリア,1
2023-12-31,福井,スキージャム勝山 エリア,福井県立恐竜博物館,1
2023-12-31,福井,一乗谷朝倉氏遺跡,北陸新幹線 越前たけふ駅 エリア,1
2023-12-31,福井,一乗谷朝倉氏遺跡 エリア,一乗谷朝倉氏遺跡,1
2023-12-31,福井,北の庄城址・柴田公園,北ノ庄 エリア,1
2023-12-31,福井,北の庄城址・柴田公園,福井駅前 エリア,1
2023-12-31,福井,北ノ庄 エリア,福井県立恐竜博物館,2
2023-12-31,福井,北潟湖 エリア,北の庄城址・柴田公園,1
2023-12-31,福井,北潟湖 エリア,山代温泉（石川県）,1
2023-12-31,福井,北陸新幹線 越前たけふ駅 エリア,越前大野城,1
2023-12-31,福井,大本山永平寺,一乗谷朝倉氏遺跡 エリア,1
2023-12-31,福井,御食国若狭おばま食文化館 エリア,道の駅「若狭おばま」,1
2023-12-31,福井,東尋坊,フルーツライン エリア,1
2023-12-31,福井,東尋坊,北潟湖 エリア,1
2023-12-31,福井,東尋坊 エリア,福井駅,1
2023-12-31,福井,氣比神宮,北ノ庄 エリア,1
2023-12-31,福井,氣比神宮,日本海さかな街 エリア,1
2023-12-31,福井,福井駅,北陸新幹線 越前たけふ駅 エリア,1
2023-12-31,福井,福井駅,道の駅「恐竜渓谷かつやま」 エリア,1
2023-12-31,福井,福井駅前 エリア,越前大仏,1
2023-12-31,福井,美山かやぶきの里,名田庄 エリア,1
2023-12-31,福井,若狭たかはま エルどらんど,道の駅「シーサイド高浜」 エリア,1
2023-12-31,福井,若狭高浜 エリア,きのこの森,1
2023-12-31,福井,越前大野城,JR九頭竜湖駅 エリア,1
2023-12-31,福井,越廼海水浴場,越前海岸 北部 エリア,1
2023-12-31,福井,道の駅「うみんぴあ大飯」,若狭高浜 エリア,1
2023-12-31,福井,道の駅「シーサイド高浜」 エリア,道の駅「名田庄」,1
2023-12-31,福井,道の駅「一乗谷あさくら水の駅」,福井駅前 エリア,1
2023-12-31,福井,道の駅「三方五湖」  エリア,レインボーライン,1
2023-12-31,福井,道の駅「南えちぜん山海里」,あわら湯のまち エリア,1
2023-12-31,福井,道の駅「南えちぜん山海里」 エリア,福井県立恐竜博物館,1
2023-12-31,福井,道の駅「南えちぜん山海里」 エリア,福井駅,1
2023-12-31,福井,道の駅「恐竜渓谷かつやま」,スキージャム勝山 エリア,1
2023-12-31,福井,道の駅「若狭おばま」,うみんぴあ大飯 エリア,1
2023-12-31,福井,道の駅「若狭おばま」,若州一滴文庫 エリア,1
2023-12-31,福井,道の駅「若狭熊川宿」,JR美浜駅 エリア,1
2023-12-31,福井,金津創作の森,北潟湖 エリア,1
