TIF,移動元,移動先,回答数
石川,21世紀美術館,たちばな四季亭,3
石川,21世紀美術館,のとじま水族館,5
石川,21世紀美術館,ふれあい昆虫館,3
石川,21世紀美術館,ゆのくに天祥,4
石川,21世紀美術館,トレインパーク白山,3
石川,21世紀美術館,小松空港,37
石川,KOKOHOTEL Premier 金沢香林坊,武家屋敷,3
石川,KOKOHOTEL Premier 金沢香林坊,片町,3
石川,KOKOHOTEL Premier 金沢香林坊,石川県立図書館,5
石川,KOKOHOTEL Premier 金沢香林坊,金沢城,5
石川,KOKOHOTEL Premier 金沢香林坊,金沢歌劇座,3
石川,KOKOHOTEL Premier 金沢香林坊,金沢駅,9
石川,「安宅の関」こまつ勧進帳の里,小松駅,3
石川,あいうえおの杜,ゆのくに天祥,7
石川,あいうえおの杜,山代温泉　総湯,6
石川,あやとり橋,大江戸温泉物語Premium 山中グランドホテル,4
石川,いしかわ動物園,のとじま水族館,6
石川,いしかわ動物園,ふれあい昆虫館,4
石川,いしかわ動物園,イオン,3
石川,いしかわ動物園,イオンモール,7
石川,いしかわ動物園,イオンモール新小松,4
石川,いしかわ動物園,イオン新小松,3
石川,いしかわ動物園,コストコ,3
石川,いしかわ動物園,トレインパーク白山,6
石川,いしかわ動物園,兼六園,7
石川,いしかわ動物園,大江戸温泉物語Premium 山中グランドホテル,3
石川,いしかわ動物園,小松イオン,3
石川,いしかわ動物園,帰る,3
石川,いしかわ動物園,帰宅,9
石川,いしかわ動物園,手取フィッシュランド,3
石川,いしかわ動物園,昆虫博物館,3
石川,いしかわ動物園,能登島水族館,3
石川,いしかわ動物園,近江町市場,4
石川,いしかわ動物園,金沢駅,5
石川,こまつのもり,小松市観光交流センター Komatsu九,4
石川,こまつの杜,ゆのくに天祥,3
石川,こまつの杜,サイエンスヒルズこまつ ひととものづくり科学館,3
石川,こまつの杜,トレインパーク白山,10
石川,こまつの杜,大江戸温泉物語Premium 山下家,3
石川,こまつの杜,小松市観光交流センター Komatsu九,7
石川,こまつの杜,小松空港,10
石川,こまつの杜,日本自動車博物館,3
石川,こまつの杜,法師旅館,3
石川,しいのき迎賓館,茜や,3
石川,しいのき迎賓館,金沢中央観光案内所,3
石川,すずなり,のと里山空港,4
石川,たちばな四季亭,九谷焼美術館,3
石川,たちばな四季亭,兼六園,8
石川,たちばな四季亭,永平寺,5
石川,たちばな四季亭,福井県,4
石川,たちばな四季亭,道の駅,3
石川,たちばな四季亭,金沢,4
石川,にし茶屋街,妙立寺,6
石川,にし茶屋街,長町武家屋敷休憩館,4
石川,ねやフィッシングパーク,のとじま水族館,3
石川,のとじま水族館,21世紀美術館,5
石川,のとじま水族館,TAOYA和倉,4
石川,のとじま水族館,いしかわ動物園,8
石川,のとじま水族館,ひがし茶屋街,5
石川,のとじま水族館,ひょっこり温泉,12
石川,のとじま水族館,ふれあい昆虫館,4
石川,のとじま水族館,ゆのくに天祥,3
石川,のとじま水族館,わくらポケモン足湯,3
石川,のとじま水族館,ガラス美術館,14
石川,のとじま水族館,ガラス館,5
石川,のとじま水族館,コスモアイル羽咋,3
石川,のとじま水族館,ポケモン足湯,5
石川,のとじま水族館,兼六園,22
石川,のとじま水族館,千枚田,3
石川,のとじま水族館,和倉温泉,70
石川,のとじま水族館,和倉温泉総湯,9
石川,のとじま水族館,和倉温泉街,3
石川,のとじま水族館,小松空港,4
石川,のとじま水族館,島の湯,3
石川,のとじま水族館,帰る,3
石川,のとじま水族館,帰宅,16
石川,のとじま水族館,帰宅します,3
石川,のとじま水族館,帰宅予定,5
石川,のとじま水族館,帰路,3
石川,のとじま水族館,旅館,3
石川,のとじま水族館,温泉,3
石川,のとじま水族館,石川県立図書館,4
石川,のとじま水族館,石川県能登島ガラス美術館,3
石川,のとじま水族館,能登ミルク,10
石川,のとじま水族館,能登島ガラス美術館,11
石川,のとじま水族館,能登空港,9
石川,のとじま水族館,花嫁のれん館,3
石川,のとじま水族館,足湯,4
石川,のとじま水族館,近江市場,4
石川,のとじま水族館,近江町市場,8
石川,のとじま水族館,金沢,9
石川,のとじま水族館,金沢市,3
石川,のとじま水族館,金沢市内,4
石川,のとじま水族館,金沢駅,19
石川,のとじま水族館,金沢駅周辺,3
石川,のとじま水族館,食祭市場,3
石川,のとや,兼六園,3
石川,のと里山ポケモンウィズユー空港,のとじま水族館,3
石川,のと里山海道　西山パーキング,金沢駅,3
石川,のと里山空港,のとじま水族館,5
石川,のと里山空港,のと鉄道（通常）,3
石川,のと里山空港,和倉温泉,4
石川,のと里山空港,帰宅,3
石川,のと里山空港,羽田空港,3
石川,のと里山空港,見附島,4
石川,のと鉄道,のと鉄道（通常）,3
石川,のと鉄道 POKÉMON with YOUトレイン,和倉温泉,5
石川,のと鉄道 POKÉMON with YOUトレイン,能登空港,3
石川,のと鉄道（通常）,兼六園,5
石川,のと鉄道（通常）,和倉温泉,26
石川,のと鉄道（通常）,穴水駅,6
石川,のと鉄道（通常）,能登空港,3
石川,のと鉄道（通常）,能登鹿島駅,4
石川,のと鉄道（通常）,道の駅穴水,4
石川,のと鉄道（通常）,金沢,6
石川,のと鉄道（通常）,金沢城,3
石川,のと鉄道（通常）,金沢市,3
石川,のと鉄道（通常）,金沢駅,6
石川,ひがし茶屋休憩館,金沢駅,5
石川,ひがし茶屋街,のとじま水族館,5
石川,ひがし茶屋街,ゆのくに天祥,5
石川,ひがし茶屋街,トレインパーク白山,3
石川,ひがし茶屋街,小松空港,18
石川,ひょっこり温泉,のとじま水族館,3
石川,ひょっこり温泉 島の湯,氷見,3
石川,ふれあい昆虫館,いしかわ動物園,6
石川,ふれあい昆虫館,コストコ,4
石川,ふれあい昆虫館,トレインパーク白山,3
石川,ふれあい昆虫館,帰宅,7
石川,ふれあい昆虫館,獅子吼高原,4
石川,ふれあい昆虫館,白山比咩神社,8
石川,もりのひみつきち,屋内木育施設 もりのひみつきち,3
石川,ゆげ街道,大江戸温泉物語 山中彩朝楽,3
石川,ゆげ街道,大江戸温泉物語Premium 山中グランドホテル,3
石川,ゆのくに天祥,21世紀美術館,7
石川,ゆのくに天祥,ひがし茶屋街,8
石川,ゆのくに天祥,兼六園,25
石川,ゆのくに天祥,加賀伝統工芸村　ゆのくにの森,3
石川,ゆのくに天祥,山中温泉,4
石川,ゆのくに天祥,帰宅,5
石川,ゆのくに天祥,恐竜博物館,8
石川,ゆのくに天祥,東尋坊,3
石川,ゆのくに天祥,永平寺,3
石川,ゆのくに天祥,近江市場,3
石川,ゆのくに天祥,近江町市場,12
石川,ゆのくに天祥,金沢,7
石川,ゆのくに天祥,金沢市,4
石川,わくらポケモン足湯,のとじま水族館,3
石川,イオンモール新小松,小松空港,7
石川,イカの駅,のとじま水族館,4
石川,イカキング,のとじま水族館,4
石川,ガラス工房,のとじま水族館,5
石川,ガラス美術館,のとじま水族館,9
石川,クルーズターミナル,石川県立図書館,3
石川,コスモアイル羽咋,のとじま水族館,5
石川,コスモアイル羽咋,トレインパーク白山,3
石川,コスモアイル羽咋,モーゼパーク,3
石川,コスモアイル羽咋,兼六園,3
石川,コスモアイル羽咋,千里浜レストハウス,5
石川,コスモアイル羽咋,気多大社,8
石川,コスモアイル羽咋,道の駅,3
石川,コスモアイル羽咋,道の駅のと千里浜,5
石川,コスモアイル羽咋,金沢,6
石川,コスモアイル羽咋,金沢駅,3
石川,コマツの杜,トレインパーク白山,3
石川,コマツの杜,小松空港,5
石川,ゴーゴーカレースタジアム,小松空港,3
石川,サイエンスヒルズこまつ ひととものづくり科学館,小松空港,3
石川,チサンバジェット金沢駅前,帰宅,4
石川,テルメ金沢,小松空港,3
石川,トリフィートホテル&ポッド金沢百万石通,片町,3
石川,トリフィートホテル&ポッド金沢百万石通,金沢駅,3
石川,トレインパーク白山,21世紀美術館,5
石川,トレインパーク白山,こまつの杜,4
石川,トレインパーク白山,イオンモール白山,5
石川,トレインパーク白山,コマツの杜,4
石川,トレインパーク白山,兼六園,12
石川,トレインパーク白山,大江戸温泉物語Premium 山下家,3
石川,トレインパーク白山,帰宅,5
石川,トレインパーク白山,温泉,3
石川,トレインパーク白山,白山イオン,7
石川,トレインパーク白山,石川県立図書館,3
石川,トレインパーク白山,芦原温泉,3
石川,トレインパーク白山,近江町市場,5
石川,トレインパーク白山,道の駅めぐみ白山,9
石川,トレインパーク白山,金沢駅,10
石川,フォーラス,金沢駅,3
石川,ポイントバケーション加賀山中,下呂温泉,3
石川,ポイントバケーション加賀山中,兼六園,6
石川,ポイントバケーション加賀山中,帰宅,3
石川,ポイントバケーション加賀山中,恐竜博物館,5
石川,ポイントバケーション加賀山中,永平寺,3
石川,ポイントバケーション加賀山中,福井県立恐竜博物館,6
石川,ポイントバケーション加賀山中,自宅,3
石川,ポイントバケーション加賀山中,近江市場,3
石川,ポイントバケーション加賀山中,道の駅,3
石川,ポイントバケーション加賀山中,金沢城,3
石川,ポケモン足湯,のとじま水族館,11
石川,ポケモン足湯,和倉温泉-総湯-,3
石川,七尾市役場 市街地,のと里山海道　西山パーキング,3
石川,七尾美術館,のとじま水族館,3
石川,三国山キャンプ場,石川県森林公園三国山キャンプ場,5
石川,三方五湖,ポイントバケーション加賀山中,3
石川,中谷宇吉郎雪の科学館,山代温泉　総湯,3
石川,九谷焼美術館,小松空港,3
石川,九谷茶碗まつり,昭和湯治の宿 緑華苑,3
石川,九谷陶芸村,加賀伝統工芸村　ゆのくにの森,3
石川,亀寿司,山代温泉　総湯,3
石川,休暇村能登千里浜,兼六園,6
石川,休暇村能登千里浜,気多大社,3
石川,休暇村能登千里浜,金沢駅,4
石川,兼六園,いしかわ動物園,6
石川,兼六園,かのや光楽苑,4
石川,兼六園,たちばな四季亭,4
石川,兼六園,のとじま水族館,22
石川,兼六園,のと鉄道（通常）,3
石川,兼六園,ふれあい昆虫館,5
石川,兼六園,ゆのくに天祥,19
石川,兼六園,グランドホテル白山,3
石川,兼六園,コスモアイル羽咋,4
石川,兼六園,トレインパーク白山,14
石川,兼六園,ポイントバケーション加賀山中,13
石川,兼六園,加賀伝統工芸村　ゆのくにの森,5
石川,兼六園,大江戸温泉物語Premium 山下家,5
石川,兼六園,大江戸温泉物語Premium 山中グランドホテル,3
石川,兼六園,小松空港,155
石川,兼六園,山代温泉　総湯,8
石川,兼六園,月うさぎの里,4
石川,兼六園,法師旅館,15
石川,兼六園,温泉めい想倶楽部　富士屋旅館,6
石川,兼六園,湖畔の宿　森本,3
石川,兼六園,白山比咩神社,9
石川,兼六園,道の駅めぐみ白山,6
石川,兼六園,那谷寺,5
石川,兼六園,金沢城,10
石川,兼六駐車場,県立図書館,4
石川,内灘町サイクリングターミナル,金沢駅,3
石川,出張輪島朝市 inワイプラザ輪島店,千枚田,7
石川,加賀伝統工芸村　ゆのくにの森,兼六園,4
石川,加賀伝統工芸村　ゆのくにの森,帰宅,7
石川,加賀伝統工芸村　ゆのくにの森,近江町市場,5
石川,加賀依緑園,那谷寺,3
石川,加賀市美術館,小松市観光交流センター Komatsu九,3
石川,加賀市観光情報センター　KAGA旅・まちネット,山中温泉,4
石川,加賀市観光情報センター　KAGA旅・まちネット,山代温泉,3
石川,加賀温泉,小松空港,6
石川,加賀温泉駅,小松空港,3
石川,北陸自動車道　尼御前ＳＡ（下り）,兼六園,3
石川,北陸自動車道　尼御前ＳＡ（下り）,近江町市場,4
石川,千枚田,のとじま水族館,4
石川,千里浜,石川県立図書館,3
石川,千里浜なぎさドライブウェイ,小松空港,4
石川,千里浜レストハウス,コスモアイル羽咋,5
石川,千里浜レストハウス,妙成寺,4
石川,千里浜レストハウス,道の駅千里浜,3
石川,千里浜レストハウス,金沢駅,3
石川,古総湯,たちばな四季亭,3
石川,古総湯,山代温泉　総湯,5
石川,和倉温泉,のとじま水族館,29
石川,和倉温泉,のと鉄道（通常）,12
石川,和倉温泉,小松空港,6
石川,和倉温泉お祭り会館,和倉温泉総湯,5
石川,和倉温泉総湯,のとじま水族館,5
石川,和倉温泉総湯,のと鉄道（通常）,3
石川,和倉温泉観光案内所,金沢駅,3
石川,国立工芸館,石川県政記念しいのき迎賓館,3
石川,国立工芸館,石川県立歴史博物館,17
石川,変なホテル　小松駅前,兼六園,3
石川,大和,KOKOHOTEL Premier 金沢香林坊,3
石川,大和,香林坊地下駐車場,3
石川,大江戸温泉物語 あわづグランドホテル,恐竜博物館,3
石川,大江戸温泉物語Premium 山下家,いしかわ動物園,4
石川,大江戸温泉物語Premium 山下家,ひがし茶屋街,3
石川,大江戸温泉物語Premium 山下家,九谷満月,3
石川,大江戸温泉物語Premium 山下家,兼六園,13
石川,大江戸温泉物語Premium 山下家,帰宅,4
石川,大江戸温泉物語Premium 山下家,恐竜博物館,5
石川,大江戸温泉物語Premium 山下家,東尋坊,8
石川,大江戸温泉物語Premium 山下家,永平寺,4
石川,大江戸温泉物語Premium 山下家,白川郷,3
石川,大江戸温泉物語Premium 山下家,近江町市場,3
石川,大江戸温泉物語Premium 山中グランドホテル,帰宅,6
石川,大江戸温泉物語Premium 山中グランドホテル,白山イオン,3
石川,大江戸温泉物語Premium 山中グランドホテル,近江町市場,4
石川,妙成寺,コスモアイル羽咋,3
石川,妙成寺,小松空港,3
石川,妙立寺,尾山神社,3
石川,妙立寺,西茶屋資料館,8
石川,妙立寺,金沢城公園,3
石川,安宅の関,小松空港,8
石川,安宅住吉神社,小松空港,4
石川,安江金箔工芸館,金沢駅,3
石川,実家,小松空港,4
石川,寄っていない,小松空港,3
石川,富山県,金沢マンテンホテル駅前,5
石川,小松イオン,小松空港,3
石川,小松基地,小松空港,3
石川,小松市埋蔵文化財センター,加賀国府ものがたり館,3
石川,小松市観光交流センター Komatsu九,兼六園,5
石川,小松市観光交流センター Komatsu九,加賀温泉,5
石川,小松市観光交流センター Komatsu九,小松空港,5
石川,小松市観光交流センター Komatsu九,帰宅,3
石川,小松市観光交流センター Komatsu九,金沢駅,5
石川,小松空港,21世紀美術館,11
石川,小松空港,ひがし茶屋街,5
石川,小松空港,兼六園,47
石川,小松空港,小松基地,3
石川,小松空港,小松市観光交流センター Komatsu九,4
石川,小松空港,小松駅,3
石川,小松空港,山代温泉,6
石川,小松空港,帰ります,10
石川,小松空港,帰る,4
石川,小松空港,帰るため,6
石川,小松空港,帰京,3
石川,小松空港,帰宅,69
石川,小松空港,帰宅します,4
石川,小松空港,帰宅する,6
石川,小松空港,帰宅するため,5
石川,小松空港,帰宅予定,3
石川,小松空港,帰路,6
石川,小松空港,帰路のため,4
石川,小松空港,新千歳空港,5
石川,小松空港,最後に訪れた場所,3
石川,小松空港,東京,5
石川,小松空港,東京へ帰る,4
石川,小松空港,東尋坊,5
石川,小松空港,武家屋敷,3
石川,小松空港,永平寺,4
石川,小松空港,県立図書館,4
石川,小松空港,石川県立図書館,5
石川,小松空港,福岡空港,11
石川,小松空港,羽田空港,51
石川,小松空港,自宅,12
石川,小松空港,自宅に帰る,5
石川,小松空港,航空プラザ,7
石川,小松空港,近江市場,4
石川,小松空港,近江町市場,8
石川,小松空港,金沢,3
石川,小松空港,金沢21世紀美術館,5
石川,小松空港,金沢城,14
石川,小松空港,金沢市,4
石川,小松空港,金沢市内,8
石川,小松空港,金沢市内観光,3
石川,小松空港,金沢駅,21
石川,小松駅,小松市観光交流センター Komatsu九,3
石川,小松駅,小松空港,17
石川,小松駅周辺,小松空港,3
石川,尾山神社,小松空港,5
石川,尾山神社,武家屋敷,4
石川,尾山神社,金沢城,8
石川,尾山神社,金沢城公園,7
石川,尾山神社,金沢駅,6
石川,山中温泉,ポイントバケーション加賀山中,3
石川,山中温泉,大江戸温泉物語Premium 山下家,3
石川,山中温泉,小松空港,13
石川,山中温泉,山代温泉　総湯,3
石川,山中温泉,月うさぎの里,4
石川,山代温泉,ゆのくに天祥,3
石川,山代温泉,小松空港,11
石川,山代温泉　総湯,兼六園,6
石川,山代温泉　総湯,山中温泉,4
石川,山代温泉　総湯,帰宅,3
石川,山代温泉　総湯,片山津温泉,3
石川,巌門,のとじま水族館,3
石川,工芸館,石川県立歴史博物館,5
石川,市場,小松空港,3
石川,忍者寺,金沢中央観光案内所,4
石川,忍者寺,ＨＯＴＥＬ金沢　兼六荘,3
石川,恐竜博物館,ふれあい昆虫館,3
石川,恐竜博物館,ゆのくに天祥,4
石川,恐竜博物館,ポイントバケーション加賀山中,9
石川,恐竜博物館,大江戸温泉物語Premium よしのや依緑園,3
石川,恐竜博物館,大江戸温泉物語Premium 山下家,5
石川,恐竜博物館,小松空港,8
石川,恐竜博物館,法師旅館,6
石川,恐竜博物館,瑠璃光,4
石川,手取りフィッシュランド,大江戸温泉物語Premium 山下家,3
石川,日本自動車博物館,のとじま水族館,3
石川,日本自動車博物館,帰宅,3
石川,月うさぎの里,あわら温泉,3
石川,月うさぎの里,山代温泉,3
石川,月うさぎの里,東尋坊,3
石川,月うさぎの里,近江町市場,3
石川,本多の森ホール,石川県立歴史博物館,3
石川,東尋坊,ゆのくに天祥,9
石川,東尋坊,ポイントバケーション加賀山中,5
石川,東尋坊,大江戸温泉物語Premium 山下家,8
石川,東尋坊,小松空港,11
石川,東茶屋,小松空港,3
石川,東茶屋街,小松空港,13
石川,武家屋敷,KOKOHOTEL Premier 金沢香林坊,6
石川,武家屋敷,尾山神社,4
石川,武家屋敷,石川県立歴史博物館,4
石川,武家屋敷,金沢中央観光案内所,19
石川,武家屋敷,金沢駅,4
石川,歴史博物館,石川県立歴史博物館,3
石川,気多大社,のとじま水族館,5
石川,気多大社,コスモアイル羽咋,3
石川,気多大社,千里浜レストハウス,3
石川,氣多大社,のと鉄道（通常）,3
石川,氷見,のとじま水族館,3
石川,氷見漁港,のとじま水族館,4
石川,氷見番屋街,のとじま水族館,3
石川,永平寺,ゆのくに天祥,8
石川,永平寺,ポイントバケーション加賀山中,4
石川,永平寺,大江戸温泉物語Premium 山下家,4
石川,永平寺,小松空港,12
石川,永平寺,法師旅館,6
石川,永平寺,湖畔の宿　森本,4
石川,法師旅館,こまつの杜,3
石川,法師旅館,兼六園,9
石川,法師旅館,山中温泉,4
石川,法師旅館,恐竜博物館,3
石川,法師旅館,金沢,3
石川,法師旅館,金沢城,5
石川,法師旅館,金沢市内,4
石川,海幸,のとじま水族館,4
石川,温泉めい想倶楽部　富士屋旅館,兼六園,5
石川,温泉めい想倶楽部　富士屋旅館,恐竜博物館,3
石川,片山津温泉,加賀市観光情報センター　KAGA旅・まちネット,3
石川,片山津温泉,小松空港,7
石川,片山津温泉総湯,小松空港,3
石川,片町,小松空港,3
石川,珠洲岬,道の駅すずなり,3
石川,白山,白峰温泉総湯,4
石川,白山ひめ神社,ふれあい昆虫館,3
石川,白山トレインパーク,トレインパーク白山,7
石川,白山トレインパーク,道の駅めぐみ白山,3
石川,白山ホワイトロード,法師旅館,3
石川,白山比咩神社,ふれあい昆虫館,11
石川,白山比咩神社,トレインパーク白山,3
石川,白山比咩神社,兼六園,3
石川,白山比咩神社,小松空港,12
石川,白山比咩神社,道の駅めぐみ白山,3
石川,白山比咩神社,金劔宮,3
石川,白山神社,小松空港,3
石川,白山神社,白山比咩神社,3
石川,白山総合車両所,トレインパーク白山,3
石川,白川郷,ゆのくに天祥,3
石川,白川郷,小松空港,5
石川,白米千枚田,小松空港,3
石川,直接,のとじま水族館,4
石川,県立図書館,ガーデンホテル金沢,3
石川,県立図書館,石川県立図書館,15
石川,県立図書館,石川県立歴史博物館,9
石川,県立図書館,石川県観光物産館,3
石川,県立図書館,金沢東急ホテル,3
石川,県立美術館,石川県立歴史博物館,3
石川,石川動物園,いしかわ動物園,5
石川,石川動物園,かがにこにこパーク,3
石川,石川県立図書館,KOKOHOTEL Premier 金沢香林坊,3
石川,石川県立図書館,にし茶屋街,3
石川,石川県立図書館,のとじま水族館,5
石川,石川県立図書館,ゆのくに天祥,6
石川,石川県立図書館,国立工芸館,3
石川,石川県立図書館,小松空港,11
石川,石川県立図書館,帰宅,9
石川,石川県立図書館,法師旅館,4
石川,石川県立図書館,湯涌温泉,3
石川,石川県立図書館,石川県立歴史博物館,14
石川,石川県立図書館,石川県立美術館,7
石川,石川県立図書館,道の駅「高松」,3
石川,石川県立図書館,金沢くらしの博物館,3
石川,石川県立図書館,金沢中央観光案内所,4
石川,石川県立図書館,金沢城,4
石川,石川県立図書館,金沢城公園,6
石川,石川県立図書館,金沢大学,3
石川,石川県立図書館,金沢駅,17
石川,石川県立図書館,鈴木大拙館,3
石川,石川県立歴史博物館,にし茶屋街,4
石川,石川県立歴史博物館,加賀本多博物館,3
石川,石川県立歴史博物館,国立工芸館,14
石川,石川県立歴史博物館,工芸館,4
石川,石川県立歴史博物館,帰宅,8
石川,石川県立歴史博物館,武家屋敷,3
石川,石川県立歴史博物館,泉鏡花記念館,3
石川,石川県立歴史博物館,県立美術館,3
石川,石川県立歴史博物館,石川県立図書館,7
石川,石川県立歴史博物館,石川県立美術館,8
石川,石川県立歴史博物館,金沢城,8
石川,石川県立歴史博物館,金沢城公園,5
石川,石川県立歴史博物館,金沢駅,9
石川,石川県立歴史博物館,香林坊,4
石川,石川県立美術館,歴史博物館,4
石川,石川県立美術館,県立図書館,3
石川,石川県立美術館,石川県立歴史博物館,10
石川,石川県立美術館,金沢駅,6
石川,石川県立美術館,香林坊,3
石川,石川県観光物産館,石川県立図書館,3
石川,石川県観光物産館,金沢駅,6
石川,石浦神社,小松空港,6
石川,石浦神社,金沢中央観光案内所,3
石川,石浦神社,金沢城公園,5
石川,福井恐竜博物館,大江戸温泉物語Premium 山中グランドホテル,3
石川,福井県立恐竜博物館,のとじま水族館,3
石川,福井県立恐竜博物館,大江戸温泉物語Premium 山中グランドホテル,3
石川,福井県立恐竜博物館,小松空港,5
石川,福井駅,小松空港,4
石川,穴水駅,のと里山空港,7
石川,穴水駅,のと鉄道（通常）,3
石川,総湯,ゆのくに天祥,3
石川,美術館,小松空港,3
石川,能登,小松空港,3
石川,能登ミルク,のとじま水族館,10
石川,能登ワイン,能登食祭市場,3
石川,能登半島,石川県立歴史博物館,3
石川,能登空港,のとじま水族館,4
石川,能登空港,のと鉄道（通常）,3
石川,能登食祭市場,和倉温泉,5
石川,能登鹿島駅,のと鉄道（通常）,5
石川,自宅から,大江戸温泉物語Premium 山中グランドホテル,4
石川,航空プラザ,のとじま水族館,3
石川,航空プラザ,小松空港,7
石川,航空プラザ,帰宅,4
石川,芝政ワールド,大江戸温泉物語Premium 山下家,4
石川,行ってない,小松空港,3
石川,西茶屋街,妙立寺,3
石川,西茶屋資料館,妙立寺,3
石川,見附島,のとじま水族館,10
石川,親戚の自宅,KOKOHOTEL Premier 金沢香林坊,3
石川,謎屋珈琲店,ゲストルーム金沢心音,3
石川,越前松島水族館,ゆのくに天祥,3
石川,輪島,小松空港,3
石川,近江市場,たちばな四季亭,4
石川,近江市場,のとじま水族館,3
石川,近江市場,小松空港,13
石川,近江町市場,いしかわ動物園,5
石川,近江町市場,のとじま水族館,18
石川,近江町市場,ゆのくに天祥,9
石川,近江町市場,トレインパーク白山,4
石川,近江町市場,加賀伝統工芸村　ゆのくにの森,5
石川,近江町市場,大江戸温泉物語Premium 山下家,6
石川,近江町市場,小松空港,42
石川,近江町市場,法師旅館,7
石川,近江町市場,湯快リゾート 縁起の宿 矢田屋松濤園,3
石川,道の駅,たちばな四季亭,4
石川,道の駅,コスモアイル羽咋,4
石川,道の駅,トレインパーク白山,4
石川,道の駅,小松空港,3
石川,道の駅あなみず,のと鉄道（通常）,4
石川,道の駅すずなり,見附島,3
石川,道の駅とぎ海街道,巌門,4
石川,道の駅とぎ海街道,能登空港,3
石川,道の駅のと千里浜,コスモアイル羽咋,6
石川,道の駅千里浜,のとじま水族館,3
石川,道の駅氷見,のとじま水族館,3
石川,道の駅輪島,千枚田,3
石川,道の駅高松,コスモアイル羽咋,3
石川,那谷寺,兼六園,3
石川,那谷寺,山中温泉,3
石川,那谷寺,粟津温泉,3
石川,金剱宮,白山比咩神社,4
石川,金沢,ゆのくに天祥,3
石川,金沢,小松空港,7
石川,金沢21世紀美術館,小松空港,5
石川,金沢エムザ,KOKOHOTEL Premier 金沢香林坊,4
石川,金沢中央観光案内所,にし茶屋街,7
石川,金沢中央観光案内所,ホテルに戻る,4
石川,金沢中央観光案内所,帰宅,3
石川,金沢中央観光案内所,忍者寺,4
石川,金沢中央観光案内所,武家屋敷,16
石川,金沢中央観光案内所,武家屋敷跡,9
石川,金沢中央観光案内所,水引ミュージアム,3
石川,金沢中央観光案内所,石川県立図書館,4
石川,金沢中央観光案内所,西茶屋街,5
石川,金沢中央観光案内所,金沢城,3
石川,金沢中央観光案内所,金沢城公園,4
石川,金沢中央観光案内所,金沢駅,31
石川,金沢中央観光案内所,長町武家屋敷,4
石川,金沢中央観光案内所,長町武家屋敷跡,8
石川,金沢中央観光案内所,香林坊,3
石川,金沢城,のとじま水族館,7
石川,金沢城,ゆのくに天祥,7
石川,金沢城,ガーデンホテル金沢,4
石川,金沢城,ホテルウィングインターナショナルプレミアム金沢駅前,4
石川,金沢城,ポイントバケーション加賀山中,3
石川,金沢城,兼六駐車場,3
石川,金沢城,小松空港,35
石川,金沢城,尾山神社,6
石川,金沢城,法師旅館,3
石川,金沢城,白山比咩神社,4
石川,金沢城,石川県立歴史博物館,10
石川,金沢城,石川県観光物産館,3
石川,金沢城,金沢中央観光案内所,9
石川,金沢城公園,トレインパーク白山,3
石川,金沢城公園,小松空港,9
石川,金沢城公園,尾山神社,3
石川,金沢城公園,武家屋敷,3
石川,金沢城公園,片町,3
石川,金沢城公園,石川県立歴史博物館,4
石川,金沢城公園,石川県立美術館,3
石川,金沢城公園,金沢中央観光案内所,4
石川,金沢城公園,金沢駅,9
石川,金沢市内,のとじま水族館,6
石川,金沢市内,小松空港,11
石川,金沢市老舗記念館,前田土佐守家資料館,3
石川,金沢歌劇座,小松空港,4
石川,金沢駅,KKRホテル金沢,3
石川,金沢駅,KOKOHOTEL Premier 金沢香林坊,5
石川,金沢駅,いしかわ動物園,4
石川,金沢駅,のとじま水族館,9
石川,金沢駅,のと鉄道（通常）,8
石川,金沢駅,ゆのくに天祥,5
石川,金沢駅,チサンバジェット金沢駅前,3
石川,金沢駅,トレインパーク白山,4
石川,金沢駅,ホテルウィングインターナショナルプレミアム金沢駅前,5
石川,金沢駅,加賀伝統工芸村　ゆのくにの森,4
石川,金沢駅,小松市観光交流センター Komatsu九,4
石川,金沢駅,小松空港,67
石川,金沢駅,尾山神社,3
石川,金沢駅,帰宅,8
石川,金沢駅,白山比咩神社,3
石川,金沢駅,石川県立図書館,12
石川,金沢駅,石川県立歴史博物館,3
石川,金沢駅,石川県立美術館,4
石川,金沢駅,金沢中央観光案内所,5
石川,金沢駅,金沢城公園,5
石川,金沢駅,金沢港クルーズターミナル,4
石川,金沢駅,長町武家屋敷休憩館,3
石川,金沢駅周辺,小松空港,10
石川,金澤神社,石川県立歴史博物館,3
石川,鈴木大拙館,石川県立図書館,4
石川,鈴木大拙館,石川県立歴史博物館,6
石川,長町武家屋敷休憩館,にし茶屋街,4
石川,長町武家屋敷休憩館,金沢駅,3
石川,雨晴海岸,のとじま水族館,3
石川,青の洞窟,のと里山空港,3
石川,香林坊,KOKOHOTEL Premier 金沢香林坊,3
石川,香林坊,小松空港,7
石川,香林坊,金沢中央観光案内所,3
石川,香林坊地下駐車場,大和,3
石川,鶴仙渓,ポイントバケーション加賀山中,3
福井,JR九頭竜湖駅 エリア,一乗谷朝倉氏遺跡,15
福井,JR九頭竜湖駅 エリア,丸岡城,13
福井,JR九頭竜湖駅 エリア,九頭竜湖,17
福井,JR九頭竜湖駅 エリア,六呂師高原,3
福井,JR九頭竜湖駅 エリア,北の庄城址・柴田公園,3
福井,JR九頭竜湖駅 エリア,大本山永平寺,11
福井,JR九頭竜湖駅 エリア,白山平泉寺歴史探遊館 まほろば,4
福井,JR九頭竜湖駅 エリア,福井県立恐竜博物館,16
福井,JR九頭竜湖駅 エリア,福井駅,6
福井,JR九頭竜湖駅 エリア,越前大仏,8
福井,JR九頭竜湖駅 エリア,越前大野城,36
福井,JR九頭竜湖駅 エリア,道の駅「九頭竜・和泉ふれあい会館」,8
福井,JR九頭竜湖駅 エリア,道の駅「恐竜渓谷かつやま」,4
福井,JR九頭竜湖駅 エリア,道の駅「越前おおの荒島の郷」,39
福井,JR九頭竜湖駅 エリア,郡上八幡（岐阜県）,9
福井,JR敦賀駅前 エリア,「ちひろの生まれた家」記念館,3
福井,JR敦賀駅前 エリア,レインボーライン,9
福井,JR敦賀駅前 エリア,一乗谷朝倉氏遺跡,14
福井,JR敦賀駅前 エリア,三方五湖,21
福井,JR敦賀駅前 エリア,丸岡城,16
福井,JR敦賀駅前 エリア,人道の港 敦賀ムゼウム,11
福井,JR敦賀駅前 エリア,今庄宿,9
福井,JR敦賀駅前 エリア,北の庄城址・柴田公園,7
福井,JR敦賀駅前 エリア,国分寺 (小浜市),4
福井,JR敦賀駅前 エリア,大本山永平寺,14
福井,JR敦賀駅前 エリア,彦根城（滋賀県）,4
福井,JR敦賀駅前 エリア,敦賀市立博物館,5
福井,JR敦賀駅前 エリア,敦賀赤レンガ倉庫,64
福井,JR敦賀駅前 エリア,敦賀鉄道資料館（旧敦賀港駅舎 ）,11
福井,JR敦賀駅前 エリア,敦賀駅,6
福井,JR敦賀駅前 エリア,日本海さかな街,34
福井,JR敦賀駅前 エリア,東尋坊,9
福井,JR敦賀駅前 エリア,気比の松原,11
福井,JR敦賀駅前 エリア,氣比神宮,100
福井,JR敦賀駅前 エリア,水島,3
福井,JR敦賀駅前 エリア,水晶浜海水浴場,4
福井,JR敦賀駅前 エリア,熊川宿,3
福井,JR敦賀駅前 エリア,福井県年縞博物館,3
福井,JR敦賀駅前 エリア,福井県立恐竜博物館,13
福井,JR敦賀駅前 エリア,福井駅,15
福井,JR敦賀駅前 エリア,花はす公園,5
福井,JR敦賀駅前 エリア,西福寺,4
福井,JR敦賀駅前 エリア,越前そばの里,3
福井,JR敦賀駅前 エリア,越前大仏,3
福井,JR敦賀駅前 エリア,越前大野城,9
福井,JR敦賀駅前 エリア,金ヶ崎,5
福井,JR敦賀駅前 エリア,金沢駅周辺（石川県）,5
福井,JR美浜駅 エリア,エルガイアおおい,8
福井,JR美浜駅 エリア,ホテルうみんぴあ,6
福井,JR美浜駅 エリア,レインボーライン,41
福井,JR美浜駅 エリア,一乗谷朝倉氏遺跡,10
福井,JR美浜駅 エリア,三方五湖,30
福井,JR美浜駅 エリア,丸岡城,6
福井,JR美浜駅 エリア,五湖の駅,9
福井,JR美浜駅 エリア,人道の港 敦賀ムゼウム,4
福井,JR美浜駅 エリア,北の庄城址・柴田公園,3
福井,JR美浜駅 エリア,大本山永平寺,6
福井,JR美浜駅 エリア,小浜市水産食品センター（若狭小浜お魚センター）,13
福井,JR美浜駅 エリア,御食国若狭おばま食文化館,5
福井,JR美浜駅 エリア,敦賀赤レンガ倉庫,25
福井,JR美浜駅 エリア,敦賀駅,15
福井,JR美浜駅 エリア,日本海さかな街,30
福井,JR美浜駅 エリア,東尋坊,3
福井,JR美浜駅 エリア,気比の松原,4
福井,JR美浜駅 エリア,氣比神宮,30
福井,JR美浜駅 エリア,水晶浜海水浴場,8
福井,JR美浜駅 エリア,熊川宿,31
福井,JR美浜駅 エリア,福井県年縞博物館,4
福井,JR美浜駅 エリア,福井県海浜自然センター,6
福井,JR美浜駅 エリア,福井県立恐竜博物館,6
福井,JR美浜駅 エリア,若狭フィッシャーマンズワーフ,5
福井,JR美浜駅 エリア,若狭三方縄文博物館,15
福井,JR美浜駅 エリア,若狭歴史博物館,3
福井,JR美浜駅 エリア,若狭海遊バザール千鳥苑 若狭美浜 海の駅,4
福井,JR美浜駅 エリア,若狭瓜割名水公園 瓜割の滝,4
福井,JR美浜駅 エリア,若狭町観光船レイククルーズ,5
福井,JR美浜駅 エリア,西福寺,3
福井,JR美浜駅 エリア,越前がにミュージアム,7
福井,JR美浜駅 エリア,越前大仏,5
福井,JR美浜駅 エリア,越前大野城,7
福井,JR美浜駅 エリア,道の駅「うみんぴあ大飯」,6
福井,JR美浜駅 エリア,道の駅「シーサイド高浜」,5
福井,JR美浜駅 エリア,道の駅「パークイン丹生ヶ丘」,3
福井,JR美浜駅 エリア,道の駅「三方五湖」,18
福井,JR美浜駅 エリア,道の駅「南えちぜん山海里」,4
福井,JR美浜駅 エリア,道の駅「名田庄」,3
福井,JR美浜駅 エリア,道の駅「若狭おばま」,14
福井,JR美浜駅 エリア,道の駅「若狭熊川宿」,12
福井,JR美浜駅 エリア,道の駅「越前」,3
福井,JR芦原温泉駅 エリア,あわら温泉「芦湯」,5
福井,JR芦原温泉駅 エリア,あわら温泉屋台村「湯けむり横丁」,8
福井,JR芦原温泉駅 エリア,あわら温泉街,13
福井,JR芦原温泉駅 エリア,ふれあいパーク三里浜(道の駅「みくに」),4
福井,JR芦原温泉駅 エリア,一乗谷朝倉氏遺跡,16
福井,JR芦原温泉駅 エリア,三国サンセットビーチ,5
福井,JR芦原温泉駅 エリア,三國湊レトロ,3
福井,JR芦原温泉駅 エリア,丸岡城,26
福井,JR芦原温泉駅 エリア,北の庄城址・柴田公園,6
福井,JR芦原温泉駅 エリア,北潟湖畔公園・サイクリングパーク,3
福井,JR芦原温泉駅 エリア,吉崎御坊跡,8
福井,JR芦原温泉駅 エリア,大本山永平寺,19
福井,JR芦原温泉駅 エリア,敦賀赤レンガ倉庫,4
福井,JR芦原温泉駅 エリア,東尋坊,27
福井,JR芦原温泉駅 エリア,氣比神宮,7
福井,JR芦原温泉駅 エリア,福井県立恐竜博物館,12
福井,JR芦原温泉駅 エリア,福井駅,10
福井,JR芦原温泉駅 エリア,芝政ワールド,3
福井,JR芦原温泉駅 エリア,越前がにミュージアム,4
福井,JR芦原温泉駅 エリア,越前大仏,3
福井,JR芦原温泉駅 エリア,越前大野城,6
福井,JR芦原温泉駅 エリア,越前松島水族館,11
福井,JR芦原温泉駅 エリア,金沢駅周辺（石川県）,13
福井,JR芦原温泉駅 エリア,金津創作の森,5
福井,JR芦原温泉駅 エリア,養浩館庭園,3
福井,UMIKARA,うみんぴあ大飯 エリア,12
福井,UMIKARA,若州一滴文庫 エリア,4
福井,UMIKARA,若狭高浜 エリア,10
福井,UMIKARA,道の駅「シーサイド高浜」 エリア,8
福井,「ちひろの生まれた家」記念館,かつやま恐竜の森 エリア,4
福井,「ちひろの生まれた家」記念館,だるまちゃん広場 エリア,4
福井,「ちひろの生まれた家」記念館,北陸新幹線 越前たけふ駅 エリア,4
福井,「ちひろの生まれた家」記念館,武生駅 エリア,17
福井,「ちひろの生まれた家」記念館,福井駅前 エリア（宿泊施設）,6
福井,「ちひろの生まれた家」記念館,紫式部公園 エリア,14
福井,「ちひろの生まれた家」記念館,越前そばの里 エリア,14
福井,「ちひろの生まれた家」記念館,越前陶芸村 エリア,3
福井,「ちひろの生まれた家」記念館,道の駅「三方五湖」  エリア,4
福井,「ちひろの生まれた家」記念館,道の駅「南えちぜん山海里」 エリア,6
福井,「ちひろの生まれた家」記念館,道の駅「越前」 エリア,3
福井,あわら温泉,大本山 永平寺 エリア,3
福井,あわら温泉「芦湯」,JR芦原温泉駅 エリア,11
福井,あわら温泉「芦湯」,あわら湯のまち エリア,47
福井,あわら温泉「芦湯」,かつやま恐竜の森 エリア,6
福井,あわら温泉「芦湯」,フルーツライン エリア,9
福井,あわら温泉「芦湯」,三国湊 エリア,5
福井,あわら温泉「芦湯」,丸岡城 エリア,6
福井,あわら温泉「芦湯」,北潟湖 エリア,14
福井,あわら温泉「芦湯」,大本山 永平寺 エリア,8
福井,あわら温泉「芦湯」,東尋坊 エリア,14
福井,あわら温泉「芦湯」,福井駅前 エリア,12
福井,あわら温泉「芦湯」,道の駅みくに ふれあいパーク三里浜 エリア,8
福井,あわら温泉屋台村「湯けむり横丁」,JR芦原温泉駅 エリア,4
福井,あわら温泉屋台村「湯けむり横丁」,あわら湯のまち エリア,32
福井,あわら温泉屋台村「湯けむり横丁」,かつやま恐竜の森 エリア,3
福井,あわら温泉屋台村「湯けむり横丁」,三国湊 エリア,3
福井,あわら温泉屋台村「湯けむり横丁」,北潟湖 エリア,6
福井,あわら温泉屋台村「湯けむり横丁」,大本山 永平寺 エリア,3
福井,あわら温泉屋台村「湯けむり横丁」,東尋坊 エリア,5
福井,あわら温泉屋台村「湯けむり横丁」,福井駅前 エリア,6
福井,あわら温泉屋台村「湯けむり横丁」,道の駅みくに ふれあいパーク三里浜 エリア,5
福井,あわら温泉街,JR敦賀駅前 エリア,4
福井,あわら温泉街,JR芦原温泉駅 エリア,23
福井,あわら温泉街,あわら湯のまち エリア,78
福井,あわら温泉街,えちぜん鉄道 松岡駅 エリア,5
福井,あわら温泉街,かずら橋 エリア,3
福井,あわら温泉街,かつやま恐竜の森 エリア,35
福井,あわら温泉街,はたや記念館 ゆめおーれ勝山 エリア,3
福井,あわら温泉街,ふくい鮮いちば エリア,3
福井,あわら温泉街,スーベニアショップ ラプトル エリア,4
福井,あわら温泉街,タケフナイフビレッジ エリア,3
福井,あわら温泉街,フルーツライン エリア,16
福井,あわら温泉街,一乗谷朝倉氏遺跡 エリア,12
福井,あわら温泉街,三国湊 エリア,19
福井,あわら温泉街,丸岡城 エリア,6
福井,あわら温泉街,北潟湖 エリア,25
福井,あわら温泉街,北陸新幹線 越前たけふ駅 エリア,7
福井,あわら温泉街,大本山 永平寺 エリア,41
福井,あわら温泉街,東尋坊 エリア,46
福井,あわら温泉街,福井駅前 エリア,30
福井,あわら温泉街,福井駅前 エリア（宿泊施設）,6
福井,あわら温泉街,花の駅 ゆりの里公園 エリア,11
福井,あわら温泉街,越前そばの里 エリア,9
福井,あわら温泉街,越前大野城・城下町 エリア,4
福井,あわら温泉街,越前松島水族館 エリア,14
福井,あわら温泉街,道の駅「南えちぜん山海里」 エリア,9
福井,あわら温泉街,道の駅「恐竜渓谷かつやま」 エリア,7
福井,あわら温泉街,道の駅「西山公園」 エリア,3
福井,あわら温泉街,道の駅「越前」 エリア,4
福井,あわら温泉街,道の駅みくに ふれあいパーク三里浜 エリア,10
福井,あわら湯のまち エリア,「ちひろの生まれた家」記念館,5
福井,あわら湯のまち エリア,あわら温泉「芦湯」,16
福井,あわら湯のまち エリア,あわら温泉屋台村「湯けむり横丁」,15
福井,あわら湯のまち エリア,あわら温泉街,26
福井,あわら湯のまち エリア,かつやまディノパーク,3
福井,あわら湯のまち エリア,ふれあいパーク三里浜(道の駅「みくに」),31
福井,あわら湯のまち エリア,めがねミュージアム,5
福井,あわら湯のまち エリア,ゆりの里公園ユリーム春江,13
福井,あわら湯のまち エリア,ファーマーズマーケットきららの丘,12
福井,あわら湯のまち エリア,レインボーライン,7
福井,あわら湯のまち エリア,一乗谷朝倉氏遺跡,120
福井,あわら湯のまち エリア,三国サンセットビーチ,20
福井,あわら湯のまち エリア,三國湊レトロ,35
福井,あわら湯のまち エリア,三方五湖,14
福井,あわら湯のまち エリア,丸岡城,133
福井,あわら湯のまち エリア,九頭竜湖,5
福井,あわら湯のまち エリア,勝山城博物館,3
福井,あわら湯のまち エリア,北の庄城址・柴田公園,12
福井,あわら湯のまち エリア,吉崎御坊跡,13
福井,あわら湯のまち エリア,大安禅寺,3
福井,あわら湯のまち エリア,大本山永平寺,160
福井,あわら湯のまち エリア,小松空港（石川県）,4
福井,あわら湯のまち エリア,小浜市水産食品センター（若狭小浜お魚センター）,5
福井,あわら湯のまち エリア,山中温泉（石川県）,7
福井,あわら湯のまち エリア,山代温泉（石川県）,4
福井,あわら湯のまち エリア,岡太神社・大瀧神社,12
福井,あわら湯のまち エリア,平泉寺白山神社,4
福井,あわら湯のまち エリア,敦賀赤レンガ倉庫,13
福井,あわら湯のまち エリア,敦賀鉄道資料館（旧敦賀港駅舎 ）,6
福井,あわら湯のまち エリア,敦賀駅,11
福井,あわら湯のまち エリア,日本海さかな街,26
福井,あわら湯のまち エリア,東尋坊,299
福井,あわら湯のまち エリア,気比の松原,3
福井,あわら湯のまち エリア,氣比神宮,26
福井,あわら湯のまち エリア,瀧谷寺,9
福井,あわら湯のまち エリア,熊川宿,3
福井,あわら湯のまち エリア,白川郷（岐阜県）,3
福井,あわら湯のまち エリア,福井県立恐竜博物館,317
福井,あわら湯のまち エリア,福井駅,56
福井,あわら湯のまち エリア,芝政ワールド,56
福井,あわら湯のまち エリア,花はす公園,3
福井,あわら湯のまち エリア,西山動物園,5
福井,あわら湯のまち エリア,越前がにミュージアム,18
福井,あわら湯のまち エリア,越前そばの里,11
福井,あわら湯のまち エリア,越前和紙の里,9
福井,あわら湯のまち エリア,越前大仏,48
福井,あわら湯のまち エリア,越前大野城,43
福井,あわら湯のまち エリア,越前松島水族館,98
福井,あわら湯のまち エリア,越前水仙の里公園,3
福井,あわら湯のまち エリア,越前海岸,6
福井,あわら湯のまち エリア,越前陶芸村,3
福井,あわら湯のまち エリア,近江八幡（滋賀県）,3
福井,あわら湯のまち エリア,道の駅「さかい」（坂井地域交流センター「いねす」）,15
福井,あわら湯のまち エリア,道の駅「シーサイド高浜」,3
福井,あわら湯のまち エリア,道の駅「南えちぜん山海里」,3
福井,あわら湯のまち エリア,道の駅「恐竜渓谷かつやま」,3
福井,あわら湯のまち エリア,道の駅「禅の里」,3
福井,あわら湯のまち エリア,道の駅「若狭おばま」,3
福井,あわら湯のまち エリア,道の駅「西山公園」,5
福井,あわら湯のまち エリア,道の駅「越前」,5
福井,あわら湯のまち エリア,酒蔵,7
福井,あわら湯のまち エリア,野外恐竜博物館,17
福井,あわら湯のまち エリア,金沢駅周辺（石川県）,33
福井,あわら湯のまち エリア,金津創作の森,16
福井,あわら湯のまち エリア,養浩館庭園,5
福井,いちごめぐり,うみんぴあ大飯 エリア,3
福井,うみんぴあ大飯 エリア,UMIKARA,12
福井,うみんぴあ大飯 エリア,きのこの森,7
福井,うみんぴあ大飯 エリア,ふれあいパーク三里浜(道の駅「みくに」),3
福井,うみんぴあ大飯 エリア,エルガイアおおい,29
福井,うみんぴあ大飯 エリア,ホテルうみんぴあ,8
福井,うみんぴあ大飯 エリア,レインボーライン,9
福井,うみんぴあ大飯 エリア,一乗谷朝倉氏遺跡,10
福井,うみんぴあ大飯 エリア,三方五湖,13
福井,うみんぴあ大飯 エリア,丸岡城,6
福井,うみんぴあ大飯 エリア,北の庄城址・柴田公園,3
福井,うみんぴあ大飯 エリア,大本山永平寺,5
福井,うみんぴあ大飯 エリア,天橋立（京都府）,4
福井,うみんぴあ大飯 エリア,小浜市まちの駅・旭座,6
福井,うみんぴあ大飯 エリア,小浜市水産食品センター（若狭小浜お魚センター）,8
福井,うみんぴあ大飯 エリア,御食国若狭おばま食文化館,11
福井,うみんぴあ大飯 エリア,敦賀赤レンガ倉庫,21
福井,うみんぴあ大飯 エリア,敦賀駅,3
福井,うみんぴあ大飯 エリア,日本海さかな街,13
福井,うみんぴあ大飯 エリア,氣比神宮,9
福井,うみんぴあ大飯 エリア,熊川宿,17
福井,うみんぴあ大飯 エリア,福井県こども家族館,17
福井,うみんぴあ大飯 エリア,福井県立恐竜博物館,3
福井,うみんぴあ大飯 エリア,舞鶴（京都府）,14
福井,うみんぴあ大飯 エリア,若狭たかはま エルどらんど,11
福井,うみんぴあ大飯 エリア,若狭フィッシャーマンズワーフ,9
福井,うみんぴあ大飯 エリア,若狭和田ビーチ,12
福井,うみんぴあ大飯 エリア,若狭瓜割名水公園 瓜割の滝,8
福井,うみんぴあ大飯 エリア,赤礁崎オートキャンプ場,8
福井,うみんぴあ大飯 エリア,越前大仏,5
福井,うみんぴあ大飯 エリア,越前大野城,5
福井,うみんぴあ大飯 エリア,道の駅「うみんぴあ大飯」,19
福井,うみんぴあ大飯 エリア,道の駅「シーサイド高浜」,37
福井,うみんぴあ大飯 エリア,道の駅「三方五湖」,4
福井,うみんぴあ大飯 エリア,道の駅「名田庄」,15
福井,うみんぴあ大飯 エリア,道の駅「河野」,3
福井,うみんぴあ大飯 エリア,道の駅「若狭おばま」,29
福井,うみんぴあ大飯 エリア,道の駅「若狭熊川宿」,10
福井,うみんぴあ大飯 エリア,道の駅「越前」,4
福井,うるしの里,うるしの里 エリア,6
福井,うるしの里,一乗谷朝倉氏遺跡 エリア,4
福井,うるしの里,丸岡城 エリア,3
福井,うるしの里,北陸新幹線 越前たけふ駅 エリア,4
福井,うるしの里,福井駅前 エリア,3
福井,うるしの里,越前和紙の里 エリア,4
福井,うるしの里,道の駅「西山公園」 エリア,4
福井,うるしの里 エリア,めがねミュージアム,7
福井,うるしの里 エリア,一乗谷朝倉氏遺跡,6
福井,うるしの里 エリア,丸岡城,7
福井,うるしの里 エリア,岡太神社・大瀧神社,4
福井,うるしの里 エリア,東尋坊,4
福井,うるしの里 エリア,福井県立恐竜博物館,5
福井,うるしの里 エリア,西山動物園,4
福井,うるしの里 エリア,越前和紙の里,8
福井,うるしの里 エリア,越前大野城,8
福井,うるしの里 エリア,道の駅「西山公園」,8
福井,えちぜん鉄道 松岡駅 エリア,一乗谷朝倉氏遺跡,19
福井,えちぜん鉄道 松岡駅 エリア,丸岡城,12
福井,えちぜん鉄道 松岡駅 エリア,大本山永平寺,23
福井,えちぜん鉄道 松岡駅 エリア,東尋坊,11
福井,えちぜん鉄道 松岡駅 エリア,白山平泉寺歴史探遊館 まほろば,3
福井,えちぜん鉄道 松岡駅 エリア,福井県立恐竜博物館,14
福井,えちぜん鉄道 松岡駅 エリア,福井駅,7
福井,えちぜん鉄道 松岡駅 エリア,越前大仏,9
福井,えちぜん鉄道 松岡駅 エリア,越前大野城,11
福井,えちぜん鉄道 永平寺口駅 エリア,一乗谷朝倉氏遺跡,7
福井,えちぜん鉄道 永平寺口駅 エリア,丸岡城,7
福井,えちぜん鉄道 永平寺口駅 エリア,大本山永平寺,6
福井,えちぜん鉄道 永平寺口駅 エリア,福井県立恐竜博物館,8
福井,えちぜん鉄道 永平寺口駅 エリア,越前大野城,5
福井,かずら橋,あわら湯のまち エリア,6
福井,かずら橋,かずら橋 エリア,41
福井,かずら橋,かつやま恐竜の森 エリア,4
福井,かずら橋,まちの市場 こってコテいけだ エリア,39
福井,かずら橋,まちの駅 こってコテいけだ エリア,8
福井,かずら橋,タケフナイフビレッジ エリア,4
福井,かずら橋,一乗谷朝倉氏遺跡 エリア,9
福井,かずら橋,北陸新幹線 越前たけふ駅 エリア,11
福井,かずら橋,大本山 永平寺 エリア,3
福井,かずら橋,日本海さかな街 エリア,3
福井,かずら橋,福井駅前 エリア,3
福井,かずら橋,越前そばの里 エリア,19
福井,かずら橋,越前大仏 エリア,3
福井,かずら橋,越前大野城・城下町 エリア,4
福井,かずら橋,道の駅「南えちぜん山海里」 エリア,5
福井,かずら橋,道の駅「越前おおの荒島の郷」 エリア,5
福井,かずら橋 エリア,「ちひろの生まれた家」記念館,3
福井,かずら橋 エリア,あわら温泉街,6
福井,かずら橋 エリア,うるしの里,4
福井,かずら橋 エリア,かずら橋,15
福井,かずら橋 エリア,まちの市場 こってコテいけだ,27
福井,かずら橋 エリア,ツリーピクニックアドベンチャーいけだ,25
福井,かずら橋 エリア,一乗谷朝倉氏遺跡,64
福井,かずら橋 エリア,万葉の里 味真野苑（ミズバショウ・フジ・スイレン・ハギ）,4
福井,かずら橋 エリア,三方五湖,4
福井,かずら橋 エリア,丸岡城,30
福井,かずら橋 エリア,九頭竜湖,3
福井,かずら橋 エリア,今庄宿,4
福井,かずら橋 エリア,北の庄城址・柴田公園,4
福井,かずら橋 エリア,大本山永平寺,19
福井,かずら橋 エリア,山中温泉（石川県）,3
福井,かずら橋 エリア,岡太神社・大瀧神社,10
福井,かずら橋 エリア,御誕生寺,4
福井,かずら橋 エリア,敦賀赤レンガ倉庫,12
福井,かずら橋 エリア,日本海さかな街,7
福井,かずら橋 エリア,東尋坊,12
福井,かずら橋 エリア,氣比神宮,11
福井,かずら橋 エリア,白山平泉寺歴史探遊館 まほろば,3
福井,かずら橋 エリア,福井県立恐竜博物館,28
福井,かずら橋 エリア,芝政ワールド,3
福井,かずら橋 エリア,花はす公園,4
福井,かずら橋 エリア,西山動物園,4
福井,かずら橋 エリア,越前がにミュージアム,9
福井,かずら橋 エリア,越前そばの里,11
福井,かずら橋 エリア,越前和紙の里,14
福井,かずら橋 エリア,越前大仏,20
福井,かずら橋 エリア,越前大野城,35
福井,かずら橋 エリア,越前陶芸村,4
福井,かずら橋 エリア,道の駅「一乗谷あさくら水の駅」,6
福井,かずら橋 エリア,道の駅「南えちぜん山海里」,7
福井,かずら橋 エリア,道の駅「河野」,4
福井,かずら橋 エリア,道の駅「西山公園」,5
福井,かずら橋 エリア,道の駅「越前」,4
福井,かずら橋 エリア,道の駅「越前おおの荒島の郷」,6
福井,かずら橋 エリア,龍双ヶ滝,9
福井,かつやまディノパーク,あわら湯のまち エリア,4
福井,かつやまディノパーク,かつやま恐竜の森 エリア,11
福井,かつやまディノパーク,大本山 永平寺 エリア,5
福井,かつやまディノパーク,福井駅前 エリア,3
福井,かつやまディノパーク,道の駅「南えちぜん山海里」 エリア,4
福井,かつやまディノパーク,道の駅「恐竜渓谷かつやま」 エリア,10
福井,かつやまディノパーク,道の駅「禅の里」 エリア,3
福井,かつやまディノパーク,道の駅「越前おおの荒島の郷」 エリア,3
福井,かつやま恐竜の森 エリア,あわら温泉屋台村「湯けむり横丁」,9
福井,かつやま恐竜の森 エリア,あわら温泉街,44
福井,かつやま恐竜の森 エリア,うるしの里,3
福井,かつやま恐竜の森 エリア,かつやまディノパーク,22
福井,かつやま恐竜の森 エリア,はたや記念館 ゆめおーれ勝山,9
福井,かつやま恐竜の森 エリア,めがねミュージアム,9
福井,かつやま恐竜の森 エリア,スキージャム勝山,26
福井,かつやま恐竜の森 エリア,レインボーライン,4
福井,かつやま恐竜の森 エリア,一乗谷朝倉氏遺跡,105
福井,かつやま恐竜の森 エリア,三国サンセットビーチ,4
福井,かつやま恐竜の森 エリア,三國湊レトロ,9
福井,かつやま恐竜の森 エリア,三方五湖,9
福井,かつやま恐竜の森 エリア,丸岡城,59
福井,かつやま恐竜の森 エリア,九頭竜湖,3
福井,かつやま恐竜の森 エリア,今庄宿,4
福井,かつやま恐竜の森 エリア,勝山城博物館,5
福井,かつやま恐竜の森 エリア,北の庄城址・柴田公園,13
福井,かつやま恐竜の森 エリア,大本山永平寺,161
福井,かつやま恐竜の森 エリア,小浜市水産食品センター（若狭小浜お魚センター）,4
福井,かつやま恐竜の森 エリア,山中温泉（石川県）,8
福井,かつやま恐竜の森 エリア,山代温泉（石川県）,6
福井,かつやま恐竜の森 エリア,岡太神社・大瀧神社,13
福井,かつやま恐竜の森 エリア,平泉寺白山神社,14
福井,かつやま恐竜の森 エリア,敦賀赤レンガ倉庫,15
福井,かつやま恐竜の森 エリア,敦賀駅,4
福井,かつやま恐竜の森 エリア,日本海さかな街,9
福井,かつやま恐竜の森 エリア,東尋坊,97
福井,かつやま恐竜の森 エリア,気比の松原,4
福井,かつやま恐竜の森 エリア,氣比神宮,7
福井,かつやま恐竜の森 エリア,水晶浜海水浴場,5
福井,かつやま恐竜の森 エリア,白山平泉寺歴史探遊館 まほろば,17
福井,かつやま恐竜の森 エリア,白川郷（岐阜県）,3
福井,かつやま恐竜の森 エリア,福井県こども家族館,3
福井,かつやま恐竜の森 エリア,福井県立恐竜博物館,73
福井,かつやま恐竜の森 エリア,福井駅,87
福井,かつやま恐竜の森 エリア,芝政ワールド,17
福井,かつやま恐竜の森 エリア,越前がにミュージアム,15
福井,かつやま恐竜の森 エリア,越前そばの里,5
福井,かつやま恐竜の森 エリア,越前和紙の里,6
福井,かつやま恐竜の森 エリア,越前大仏,101
福井,かつやま恐竜の森 エリア,越前大野城,64
福井,かつやま恐竜の森 エリア,越前松島水族館,40
福井,かつやま恐竜の森 エリア,道の駅「うみんぴあ大飯」,3
福井,かつやま恐竜の森 エリア,道の駅「さかい」（坂井地域交流センター「いねす」）,4
福井,かつやま恐竜の森 エリア,道の駅「一乗谷あさくら水の駅」,3
福井,かつやま恐竜の森 エリア,道の駅「九頭竜・和泉ふれあい会館」,13
福井,かつやま恐竜の森 エリア,道の駅「恐竜渓谷かつやま」,68
福井,かつやま恐竜の森 エリア,道の駅「禅の里」,6
福井,かつやま恐竜の森 エリア,道の駅「越前」,5
福井,かつやま恐竜の森 エリア,道の駅「越前おおの荒島の郷」,10
福井,かつやま恐竜の森 エリア,野外恐竜博物館,5
福井,かつやま恐竜の森 エリア,金沢駅周辺（石川県）,14
福井,かつやま恐竜の森 エリア,養浩館庭園,4
福井,かにファクトリー 甲羅組 エリア,敦賀赤レンガ倉庫,10
福井,かにファクトリー 甲羅組 エリア,日本海さかな街,8
福井,かにファクトリー 甲羅組 エリア,氣比神宮,5
福井,かにファクトリー 甲羅組 エリア,越前がにミュージアム,4
福井,きのこの森,うみんぴあ大飯 エリア,9
福井,きのこの森,名田庄 エリア,3
福井,きのこの森,若州一滴文庫 エリア,8
福井,きのこの森,道の駅「若狭おばま」 エリア,3
福井,きららの丘,北潟湖 エリア,4
福井,けんぞう蕎麦,えちぜん鉄道 松岡駅 エリア,4
福井,だるまちゃん広場 エリア,一乗谷朝倉氏遺跡,5
福井,だるまちゃん広場 エリア,丸岡城,4
福井,だるまちゃん広場 エリア,北の庄城址・柴田公園,4
福井,だるまちゃん広場 エリア,大本山永平寺,3
福井,だるまちゃん広場 エリア,岡太神社・大瀧神社,4
福井,だるまちゃん広場 エリア,西山動物園,4
福井,ちえなみき,神楽通り エリア,3
福井,はたや記念館 ゆめおーれ勝山,JR九頭竜湖駅 エリア,3
福井,はたや記念館 ゆめおーれ勝山,かつやま恐竜の森 エリア,5
福井,はたや記念館 ゆめおーれ勝山,はたや記念館 ゆめおーれ勝山 エリア,6
福井,はたや記念館 ゆめおーれ勝山,六呂師高原 エリア,9
福井,はたや記念館 ゆめおーれ勝山,平泉寺白山神社 エリア,3
福井,はたや記念館 ゆめおーれ勝山,福井駅前 エリア,3
福井,はたや記念館 ゆめおーれ勝山,越前大仏 エリア,3
福井,はたや記念館 ゆめおーれ勝山,越前大野城・城下町 エリア,9
福井,はたや記念館 ゆめおーれ勝山,道の駅「恐竜渓谷かつやま」 エリア,40
福井,はたや記念館 ゆめおーれ勝山,道の駅「禅の里」 エリア,5
福井,はたや記念館 ゆめおーれ勝山,道の駅「越前おおの荒島の郷」 エリア,11
福井,はたや記念館 ゆめおーれ勝山 エリア,スキージャム勝山,4
福井,はたや記念館 ゆめおーれ勝山 エリア,一乗谷朝倉氏遺跡,4
福井,はたや記念館 ゆめおーれ勝山 エリア,勝山城博物館,9
福井,はたや記念館 ゆめおーれ勝山 エリア,岡太神社・大瀧神社,3
福井,はたや記念館 ゆめおーれ勝山 エリア,白山平泉寺歴史探遊館 まほろば,4
福井,はたや記念館 ゆめおーれ勝山 エリア,福井県立恐竜博物館,25
福井,はたや記念館 ゆめおーれ勝山 エリア,福井駅,3
福井,はたや記念館 ゆめおーれ勝山 エリア,越前大仏,21
福井,はたや記念館 ゆめおーれ勝山 エリア,越前大野城,12
福井,はたや記念館 ゆめおーれ勝山 エリア,道の駅「恐竜渓谷かつやま」,18
福井,はたや記念館 ゆめおーれ勝山 エリア,道の駅「禅の里」,5
福井,はたや記念館 ゆめおーれ勝山 エリア,道の駅「越前おおの荒島の郷」,9
福井,びわ湖（滋賀県）,JR美浜駅 エリア,4
福井,びわ湖（滋賀県）,熊川宿 エリア,8
福井,びわ湖（滋賀県）,道の駅「三方五湖」  エリア,3
福井,ふくい鮮いちば,福井駅前 エリア,3
福井,ふくい鮮いちば エリア,一乗谷朝倉氏遺跡,23
福井,ふくい鮮いちば エリア,三国サンセットビーチ,3
福井,ふくい鮮いちば エリア,三國湊レトロ,3
福井,ふくい鮮いちば エリア,丸岡城,25
福井,ふくい鮮いちば エリア,北の庄城址・柴田公園,10
福井,ふくい鮮いちば エリア,大本山永平寺,15
福井,ふくい鮮いちば エリア,敦賀赤レンガ倉庫,5
福井,ふくい鮮いちば エリア,東尋坊,14
福井,ふくい鮮いちば エリア,氣比神宮,4
福井,ふくい鮮いちば エリア,福井県立恐竜博物館,24
福井,ふくい鮮いちば エリア,福井駅,6
福井,ふくい鮮いちば エリア,越前がにミュージアム,5
福井,ふくい鮮いちば エリア,越前大仏,11
福井,ふくい鮮いちば エリア,越前大野城,9
福井,ふれあいパーク三里浜(道の駅「みくに」),あわら湯のまち エリア,26
福井,ふれあいパーク三里浜(道の駅「みくに」),かつやま恐竜の森 エリア,4
福井,ふれあいパーク三里浜(道の駅「みくに」),ふくい鮮いちば エリア,3
福井,ふれあいパーク三里浜(道の駅「みくに」),フルーツライン エリア,14
福井,ふれあいパーク三里浜(道の駅「みくに」),レインボーライン エリア,3
福井,ふれあいパーク三里浜(道の駅「みくに」),三国湊 エリア,13
福井,ふれあいパーク三里浜(道の駅「みくに」),丸岡城 エリア,7
福井,ふれあいパーク三里浜(道の駅「みくに」),北潟湖 エリア,23
福井,ふれあいパーク三里浜(道の駅「みくに」),北陸新幹線 越前たけふ駅 エリア,4
福井,ふれあいパーク三里浜(道の駅「みくに」),大本山 永平寺 エリア,5
福井,ふれあいパーク三里浜(道の駅「みくに」),東尋坊 エリア,6
福井,ふれあいパーク三里浜(道の駅「みくに」),福井駅前 エリア,7
福井,ふれあいパーク三里浜(道の駅「みくに」),花の駅 ゆりの里公園 エリア,7
福井,ふれあいパーク三里浜(道の駅「みくに」),越前そばの里 エリア,7
福井,ふれあいパーク三里浜(道の駅「みくに」),越前大野城・城下町 エリア,3
福井,ふれあいパーク三里浜(道の駅「みくに」),越前松島水族館 エリア,7
福井,ふれあいパーク三里浜(道の駅「みくに」),越前海岸 北部 エリア,7
福井,ふれあいパーク三里浜(道の駅「みくに」),道の駅「パークイン丹生ヶ丘」 エリア,3
福井,ふれあいパーク三里浜(道の駅「みくに」),道の駅「南えちぜん山海里」 エリア,7
福井,ふれあいパーク三里浜(道の駅「みくに」),道の駅「恐竜渓谷かつやま」 エリア,3
福井,ふれあいパーク三里浜(道の駅「みくに」),道の駅「禅の里」 エリア,4
福井,ふれあいパーク三里浜(道の駅「みくに」),道の駅「越前」 エリア,10
福井,ふれあいパーク三里浜(道の駅「みくに」),道の駅みくに ふれあいパーク三里浜 エリア,13
福井,まちの市場 こってコテいけだ,うるしの里 エリア,3
福井,まちの市場 こってコテいけだ,かずら橋 エリア,37
福井,まちの市場 こってコテいけだ,まちの市場 こってコテいけだ エリア,5
福井,まちの市場 こってコテいけだ,一乗谷朝倉氏遺跡 エリア,3
福井,まちの市場 こってコテいけだ,北陸新幹線 越前たけふ駅 エリア,4
福井,まちの市場 こってコテいけだ,越前和紙の里 エリア,4
福井,まちの市場 こってコテいけだ エリア,かずら橋,12
福井,まちの市場 こってコテいけだ エリア,ツリーピクニックアドベンチャーいけだ,5
福井,まちの市場 こってコテいけだ エリア,一乗谷朝倉氏遺跡,10
福井,まちの市場 こってコテいけだ エリア,丸岡城,6
福井,まちの市場 こってコテいけだ エリア,大本山永平寺,5
福井,まちの市場 こってコテいけだ エリア,岡太神社・大瀧神社,3
福井,まちの市場 こってコテいけだ エリア,敦賀赤レンガ倉庫,3
福井,まちの市場 こってコテいけだ エリア,福井県立恐竜博物館,3
福井,まちの市場 こってコテいけだ エリア,福井駅,3
福井,まちの市場 こってコテいけだ エリア,越前和紙の里,4
福井,まちの市場 こってコテいけだ エリア,越前大野城,10
福井,まちの市場 こってコテいけだ エリア,道の駅「南えちぜん山海里」,3
福井,まちの市場 こってコテいけだ エリア,道の駅「西山公園」,3
福井,まちの市場 こってコテいけだ エリア,龍双ヶ滝,5
福井,めがねミュージアム,JR敦賀駅前 エリア,4
福井,めがねミュージアム,あわら湯のまち エリア,9
福井,めがねミュージアム,うるしの里 エリア,14
福井,めがねミュージアム,かつやま恐竜の森 エリア,4
福井,めがねミュージアム,タケフナイフビレッジ エリア,5
福井,めがねミュージアム,メガネストリート エリア,22
福井,めがねミュージアム,一乗谷朝倉氏遺跡 エリア,4
福井,めがねミュージアム,今庄宿 エリア,3
福井,めがねミュージアム,北陸新幹線 越前たけふ駅 エリア,11
福井,めがねミュージアム,大本山 永平寺 エリア,11
福井,めがねミュージアム,福井駅前 エリア,15
福井,めがねミュージアム,福井駅前 エリア（宿泊施設）,8
福井,めがねミュージアム,紫式部公園 エリア,3
福井,めがねミュージアム,越前そばの里 エリア,24
福井,めがねミュージアム,越前和紙の里 エリア,5
福井,めがねミュージアム,越前海岸 くりや旅館街 エリア,3
福井,めがねミュージアム,道の駅「南えちぜん山海里」 エリア,10
福井,めがねミュージアム,道の駅「西山公園」 エリア,16
福井,ゆりの里公園ユリーム春江,あわら湯のまち エリア,7
福井,ゆりの里公園ユリーム春江,フルーツライン エリア,5
福井,ゆりの里公園ユリーム春江,三国湊 エリア,4
福井,ゆりの里公園ユリーム春江,丸岡城 エリア,3
福井,ゆりの里公園ユリーム春江,北潟湖 エリア,8
福井,ゆりの里公園ユリーム春江,福井駅前 エリア,6
福井,ゆりの里公園ユリーム春江,花の駅 ゆりの里公園 エリア,9
福井,ゆりの里公園ユリーム春江,道の駅「パークイン丹生ヶ丘」 エリア,3
福井,ゆりの里公園ユリーム春江,道の駅「越前おおの荒島の郷」 エリア,4
福井,ゆりの里公園ユリーム春江,道の駅みくに ふれあいパーク三里浜 エリア,16
福井,イトヨの里,越前大野城・城下町 エリア,3
福井,エシコト,大本山 永平寺 エリア,3
福井,エルガイアおおい,JR美浜駅 エリア,4
福井,エルガイアおおい,うみんぴあ大飯 エリア,36
福井,エルガイアおおい,レインボーライン エリア,4
福井,エルガイアおおい,名田庄 エリア,4
福井,エルガイアおおい,小浜 エリア（宿泊施設）,4
福井,エルガイアおおい,小浜市 阿納 エリア,3
福井,エルガイアおおい,熊川宿 エリア,5
福井,エルガイアおおい,若州一滴文庫 エリア,9
福井,エルガイアおおい,若狭和田 エリア,4
福井,エルガイアおおい,若狭高浜 エリア,8
福井,エルガイアおおい,赤礁崎オートキャンプ場 エリア,3
福井,エルガイアおおい,道の駅「シーサイド高浜」 エリア,8
福井,エルガイアおおい,道の駅「三方五湖」  エリア,6
福井,エルガイアおおい,道の駅「若狭おばま」 エリア,10
福井,エルパ,ふくい鮮いちば エリア,3
福井,エルパ,福井駅前 エリア,3
福井,エルパ,越前そばの里 エリア,3
福井,エンゼルライン,レインボーライン エリア,3
福井,エンゼルランド,かつやま恐竜の森 エリア,3
福井,エンゼルランド,花の駅 ゆりの里公園 エリア,6
福井,エンゼルランドふくい,あわら湯のまち エリア,3
福井,ガラガラ山キャンプ場,越前海岸 北部 エリア,10
福井,ガラガラ山キャンプ場,道の駅「恐竜渓谷かつやま」 エリア,3
福井,ガラガラ山キャンプ場,道の駅「越前」 エリア,3
福井,グリフィス記念館,福井駅前 エリア,3
福井,グリーンセンター,道の駅「恐竜渓谷かつやま」 エリア,3
福井,サンドーム福井,かつやま恐竜の森 エリア,3
福井,サンドーム福井,大本山 永平寺 エリア,7
福井,サンドーム福井,福井駅前 エリア,8
福井,サンドーム福井,福井駅前 エリア（宿泊施設）,5
福井,サンドーム福井,越前そばの里 エリア,15
福井,スキージャム勝山,あわら湯のまち エリア,6
福井,スキージャム勝山,かずら橋 エリア,4
福井,スキージャム勝山,かつやま恐竜の森 エリア,31
福井,スキージャム勝山,はたや記念館 ゆめおーれ勝山 エリア,4
福井,スキージャム勝山,スキージャム勝山 エリア,14
福井,スキージャム勝山,スーベニアショップ ラプトル エリア,3
福井,スキージャム勝山,一乗谷朝倉氏遺跡 エリア,4
福井,スキージャム勝山,丸岡城 エリア,4
福井,スキージャム勝山,大本山 永平寺 エリア,5
福井,スキージャム勝山,福井駅前 エリア,9
福井,スキージャム勝山,福井駅前 エリア（宿泊施設）,4
福井,スキージャム勝山,越前そばの里 エリア,6
福井,スキージャム勝山,越前大野城・城下町 エリア,3
福井,スキージャム勝山,道の駅「南えちぜん山海里」 エリア,10
福井,スキージャム勝山,道の駅「恐竜渓谷かつやま」 エリア,32
福井,スキージャム勝山,道の駅「越前おおの荒島の郷」 エリア,4
福井,スキージャム勝山 エリア,かつやまディノパーク,4
福井,スキージャム勝山 エリア,はたや記念館 ゆめおーれ勝山,3
福井,スキージャム勝山 エリア,一乗谷朝倉氏遺跡,5
福井,スキージャム勝山 エリア,大本山永平寺,6
福井,スキージャム勝山 エリア,東尋坊,3
福井,スキージャム勝山 エリア,白山平泉寺歴史探遊館 まほろば,3
福井,スキージャム勝山 エリア,福井県立恐竜博物館,22
福井,スキージャム勝山 エリア,福井駅,3
福井,スキージャム勝山 エリア,越前大仏,7
福井,スキージャム勝山 エリア,道の駅「南えちぜん山海里」,3
福井,スキージャム勝山 エリア,道の駅「恐竜渓谷かつやま」,8
福井,スーベニアショップ ラプトル,道の駅「禅の里」 エリア,3
福井,スーベニアショップ ラプトル エリア,あわら温泉街,7
福井,スーベニアショップ ラプトル エリア,かつやまディノパーク,3
福井,スーベニアショップ ラプトル エリア,一乗谷朝倉氏遺跡,6
福井,スーベニアショップ ラプトル エリア,丸岡城,4
福井,スーベニアショップ ラプトル エリア,九頭竜湖,3
福井,スーベニアショップ ラプトル エリア,大本山永平寺,7
福井,スーベニアショップ ラプトル エリア,平泉寺白山神社,6
福井,スーベニアショップ ラプトル エリア,東尋坊,10
福井,スーベニアショップ ラプトル エリア,福井県立恐竜博物館,25
福井,スーベニアショップ ラプトル エリア,福井駅,9
福井,スーベニアショップ ラプトル エリア,越前大仏,14
福井,スーベニアショップ ラプトル エリア,越前大野城,8
福井,スーベニアショップ ラプトル エリア,越前松島水族館,3
福井,スーベニアショップ ラプトル エリア,道の駅「九頭竜・和泉ふれあい会館」,3
福井,スーベニアショップ ラプトル エリア,道の駅「恐竜渓谷かつやま」,7
福井,スーベニアショップ ラプトル エリア,野外恐竜博物館,3
福井,スーベニアショップふらぷとる エリア,あわら温泉街,3
福井,スーベニアショップふらぷとる エリア,かつやまディノパーク,6
福井,スーベニアショップふらぷとる エリア,スキージャム勝山,4
福井,スーベニアショップふらぷとる エリア,一乗谷朝倉氏遺跡,9
福井,スーベニアショップふらぷとる エリア,丸岡城,8
福井,スーベニアショップふらぷとる エリア,北の庄城址・柴田公園,3
福井,スーベニアショップふらぷとる エリア,大本山永平寺,20
福井,スーベニアショップふらぷとる エリア,平泉寺白山神社,4
福井,スーベニアショップふらぷとる エリア,東尋坊,6
福井,スーベニアショップふらぷとる エリア,白山平泉寺歴史探遊館 まほろば,3
福井,スーベニアショップふらぷとる エリア,福井県立恐竜博物館,31
福井,スーベニアショップふらぷとる エリア,福井駅,12
福井,スーベニアショップふらぷとる エリア,越前大仏,15
福井,スーベニアショップふらぷとる エリア,越前大野城,7
福井,スーベニアショップふらぷとる エリア,道の駅「恐竜渓谷かつやま」,14
福井,スーベニアショップふらぷとる エリア,養浩館庭園,4
福井,セントピアあわら,あわら湯のまち エリア,7
福井,タケフナイフビレッジ,メガネストリート エリア,5
福井,タケフナイフビレッジ,北陸新幹線 越前たけふ駅 エリア,9
福井,タケフナイフビレッジ,大本山 永平寺 エリア,3
福井,タケフナイフビレッジ,越前そばの里 エリア,15
福井,タケフナイフビレッジ,越前和紙の里 エリア,7
福井,タケフナイフビレッジ エリア,めがねミュージアム,4
福井,タケフナイフビレッジ エリア,一乗谷朝倉氏遺跡,4
福井,タケフナイフビレッジ エリア,万葉の里 味真野苑（ミズバショウ・フジ・スイレン・ハギ）,4
福井,タケフナイフビレッジ エリア,大本山永平寺,3
福井,タケフナイフビレッジ エリア,福井県立恐竜博物館,3
福井,タケフナイフビレッジ エリア,越前そばの里,4
福井,タケフナイフビレッジ エリア,越前和紙の里,10
福井,タケフナイフビレッジ エリア,越前大仏,6
福井,タケフナイフビレッジ エリア,越前大野城,5
福井,タケフナイフビレッジ エリア,道の駅「越前」,3
福井,ツリーピクニックアドベンチャーいけだ,かずら橋 エリア,49
福井,ツリーピクニックアドベンチャーいけだ,まちの市場 こってコテいけだ エリア,9
福井,ツリーピクニックアドベンチャーいけだ,越前そばの里 エリア,4
福井,トレタス,ふくい鮮いちば エリア,4
福井,ドライブインよしだ,湖上館パムコ（水月湖）エリア,4
福井,ドライブインよしだ,道の駅「若狭おばま」 エリア,3
福井,ハピリン,福井駅前 エリア,7
福井,ハーモニーホール,福井駅前 エリア,3
福井,ファーマーズマーケットきららの丘,JR芦原温泉駅 エリア,4
福井,ファーマーズマーケットきららの丘,あわら湯のまち エリア,9
福井,ファーマーズマーケットきららの丘,フルーツライン エリア,27
福井,ファーマーズマーケットきららの丘,北潟湖 エリア,16
福井,ファーマーズマーケットきららの丘,東尋坊 エリア,3
福井,ファーマーズマーケットきららの丘,道の駅「南えちぜん山海里」 エリア,3
福井,ファーマーズマーケットきららの丘,道の駅みくに ふれあいパーク三里浜 エリア,11
福井,フルーツライン エリア,あわら温泉「芦湯」,7
福井,フルーツライン エリア,あわら温泉街,5
福井,フルーツライン エリア,ふれあいパーク三里浜(道の駅「みくに」),15
福井,フルーツライン エリア,ゆりの里公園ユリーム春江,4
福井,フルーツライン エリア,ファーマーズマーケットきららの丘,8
福井,フルーツライン エリア,一乗谷朝倉氏遺跡,8
福井,フルーツライン エリア,三国サンセットビーチ,7
福井,フルーツライン エリア,三國湊レトロ,6
福井,フルーツライン エリア,丸岡城,10
福井,フルーツライン エリア,北潟湖畔公園・サイクリングパーク,4
福井,フルーツライン エリア,吉崎御坊跡,9
福井,フルーツライン エリア,大本山永平寺,4
福井,フルーツライン エリア,東尋坊,9
福井,フルーツライン エリア,福井県立恐竜博物館,6
福井,フルーツライン エリア,福井駅,5
福井,フルーツライン エリア,越前大野城,3
福井,フルーツライン エリア,道の駅「さかい」（坂井地域交流センター「いねす」）,7
福井,フルーツライン エリア,金津創作の森,3
福井,プラントピア,道の駅「パークイン丹生ヶ丘」 エリア,4
福井,ベル,福井駅前 エリア,3
福井,ホテル,大本山 永平寺 エリア,3
福井,ホテル,福井駅前 エリア,3
福井,ホテルうみんぴあ,うみんぴあ大飯 エリア,16
福井,ホテルうみんぴあ,レインボーライン エリア,5
福井,ホテルうみんぴあ,明通寺 エリア,6
福井,ホテルうみんぴあ,若狭和田 エリア,3
福井,ホテルうみんぴあ,若狭高浜 エリア,7
福井,ホテルうみんぴあ,道の駅「シーサイド高浜」 エリア,5
福井,ホテルうみんぴあ,道の駅「三方五湖」  エリア,4
福井,ホテルうみんぴあ,道の駅「若狭おばま」 エリア,3
福井,ボートレース三国,大本山 永平寺 エリア,3
福井,メガネストリート エリア,あわら温泉街,4
福井,メガネストリート エリア,うるしの里,9
福井,メガネストリート エリア,めがねミュージアム,5
福井,メガネストリート エリア,一乗谷朝倉氏遺跡,9
福井,メガネストリート エリア,丸岡城,5
福井,メガネストリート エリア,今庄宿,5
福井,メガネストリート エリア,大本山永平寺,8
福井,メガネストリート エリア,敦賀赤レンガ倉庫,6
福井,メガネストリート エリア,東尋坊,3
福井,メガネストリート エリア,氣比神宮,7
福井,メガネストリート エリア,福井県立恐竜博物館,9
福井,メガネストリート エリア,福井駅,17
福井,メガネストリート エリア,西山動物園,10
福井,メガネストリート エリア,越前がにミュージアム,3
福井,メガネストリート エリア,越前和紙の里,10
福井,メガネストリート エリア,越前大仏,5
福井,メガネストリート エリア,越前大野城,7
福井,メガネストリート エリア,道の駅「さかい」（坂井地域交流センター「いねす」）,3
福井,メガネストリート エリア,道の駅「南えちぜん山海里」,4
福井,メガネストリート エリア,道の駅「西山公園」,4
福井,メガネストリート エリア,道の駅「越前」,4
福井,メガネストリート エリア,養浩館庭園,3
福井,メタセコイア並木（滋賀県）,JR敦賀駅前 エリア,5
福井,メタセコイア並木（滋賀県）,レインボーライン エリア,4
福井,メタセコイア並木（滋賀県）,明通寺 エリア,4
福井,メタセコイア並木（滋賀県）,熊川宿 エリア,6
福井,メタセコイア並木（滋賀県）,越前そばの里 エリア,4
福井,メタセコイア並木（滋賀県）,道の駅「三方五湖」  エリア,5
福井,メタセコイア並木（滋賀県）,金ヶ崎 エリア,3
福井,ヨーロッパ軒,かつやま恐竜の森 エリア,4
福井,ヨーロッパ軒,大本山 永平寺 エリア,4
福井,リラ・ポート,金ヶ崎 エリア,10
福井,ルポの森,一乗谷朝倉氏遺跡 エリア,4
福井,レインボーライン,JR敦賀駅前 エリア,7
福井,レインボーライン,JR美浜駅 エリア,63
福井,レインボーライン,あわら湯のまち エリア,8
福井,レインボーライン,うみんぴあ大飯 エリア,21
福井,レインボーライン,かずら橋 エリア,5
福井,レインボーライン,かつやま恐竜の森 エリア,5
福井,レインボーライン,レインボーライン エリア,47
福井,レインボーライン,三国湊 エリア,3
福井,レインボーライン,三方五湖ネイチャークルーズ エリア,6
福井,レインボーライン,北潟湖 エリア,4
福井,レインボーライン,北陸新幹線 越前たけふ駅 エリア,7
福井,レインボーライン,名田庄 エリア,8
福井,レインボーライン,大本山 永平寺 エリア,9
福井,レインボーライン,小浜 エリア（宿泊施設）,12
福井,レインボーライン,小浜市 阿納 エリア,27
福井,レインボーライン,御食国若狭おばま食文化館 エリア,7
福井,レインボーライン,日本海さかな街 エリア,23
福井,レインボーライン,明通寺 エリア,17
福井,レインボーライン,東尋坊 エリア,8
福井,レインボーライン,水晶浜 エリア,3
福井,レインボーライン,湖上館パムコ（水月湖）エリア,53
福井,レインボーライン,熊川宿 エリア,27
福井,レインボーライン,神楽通り エリア,3
福井,レインボーライン,福井駅前 エリア,7
福井,レインボーライン,美浜町レイクセンター エリア,44
福井,レインボーライン,美浜町健康楽膳拠点施設こるぱエリア,3
福井,レインボーライン,若狭フィッシャーマンズワーフ エリア,12
福井,レインボーライン,若狭和田 エリア,3
福井,レインボーライン,若狭海遊バザール 千鳥苑 エリア,15
福井,レインボーライン,越前そばの里 エリア,11
福井,レインボーライン,越前海岸 くりや旅館街 エリア,7
福井,レインボーライン,道の駅「シーサイド高浜」 エリア,5
福井,レインボーライン,道の駅「三方五湖」  エリア,83
福井,レインボーライン,道の駅「南えちぜん山海里」 エリア,6
福井,レインボーライン,道の駅「若狭おばま」 エリア,36
福井,レインボーライン,道の駅「越前」 エリア,3
福井,レインボーライン,金ヶ崎 エリア,5
福井,レインボーライン エリア,レインボーライン,9
福井,レインボーライン エリア,一乗谷朝倉氏遺跡,23
福井,レインボーライン エリア,三丁町,3
福井,レインボーライン エリア,三方五湖,22
福井,レインボーライン エリア,丸岡城,9
福井,レインボーライン エリア,五湖の駅,4
福井,レインボーライン エリア,北の庄城址・柴田公園,3
福井,レインボーライン エリア,大本山永平寺,9
福井,レインボーライン エリア,天橋立（京都府）,6
福井,レインボーライン エリア,小浜市水産食品センター（若狭小浜お魚センター）,6
福井,レインボーライン エリア,御食国若狭おばま食文化館,10
福井,レインボーライン エリア,敦賀赤レンガ倉庫,38
福井,レインボーライン エリア,日本海さかな街,46
福井,レインボーライン エリア,明通寺,4
福井,レインボーライン エリア,東尋坊,12
福井,レインボーライン エリア,気比の松原,6
福井,レインボーライン エリア,氣比神宮,49
福井,レインボーライン エリア,水晶浜海水浴場,3
福井,レインボーライン エリア,熊川宿,25
福井,レインボーライン エリア,福井県年縞博物館,28
福井,レインボーライン エリア,福井県海浜自然センター,10
福井,レインボーライン エリア,福井県立恐竜博物館,22
福井,レインボーライン エリア,福井駅,3
福井,レインボーライン エリア,若狭フィッシャーマンズワーフ,12
福井,レインボーライン エリア,若狭三方縄文博物館,12
福井,レインボーライン エリア,若狭歴史博物館,3
福井,レインボーライン エリア,若狭海遊バザール千鳥苑 若狭美浜 海の駅,7
福井,レインボーライン エリア,若狭瓜割名水公園 瓜割の滝,11
福井,レインボーライン エリア,若狭町観光船レイククルーズ,7
福井,レインボーライン エリア,越前がにミュージアム,10
福井,レインボーライン エリア,越前大仏,4
福井,レインボーライン エリア,越前大野城,8
福井,レインボーライン エリア,道の駅「うみんぴあ大飯」,3
福井,レインボーライン エリア,道の駅「三方五湖」,39
福井,レインボーライン エリア,道の駅「南えちぜん山海里」,3
福井,レインボーライン エリア,道の駅「若狭おばま」,6
福井,レインボーライン エリア,道の駅「若狭熊川宿」,7
福井,一乗谷朝倉氏遺跡,JR九頭竜湖駅 エリア,29
福井,一乗谷朝倉氏遺跡,JR敦賀駅前 エリア,29
福井,一乗谷朝倉氏遺跡,JR美浜駅 エリア,16
福井,一乗谷朝倉氏遺跡,JR芦原温泉駅 エリア,13
福井,一乗谷朝倉氏遺跡,あわら湯のまち エリア,163
福井,一乗谷朝倉氏遺跡,うみんぴあ大飯 エリア,14
福井,一乗谷朝倉氏遺跡,うるしの里 エリア,25
福井,一乗谷朝倉氏遺跡,えちぜん鉄道 松岡駅 エリア,28
福井,一乗谷朝倉氏遺跡,えちぜん鉄道 永平寺口駅 エリア,18
福井,一乗谷朝倉氏遺跡,かずら橋 エリア,96
福井,一乗谷朝倉氏遺跡,かつやま恐竜の森 エリア,122
福井,一乗谷朝倉氏遺跡,はたや記念館 ゆめおーれ勝山 エリア,5
福井,一乗谷朝倉氏遺跡,ふくい鮮いちば エリア,49
福井,一乗谷朝倉氏遺跡,まちの市場 こってコテいけだ エリア,18
福井,一乗谷朝倉氏遺跡,まちの駅 こってコテいけだ エリア,7
福井,一乗谷朝倉氏遺跡,スキージャム勝山 エリア,16
福井,一乗谷朝倉氏遺跡,スーベニアショップ ラプトル エリア,14
福井,一乗谷朝倉氏遺跡,スーベニアショップふらぷとる エリア,13
福井,一乗谷朝倉氏遺跡,タケフナイフビレッジ エリア,8
福井,一乗谷朝倉氏遺跡,フルーツライン エリア,9
福井,一乗谷朝倉氏遺跡,メガネストリート エリア,14
福井,一乗谷朝倉氏遺跡,レインボーライン エリア,38
福井,一乗谷朝倉氏遺跡,一乗谷朝倉氏遺跡 エリア,336
福井,一乗谷朝倉氏遺跡,三国湊 エリア,68
福井,一乗谷朝倉氏遺跡,丸岡城 エリア,128
福井,一乗谷朝倉氏遺跡,九頭竜川 エリア（鮎・釣り）,4
福井,一乗谷朝倉氏遺跡,今庄宿 エリア,4
福井,一乗谷朝倉氏遺跡,六呂師高原 エリア,9
福井,一乗谷朝倉氏遺跡,劔神社 エリア,15
福井,一乗谷朝倉氏遺跡,北ノ庄 エリア,31
福井,一乗谷朝倉氏遺跡,北前船主の館 右近家 エリア,3
福井,一乗谷朝倉氏遺跡,北潟湖 エリア,28
福井,一乗谷朝倉氏遺跡,北陸新幹線 越前たけふ駅 エリア,66
福井,一乗谷朝倉氏遺跡,名勝 養浩館庭園 エリア,30
福井,一乗谷朝倉氏遺跡,名田庄 エリア,6
福井,一乗谷朝倉氏遺跡,大本山 永平寺 エリア,344
福井,一乗谷朝倉氏遺跡,小浜 エリア（宿泊施設）,9
福井,一乗谷朝倉氏遺跡,小浜市 阿納 エリア,7
福井,一乗谷朝倉氏遺跡,平泉寺白山神社 エリア,22
福井,一乗谷朝倉氏遺跡,御食国若狭おばま食文化館 エリア,7
福井,一乗谷朝倉氏遺跡,敦賀市立博物館 エリア,13
福井,一乗谷朝倉氏遺跡,日本海さかな街 エリア,18
福井,一乗谷朝倉氏遺跡,明通寺 エリア,35
福井,一乗谷朝倉氏遺跡,東尋坊 エリア,41
福井,一乗谷朝倉氏遺跡,武生駅 エリア,11
福井,一乗谷朝倉氏遺跡,河野北前船主通りエリア,3
福井,一乗谷朝倉氏遺跡,湖上館パムコ（水月湖）エリア,16
福井,一乗谷朝倉氏遺跡,熊川宿 エリア,16
福井,一乗谷朝倉氏遺跡,福井駅前 エリア,187
福井,一乗谷朝倉氏遺跡,福井駅前 エリア（宿泊施設）,56
福井,一乗谷朝倉氏遺跡,竹田エリア,13
福井,一乗谷朝倉氏遺跡,紫式部公園 エリア,44
福井,一乗谷朝倉氏遺跡,美浜町レイクセンター エリア,10
福井,一乗谷朝倉氏遺跡,花の駅 ゆりの里公園 エリア,18
福井,一乗谷朝倉氏遺跡,若狭フィッシャーマンズワーフ エリア,11
福井,一乗谷朝倉氏遺跡,越前そばの里 エリア,199
福井,一乗谷朝倉氏遺跡,越前和紙の里 エリア,11
福井,一乗谷朝倉氏遺跡,越前大仏 エリア,12
福井,一乗谷朝倉氏遺跡,越前大野城・城下町 エリア,192
福井,一乗谷朝倉氏遺跡,越前松島水族館 エリア,21
福井,一乗谷朝倉氏遺跡,越前海岸 くりや旅館街 エリア,11
福井,一乗谷朝倉氏遺跡,越前海岸 北部 エリア,15
福井,一乗谷朝倉氏遺跡,越前海岸 越前岬 エリア,7
福井,一乗谷朝倉氏遺跡,越前海岸 高佐米ノ旅館街 エリア,5
福井,一乗谷朝倉氏遺跡,越前陶芸村 エリア,18
福井,一乗谷朝倉氏遺跡,道の駅「シーサイド高浜」 エリア,4
福井,一乗谷朝倉氏遺跡,道の駅「パークイン丹生ヶ丘」 エリア,27
福井,一乗谷朝倉氏遺跡,道の駅「三方五湖」  エリア,33
福井,一乗谷朝倉氏遺跡,道の駅「南えちぜん山海里」 エリア,74
福井,一乗谷朝倉氏遺跡,道の駅「恐竜渓谷かつやま」 エリア,45
福井,一乗谷朝倉氏遺跡,道の駅「禅の里」 エリア,24
福井,一乗谷朝倉氏遺跡,道の駅「若狭おばま」 エリア,12
福井,一乗谷朝倉氏遺跡,道の駅「西山公園」 エリア,32
福井,一乗谷朝倉氏遺跡,道の駅「越前」 エリア,49
福井,一乗谷朝倉氏遺跡,道の駅「越前おおの荒島の郷」 エリア,42
福井,一乗谷朝倉氏遺跡,道の駅みくに ふれあいパーク三里浜 エリア,22
福井,一乗谷朝倉氏遺跡,金ヶ崎 エリア,42
福井,一乗谷朝倉氏遺跡 エリア,あわら温泉「芦湯」,4
福井,一乗谷朝倉氏遺跡 エリア,あわら温泉街,10
福井,一乗谷朝倉氏遺跡 エリア,うるしの里,3
福井,一乗谷朝倉氏遺跡 エリア,かずら橋,3
福井,一乗谷朝倉氏遺跡 エリア,めがねミュージアム,7
福井,一乗谷朝倉氏遺跡 エリア,スキージャム勝山,3
福井,一乗谷朝倉氏遺跡 エリア,レインボーライン,3
福井,一乗谷朝倉氏遺跡 エリア,一乗谷朝倉氏遺跡,82
福井,一乗谷朝倉氏遺跡 エリア,三國湊レトロ,7
福井,一乗谷朝倉氏遺跡 エリア,三方五湖,5
福井,一乗谷朝倉氏遺跡 エリア,丸岡城,75
福井,一乗谷朝倉氏遺跡 エリア,北の庄城址・柴田公園,32
福井,一乗谷朝倉氏遺跡 エリア,大本山永平寺,89
福井,一乗谷朝倉氏遺跡 エリア,山代温泉（石川県）,3
福井,一乗谷朝倉氏遺跡 エリア,岡太神社・大瀧神社,5
福井,一乗谷朝倉氏遺跡 エリア,敦賀赤レンガ倉庫,9
福井,一乗谷朝倉氏遺跡 エリア,日本海さかな街,4
福井,一乗谷朝倉氏遺跡 エリア,東尋坊,26
福井,一乗谷朝倉氏遺跡 エリア,氣比神宮,15
福井,一乗谷朝倉氏遺跡 エリア,福井県立恐竜博物館,58
福井,一乗谷朝倉氏遺跡 エリア,福井駅,49
福井,一乗谷朝倉氏遺跡 エリア,越前がにミュージアム,8
福井,一乗谷朝倉氏遺跡 エリア,越前そばの里,7
福井,一乗谷朝倉氏遺跡 エリア,越前和紙の里,8
福井,一乗谷朝倉氏遺跡 エリア,越前大仏,24
福井,一乗谷朝倉氏遺跡 エリア,越前大野城,104
福井,一乗谷朝倉氏遺跡 エリア,越前打刃物会館,3
福井,一乗谷朝倉氏遺跡 エリア,越前松島水族館,5
福井,一乗谷朝倉氏遺跡 エリア,足羽川桜並木,3
福井,一乗谷朝倉氏遺跡 エリア,道の駅「さかい」（坂井地域交流センター「いねす」）,4
福井,一乗谷朝倉氏遺跡 エリア,道の駅「一乗谷あさくら水の駅」,31
福井,一乗谷朝倉氏遺跡 エリア,道の駅「九頭竜・和泉ふれあい会館」,7
福井,一乗谷朝倉氏遺跡 エリア,道の駅「南えちぜん山海里」,6
福井,一乗谷朝倉氏遺跡 エリア,道の駅「恐竜渓谷かつやま」,6
福井,一乗谷朝倉氏遺跡 エリア,道の駅「若狭熊川宿」,3
福井,一乗谷朝倉氏遺跡 エリア,道の駅「西山公園」,9
福井,一乗谷朝倉氏遺跡 エリア,道の駅「越前」,3
福井,一乗谷朝倉氏遺跡 エリア,道の駅「越前おおの荒島の郷」,4
福井,一乗谷朝倉氏遺跡 エリア,酒蔵,3
福井,一乗谷朝倉氏遺跡 エリア,野外恐竜博物館,3
福井,一乗谷朝倉氏遺跡 エリア,金沢駅周辺（石川県）,6
福井,一乗谷朝倉氏遺跡 エリア,養浩館庭園,11
福井,一筆啓上 日本一短い手紙の館,丸岡城 エリア,9
福井,七間朝市,越前大野城・城下町 エリア,13
福井,七間朝市,道の駅「越前おおの荒島の郷」 エリア,7
福井,万葉の里 味真野苑（ミズバショウ・フジ・スイレン・ハギ）,かずら橋 エリア,3
福井,万葉の里 味真野苑（ミズバショウ・フジ・スイレン・ハギ）,タケフナイフビレッジ エリア,7
福井,万葉の里 味真野苑（ミズバショウ・フジ・スイレン・ハギ）,北陸新幹線 越前たけふ駅 エリア,5
福井,万葉の里 味真野苑（ミズバショウ・フジ・スイレン・ハギ）,越前そばの里 エリア,9
福井,三丁町,小浜 エリア（宿泊施設）,12
福井,三丁町,御食国若狭おばま食文化館 エリア,8
福井,三丁町,明通寺 エリア,10
福井,三丁町,道の駅「若狭おばま」 エリア,11
福井,三国,あわら湯のまち エリア,3
福井,三国サンセットビーチ,JR芦原温泉駅 エリア,8
福井,三国サンセットビーチ,あわら湯のまち エリア,25
福井,三国サンセットビーチ,かつやま恐竜の森 エリア,9
福井,三国サンセットビーチ,ふくい鮮いちば エリア,4
福井,三国サンセットビーチ,フルーツライン エリア,10
福井,三国サンセットビーチ,三国湊 エリア,30
福井,三国サンセットビーチ,丸岡城 エリア,5
福井,三国サンセットビーチ,北潟湖 エリア,5
福井,三国サンセットビーチ,大本山 永平寺 エリア,7
福井,三国サンセットビーチ,東尋坊 エリア,7
福井,三国サンセットビーチ,福井駅前 エリア,7
福井,三国サンセットビーチ,越前そばの里 エリア,7
福井,三国サンセットビーチ,越前松島水族館 エリア,9
福井,三国サンセットビーチ,道の駅「南えちぜん山海里」 エリア,7
福井,三国サンセットビーチ,道の駅「越前」 エリア,3
福井,三国サンセットビーチ,道の駅みくに ふれあいパーク三里浜 エリア,19
福井,三国港,あわら湯のまち エリア,4
福井,三国湊 エリア,あわら温泉「芦湯」,8
福井,三国湊 エリア,あわら温泉街,11
福井,三国湊 エリア,ふれあいパーク三里浜(道の駅「みくに」),10
福井,三国湊 エリア,ゆりの里公園ユリーム春江,5
福井,三国湊 エリア,一乗谷朝倉氏遺跡,39
福井,三国湊 エリア,三国サンセットビーチ,13
福井,三国湊 エリア,三國湊レトロ,20
福井,三国湊 エリア,丸岡城,40
福井,三国湊 エリア,北の庄城址・柴田公園,7
福井,三国湊 エリア,吉崎御坊跡,10
福井,三国湊 エリア,大本山永平寺,23
福井,三国湊 エリア,岡太神社・大瀧神社,5
福井,三国湊 エリア,敦賀赤レンガ倉庫,8
福井,三国湊 エリア,日本海さかな街,8
福井,三国湊 エリア,東尋坊,65
福井,三国湊 エリア,氣比神宮,8
福井,三国湊 エリア,瀧谷寺,7
福井,三国湊 エリア,福井県立恐竜博物館,43
福井,三国湊 エリア,福井駅,12
福井,三国湊 エリア,芝政ワールド,5
福井,三国湊 エリア,越前そばの里,3
福井,三国湊 エリア,越前大仏,13
福井,三国湊 エリア,越前大野城,15
福井,三国湊 エリア,越前松島水族館,12
福井,三国湊 エリア,金沢駅周辺（石川県）,5
福井,三国湊 エリア,金津創作の森,4
福井,三國湊レトロ,JR芦原温泉駅 エリア,6
福井,三國湊レトロ,あわら湯のまち エリア,32
福井,三國湊レトロ,かずら橋 エリア,3
福井,三國湊レトロ,フルーツライン エリア,3
福井,三國湊レトロ,三国湊 エリア,52
福井,三國湊レトロ,丸岡城 エリア,5
福井,三國湊レトロ,北潟湖 エリア,3
福井,三國湊レトロ,大本山 永平寺 エリア,11
福井,三國湊レトロ,東尋坊 エリア,12
福井,三國湊レトロ,福井駅前 エリア,9
福井,三國湊レトロ,花の駅 ゆりの里公園 エリア,3
福井,三國湊レトロ,越前そばの里 エリア,3
福井,三國湊レトロ,越前松島水族館 エリア,4
福井,三國湊レトロ,道の駅「南えちぜん山海里」 エリア,4
福井,三國湊レトロ,道の駅みくに ふれあいパーク三里浜 エリア,18
福井,三方五湖,JR敦賀駅前 エリア,9
福井,三方五湖,JR美浜駅 エリア,31
福井,三方五湖,あわら湯のまち エリア,16
福井,三方五湖,うみんぴあ大飯 エリア,11
福井,三方五湖,かずら橋 エリア,3
福井,三方五湖,かつやま恐竜の森 エリア,7
福井,三方五湖,メガネストリート エリア,3
福井,三方五湖,レインボーライン エリア,36
福井,三方五湖,一乗谷朝倉氏遺跡 エリア,4
福井,三方五湖,三国湊 エリア,5
福井,三方五湖,丸岡城 エリア,4
福井,三方五湖,北潟湖 エリア,3
福井,三方五湖,北陸新幹線 越前たけふ駅 エリア,6
福井,三方五湖,名田庄 エリア,3
福井,三方五湖,大本山 永平寺 エリア,17
福井,三方五湖,小浜 エリア（宿泊施設）,19
福井,三方五湖,小浜市 阿納 エリア,21
福井,三方五湖,小浜市まちの駅 エリア,3
福井,三方五湖,御食国若狭おばま食文化館 エリア,7
福井,三方五湖,敦賀市立博物館 エリア,4
福井,三方五湖,日本海さかな街 エリア,10
福井,三方五湖,明通寺 エリア,31
福井,三方五湖,水晶浜 エリア,3
福井,三方五湖,湖上館パムコ（水月湖）エリア,28
福井,三方五湖,熊川宿 エリア,36
福井,三方五湖,福井駅前 エリア,4
福井,三方五湖,美浜町レイクセンター エリア,16
福井,三方五湖,若狭フィッシャーマンズワーフ エリア,4
福井,三方五湖,若狭海遊バザール 千鳥苑 エリア,7
福井,三方五湖,越前そばの里 エリア,11
福井,三方五湖,越前海岸 越前岬 エリア,3
福井,三方五湖,道の駅「三方五湖」  エリア,35
福井,三方五湖,道の駅「南えちぜん山海里」 エリア,7
福井,三方五湖,道の駅「若狭おばま」 エリア,21
福井,三方五湖,道の駅「越前」 エリア,5
福井,三方五湖,金ヶ崎 エリア,12
福井,三方五湖ネイチャークルーズ エリア,レインボーライン,14
福井,中山寺,かつやま恐竜の森 エリア,3
福井,中山寺,若狭高浜 エリア,5
福井,中山寺,道の駅「シーサイド高浜」 エリア,5
福井,丸岡城,JR九頭竜湖駅 エリア,11
福井,丸岡城,JR敦賀駅前 エリア,20
福井,丸岡城,JR美浜駅 エリア,7
福井,丸岡城,JR芦原温泉駅 エリア,34
福井,丸岡城,あわら湯のまち エリア,191
福井,丸岡城,うみんぴあ大飯 エリア,6
福井,丸岡城,えちぜん鉄道 松岡駅 エリア,23
福井,丸岡城,えちぜん鉄道 永平寺口駅 エリア,12
福井,丸岡城,かずら橋 エリア,26
福井,丸岡城,かつやま恐竜の森 エリア,90
福井,丸岡城,だるまちゃん広場 エリア,3
福井,丸岡城,はたや記念館 ゆめおーれ勝山 エリア,9
福井,丸岡城,ふくい鮮いちば エリア,26
福井,丸岡城,まちの市場 こってコテいけだ エリア,5
福井,丸岡城,スキージャム勝山 エリア,3
福井,丸岡城,スーベニアショップ ラプトル エリア,12
福井,丸岡城,スーベニアショップふらぷとる エリア,12
福井,丸岡城,フルーツライン エリア,13
福井,丸岡城,メガネストリート エリア,9
福井,丸岡城,レインボーライン エリア,22
福井,丸岡城,一乗谷朝倉氏遺跡 エリア,103
福井,丸岡城,三国湊 エリア,52
福井,丸岡城,丸岡城 エリア,192
福井,丸岡城,劔神社 エリア,6
福井,丸岡城,北ノ庄 エリア,15
福井,丸岡城,北潟湖 エリア,42
福井,丸岡城,北陸新幹線 越前たけふ駅 エリア,43
福井,丸岡城,名勝 養浩館庭園 エリア,12
福井,丸岡城,大本山 永平寺 エリア,231
福井,丸岡城,小浜市 阿納 エリア,4
福井,丸岡城,平泉寺白山神社 エリア,10
福井,丸岡城,日本海さかな街 エリア,11
福井,丸岡城,明通寺 エリア,16
福井,丸岡城,東尋坊 エリア,71
福井,丸岡城,武生駅 エリア,5
福井,丸岡城,波松 エリア,3
福井,丸岡城,湖上館パムコ（水月湖）エリア,7
福井,丸岡城,熊川宿 エリア,3
福井,丸岡城,福井駅前 エリア,95
福井,丸岡城,福井駅前 エリア（宿泊施設）,43
福井,丸岡城,竹田エリア,34
福井,丸岡城,紫式部公園 エリア,14
福井,丸岡城,美浜町レイクセンター エリア,5
福井,丸岡城,花の駅 ゆりの里公園 エリア,36
福井,丸岡城,若州一滴文庫 エリア,3
福井,丸岡城,若狭フィッシャーマンズワーフ エリア,8
福井,丸岡城,越前そばの里 エリア,96
福井,丸岡城,越前大仏 エリア,6
福井,丸岡城,越前大野城・城下町 エリア,97
福井,丸岡城,越前松島水族館 エリア,23
福井,丸岡城,越前海岸 くりや旅館街 エリア,3
福井,丸岡城,越前海岸 北部 エリア,15
福井,丸岡城,越前海岸 越前岬 エリア,9
福井,丸岡城,越前陶芸村 エリア,8
福井,丸岡城,道の駅「シーサイド高浜」 エリア,4
福井,丸岡城,道の駅「パークイン丹生ヶ丘」 エリア,16
福井,丸岡城,道の駅「三方五湖」  エリア,17
福井,丸岡城,道の駅「南えちぜん山海里」 エリア,54
福井,丸岡城,道の駅「恐竜渓谷かつやま」 エリア,41
福井,丸岡城,道の駅「禅の里」 エリア,19
福井,丸岡城,道の駅「若狭おばま」 エリア,9
福井,丸岡城,道の駅「西山公園」 エリア,20
福井,丸岡城,道の駅「越前」 エリア,27
福井,丸岡城,道の駅「越前おおの荒島の郷」 エリア,30
福井,丸岡城,道の駅みくに ふれあいパーク三里浜 エリア,41
福井,丸岡城,金ヶ崎 エリア,28
福井,丸岡城 エリア,あわら温泉「芦湯」,6
福井,丸岡城 エリア,あわら温泉街,17
福井,丸岡城 エリア,めがねミュージアム,3
福井,丸岡城 エリア,ゆりの里公園ユリーム春江,5
福井,丸岡城 エリア,一乗谷朝倉氏遺跡,82
福井,丸岡城 エリア,一筆啓上 日本一短い手紙の館,13
福井,丸岡城 エリア,三国サンセットビーチ,5
福井,丸岡城 エリア,三國湊レトロ,6
福井,丸岡城 エリア,丸岡城,33
福井,丸岡城 エリア,北の庄城址・柴田公園,22
福井,丸岡城 エリア,吉崎御坊跡,4
福井,丸岡城 エリア,大本山永平寺,72
福井,丸岡城 エリア,岡太神社・大瀧神社,6
福井,丸岡城 エリア,敦賀赤レンガ倉庫,3
福井,丸岡城 エリア,東尋坊,57
福井,丸岡城 エリア,氣比神宮,3
福井,丸岡城 エリア,福井県立恐竜博物館,35
福井,丸岡城 エリア,福井駅,19
福井,丸岡城 エリア,竹田水車メロディパーク,6
福井,丸岡城 エリア,越前がにミュージアム,3
福井,丸岡城 エリア,越前そばの里,4
福井,丸岡城 エリア,越前和紙の里,5
福井,丸岡城 エリア,越前大仏,15
福井,丸岡城 エリア,越前大野城,54
福井,丸岡城 エリア,越前松島水族館,3
福井,丸岡城 エリア,足羽川桜並木,3
福井,丸岡城 エリア,道の駅「さかい」（坂井地域交流センター「いねす」）,9
福井,丸岡城 エリア,道の駅「南えちぜん山海里」,3
福井,丸岡城 エリア,道の駅「越前」,3
福井,丸岡城 エリア,金沢駅周辺（石川県）,3
福井,丸岡城 エリア,養浩館庭園,9
福井,九頭竜スキー場,JR九頭竜湖駅 エリア,5
福井,九頭竜スキー場,越前大野城・城下町 エリア,4
福井,九頭竜スキー場,道の駅「越前おおの荒島の郷」 エリア,7
福井,九頭竜湖,JR九頭竜湖駅 エリア,18
福井,九頭竜湖,あわら湯のまち エリア,4
福井,九頭竜湖,かずら橋 エリア,4
福井,九頭竜湖,丸岡城 エリア,3
福井,九頭竜湖,六呂師高原 エリア,6
福井,九頭竜湖,大本山 永平寺 エリア,15
福井,九頭竜湖,平泉寺白山神社 エリア,4
福井,九頭竜湖,福井駅前 エリア,3
福井,九頭竜湖,越前そばの里 エリア,4
福井,九頭竜湖,越前大野城・城下町 エリア,13
福井,九頭竜湖,道の駅「南えちぜん山海里」 エリア,3
福井,九頭竜湖,道の駅「恐竜渓谷かつやま」 エリア,4
福井,九頭竜湖,道の駅「禅の里」 エリア,4
福井,九頭竜湖,道の駅「越前おおの荒島の郷」 エリア,31
福井,五湖の駅,JR美浜駅 エリア,7
福井,五湖の駅,レインボーライン エリア,8
福井,五湖の駅,湖上館パムコ（水月湖）エリア,4
福井,五湖の駅,熊川宿 エリア,4
福井,五湖の駅,道の駅「三方五湖」  エリア,7
福井,五湖の駅,道の駅「若狭おばま」 エリア,5
福井,京都,JR敦賀駅前 エリア,4
福井,人道の港 敦賀ムゼウム,JR敦賀駅前 エリア,11
福井,人道の港 敦賀ムゼウム,JR美浜駅 エリア,3
福井,人道の港 敦賀ムゼウム,あわら湯のまち エリア,5
福井,人道の港 敦賀ムゼウム,北陸新幹線 越前たけふ駅 エリア,5
福井,人道の港 敦賀ムゼウム,小浜市 阿納 エリア,3
福井,人道の港 敦賀ムゼウム,敦賀市立博物館 エリア,6
福井,人道の港 敦賀ムゼウム,日本海さかな街 エリア,4
福井,人道の港 敦賀ムゼウム,明通寺 エリア,3
福井,人道の港 敦賀ムゼウム,湖上館パムコ（水月湖）エリア,3
福井,人道の港 敦賀ムゼウム,神楽通り エリア,7
福井,人道の港 敦賀ムゼウム,福井駅前 エリア,3
福井,人道の港 敦賀ムゼウム,道の駅「三方五湖」  エリア,4
福井,人道の港 敦賀ムゼウム,金ヶ崎 エリア,52
福井,人魚の浜海水浴場,名田庄 エリア,3
福井,人魚の浜海水浴場,小浜 エリア（宿泊施設）,6
福井,人魚の浜海水浴場,御食国若狭おばま食文化館 エリア,3
福井,人魚の浜海水浴場,若狭フィッシャーマンズワーフ エリア,3
福井,今庄宿,JR敦賀駅前 エリア,15
福井,今庄宿,JR美浜駅 エリア,4
福井,今庄宿,あわら湯のまち エリア,3
福井,今庄宿,メガネストリート エリア,4
福井,今庄宿,今庄宿 エリア,9
福井,今庄宿,大本山 永平寺 エリア,5
福井,今庄宿,敦賀市立博物館 エリア,4
福井,今庄宿,河野北前船主通りエリア,4
福井,今庄宿,福井駅前 エリア,7
福井,今庄宿,紫式部公園 エリア,3
福井,今庄宿,越前そばの里 エリア,17
福井,今庄宿,越前海岸 北部 エリア,3
福井,今庄宿,越前海岸 高佐米ノ旅館街 エリア,3
福井,今庄宿,道の駅「南えちぜん山海里」 エリア,25
福井,今庄宿,道の駅「恐竜渓谷かつやま」 エリア,3
福井,今庄宿,道の駅「西山公園」 エリア,3
福井,今庄宿,金ヶ崎 エリア,5
福井,今庄宿 エリア,一乗谷朝倉氏遺跡,4
福井,今庄宿 エリア,敦賀赤レンガ倉庫,5
福井,今庄宿 エリア,敦賀駅,6
福井,今庄宿 エリア,氣比神宮,6
福井,今庄宿 エリア,道の駅「南えちぜん山海里」,7
福井,休暇村越前三国オートキャンプ場,三国湊 エリア,3
福井,休暇村越前三国オートキャンプ場,越前松島水族館 エリア,9
福井,六呂師高原,はたや記念館 ゆめおーれ勝山 エリア,4
福井,六呂師高原,六呂師高原 エリア,7
福井,六呂師高原,平泉寺白山神社 エリア,4
福井,六呂師高原,越前大野城・城下町 エリア,10
福井,六呂師高原,道の駅「恐竜渓谷かつやま」 エリア,4
福井,六呂師高原,道の駅「越前おおの荒島の郷」 エリア,9
福井,六呂師高原 エリア,あわら温泉街,4
福井,六呂師高原 エリア,はたや記念館 ゆめおーれ勝山,7
福井,六呂師高原 エリア,スキージャム勝山,4
福井,六呂師高原 エリア,一乗谷朝倉氏遺跡,3
福井,六呂師高原 エリア,丸岡城,4
福井,六呂師高原 エリア,勝山城博物館,4
福井,六呂師高原 エリア,北の庄城址・柴田公園,3
福井,六呂師高原 エリア,大本山永平寺,4
福井,六呂師高原 エリア,平泉寺白山神社,3
福井,六呂師高原 エリア,白山平泉寺歴史探遊館 まほろば,3
福井,六呂師高原 エリア,福井県立恐竜博物館,7
福井,六呂師高原 エリア,越前大仏,5
福井,六呂師高原 エリア,越前大野城,14
福井,六呂師高原 エリア,道の駅「九頭竜・和泉ふれあい会館」,6
福井,六呂師高原 エリア,道の駅「恐竜渓谷かつやま」,3
福井,六呂師高原 エリア,道の駅「越前おおの荒島の郷」,10
福井,兼六園,あわら湯のまち エリア,7
福井,兼六園,北潟湖 エリア,3
福井,冠山,かずら橋 エリア,5
福井,冠荘,かずら橋 エリア,5
福井,冠荘,まちの市場 こってコテいけだ エリア,3
福井,冠荘,まちの駅 こってコテいけだ エリア,4
福井,劔神社,あわら湯のまち エリア,4
福井,劔神社,かつやま恐竜の森 エリア,3
福井,劔神社,三国湊 エリア,3
福井,劔神社,丸岡城 エリア,3
福井,劔神社,劔神社 エリア,11
福井,劔神社,北陸新幹線 越前たけふ駅 エリア,3
福井,劔神社,東尋坊 エリア,3
福井,劔神社,福井駅前 エリア,3
福井,劔神社,紫式部公園 エリア,5
福井,劔神社,越前そばの里 エリア,13
福井,劔神社,越前海岸 北部 エリア,3
福井,劔神社,越前海岸 越前岬 エリア,8
福井,劔神社,越前陶芸村 エリア,22
福井,劔神社,道の駅「パークイン丹生ヶ丘」 エリア,21
福井,劔神社,道の駅「南えちぜん山海里」 エリア,3
福井,劔神社,道の駅「越前」 エリア,25
福井,劔神社,道の駅みくに ふれあいパーク三里浜 エリア,3
福井,劔神社 エリア,一乗谷朝倉氏遺跡,6
福井,劔神社 エリア,丸岡城,9
福井,劔神社 エリア,敦賀赤レンガ倉庫,3
福井,劔神社 エリア,東尋坊,3
福井,劔神社 エリア,氣比神宮,3
福井,劔神社 エリア,越前がにミュージアム,6
福井,劔神社 エリア,越前大野城,3
福井,劔神社 エリア,越前海岸,6
福井,劔神社 エリア,越前陶芸村,19
福井,劔神社 エリア,道の駅「パークイン丹生ヶ丘」,8
福井,劔神社 エリア,道の駅「越前」,11
福井,加賀温泉,あわら湯のまち エリア,3
福井,加賀温泉,かつやま恐竜の森 エリア,3
福井,勝山ニューホテル,道の駅「恐竜渓谷かつやま」 エリア,3
福井,勝山城博物館,かつやま恐竜の森 エリア,3
福井,勝山城博物館,はたや記念館 ゆめおーれ勝山 エリア,3
福井,勝山城博物館,スキージャム勝山 エリア,4
福井,勝山城博物館,スーベニアショップふらぷとる エリア,3
福井,勝山城博物館,大本山 永平寺 エリア,4
福井,勝山城博物館,平泉寺白山神社 エリア,7
福井,勝山城博物館,越前大仏 エリア,5
福井,勝山城博物館,越前大野城・城下町 エリア,3
福井,北の庄城址・柴田公園,JR敦賀駅前 エリア,11
福井,北の庄城址・柴田公園,JR美浜駅 エリア,3
福井,北の庄城址・柴田公園,JR芦原温泉駅 エリア,5
福井,北の庄城址・柴田公園,あわら湯のまち エリア,13
福井,北の庄城址・柴田公園,うみんぴあ大飯 エリア,3
福井,北の庄城址・柴田公園,かずら橋 エリア,4
福井,北の庄城址・柴田公園,かつやま恐竜の森 エリア,16
福井,北の庄城址・柴田公園,ふくい鮮いちば エリア,13
福井,北の庄城址・柴田公園,スーベニアショップ ラプトル エリア,3
福井,北の庄城址・柴田公園,メガネストリート エリア,3
福井,北の庄城址・柴田公園,一乗谷朝倉氏遺跡 エリア,23
福井,北の庄城址・柴田公園,三国湊 エリア,7
福井,北の庄城址・柴田公園,丸岡城 エリア,13
福井,北の庄城址・柴田公園,北ノ庄 エリア,75
福井,北の庄城址・柴田公園,北潟湖 エリア,3
福井,北の庄城址・柴田公園,北陸新幹線 越前たけふ駅 エリア,7
福井,北の庄城址・柴田公園,名勝 養浩館庭園 エリア,22
福井,北の庄城址・柴田公園,大安禅寺 エリア,4
福井,北の庄城址・柴田公園,大本山 永平寺 エリア,36
福井,北の庄城址・柴田公園,東尋坊 エリア,4
福井,北の庄城址・柴田公園,福井駅前 エリア,130
福井,北の庄城址・柴田公園,福井駅前 エリア（宿泊施設）,37
福井,北の庄城址・柴田公園,紫式部公園 エリア,3
福井,北の庄城址・柴田公園,花の駅 ゆりの里公園 エリア,3
福井,北の庄城址・柴田公園,越前そばの里 エリア,14
福井,北の庄城址・柴田公園,越前和紙の里 エリア,3
福井,北の庄城址・柴田公園,越前大野城・城下町 エリア,14
福井,北の庄城址・柴田公園,越前海岸 北部 エリア,3
福井,北の庄城址・柴田公園,道の駅「南えちぜん山海里」 エリア,11
福井,北の庄城址・柴田公園,道の駅「恐竜渓谷かつやま」 エリア,7
福井,北の庄城址・柴田公園,道の駅「西山公園」 エリア,3
福井,北の庄城址・柴田公園,道の駅「越前」 エリア,4
福井,北の庄城址・柴田公園,道の駅「越前おおの荒島の郷」 エリア,3
福井,北の庄城址・柴田公園,金ヶ崎 エリア,8
福井,北ノ庄 エリア,一乗谷朝倉氏遺跡,14
福井,北ノ庄 エリア,丸岡城,14
福井,北ノ庄 エリア,北の庄城址・柴田公園,12
福井,北ノ庄 エリア,大本山永平寺,8
福井,北ノ庄 エリア,敦賀赤レンガ倉庫,3
福井,北ノ庄 エリア,福井県立恐竜博物館,5
福井,北ノ庄 エリア,福井駅,13
福井,北ノ庄 エリア,越前和紙の里,3
福井,北ノ庄 エリア,越前大仏,4
福井,北ノ庄 エリア,越前大野城,7
福井,北ノ庄 エリア,養浩館庭園,12
福井,北前船主の館 右近家,劔神社 エリア,3
福井,北前船主の館 右近家,北陸新幹線 越前たけふ駅 エリア,5
福井,北前船主の館 右近家,日本海さかな街 エリア,3
福井,北前船主の館 右近家,河野北前船主通りエリア,5
福井,北前船主の館 右近家,越前そばの里 エリア,3
福井,北前船主の館 右近家,越前海岸 くりや旅館街 エリア,3
福井,北前船主の館 右近家,道の駅「越前」 エリア,17
福井,北前船主の館 右近家 エリア,敦賀赤レンガ倉庫,3
福井,北前船主の館 右近家 エリア,日本海さかな街,5
福井,北前船主の館 右近家 エリア,越前がにミュージアム,4
福井,北潟湖 エリア,あわら温泉「芦湯」,6
福井,北潟湖 エリア,あわら温泉屋台村「湯けむり横丁」,5
福井,北潟湖 エリア,あわら温泉街,22
福井,北潟湖 エリア,ふれあいパーク三里浜(道の駅「みくに」),16
福井,北潟湖 エリア,ゆりの里公園ユリーム春江,8
福井,北潟湖 エリア,ファーマーズマーケットきららの丘,7
福井,北潟湖 エリア,一乗谷朝倉氏遺跡,29
福井,北潟湖 エリア,三国サンセットビーチ,5
福井,北潟湖 エリア,三國湊レトロ,5
福井,北潟湖 エリア,丸岡城,32
福井,北潟湖 エリア,北の庄城址・柴田公園,3
福井,北潟湖 エリア,北潟湖畔公園・サイクリングパーク,7
福井,北潟湖 エリア,吉崎御坊跡,17
福井,北潟湖 エリア,大本山永平寺,15
福井,北潟湖 エリア,小松空港（石川県）,4
福井,北潟湖 エリア,山中温泉（石川県）,3
福井,北潟湖 エリア,山代温泉（石川県）,10
福井,北潟湖 エリア,岡太神社・大瀧神社,3
福井,北潟湖 エリア,敦賀赤レンガ倉庫,4
福井,北潟湖 エリア,日本海さかな街,3
福井,北潟湖 エリア,東尋坊,28
福井,北潟湖 エリア,氣比神宮,7
福井,北潟湖 エリア,片山津温泉（石川県）,3
福井,北潟湖 エリア,福井県立恐竜博物館,18
福井,北潟湖 エリア,福井駅,7
福井,北潟湖 エリア,芝政ワールド,3
福井,北潟湖 エリア,越前がにミュージアム,6
福井,北潟湖 エリア,越前大仏,9
福井,北潟湖 エリア,越前大野城,9
福井,北潟湖 エリア,越前松島水族館,10
福井,北潟湖 エリア,越前陶芸村,3
福井,北潟湖 エリア,道の駅「さかい」（坂井地域交流センター「いねす」）,11
福井,北潟湖 エリア,金沢駅周辺（石川県）,5
福井,北潟湖 エリア,金津創作の森,6
福井,北潟湖畔公園・サイクリングパーク,あわら湯のまち エリア,8
福井,北潟湖畔公園・サイクリングパーク,フルーツライン エリア,9
福井,北潟湖畔公園・サイクリングパーク,三国湊 エリア,3
福井,北潟湖畔公園・サイクリングパーク,北潟湖 エリア,15
福井,北潟湖畔公園・サイクリングパーク,花の駅 ゆりの里公園 エリア,3
福井,北潟湖畔公園・サイクリングパーク,道の駅みくに ふれあいパーク三里浜 エリア,4
福井,北陸新幹線 越前たけふ駅 エリア,「ちひろの生まれた家」記念館,5
福井,北陸新幹線 越前たけふ駅 エリア,あわら温泉街,9
福井,北陸新幹線 越前たけふ駅 エリア,めがねミュージアム,9
福井,北陸新幹線 越前たけふ駅 エリア,タケフナイフビレッジ,4
福井,北陸新幹線 越前たけふ駅 エリア,レインボーライン,4
福井,北陸新幹線 越前たけふ駅 エリア,一乗谷朝倉氏遺跡,33
福井,北陸新幹線 越前たけふ駅 エリア,三方五湖,6
福井,北陸新幹線 越前たけふ駅 エリア,丸岡城,25
福井,北陸新幹線 越前たけふ駅 エリア,北の庄城址・柴田公園,4
福井,北陸新幹線 越前たけふ駅 エリア,大本山永平寺,13
福井,北陸新幹線 越前たけふ駅 エリア,岡太神社・大瀧神社,22
福井,北陸新幹線 越前たけふ駅 エリア,御誕生寺,7
福井,北陸新幹線 越前たけふ駅 エリア,敦賀赤レンガ倉庫,17
福井,北陸新幹線 越前たけふ駅 エリア,敦賀鉄道資料館（旧敦賀港駅舎 ）,5
福井,北陸新幹線 越前たけふ駅 エリア,敦賀駅,5
福井,北陸新幹線 越前たけふ駅 エリア,日本海さかな街,10
福井,北陸新幹線 越前たけふ駅 エリア,東尋坊,16
福井,北陸新幹線 越前たけふ駅 エリア,氣比神宮,15
福井,北陸新幹線 越前たけふ駅 エリア,熊川宿,3
福井,北陸新幹線 越前たけふ駅 エリア,福井県立恐竜博物館,10
福井,北陸新幹線 越前たけふ駅 エリア,福井駅,6
福井,北陸新幹線 越前たけふ駅 エリア,粟津温泉（石川県）,3
福井,北陸新幹線 越前たけふ駅 エリア,花はす公園,6
福井,北陸新幹線 越前たけふ駅 エリア,西山動物園,9
福井,北陸新幹線 越前たけふ駅 エリア,越前がにミュージアム,13
福井,北陸新幹線 越前たけふ駅 エリア,越前そばの里,24
福井,北陸新幹線 越前たけふ駅 エリア,越前和紙の里,22
福井,北陸新幹線 越前たけふ駅 エリア,越前大仏,11
福井,北陸新幹線 越前たけふ駅 エリア,越前大野城,17
福井,北陸新幹線 越前たけふ駅 エリア,越前打刃物会館,5
福井,北陸新幹線 越前たけふ駅 エリア,越前松島水族館,3
福井,北陸新幹線 越前たけふ駅 エリア,越前水仙の里公園,3
福井,北陸新幹線 越前たけふ駅 エリア,越前陶芸村,3
福井,北陸新幹線 越前たけふ駅 エリア,道の駅「さかい」（坂井地域交流センター「いねす」）,3
福井,北陸新幹線 越前たけふ駅 エリア,道の駅「南えちぜん山海里」,26
福井,北陸新幹線 越前たけふ駅 エリア,道の駅「河野」,6
福井,北陸新幹線 越前たけふ駅 エリア,道の駅「若狭おばま」,4
福井,北陸新幹線 越前たけふ駅 エリア,道の駅「若狭熊川宿」,3
福井,北陸新幹線 越前たけふ駅 エリア,道の駅「西山公園」,20
福井,北陸新幹線 越前たけふ駅 エリア,道の駅「越前」,5
福井,北陸新幹線 越前たけふ駅 エリア,養浩館庭園,3
福井,千古の家(坪川家住宅),丸岡城 エリア,4
福井,千古の家(坪川家住宅),大本山 永平寺 エリア,3
福井,吉崎御坊跡,JR芦原温泉駅 エリア,13
福井,吉崎御坊跡,あわら湯のまち エリア,37
福井,吉崎御坊跡,かずら橋 エリア,3
福井,吉崎御坊跡,ふくい鮮いちば エリア,3
福井,吉崎御坊跡,フルーツライン エリア,26
福井,吉崎御坊跡,三国湊 エリア,6
福井,吉崎御坊跡,丸岡城 エリア,5
福井,吉崎御坊跡,北潟湖 エリア,55
福井,吉崎御坊跡,東尋坊 エリア,7
福井,吉崎御坊跡,越前そばの里 エリア,8
福井,吉崎御坊跡,越前松島水族館 エリア,4
福井,吉崎御坊跡,道の駅「恐竜渓谷かつやま」 エリア,3
福井,吉崎御坊跡,道の駅「越前」 エリア,3
福井,吉崎御坊跡,道の駅みくに ふれあいパーク三里浜 エリア,3
福井,名勝 養浩館庭園 エリア,一乗谷朝倉氏遺跡,9
福井,名勝 養浩館庭園 エリア,丸岡城,12
福井,名勝 養浩館庭園 エリア,北の庄城址・柴田公園,16
福井,名勝 養浩館庭園 エリア,大本山永平寺,7
福井,名勝 養浩館庭園 エリア,氣比神宮,5
福井,名勝 養浩館庭園 エリア,福井県立恐竜博物館,6
福井,名勝 養浩館庭園 エリア,福井駅,13
福井,名勝 養浩館庭園 エリア,越前大野城,7
福井,名田庄 エリア,UMIKARA,3
福井,名田庄 エリア,きのこの森,5
福井,名田庄 エリア,エルガイアおおい,7
福井,名田庄 エリア,レインボーライン,3
福井,名田庄 エリア,国分寺 (小浜市),4
福井,名田庄 エリア,大本山永平寺,5
福井,名田庄 エリア,小浜市水産食品センター（若狭小浜お魚センター）,4
福井,名田庄 エリア,御食国若狭おばま食文化館,5
福井,名田庄 エリア,暦会館,3
福井,名田庄 エリア,氣比神宮,5
福井,名田庄 エリア,熊川宿,4
福井,名田庄 エリア,舞鶴（京都府）,4
福井,名田庄 エリア,若狭フィッシャーマンズワーフ,3
福井,名田庄 エリア,若狭和田ビーチ,5
福井,名田庄 エリア,越前大野城,3
福井,名田庄 エリア,道の駅「うみんぴあ大飯」,10
福井,名田庄 エリア,道の駅「シーサイド高浜」,20
福井,名田庄 エリア,道の駅「名田庄」,7
福井,名田庄 エリア,道の駅「若狭おばま」,11
福井,名田庄 エリア,道の駅「若狭熊川宿」,5
福井,呼鳥門,東尋坊 エリア,3
福井,呼鳥門,紫式部公園 エリア,3
福井,呼鳥門,越前そばの里 エリア,3
福井,呼鳥門,越前海岸 北部 エリア,3
福井,呼鳥門,越前海岸 越前岬 エリア,4
福井,呼鳥門,道の駅「パークイン丹生ヶ丘」 エリア,3
福井,呼鳥門,道の駅「越前」 エリア,10
福井,和倉温泉郷（石川県）,あわら湯のまち エリア,3
福井,国分寺 (小浜市),JR美浜駅 エリア,6
福井,国分寺 (小浜市),うみんぴあ大飯 エリア,5
福井,国分寺 (小浜市),レインボーライン エリア,4
福井,国分寺 (小浜市),小浜市 阿納 エリア,3
福井,国分寺 (小浜市),御食国若狭おばま食文化館 エリア,3
福井,国分寺 (小浜市),明通寺 エリア,18
福井,国分寺 (小浜市),若狭フィッシャーマンズワーフ エリア,4
福井,国分寺 (小浜市),若狭高浜 エリア,3
福井,国分寺 (小浜市),道の駅「若狭おばま」 エリア,12
福井,多田寺,JR美浜駅 エリア,3
福井,多田寺,あわら湯のまち エリア,3
福井,多田寺,小浜市 阿納 エリア,3
福井,多田寺,明通寺 エリア,27
福井,多田寺,道の駅「若狭おばま」 エリア,8
福井,大安禅寺,あわら湯のまち エリア,4
福井,大安禅寺,福井駅前 エリア,3
福井,大安禅寺,花の駅 ゆりの里公園 エリア,3
福井,大安禅寺,越前そばの里 エリア,4
福井,大安禅寺,道の駅みくに ふれあいパーク三里浜 エリア,4
福井,大安禅寺 エリア,一乗谷朝倉氏遺跡,3
福井,大本山 永平寺 エリア,あわら温泉「芦湯」,8
福井,大本山 永平寺 エリア,あわら温泉屋台村「湯けむり横丁」,11
福井,大本山 永平寺 エリア,あわら温泉街,46
福井,大本山 永平寺 エリア,うるしの里,3
福井,大本山 永平寺 エリア,かずら橋,3
福井,大本山 永平寺 エリア,びわ湖（滋賀県）,5
福井,大本山 永平寺 エリア,ふれあいパーク三里浜(道の駅「みくに」),4
福井,大本山 永平寺 エリア,めがねミュージアム,5
福井,大本山 永平寺 エリア,スキージャム勝山,9
福井,大本山 永平寺 エリア,レインボーライン,9
福井,大本山 永平寺 エリア,一乗谷朝倉氏遺跡,408
福井,大本山 永平寺 エリア,三国サンセットビーチ,6
福井,大本山 永平寺 エリア,三國湊レトロ,12
福井,大本山 永平寺 エリア,三方五湖,8
福井,大本山 永平寺 エリア,丸岡城,191
福井,大本山 永平寺 エリア,九頭竜湖,7
福井,大本山 永平寺 エリア,今庄宿,4
福井,大本山 永平寺 エリア,勝山城博物館,6
福井,大本山 永平寺 エリア,北の庄城址・柴田公園,26
福井,大本山 永平寺 エリア,吉崎御坊跡,5
福井,大本山 永平寺 エリア,和倉温泉郷（石川県）,3
福井,大本山 永平寺 エリア,大安禅寺,4
福井,大本山 永平寺 エリア,大本山永平寺,54
福井,大本山 永平寺 エリア,小松空港（石川県）,3
福井,大本山 永平寺 エリア,山中温泉（石川県）,10
福井,大本山 永平寺 エリア,山代温泉（石川県）,7
福井,大本山 永平寺 エリア,岡太神社・大瀧神社,11
福井,大本山 永平寺 エリア,平泉寺白山神社,27
福井,大本山 永平寺 エリア,彦根城（滋賀県）,5
福井,大本山 永平寺 エリア,御誕生寺,4
福井,大本山 永平寺 エリア,敦賀赤レンガ倉庫,16
福井,大本山 永平寺 エリア,敦賀鉄道資料館（旧敦賀港駅舎 ）,3
福井,大本山 永平寺 エリア,敦賀駅,7
福井,大本山 永平寺 エリア,日本海さかな街,8
福井,大本山 永平寺 エリア,東尋坊,225
福井,大本山 永平寺 エリア,氣比神宮,50
福井,大本山 永平寺 エリア,水島,3
福井,大本山 永平寺 エリア,片山津温泉（石川県）,4
福井,大本山 永平寺 エリア,白山平泉寺歴史探遊館 まほろば,17
福井,大本山 永平寺 エリア,福井県立恐竜博物館,316
福井,大本山 永平寺 エリア,福井駅,88
福井,大本山 永平寺 エリア,芝政ワールド,3
福井,大本山 永平寺 エリア,若狭フィッシャーマンズワーフ,3
福井,大本山 永平寺 エリア,西山動物園,9
福井,大本山 永平寺 エリア,越前がにミュージアム,10
福井,大本山 永平寺 エリア,越前そばの里,12
福井,大本山 永平寺 エリア,越前和紙の里,6
福井,大本山 永平寺 エリア,越前大仏,99
福井,大本山 永平寺 エリア,越前大野城,108
福井,大本山 永平寺 エリア,越前打刃物会館,4
福井,大本山 永平寺 エリア,越前松島水族館,10
福井,大本山 永平寺 エリア,越前海岸,9
福井,大本山 永平寺 エリア,道の駅「さかい」（坂井地域交流センター「いねす」）,3
福井,大本山 永平寺 エリア,道の駅「一乗谷あさくら水の駅」,5
福井,大本山 永平寺 エリア,道の駅「三方五湖」,4
福井,大本山 永平寺 エリア,道の駅「九頭竜・和泉ふれあい会館」,6
福井,大本山 永平寺 エリア,道の駅「南えちぜん山海里」,4
福井,大本山 永平寺 エリア,道の駅「恐竜渓谷かつやま」,14
福井,大本山 永平寺 エリア,道の駅「禅の里」,21
福井,大本山 永平寺 エリア,道の駅「西山公園」,7
福井,大本山 永平寺 エリア,道の駅「越前」,8
福井,大本山 永平寺 エリア,道の駅「越前おおの荒島の郷」,11
福井,大本山 永平寺 エリア,野外恐竜博物館,10
福井,大本山 永平寺 エリア,金沢駅周辺（石川県）,25
福井,大本山 永平寺 エリア,養浩館庭園,14
福井,大本山永平寺,JR九頭竜湖駅 エリア,20
福井,大本山永平寺,JR敦賀駅前 エリア,16
福井,大本山永平寺,JR美浜駅 エリア,5
福井,大本山永平寺,JR芦原温泉駅 エリア,18
福井,大本山永平寺,あわら湯のまち エリア,297
福井,大本山永平寺,うみんぴあ大飯 エリア,4
福井,大本山永平寺,うるしの里 エリア,4
福井,大本山永平寺,えちぜん鉄道 松岡駅 エリア,66
福井,大本山永平寺,えちぜん鉄道 永平寺口駅 エリア,20
福井,大本山永平寺,かずら橋 エリア,31
福井,大本山永平寺,かつやま恐竜の森 エリア,180
福井,大本山永平寺,だるまちゃん広場 エリア,4
福井,大本山永平寺,はたや記念館 ゆめおーれ勝山 エリア,9
福井,大本山永平寺,ふくい鮮いちば エリア,20
福井,大本山永平寺,まちの市場 こってコテいけだ エリア,7
福井,大本山永平寺,スキージャム勝山 エリア,8
福井,大本山永平寺,スーベニアショップ ラプトル エリア,15
福井,大本山永平寺,スーベニアショップふらぷとる エリア,19
福井,大本山永平寺,タケフナイフビレッジ エリア,4
福井,大本山永平寺,フルーツライン エリア,5
福井,大本山永平寺,メガネストリート エリア,7
福井,大本山永平寺,レインボーライン エリア,26
福井,大本山永平寺,一乗谷朝倉氏遺跡 エリア,178
福井,大本山永平寺,三国湊 エリア,44
福井,大本山永平寺,丸岡城 エリア,89
福井,大本山永平寺,六呂師高原 エリア,3
福井,大本山永平寺,劔神社 エリア,4
福井,大本山永平寺,北ノ庄 エリア,5
福井,大本山永平寺,北潟湖 エリア,23
福井,大本山永平寺,北陸新幹線 越前たけふ駅 エリア,27
福井,大本山永平寺,名勝 養浩館庭園 エリア,14
福井,大本山永平寺,大安禅寺 エリア,4
福井,大本山永平寺,大本山 永平寺 エリア,412
福井,大本山永平寺,小浜市 阿納 エリア,8
福井,大本山永平寺,平泉寺白山神社 エリア,24
福井,大本山永平寺,敦賀市立博物館 エリア,3
福井,大本山永平寺,日本海さかな街 エリア,16
福井,大本山永平寺,明通寺 エリア,10
福井,大本山永平寺,東尋坊 エリア,93
福井,大本山永平寺,武生駅 エリア,6
福井,大本山永平寺,水晶浜 エリア,5
福井,大本山永平寺,湖上館パムコ（水月湖）エリア,3
福井,大本山永平寺,熊川宿 エリア,6
福井,大本山永平寺,福井駅前 エリア,169
福井,大本山永平寺,福井駅前 エリア（宿泊施設）,67
福井,大本山永平寺,竹田エリア,22
福井,大本山永平寺,紫式部公園 エリア,6
福井,大本山永平寺,美浜町レイクセンター エリア,3
福井,大本山永平寺,若狭フィッシャーマンズワーフ エリア,4
福井,大本山永平寺,越前そばの里 エリア,72
福井,大本山永平寺,越前和紙の里 エリア,3
福井,大本山永平寺,越前大仏 エリア,15
福井,大本山永平寺,越前大野城・城下町 エリア,41
福井,大本山永平寺,越前松島水族館 エリア,15
福井,大本山永平寺,越前海岸 くりや旅館街 エリア,13
福井,大本山永平寺,越前海岸 北部 エリア,11
福井,大本山永平寺,越前海岸 越前岬 エリア,13
福井,大本山永平寺,越前海岸 高佐米ノ旅館街 エリア,4
福井,大本山永平寺,越前陶芸村 エリア,3
福井,大本山永平寺,道の駅「パークイン丹生ヶ丘」 エリア,3
福井,大本山永平寺,道の駅「三方五湖」  エリア,13
福井,大本山永平寺,道の駅「南えちぜん山海里」 エリア,52
福井,大本山永平寺,道の駅「恐竜渓谷かつやま」 エリア,48
福井,大本山永平寺,道の駅「禅の里」 エリア,64
福井,大本山永平寺,道の駅「若狭おばま」 エリア,10
福井,大本山永平寺,道の駅「西山公園」 エリア,10
福井,大本山永平寺,道の駅「越前」 エリア,19
福井,大本山永平寺,道の駅「越前おおの荒島の郷」 エリア,23
福井,大本山永平寺,道の駅みくに ふれあいパーク三里浜 エリア,11
福井,大本山永平寺,金ヶ崎 エリア,7
福井,大河ドラマ館,北陸新幹線 越前たけふ駅 エリア,5
福井,大河ドラマ館,紫式部公園 エリア,11
福井,大河ドラマ館,越前そばの里 エリア,3
福井,天橋立（京都府）,うみんぴあ大飯 エリア,3
福井,天橋立（京都府）,レインボーライン エリア,3
福井,天橋立（京都府）,小浜 エリア（宿泊施設）,5
福井,天橋立（京都府）,小浜市 阿納 エリア,3
福井,天橋立（京都府）,明通寺 エリア,4
福井,天橋立（京都府）,熊川宿 エリア,3
福井,天橋立（京都府）,道の駅「シーサイド高浜」 エリア,3
福井,天橋立（京都府）,道の駅「三方五湖」  エリア,8
福井,天橋立（京都府）,道の駅「若狭おばま」 エリア,4
福井,妙楽寺,明通寺 エリア,3
福井,宝慶寺,越前大野城・城下町 エリア,3
福井,小松空港,福井駅前 エリア,3
福井,小松空港（石川県）,あわら湯のまち エリア,6
福井,小松空港（石川県）,大本山 永平寺 エリア,5
福井,小松空港（石川県）,福井駅前 エリア,3
福井,小松空港（石川県）,道の駅「南えちぜん山海里」 エリア,3
福井,小浜 エリア（宿泊施設）,びわ湖（滋賀県）,4
福井,小浜 エリア（宿泊施設）,レインボーライン,15
福井,小浜 エリア（宿泊施設）,一乗谷朝倉氏遺跡,9
福井,小浜 エリア（宿泊施設）,三方五湖,19
福井,小浜 エリア（宿泊施設）,丸岡城,4
福井,小浜 エリア（宿泊施設）,人魚の浜海水浴場,4
福井,小浜 エリア（宿泊施設）,国分寺 (小浜市),3
福井,小浜 エリア（宿泊施設）,大本山永平寺,5
福井,小浜 エリア（宿泊施設）,天橋立（京都府）,3
福井,小浜 エリア（宿泊施設）,小浜市まちの駅・旭座,4
福井,小浜 エリア（宿泊施設）,小浜市水産食品センター（若狭小浜お魚センター）,15
福井,小浜 エリア（宿泊施設）,小浜町家ステイ,3
福井,小浜 エリア（宿泊施設）,御食国若狭おばま食文化館,13
福井,小浜 エリア（宿泊施設）,敦賀赤レンガ倉庫,15
福井,小浜 エリア（宿泊施設）,敦賀駅,6
福井,小浜 エリア（宿泊施設）,日本海さかな街,5
福井,小浜 エリア（宿泊施設）,明通寺,10
福井,小浜 エリア（宿泊施設）,氣比神宮,7
福井,小浜 エリア（宿泊施設）,熊川宿,13
福井,小浜 エリア（宿泊施設）,福井県立恐竜博物館,8
福井,小浜 エリア（宿泊施設）,舞鶴（京都府）,5
福井,小浜 エリア（宿泊施設）,若狭フィッシャーマンズワーフ,16
福井,小浜 エリア（宿泊施設）,若狭和田ビーチ,3
福井,小浜 エリア（宿泊施設）,若狭瓜割名水公園 瓜割の滝,3
福井,小浜 エリア（宿泊施設）,若狭町観光船レイククルーズ,3
福井,小浜 エリア（宿泊施設）,越前大仏,5
福井,小浜 エリア（宿泊施設）,越前大野城,4
福井,小浜 エリア（宿泊施設）,道の駅「うみんぴあ大飯」,3
福井,小浜 エリア（宿泊施設）,道の駅「若狭おばま」,14
福井,小浜 エリア（宿泊施設）,道の駅「若狭熊川宿」,7
福井,小浜市 阿納 エリア,レインボーライン,14
福井,小浜市 阿納 エリア,一乗谷朝倉氏遺跡,5
福井,小浜市 阿納 エリア,三方五湖,17
福井,小浜市 阿納 エリア,丸岡城,4
福井,小浜市 阿納 エリア,国分寺 (小浜市),3
福井,小浜市 阿納 エリア,大本山永平寺,5
福井,小浜市 阿納 エリア,天橋立（京都府）,3
福井,小浜市 阿納 エリア,小浜市水産食品センター（若狭小浜お魚センター）,24
福井,小浜市 阿納 エリア,小浜町並み保存資料館,3
福井,小浜市 阿納 エリア,御食国若狭おばま食文化館,9
福井,小浜市 阿納 エリア,敦賀赤レンガ倉庫,12
福井,小浜市 阿納 エリア,敦賀駅,4
福井,小浜市 阿納 エリア,日本海さかな街,13
福井,小浜市 阿納 エリア,明通寺,14
福井,小浜市 阿納 エリア,東尋坊,5
福井,小浜市 阿納 エリア,氣比神宮,20
福井,小浜市 阿納 エリア,熊川宿,19
福井,小浜市 阿納 エリア,神宮寺,4
福井,小浜市 阿納 エリア,福井県こども家族館,3
福井,小浜市 阿納 エリア,福井県年縞博物館,5
福井,小浜市 阿納 エリア,福井県立恐竜博物館,9
福井,小浜市 阿納 エリア,福井駅,3
福井,小浜市 阿納 エリア,舞鶴（京都府）,3
福井,小浜市 阿納 エリア,若狭フィッシャーマンズワーフ,22
福井,小浜市 阿納 エリア,若狭瓜割名水公園 瓜割の滝,3
福井,小浜市 阿納 エリア,越前がにミュージアム,4
福井,小浜市 阿納 エリア,越前大仏,4
福井,小浜市 阿納 エリア,越前大野城,4
福井,小浜市 阿納 エリア,道の駅「若狭おばま」,18
福井,小浜市 阿納 エリア,道の駅「若狭熊川宿」,12
福井,小浜市まちの駅 エリア,小浜市まちの駅・旭座,3
福井,小浜市まちの駅 エリア,小浜市水産食品センター（若狭小浜お魚センター）,7
福井,小浜市まちの駅 エリア,御食国若狭おばま食文化館,5
福井,小浜市まちの駅 エリア,熊川宿,6
福井,小浜市まちの駅 エリア,若狭フィッシャーマンズワーフ,7
福井,小浜市まちの駅 エリア,道の駅「うみんぴあ大飯」,5
福井,小浜市まちの駅 エリア,道の駅「若狭おばま」,11
福井,小浜市まちの駅・旭座,JR美浜駅 エリア,4
福井,小浜市まちの駅・旭座,うみんぴあ大飯 エリア,3
福井,小浜市まちの駅・旭座,小浜 エリア（宿泊施設）,8
福井,小浜市まちの駅・旭座,小浜市 阿納 エリア,4
福井,小浜市まちの駅・旭座,小浜市まちの駅 エリア,4
福井,小浜市まちの駅・旭座,御食国若狭おばま食文化館 エリア,11
福井,小浜市まちの駅・旭座,明通寺 エリア,7
福井,小浜市まちの駅・旭座,熊川宿 エリア,5
福井,小浜市まちの駅・旭座,若狭フィッシャーマンズワーフ エリア,8
福井,小浜市まちの駅・旭座,道の駅「若狭おばま」 エリア,10
福井,小浜市水産食品センター（若狭小浜お魚センター）,JR敦賀駅前 エリア,3
福井,小浜市水産食品センター（若狭小浜お魚センター）,JR美浜駅 エリア,4
福井,小浜市水産食品センター（若狭小浜お魚センター）,うみんぴあ大飯 エリア,18
福井,小浜市水産食品センター（若狭小浜お魚センター）,レインボーライン エリア,6
福井,小浜市水産食品センター（若狭小浜お魚センター）,北陸新幹線 越前たけふ駅 エリア,3
福井,小浜市水産食品センター（若狭小浜お魚センター）,名田庄 エリア,6
福井,小浜市水産食品センター（若狭小浜お魚センター）,小浜 エリア（宿泊施設）,11
福井,小浜市水産食品センター（若狭小浜お魚センター）,小浜市 阿納 エリア,16
福井,小浜市水産食品センター（若狭小浜お魚センター）,小浜市まちの駅 エリア,3
福井,小浜市水産食品センター（若狭小浜お魚センター）,御食国若狭おばま食文化館 エリア,17
福井,小浜市水産食品センター（若狭小浜お魚センター）,日本海さかな街 エリア,3
福井,小浜市水産食品センター（若狭小浜お魚センター）,明通寺 エリア,21
福井,小浜市水産食品センター（若狭小浜お魚センター）,湖上館パムコ（水月湖）エリア,6
福井,小浜市水産食品センター（若狭小浜お魚センター）,熊川宿 エリア,10
福井,小浜市水産食品センター（若狭小浜お魚センター）,箸のふるさと館WAKASA エリア,4
福井,小浜市水産食品センター（若狭小浜お魚センター）,若狭フィッシャーマンズワーフ エリア,17
福井,小浜市水産食品センター（若狭小浜お魚センター）,道の駅「三方五湖」  エリア,8
福井,小浜市水産食品センター（若狭小浜お魚センター）,道の駅「若狭おばま」 エリア,35
福井,小浜市水産食品センター（若狭小浜お魚センター）,金ヶ崎 エリア,3
福井,小浜町並み保存資料館,小浜 エリア（宿泊施設）,3
福井,小浜町並み保存資料館,小浜市 阿納 エリア,3
福井,小浜町並み保存資料館,明通寺 エリア,3
福井,小浜町並み保存資料館,道の駅「若狭おばま」 エリア,4
福井,小浜町家ステイ,小浜 エリア（宿泊施設）,7
福井,小浜町家ステイ,道の駅「若狭おばま」 エリア,3
福井,小牧かまぼこ,日本海さかな街 エリア,4
福井,山中温泉（石川県）,あわら湯のまち エリア,6
福井,山中温泉（石川県）,かつやま恐竜の森 エリア,5
福井,山中温泉（石川県）,北潟湖 エリア,6
福井,山中温泉（石川県）,大本山 永平寺 エリア,20
福井,山中温泉（石川県）,竹田エリア,6
福井,山中温泉（石川県）,越前そばの里 エリア,4
福井,山中温泉（石川県）,道の駅「恐竜渓谷かつやま」 エリア,3
福井,山代温泉（石川県）,JR芦原温泉駅 エリア,3
福井,山代温泉（石川県）,あわら湯のまち エリア,6
福井,山代温泉（石川県）,かつやま恐竜の森 エリア,4
福井,山代温泉（石川県）,丸岡城 エリア,3
福井,山代温泉（石川県）,北潟湖 エリア,3
福井,山代温泉（石川県）,大本山 永平寺 エリア,15
福井,山代温泉（石川県）,東尋坊 エリア,5
福井,山代温泉（石川県）,道の駅「南えちぜん山海里」 エリア,7
福井,岡太神社・大瀧神社,JR敦賀駅前 エリア,3
福井,岡太神社・大瀧神社,JR美浜駅 エリア,3
福井,岡太神社・大瀧神社,あわら湯のまち エリア,7
福井,岡太神社・大瀧神社,かずら橋 エリア,17
福井,岡太神社・大瀧神社,かつやま恐竜の森 エリア,9
福井,岡太神社・大瀧神社,まちの市場 こってコテいけだ エリア,4
福井,岡太神社・大瀧神社,タケフナイフビレッジ エリア,7
福井,岡太神社・大瀧神社,メガネストリート エリア,3
福井,岡太神社・大瀧神社,レインボーライン エリア,3
福井,岡太神社・大瀧神社,一乗谷朝倉氏遺跡 エリア,10
福井,岡太神社・大瀧神社,三国湊 エリア,6
福井,岡太神社・大瀧神社,丸岡城 エリア,3
福井,岡太神社・大瀧神社,劔神社 エリア,6
福井,岡太神社・大瀧神社,北陸新幹線 越前たけふ駅 エリア,25
福井,岡太神社・大瀧神社,名田庄 エリア,3
福井,岡太神社・大瀧神社,大本山 永平寺 エリア,10
福井,岡太神社・大瀧神社,小浜 エリア（宿泊施設）,3
福井,岡太神社・大瀧神社,明通寺 エリア,5
福井,岡太神社・大瀧神社,東尋坊 エリア,3
福井,岡太神社・大瀧神社,武生駅 エリア,3
福井,岡太神社・大瀧神社,湖上館パムコ（水月湖）エリア,3
福井,岡太神社・大瀧神社,福井駅前 エリア,11
福井,岡太神社・大瀧神社,福井駅前 エリア（宿泊施設）,5
福井,岡太神社・大瀧神社,紫式部公園 エリア,15
福井,岡太神社・大瀧神社,花の駅 ゆりの里公園 エリア,3
福井,岡太神社・大瀧神社,越前そばの里 エリア,102
福井,岡太神社・大瀧神社,越前和紙の里 エリア,13
福井,岡太神社・大瀧神社,越前大野城・城下町 エリア,4
福井,岡太神社・大瀧神社,越前陶芸村 エリア,3
福井,岡太神社・大瀧神社,道の駅「パークイン丹生ヶ丘」 エリア,4
福井,岡太神社・大瀧神社,道の駅「三方五湖」  エリア,3
福井,岡太神社・大瀧神社,道の駅「南えちぜん山海里」 エリア,10
福井,岡太神社・大瀧神社,道の駅「若狭おばま」 エリア,3
福井,岡太神社・大瀧神社,道の駅「越前」 エリア,5
福井,岡太神社・大瀧神社,道の駅「越前おおの荒島の郷」 エリア,3
福井,岡太神社・大瀧神社,金ヶ崎 エリア,7
福井,帰ります,福井駅前 エリア,3
福井,帰宅,JR九頭竜湖駅 エリア,4
福井,帰宅,JR敦賀駅前 エリア,4
福井,帰宅,JR芦原温泉駅 エリア,5
福井,帰宅,あわら湯のまち エリア,4
福井,帰宅,かつやま恐竜の森 エリア,8
福井,帰宅,レインボーライン エリア,4
福井,帰宅,一乗谷朝倉氏遺跡 エリア,4
福井,帰宅,北陸新幹線 越前たけふ駅 エリア,7
福井,帰宅,名田庄 エリア,3
福井,帰宅,大本山 永平寺 エリア,6
福井,帰宅,日本海さかな街 エリア,6
福井,帰宅,熊川宿 エリア,4
福井,帰宅,福井駅前 エリア,19
福井,帰宅,福井駅前 エリア（宿泊施設）,3
福井,帰宅,越前そばの里 エリア,12
福井,帰宅,道の駅「三方五湖」  エリア,6
福井,帰宅,道の駅「南えちぜん山海里」 エリア,22
福井,帰宅,道の駅「若狭おばま」 エリア,6
福井,帰宅,道の駅「越前おおの荒島の郷」 エリア,4
福井,帰宅します,大本山 永平寺 エリア,3
福井,平泉寺白山神社,あわら湯のまち エリア,8
福井,平泉寺白山神社,かつやま恐竜の森 エリア,17
福井,平泉寺白山神社,はたや記念館 ゆめおーれ勝山 エリア,9
福井,平泉寺白山神社,一乗谷朝倉氏遺跡 エリア,10
福井,平泉寺白山神社,六呂師高原 エリア,4
福井,平泉寺白山神社,大本山 永平寺 エリア,20
福井,平泉寺白山神社,平泉寺白山神社 エリア,9
福井,平泉寺白山神社,東尋坊 エリア,3
福井,平泉寺白山神社,福井駅前 エリア,5
福井,平泉寺白山神社,越前そばの里 エリア,6
福井,平泉寺白山神社,越前大仏 エリア,5
福井,平泉寺白山神社,越前大野城・城下町 エリア,9
福井,平泉寺白山神社,道の駅「南えちぜん山海里」 エリア,3
福井,平泉寺白山神社,道の駅「恐竜渓谷かつやま」 エリア,9
福井,平泉寺白山神社,道の駅「禅の里」 エリア,3
福井,平泉寺白山神社,道の駅「越前おおの荒島の郷」 エリア,8
福井,平泉寺白山神社 エリア,あわら温泉街,3
福井,平泉寺白山神社 エリア,はたや記念館 ゆめおーれ勝山,3
福井,平泉寺白山神社 エリア,一乗谷朝倉氏遺跡,19
福井,平泉寺白山神社 エリア,丸岡城,6
福井,平泉寺白山神社 エリア,勝山城博物館,6
福井,平泉寺白山神社 エリア,大本山永平寺,19
福井,平泉寺白山神社 エリア,東尋坊,3
福井,平泉寺白山神社 エリア,氣比神宮,5
福井,平泉寺白山神社 エリア,白山平泉寺歴史探遊館 まほろば,4
福井,平泉寺白山神社 エリア,福井県立恐竜博物館,22
福井,平泉寺白山神社 エリア,福井駅,6
福井,平泉寺白山神社 エリア,越前大仏,21
福井,平泉寺白山神社 エリア,越前大野城,17
福井,平泉寺白山神社 エリア,道の駅「恐竜渓谷かつやま」,4
福井,年縞博物館,道の駅「三方五湖」  エリア,4
福井,彦根城（滋賀県）,大本山 永平寺 エリア,5
福井,御誕生寺,かずら橋 エリア,4
福井,御誕生寺,北陸新幹線 越前たけふ駅 エリア,15
福井,御誕生寺,紫式部公園 エリア,8
福井,御誕生寺,越前そばの里 エリア,35
福井,御誕生寺,道の駅「南えちぜん山海里」 エリア,3
福井,御食国若狭おばま食文化館,JR美浜駅 エリア,7
福井,御食国若狭おばま食文化館,うみんぴあ大飯 エリア,15
福井,御食国若狭おばま食文化館,レインボーライン エリア,4
福井,御食国若狭おばま食文化館,名田庄 エリア,5
福井,御食国若狭おばま食文化館,小浜 エリア（宿泊施設）,9
福井,御食国若狭おばま食文化館,小浜市 阿納 エリア,14
福井,御食国若狭おばま食文化館,小浜市まちの駅 エリア,8
福井,御食国若狭おばま食文化館,御食国若狭おばま食文化館 エリア,15
福井,御食国若狭おばま食文化館,明通寺 エリア,16
福井,御食国若狭おばま食文化館,熊川宿 エリア,9
福井,御食国若狭おばま食文化館,箸のふるさと館WAKASA エリア,7
福井,御食国若狭おばま食文化館,美浜町レイクセンター エリア,4
福井,御食国若狭おばま食文化館,若狭フィッシャーマンズワーフ エリア,28
福井,御食国若狭おばま食文化館,道の駅「三方五湖」  エリア,6
福井,御食国若狭おばま食文化館,道の駅「若狭おばま」 エリア,53
福井,御食国若狭おばま食文化館 エリア,エルガイアおおい,3
福井,御食国若狭おばま食文化館 エリア,レインボーライン,8
福井,御食国若狭おばま食文化館 エリア,三方五湖,5
福井,御食国若狭おばま食文化館 エリア,小浜市まちの駅・旭座,4
福井,御食国若狭おばま食文化館 エリア,小浜市水産食品センター（若狭小浜お魚センター）,9
福井,御食国若狭おばま食文化館 エリア,御食国若狭おばま食文化館,5
福井,御食国若狭おばま食文化館 エリア,日本海さかな街,4
福井,御食国若狭おばま食文化館 エリア,熊川宿,15
福井,御食国若狭おばま食文化館 エリア,若狭フィッシャーマンズワーフ,17
福井,御食国若狭おばま食文化館 エリア,若狭和田ビーチ,3
福井,御食国若狭おばま食文化館 エリア,若狭歴史博物館,3
福井,御食国若狭おばま食文化館 エリア,若狭瓜割名水公園 瓜割の滝,5
福井,御食国若狭おばま食文化館 エリア,越前大野城,3
福井,御食国若狭おばま食文化館 エリア,道の駅「うみんぴあ大飯」,11
福井,御食国若狭おばま食文化館 エリア,道の駅「シーサイド高浜」,3
福井,御食国若狭おばま食文化館 エリア,道の駅「三方五湖」,3
福井,御食国若狭おばま食文化館 エリア,道の駅「名田庄」,4
福井,御食国若狭おばま食文化館 エリア,道の駅「若狭おばま」,27
福井,御食国若狭おばま食文化館 エリア,道の駅「若狭熊川宿」,7
福井,徳山ダム,かずら橋 エリア,4
福井,徳山ダム,まちの市場 こってコテいけだ エリア,3
福井,恐竜博物館,あわら湯のまち エリア,19
福井,恐竜博物館,一乗谷朝倉氏遺跡 エリア,5
福井,恐竜博物館,三国湊 エリア,4
福井,恐竜博物館,丸岡城 エリア,3
福井,恐竜博物館,大本山 永平寺 エリア,15
福井,恐竜博物館,東尋坊 エリア,3
福井,恐竜博物館,福井駅前 エリア,10
福井,恐竜博物館,福井駅前 エリア（宿泊施設）,5
福井,恐竜博物館,越前そばの里 エリア,3
福井,恐竜博物館,越前大野城・城下町 エリア,3
福井,恐竜博物館,越前松島水族館 エリア,3
福井,恐竜博物館,道の駅「恐竜渓谷かつやま」 エリア,6
福井,恐竜博物館,道の駅「禅の里」 エリア,3
福井,恐竜博物館,道の駅「越前おおの荒島の郷」 エリア,3
福井,敦賀,道の駅「三方五湖」  エリア,3
福井,敦賀市立博物館,敦賀市立博物館 エリア,5
福井,敦賀市立博物館,神楽通り エリア,4
福井,敦賀市立博物館,越前そばの里 エリア,3
福井,敦賀市立博物館,金ヶ崎 エリア,12
福井,敦賀市立博物館 エリア,レインボーライン,3
福井,敦賀市立博物館 エリア,一乗谷朝倉氏遺跡,4
福井,敦賀市立博物館 エリア,人道の港 敦賀ムゼウム,9
福井,敦賀市立博物館 エリア,北の庄城址・柴田公園,3
福井,敦賀市立博物館 エリア,敦賀赤レンガ倉庫,30
福井,敦賀市立博物館 エリア,敦賀鉄道資料館（旧敦賀港駅舎 ）,4
福井,敦賀市立博物館 エリア,敦賀駅,9
福井,敦賀市立博物館 エリア,日本海さかな街,7
福井,敦賀市立博物館 エリア,気比の松原,3
福井,敦賀市立博物館 エリア,氣比神宮,21
福井,敦賀赤レンガ倉庫,JR九頭竜湖駅 エリア,3
福井,敦賀赤レンガ倉庫,JR敦賀駅前 エリア,62
福井,敦賀赤レンガ倉庫,JR美浜駅 エリア,40
福井,敦賀赤レンガ倉庫,あわら湯のまち エリア,13
福井,敦賀赤レンガ倉庫,うみんぴあ大飯 エリア,16
福井,敦賀赤レンガ倉庫,かずら橋 エリア,3
福井,敦賀赤レンガ倉庫,かつやま恐竜の森 エリア,8
福井,敦賀赤レンガ倉庫,かにファクトリー 甲羅組 エリア,6
福井,敦賀赤レンガ倉庫,メガネストリート エリア,6
福井,敦賀赤レンガ倉庫,レインボーライン エリア,22
福井,敦賀赤レンガ倉庫,一乗谷朝倉氏遺跡 エリア,12
福井,敦賀赤レンガ倉庫,三国湊 エリア,7
福井,敦賀赤レンガ倉庫,劔神社 エリア,4
福井,敦賀赤レンガ倉庫,北潟湖 エリア,4
福井,敦賀赤レンガ倉庫,北陸新幹線 越前たけふ駅 エリア,10
福井,敦賀赤レンガ倉庫,名田庄 エリア,7
福井,敦賀赤レンガ倉庫,大本山 永平寺 エリア,11
福井,敦賀赤レンガ倉庫,小浜 エリア（宿泊施設）,6
福井,敦賀赤レンガ倉庫,小浜市 阿納 エリア,14
福井,敦賀赤レンガ倉庫,御食国若狭おばま食文化館 エリア,9
福井,敦賀赤レンガ倉庫,敦賀市立博物館 エリア,22
福井,敦賀赤レンガ倉庫,日本海さかな街 エリア,45
福井,敦賀赤レンガ倉庫,明通寺 エリア,4
福井,敦賀赤レンガ倉庫,東尋坊 エリア,6
福井,敦賀赤レンガ倉庫,水晶浜 エリア,4
福井,敦賀赤レンガ倉庫,河野北前船主通りエリア,4
福井,敦賀赤レンガ倉庫,湖上館パムコ（水月湖）エリア,10
福井,敦賀赤レンガ倉庫,熊川宿 エリア,17
福井,敦賀赤レンガ倉庫,神楽通り エリア,9
福井,敦賀赤レンガ倉庫,福井駅前 エリア,22
福井,敦賀赤レンガ倉庫,箸のふるさと館WAKASA エリア,4
福井,敦賀赤レンガ倉庫,紫式部公園 エリア,6
福井,敦賀赤レンガ倉庫,美浜町レイクセンター エリア,4
福井,敦賀赤レンガ倉庫,若狭フィッシャーマンズワーフ エリア,7
福井,敦賀赤レンガ倉庫,若狭海遊バザール 千鳥苑 エリア,3
福井,敦賀赤レンガ倉庫,若狭高浜 エリア,4
福井,敦賀赤レンガ倉庫,越前そばの里 エリア,29
福井,敦賀赤レンガ倉庫,越前大野城・城下町 エリア,4
福井,敦賀赤レンガ倉庫,越前海岸 くりや旅館街 エリア,3
福井,敦賀赤レンガ倉庫,越前海岸 北部 エリア,4
福井,敦賀赤レンガ倉庫,越前海岸 高佐米ノ旅館街 エリア,5
福井,敦賀赤レンガ倉庫,道の駅「シーサイド高浜」 エリア,9
福井,敦賀赤レンガ倉庫,道の駅「パークイン丹生ヶ丘」 エリア,3
福井,敦賀赤レンガ倉庫,道の駅「三方五湖」  エリア,33
福井,敦賀赤レンガ倉庫,道の駅「南えちぜん山海里」 エリア,23
福井,敦賀赤レンガ倉庫,道の駅「禅の里」 エリア,3
福井,敦賀赤レンガ倉庫,道の駅「若狭おばま」 エリア,18
福井,敦賀赤レンガ倉庫,道の駅「西山公園」 エリア,4
福井,敦賀赤レンガ倉庫,道の駅「越前」 エリア,18
福井,敦賀赤レンガ倉庫,道の駅「越前おおの荒島の郷」 エリア,3
福井,敦賀赤レンガ倉庫,道の駅みくに ふれあいパーク三里浜 エリア,4
福井,敦賀赤レンガ倉庫,金ヶ崎 エリア,293
福井,敦賀鉄道資料館（旧敦賀港駅舎 ）,JR敦賀駅前 エリア,14
福井,敦賀鉄道資料館（旧敦賀港駅舎 ）,JR美浜駅 エリア,5
福井,敦賀鉄道資料館（旧敦賀港駅舎 ）,北陸新幹線 越前たけふ駅 エリア,3
福井,敦賀鉄道資料館（旧敦賀港駅舎 ）,大本山 永平寺 エリア,3
福井,敦賀鉄道資料館（旧敦賀港駅舎 ）,敦賀市立博物館 エリア,7
福井,敦賀鉄道資料館（旧敦賀港駅舎 ）,福井駅前 エリア,9
福井,敦賀鉄道資料館（旧敦賀港駅舎 ）,金ヶ崎 エリア,44
福井,敦賀駅,JR敦賀駅前 エリア,28
福井,敦賀駅,JR美浜駅 エリア,14
福井,敦賀駅,JR芦原温泉駅 エリア,7
福井,敦賀駅,あわら湯のまち エリア,10
福井,敦賀駅,かつやま恐竜の森 エリア,3
福井,敦賀駅,レインボーライン エリア,12
福井,敦賀駅,一乗谷朝倉氏遺跡 エリア,3
福井,敦賀駅,今庄宿 エリア,6
福井,敦賀駅,北陸新幹線 越前たけふ駅 エリア,7
福井,敦賀駅,大本山 永平寺 エリア,4
福井,敦賀駅,小浜 エリア（宿泊施設）,7
福井,敦賀駅,御食国若狭おばま食文化館 エリア,4
福井,敦賀駅,敦賀市立博物館 エリア,6
福井,敦賀駅,日本海さかな街 エリア,20
福井,敦賀駅,明通寺 エリア,3
福井,敦賀駅,東尋坊 エリア,4
福井,敦賀駅,湖上館パムコ（水月湖）エリア,3
福井,敦賀駅,神楽通り エリア,6
福井,敦賀駅,福井駅前 エリア,16
福井,敦賀駅,福井駅前 エリア（宿泊施設）,6
福井,敦賀駅,紫式部公園 エリア,8
福井,敦賀駅,美浜町レイクセンター エリア,4
福井,敦賀駅,若狭海遊バザール 千鳥苑 エリア,3
福井,敦賀駅,越前そばの里 エリア,5
福井,敦賀駅,越前大野城・城下町 エリア,3
福井,敦賀駅,道の駅「三方五湖」  エリア,3
福井,敦賀駅,道の駅「南えちぜん山海里」 エリア,5
福井,敦賀駅,道の駅「若狭おばま」 エリア,3
福井,敦賀駅,道の駅「越前」 エリア,3
福井,敦賀駅,金ヶ崎 エリア,27
福井,新月亭,道の駅「パークイン丹生ヶ丘」 エリア,3
福井,日本海さかな街,JR敦賀駅前 エリア,21
福井,日本海さかな街,JR美浜駅 エリア,21
福井,日本海さかな街,あわら湯のまち エリア,12
福井,日本海さかな街,うみんぴあ大飯 エリア,5
福井,日本海さかな街,かつやま恐竜の森 エリア,8
福井,日本海さかな街,かにファクトリー 甲羅組 エリア,3
福井,日本海さかな街,メガネストリート エリア,3
福井,日本海さかな街,レインボーライン エリア,28
福井,日本海さかな街,三方五湖ネイチャークルーズ エリア,3
福井,日本海さかな街,今庄宿 エリア,3
福井,日本海さかな街,北前船主の館 右近家 エリア,3
福井,日本海さかな街,北陸新幹線 越前たけふ駅 エリア,5
福井,日本海さかな街,大本山 永平寺 エリア,4
福井,日本海さかな街,小浜 エリア（宿泊施設）,6
福井,日本海さかな街,小浜市 阿納 エリア,5
福井,日本海さかな街,敦賀市立博物館 エリア,8
福井,日本海さかな街,日本海さかな街 エリア,12
福井,日本海さかな街,明通寺 エリア,9
福井,日本海さかな街,東尋坊 エリア,4
福井,日本海さかな街,水晶浜 エリア,8
福井,日本海さかな街,湖上館パムコ（水月湖）エリア,5
福井,日本海さかな街,熊川宿 エリア,4
福井,日本海さかな街,神楽通り エリア,5
福井,日本海さかな街,福井駅前 エリア,5
福井,日本海さかな街,紫式部公園 エリア,9
福井,日本海さかな街,美浜町レイクセンター エリア,9
福井,日本海さかな街,若狭フィッシャーマンズワーフ エリア,4
福井,日本海さかな街,若狭海遊バザール 千鳥苑 エリア,6
福井,日本海さかな街,越前そばの里 エリア,19
福井,日本海さかな街,越前海岸 越前岬 エリア,7
福井,日本海さかな街,越前陶芸村 エリア,4
福井,日本海さかな街,道の駅「三方五湖」  エリア,17
福井,日本海さかな街,道の駅「南えちぜん山海里」 エリア,8
福井,日本海さかな街,道の駅「恐竜渓谷かつやま」 エリア,5
福井,日本海さかな街,道の駅「若狭おばま」 エリア,9
福井,日本海さかな街,道の駅「西山公園」 エリア,3
福井,日本海さかな街,道の駅「越前」 エリア,10
福井,日本海さかな街,金ヶ崎 エリア,22
福井,日本海さかな街 エリア,びわ湖（滋賀県）,3
福井,日本海さかな街 エリア,レインボーライン,8
福井,日本海さかな街 エリア,一乗谷朝倉氏遺跡,5
福井,日本海さかな街 エリア,三方五湖,13
福井,日本海さかな街 エリア,丸岡城,6
福井,日本海さかな街 エリア,人道の港 敦賀ムゼウム,7
福井,日本海さかな街 エリア,大本山永平寺,5
福井,日本海さかな街 エリア,敦賀市立博物館,3
福井,日本海さかな街 エリア,敦賀赤レンガ倉庫,24
福井,日本海さかな街 エリア,敦賀駅,17
福井,日本海さかな街 エリア,日本海さかな街,5
福井,日本海さかな街 エリア,東尋坊,9
福井,日本海さかな街 エリア,気比の松原,8
福井,日本海さかな街 エリア,氣比神宮,43
福井,日本海さかな街 エリア,熊川宿,3
福井,日本海さかな街 エリア,福井県立恐竜博物館,3
福井,日本海さかな街 エリア,福井駅,3
福井,日本海さかな街 エリア,若狭フィッシャーマンズワーフ,3
福井,日本海さかな街 エリア,若狭海遊バザール千鳥苑 若狭美浜 海の駅,3
福井,日本海さかな街 エリア,若狭瓜割名水公園 瓜割の滝,3
福井,日本海さかな街 エリア,越前がにミュージアム,3
福井,日本海さかな街 エリア,越前そばの里,3
福井,日本海さかな街 エリア,越前大仏,4
福井,日本海さかな街 エリア,越前大野城,5
福井,日本海さかな街 エリア,道の駅「三方五湖」,7
福井,日本海さかな街 エリア,道の駅「若狭おばま」,3
福井,明城ファーム,越前そばの里 エリア,22
福井,明通寺,JR美浜駅 エリア,3
福井,明通寺,あわら湯のまち エリア,4
福井,明通寺,うみんぴあ大飯 エリア,9
福井,明通寺,レインボーライン エリア,7
福井,明通寺,名田庄 エリア,4
福井,明通寺,小浜 エリア（宿泊施設）,8
福井,明通寺,小浜市 阿納 エリア,10
福井,明通寺,御食国若狭おばま食文化館 エリア,6
福井,明通寺,明通寺 エリア,82
福井,明通寺,熊川宿 エリア,9
福井,明通寺,若狭フィッシャーマンズワーフ エリア,5
福井,明通寺,道の駅「三方五湖」  エリア,10
福井,明通寺,道の駅「若狭おばま」 エリア,15
福井,明通寺 エリア,ホテルうみんぴあ,3
福井,明通寺 エリア,メタセコイア並木（滋賀県）,3
福井,明通寺 エリア,レインボーライン,26
福井,明通寺 エリア,一乗谷朝倉氏遺跡,22
福井,明通寺 エリア,三丁町,6
福井,明通寺 エリア,三方五湖,23
福井,明通寺 エリア,丸岡城,11
福井,明通寺 エリア,国分寺 (小浜市),16
福井,明通寺 エリア,多田寺,16
福井,明通寺 エリア,大本山永平寺,3
福井,明通寺 エリア,天橋立（京都府）,4
福井,明通寺 エリア,小浜市水産食品センター（若狭小浜お魚センター）,25
福井,明通寺 エリア,小浜町並み保存資料館,5
福井,明通寺 エリア,岡太神社・大瀧神社,8
福井,明通寺 エリア,御食国若狭おばま食文化館,18
福井,明通寺 エリア,敦賀赤レンガ倉庫,12
福井,明通寺 エリア,敦賀駅,5
福井,明通寺 エリア,日本海さかな街,8
福井,明通寺 エリア,明通寺,10
福井,明通寺 エリア,気比の松原,5
福井,明通寺 エリア,氣比神宮,32
福井,明通寺 エリア,熊川宿,49
福井,明通寺 エリア,神宮寺,54
福井,明通寺 エリア,福井県年縞博物館,16
福井,明通寺 エリア,福井県立恐竜博物館,4
福井,明通寺 エリア,羽賀寺,18
福井,明通寺 エリア,舞鶴（京都府）,3
福井,明通寺 エリア,若狭フィッシャーマンズワーフ,15
福井,明通寺 エリア,若狭三方縄文博物館,7
福井,明通寺 エリア,若狭和田ビーチ,3
福井,明通寺 エリア,若狭歴史博物館,14
福井,明通寺 エリア,若狭瓜割名水公園 瓜割の滝,27
福井,明通寺 エリア,越前大野城,6
福井,明通寺 エリア,道の駅「うみんぴあ大飯」,5
福井,明通寺 エリア,道の駅「シーサイド高浜」,4
福井,明通寺 エリア,道の駅「三方五湖」,4
福井,明通寺 エリア,道の駅「名田庄」,5
福井,明通寺 エリア,道の駅「若狭おばま」,41
福井,明通寺 エリア,道の駅「若狭熊川宿」,20
福井,暦会館,うみんぴあ大飯 エリア,3
福井,暦会館,名田庄 エリア,14
福井,暦会館,若狭フィッシャーマンズワーフ エリア,3
福井,暦会館,道の駅「若狭おばま」 エリア,3
福井,東尋坊,JR敦賀駅前 エリア,11
福井,東尋坊,JR美浜駅 エリア,8
福井,東尋坊,JR芦原温泉駅 エリア,51
福井,東尋坊,あわら湯のまち エリア,444
福井,東尋坊,うみんぴあ大飯 エリア,3
福井,東尋坊,うるしの里 エリア,3
福井,東尋坊,えちぜん鉄道 松岡駅 エリア,4
福井,東尋坊,えちぜん鉄道 永平寺口駅 エリア,3
福井,東尋坊,かずら橋 エリア,10
福井,東尋坊,かつやま恐竜の森 エリア,110
福井,東尋坊,ふくい鮮いちば エリア,13
福井,東尋坊,スーベニアショップ ラプトル エリア,6
福井,東尋坊,スーベニアショップふらぷとる エリア,8
福井,東尋坊,フルーツライン エリア,19
福井,東尋坊,メガネストリート エリア,3
福井,東尋坊,レインボーライン エリア,9
福井,東尋坊,一乗谷朝倉氏遺跡 エリア,24
福井,東尋坊,三国湊 エリア,99
福井,東尋坊,丸岡城 エリア,87
福井,東尋坊,北潟湖 エリア,35
福井,東尋坊,北陸新幹線 越前たけふ駅 エリア,8
福井,東尋坊,名勝 養浩館庭園 エリア,4
福井,東尋坊,大本山 永平寺 エリア,245
福井,東尋坊,小浜 エリア（宿泊施設）,9
福井,東尋坊,小浜市 阿納 エリア,3
福井,東尋坊,平泉寺白山神社 エリア,6
福井,東尋坊,日本海さかな街 エリア,4
福井,東尋坊,明通寺 エリア,3
福井,東尋坊,東尋坊 エリア,39
福井,東尋坊,武生駅 エリア,4
福井,東尋坊,福井駅前 エリア,69
福井,東尋坊,福井駅前 エリア（宿泊施設）,40
福井,東尋坊,竹田エリア,9
福井,東尋坊,紫式部公園 エリア,5
福井,東尋坊,美浜町レイクセンター エリア,5
福井,東尋坊,芝政ワールド エリア,3
福井,東尋坊,花の駅 ゆりの里公園 エリア,6
福井,東尋坊,若狭フィッシャーマンズワーフ エリア,3
福井,東尋坊,越前そばの里 エリア,48
福井,東尋坊,越前大仏 エリア,5
福井,東尋坊,越前大野城・城下町 エリア,18
福井,東尋坊,越前松島水族館 エリア,45
福井,東尋坊,越前海岸 くりや旅館街 エリア,12
福井,東尋坊,越前海岸 北部 エリア,15
福井,東尋坊,越前陶芸村 エリア,3
福井,東尋坊,道の駅「パークイン丹生ヶ丘」 エリア,8
福井,東尋坊,道の駅「三方五湖」  エリア,9
福井,東尋坊,道の駅「南えちぜん山海里」 エリア,38
福井,東尋坊,道の駅「恐竜渓谷かつやま」 エリア,12
福井,東尋坊,道の駅「禅の里」 エリア,4
福井,東尋坊,道の駅「越前」 エリア,33
福井,東尋坊,道の駅みくに ふれあいパーク三里浜 エリア,60
福井,東尋坊,金ヶ崎 エリア,3
福井,東尋坊 エリア,あわら温泉「芦湯」,11
福井,東尋坊 エリア,あわら温泉屋台村「湯けむり横丁」,8
福井,東尋坊 エリア,あわら温泉街,44
福井,東尋坊 エリア,ふれあいパーク三里浜(道の駅「みくに」),9
福井,東尋坊 エリア,一乗谷朝倉氏遺跡,31
福井,東尋坊 エリア,三国サンセットビーチ,9
福井,東尋坊 エリア,三國湊レトロ,21
福井,東尋坊 エリア,丸岡城,59
福井,東尋坊 エリア,北の庄城址・柴田公園,5
福井,東尋坊 エリア,吉崎御坊跡,3
福井,東尋坊 エリア,大本山永平寺,50
福井,東尋坊 エリア,小松空港（石川県）,5
福井,東尋坊 エリア,山代温泉（石川県）,5
福井,東尋坊 エリア,岡太神社・大瀧神社,3
福井,東尋坊 エリア,敦賀赤レンガ倉庫,4
福井,東尋坊 エリア,敦賀駅,4
福井,東尋坊 エリア,東尋坊,6
福井,東尋坊 エリア,氣比神宮,6
福井,東尋坊 エリア,福井県立恐竜博物館,60
福井,東尋坊 エリア,福井駅,32
福井,東尋坊 エリア,芝政ワールド,8
福井,東尋坊 エリア,越前がにミュージアム,5
福井,東尋坊 エリア,越前大仏,11
福井,東尋坊 エリア,越前大野城,9
福井,東尋坊 エリア,越前松島水族館,33
福井,東尋坊 エリア,道の駅「南えちぜん山海里」,4
福井,東尋坊 エリア,野外恐竜博物館,4
福井,東尋坊 エリア,金沢駅周辺（石川県）,14
福井,東尋坊 エリア,養浩館庭園,4
福井,松尾寺,JR美浜駅 エリア,3
福井,松尾寺,道の駅「三方五湖」  エリア,3
福井,梅の里会館,湖上館パムコ（水月湖）エリア,3
福井,楽市,越前そばの里 エリア,3
福井,武生中央公園,北陸新幹線 越前たけふ駅 エリア,4
福井,武生中央公園,越前そばの里 エリア,6
福井,武生駅 エリア,「ちひろの生まれた家」記念館,11
福井,武生駅 エリア,一乗谷朝倉氏遺跡,4
福井,武生駅 エリア,丸岡城,3
福井,武生駅 エリア,今庄宿,4
福井,武生駅 エリア,岡太神社・大瀧神社,8
福井,武生駅 エリア,敦賀赤レンガ倉庫,3
福井,武生駅 エリア,氣比神宮,5
福井,武生駅 エリア,越前そばの里,6
福井,武生駅 エリア,越前和紙の里,6
福井,武生駅 エリア,越前大野城,4
福井,武生駅 エリア,越前打刃物会館,3
福井,武生駅 エリア,道の駅「西山公園」,3
福井,毛谷黒龍神社,福井駅前 エリア（宿泊施設）,3
福井,気比の松原,JR敦賀駅前 エリア,12
福井,気比の松原,JR美浜駅 エリア,8
福井,気比の松原,レインボーライン エリア,8
福井,気比の松原,敦賀市立博物館 エリア,4
福井,気比の松原,日本海さかな街 エリア,14
福井,気比の松原,明通寺 エリア,4
福井,気比の松原,水晶浜 エリア,4
福井,気比の松原,神楽通り エリア,5
福井,気比の松原,紫式部公園 エリア,5
福井,気比の松原,越前そばの里 エリア,5
福井,気比の松原,道の駅「三方五湖」  エリア,6
福井,気比の松原,道の駅「若狭おばま」 エリア,3
福井,気比の松原,金ヶ崎 エリア,10
福井,気比神宮,レインボーライン エリア,4
福井,氣比神宮,JR九頭竜湖駅 エリア,3
福井,氣比神宮,JR敦賀駅前 エリア,174
福井,氣比神宮,JR美浜駅 エリア,50
福井,氣比神宮,JR芦原温泉駅 エリア,10
福井,氣比神宮,あわら湯のまち エリア,48
福井,氣比神宮,うみんぴあ大飯 エリア,19
福井,氣比神宮,うるしの里 エリア,6
福井,氣比神宮,えちぜん鉄道 松岡駅 エリア,3
福井,氣比神宮,かずら橋 エリア,7
福井,氣比神宮,かつやま恐竜の森 エリア,20
福井,氣比神宮,かにファクトリー 甲羅組 エリア,11
福井,氣比神宮,だるまちゃん広場 エリア,4
福井,氣比神宮,ふくい鮮いちば エリア,5
福井,氣比神宮,まちの市場 こってコテいけだ エリア,3
福井,氣比神宮,スーベニアショップふらぷとる エリア,4
福井,氣比神宮,レインボーライン エリア,61
福井,氣比神宮,一乗谷朝倉氏遺跡 エリア,10
福井,氣比神宮,三国湊 エリア,8
福井,氣比神宮,三方五湖ネイチャークルーズ エリア,5
福井,氣比神宮,丸岡城 エリア,6
福井,氣比神宮,今庄宿 エリア,8
福井,氣比神宮,劔神社 エリア,7
福井,氣比神宮,北ノ庄 エリア,8
福井,氣比神宮,北前船主の館 右近家 エリア,3
福井,氣比神宮,北潟湖 エリア,6
福井,氣比神宮,北陸新幹線 越前たけふ駅 エリア,22
福井,氣比神宮,名田庄 エリア,4
福井,氣比神宮,大本山 永平寺 エリア,53
福井,氣比神宮,小浜 エリア（宿泊施設）,20
福井,氣比神宮,小浜市 阿納 エリア,26
福井,氣比神宮,御食国若狭おばま食文化館 エリア,4
福井,氣比神宮,敦賀市立博物館 エリア,61
福井,氣比神宮,日本海さかな街 エリア,76
福井,氣比神宮,明通寺 エリア,54
福井,氣比神宮,東尋坊 エリア,17
福井,氣比神宮,武生駅 エリア,6
福井,氣比神宮,水島 エリア,7
福井,氣比神宮,水晶浜 エリア,9
福井,氣比神宮,河野北前船主通りエリア,6
福井,氣比神宮,湖上館パムコ（水月湖）エリア,19
福井,氣比神宮,熊川宿 エリア,11
福井,氣比神宮,神楽通り エリア,64
福井,氣比神宮,福井駅前 エリア,65
福井,氣比神宮,福井駅前 エリア（宿泊施設）,15
福井,氣比神宮,紫式部公園 エリア,25
福井,氣比神宮,美浜町レイクセンター エリア,13
福井,氣比神宮,若狭フィッシャーマンズワーフ エリア,5
福井,氣比神宮,若狭海遊バザール 千鳥苑 エリア,9
福井,氣比神宮,若狭高浜 エリア,3
福井,氣比神宮,越前そばの里 エリア,72
福井,氣比神宮,越前和紙の里 エリア,4
福井,氣比神宮,越前大仏 エリア,3
福井,氣比神宮,越前大野城・城下町 エリア,9
福井,氣比神宮,越前松島水族館 エリア,7
福井,氣比神宮,越前海岸 くりや旅館街 エリア,4
福井,氣比神宮,越前海岸 北部 エリア,5
福井,氣比神宮,越前海岸 越前岬 エリア,13
福井,氣比神宮,越前海岸 高佐米ノ旅館街 エリア,4
福井,氣比神宮,越前陶芸村 エリア,3
福井,氣比神宮,道の駅「シーサイド高浜」 エリア,3
福井,氣比神宮,道の駅「パークイン丹生ヶ丘」 エリア,8
福井,氣比神宮,道の駅「三方五湖」  エリア,47
福井,氣比神宮,道の駅「南えちぜん山海里」 エリア,26
福井,氣比神宮,道の駅「恐竜渓谷かつやま」 エリア,9
福井,氣比神宮,道の駅「若狭おばま」 エリア,27
福井,氣比神宮,道の駅「西山公園」 エリア,7
福井,氣比神宮,道の駅「越前」 エリア,39
福井,氣比神宮,道の駅「越前おおの荒島の郷」 エリア,6
福井,氣比神宮,金ヶ崎 エリア,233
福井,水島,JR敦賀駅前 エリア,5
福井,水島,JR美浜駅 エリア,4
福井,水島,レインボーライン エリア,3
福井,水島,日本海さかな街 エリア,3
福井,水島,水島 エリア,3
福井,水島 エリア,敦賀赤レンガ倉庫,3
福井,水島 エリア,氣比神宮,4
福井,水島 エリア,水島,3
福井,水族館,あわら湯のまち エリア,3
福井,水晶浜 エリア,レインボーライン,5
福井,水晶浜 エリア,大本山永平寺,3
福井,水晶浜 エリア,敦賀赤レンガ倉庫,3
福井,水晶浜 エリア,日本海さかな街,5
福井,水晶浜 エリア,氣比神宮,4
福井,水晶浜 エリア,水晶浜海水浴場,4
福井,水晶浜 エリア,福井県立恐竜博物館,7
福井,水晶浜海水浴場,JR美浜駅 エリア,6
福井,水晶浜海水浴場,あわら湯のまち エリア,3
福井,水晶浜海水浴場,かつやま恐竜の森 エリア,4
福井,水晶浜海水浴場,レインボーライン エリア,8
福井,水晶浜海水浴場,大本山 永平寺 エリア,4
福井,水晶浜海水浴場,日本海さかな街 エリア,3
福井,水晶浜海水浴場,水晶浜 エリア,8
福井,水晶浜海水浴場,美浜町レイクセンター エリア,5
福井,水晶浜海水浴場,若狭フィッシャーマンズワーフ エリア,3
福井,水晶浜海水浴場,若狭海遊バザール 千鳥苑 エリア,9
福井,水晶浜海水浴場,越前そばの里 エリア,3
福井,水晶浜海水浴場,道の駅「三方五湖」  エリア,3
福井,水晶浜海水浴場,道の駅「越前」 エリア,3
福井,水晶浜海水浴場,金ヶ崎 エリア,5
福井,水芭蕉,かつやま恐竜の森 エリア,3
福井,永平寺,あわら湯のまち エリア,16
福井,永平寺,かつやま恐竜の森 エリア,15
福井,永平寺,スーベニアショップ ラプトル エリア,3
福井,永平寺,レインボーライン エリア,3
福井,永平寺,一乗谷朝倉氏遺跡 エリア,10
福井,永平寺,三国湊 エリア,3
福井,永平寺,丸岡城 エリア,9
福井,永平寺,東尋坊 エリア,3
福井,永平寺,福井駅前 エリア,9
福井,永平寺,越前大野城・城下町 エリア,4
福井,永平寺,越前陶芸村 エリア,3
福井,河野北前船主通りエリア,岡太神社・大瀧神社,3
福井,河野北前船主通りエリア,日本海さかな街,3
福井,河野北前船主通りエリア,道の駅「越前」,3
福井,泰澄の杜,道の駅「パークイン丹生ヶ丘」 エリア,4
福井,湖上館パムコ（水月湖）エリア,レインボーライン,31
福井,湖上館パムコ（水月湖）エリア,一乗谷朝倉氏遺跡,6
福井,湖上館パムコ（水月湖）エリア,三方五湖,16
福井,湖上館パムコ（水月湖）エリア,丸岡城,6
福井,湖上館パムコ（水月湖）エリア,五湖の駅,4
福井,湖上館パムコ（水月湖）エリア,大本山永平寺,6
福井,湖上館パムコ（水月湖）エリア,敦賀赤レンガ倉庫,11
福井,湖上館パムコ（水月湖）エリア,敦賀鉄道資料館（旧敦賀港駅舎 ）,4
福井,湖上館パムコ（水月湖）エリア,日本海さかな街,6
福井,湖上館パムコ（水月湖）エリア,東尋坊,6
福井,湖上館パムコ（水月湖）エリア,氣比神宮,11
福井,湖上館パムコ（水月湖）エリア,熊川宿,7
福井,湖上館パムコ（水月湖）エリア,福井県年縞博物館,7
福井,湖上館パムコ（水月湖）エリア,福井県海浜自然センター,3
福井,湖上館パムコ（水月湖）エリア,福井県立恐竜博物館,6
福井,湖上館パムコ（水月湖）エリア,芝政ワールド,3
福井,湖上館パムコ（水月湖）エリア,若狭三方縄文博物館,6
福井,湖上館パムコ（水月湖）エリア,若狭町観光船レイククルーズ,5
福井,湖上館パムコ（水月湖）エリア,越前大野城,4
福井,湖上館パムコ（水月湖）エリア,道の駅「シーサイド高浜」,4
福井,湖上館パムコ（水月湖）エリア,道の駅「三方五湖」,15
福井,湖上館パムコ（水月湖）エリア,道の駅「若狭おばま」,6
福井,濱の湯,御食国若狭おばま食文化館 エリア,3
福井,瀧谷寺,あわら湯のまち エリア,4
福井,瀧谷寺,三国湊 エリア,8
福井,瀧谷寺,大本山 永平寺 エリア,3
福井,瀧谷寺,東尋坊 エリア,3
福井,熊川宿,JR敦賀駅前 エリア,3
福井,熊川宿,JR美浜駅 エリア,24
福井,熊川宿,あわら湯のまち エリア,3
福井,熊川宿,うみんぴあ大飯 エリア,21
福井,熊川宿,レインボーライン エリア,29
福井,熊川宿,名田庄 エリア,10
福井,熊川宿,小浜 エリア（宿泊施設）,23
福井,熊川宿,小浜市 阿納 エリア,25
福井,熊川宿,小浜市まちの駅 エリア,10
福井,熊川宿,御食国若狭おばま食文化館 エリア,13
福井,熊川宿,日本海さかな街 エリア,5
福井,熊川宿,明通寺 エリア,80
福井,熊川宿,湖上館パムコ（水月湖）エリア,17
福井,熊川宿,熊川宿 エリア,32
福井,熊川宿,美浜町レイクセンター エリア,5
福井,熊川宿,若州一滴文庫 エリア,4
福井,熊川宿,若狭フィッシャーマンズワーフ エリア,21
福井,熊川宿,若狭高浜 エリア,5
福井,熊川宿,越前そばの里 エリア,8
福井,熊川宿,道の駅「シーサイド高浜」 エリア,11
福井,熊川宿,道の駅「三方五湖」  エリア,46
福井,熊川宿,道の駅「南えちぜん山海里」 エリア,4
福井,熊川宿,道の駅「若狭おばま」 エリア,53
福井,熊川宿,金ヶ崎 エリア,7
福井,熊川宿 エリア,びわ湖（滋賀県）,5
福井,熊川宿 エリア,メタセコイア並木（滋賀県）,6
福井,熊川宿 エリア,レインボーライン,11
福井,熊川宿 エリア,一乗谷朝倉氏遺跡,6
福井,熊川宿 エリア,三方五湖,16
福井,熊川宿 エリア,丸岡城,3
福井,熊川宿 エリア,五湖の駅,3
福井,熊川宿 エリア,今庄宿,3
福井,熊川宿 エリア,国分寺 (小浜市),3
福井,熊川宿 エリア,大本山永平寺,3
福井,熊川宿 エリア,小浜市まちの駅・旭座,3
福井,熊川宿 エリア,小浜市水産食品センター（若狭小浜お魚センター）,6
福井,熊川宿 エリア,小浜町並み保存資料館,3
福井,熊川宿 エリア,御食国若狭おばま食文化館,14
福井,熊川宿 エリア,敦賀赤レンガ倉庫,8
福井,熊川宿 エリア,日本海さかな街,8
福井,熊川宿 エリア,明通寺,5
福井,熊川宿 エリア,氣比神宮,9
福井,熊川宿 エリア,熊川宿,4
福井,熊川宿 エリア,福井県年縞博物館,4
福井,熊川宿 エリア,福井県立恐竜博物館,5
福井,熊川宿 エリア,若狭フィッシャーマンズワーフ,9
福井,熊川宿 エリア,若狭三方縄文博物館,3
福井,熊川宿 エリア,若狭歴史博物館,4
福井,熊川宿 エリア,若狭瓜割名水公園 瓜割の滝,24
福井,熊川宿 エリア,越前大仏,4
福井,熊川宿 エリア,越前大野城,5
福井,熊川宿 エリア,道の駅「うみんぴあ大飯」,10
福井,熊川宿 エリア,道の駅「シーサイド高浜」,3
福井,熊川宿 エリア,道の駅「三方五湖」,10
福井,熊川宿 エリア,道の駅「名田庄」,3
福井,熊川宿 エリア,道の駅「若狭おばま」,17
福井,熊川宿 エリア,道の駅「若狭熊川宿」,10
福井,片山津温泉（石川県）,大本山 永平寺 エリア,5
福井,白山ワイナリー,六呂師高原 エリア,3
福井,白山平泉寺歴史探遊館 まほろば,あわら湯のまち エリア,5
福井,白山平泉寺歴史探遊館 まほろば,かずら橋 エリア,3
福井,白山平泉寺歴史探遊館 まほろば,かつやま恐竜の森 エリア,12
福井,白山平泉寺歴史探遊館 まほろば,はたや記念館 ゆめおーれ勝山 エリア,8
福井,白山平泉寺歴史探遊館 まほろば,一乗谷朝倉氏遺跡 エリア,3
福井,白山平泉寺歴史探遊館 まほろば,丸岡城 エリア,6
福井,白山平泉寺歴史探遊館 まほろば,大本山 永平寺 エリア,18
福井,白山平泉寺歴史探遊館 まほろば,平泉寺白山神社 エリア,26
福井,白山平泉寺歴史探遊館 まほろば,福井駅前 エリア,4
福井,白山平泉寺歴史探遊館 まほろば,福井駅前 エリア（宿泊施設）,4
福井,白山平泉寺歴史探遊館 まほろば,越前そばの里 エリア,6
福井,白山平泉寺歴史探遊館 まほろば,越前大仏 エリア,5
福井,白山平泉寺歴史探遊館 まほろば,越前大野城・城下町 エリア,16
福井,白山平泉寺歴史探遊館 まほろば,道の駅「恐竜渓谷かつやま」 エリア,14
福井,白山平泉寺歴史探遊館 まほろば,道の駅「越前おおの荒島の郷」 エリア,10
福井,白山神社,大本山 永平寺 エリア,3
福井,白川郷（岐阜県）,あわら湯のまち エリア,6
福井,白川郷（岐阜県）,大本山 永平寺 エリア,3
福井,神宮寺,北陸新幹線 越前たけふ駅 エリア,3
福井,神宮寺,小浜市 阿納 エリア,8
福井,神宮寺,明通寺 エリア,45
福井,神宮寺,若狭フィッシャーマンズワーフ エリア,3
福井,神宮寺,道の駅「若狭おばま」 エリア,4
福井,神楽通り エリア,一乗谷朝倉氏遺跡,4
福井,神楽通り エリア,三方五湖,3
福井,神楽通り エリア,敦賀市立博物館,7
福井,神楽通り エリア,敦賀赤レンガ倉庫,17
福井,神楽通り エリア,敦賀駅,8
福井,神楽通り エリア,日本海さかな街,6
福井,神楽通り エリア,氣比神宮,23
福井,神楽通り エリア,福井駅,4
福井,神楽通り エリア,越前大仏,3
福井,神楽通り エリア,金ヶ崎,5
福井,福井サンドーム,大本山 永平寺 エリア,3
福井,福井和泉スキー場,JR九頭竜湖駅 エリア,4
福井,福井和泉スキー場,道の駅「恐竜渓谷かつやま」 エリア,4
福井,福井城,一乗谷朝倉氏遺跡 エリア,4
福井,福井城,大本山 永平寺 エリア,3
福井,福井城,福井駅前 エリア（宿泊施設）,3
福井,福井城,越前大野城・城下町 エリア,4
福井,福井城址,丸岡城 エリア,3
福井,福井城址,福井駅前 エリア,3
福井,福井市内,大本山 永平寺 エリア,3
福井,福井市立郷土歴史博物館,名勝 養浩館庭園 エリア,3
福井,福井県こども家族館,うみんぴあ大飯 エリア,48
福井,福井県こども家族館,かつやま恐竜の森 エリア,4
福井,福井県こども家族館,大本山 永平寺 エリア,5
福井,福井県こども家族館,小浜市 阿納 エリア,5
福井,福井県こども家族館,若狭和田 エリア,4
福井,福井県こども家族館,若狭高浜 エリア,6
福井,福井県こども家族館,越前松島水族館 エリア,4
福井,福井県こども家族館,道の駅「シーサイド高浜」 エリア,4
福井,福井県こども家族館,道の駅「南えちぜん山海里」 エリア,3
福井,福井県こども家族館,道の駅「若狭おばま」 エリア,8
福井,福井県営体育館,北陸新幹線 越前たけふ駅 エリア,3
福井,福井県年縞博物館,JR敦賀駅前 エリア,4
福井,福井県年縞博物館,JR美浜駅 エリア,8
福井,福井県年縞博物館,あわら湯のまち エリア,5
福井,福井県年縞博物館,レインボーライン エリア,14
福井,福井県年縞博物館,小浜 エリア（宿泊施設）,6
福井,福井県年縞博物館,小浜市 阿納 エリア,7
福井,福井県年縞博物館,日本海さかな街 エリア,4
福井,福井県年縞博物館,明通寺 エリア,4
福井,福井県年縞博物館,湖上館パムコ（水月湖）エリア,11
福井,福井県年縞博物館,熊川宿 エリア,8
福井,福井県年縞博物館,美浜町レイクセンター エリア,9
福井,福井県年縞博物館,若狭フィッシャーマンズワーフ エリア,3
福井,福井県年縞博物館,道の駅「三方五湖」  エリア,65
福井,福井県年縞博物館,道の駅「若狭おばま」 エリア,5
福井,福井県庁,福井駅前 エリア,3
福井,福井県海浜自然センター,JR美浜駅 エリア,15
福井,福井県海浜自然センター,うみんぴあ大飯 エリア,3
福井,福井県海浜自然センター,レインボーライン エリア,5
福井,福井県海浜自然センター,小浜市 阿納 エリア,3
福井,福井県海浜自然センター,明通寺 エリア,3
福井,福井県海浜自然センター,道の駅「三方五湖」  エリア,9
福井,福井県海浜自然センター,道の駅「若狭おばま」 エリア,5
福井,福井県海浜自然センター,道の駅「越前」 エリア,3
福井,福井県産業会館,福井駅前 エリア（宿泊施設）,3
福井,福井県立恐竜博物館,JAM福井勝山マウンテンリゾート エリア,3
福井,福井県立恐竜博物館,JR九頭竜湖駅 エリア,19
福井,福井県立恐竜博物館,JR敦賀駅前 エリア,13
福井,福井県立恐竜博物館,JR美浜駅 エリア,5
福井,福井県立恐竜博物館,JR芦原温泉駅 エリア,20
福井,福井県立恐竜博物館,あわら湯のまち エリア,345
福井,福井県立恐竜博物館,うみんぴあ大飯 エリア,7
福井,福井県立恐竜博物館,うるしの里 エリア,6
福井,福井県立恐竜博物館,えちぜん鉄道 松岡駅 エリア,27
福井,福井県立恐竜博物館,えちぜん鉄道 永平寺口駅 エリア,5
福井,福井県立恐竜博物館,かずら橋 エリア,42
福井,福井県立恐竜博物館,かつやま恐竜の森 エリア,615
福井,福井県立恐竜博物館,かにファクトリー 甲羅組 エリア,3
福井,福井県立恐竜博物館,だるまちゃん広場 エリア,4
福井,福井県立恐竜博物館,はたや記念館 ゆめおーれ勝山 エリア,56
福井,福井県立恐竜博物館,ふくい鮮いちば エリア,18
福井,福井県立恐竜博物館,まちの市場 こってコテいけだ エリア,19
福井,福井県立恐竜博物館,スキージャム勝山 エリア,47
福井,福井県立恐竜博物館,スーベニアショップ ラプトル エリア,127
福井,福井県立恐竜博物館,スーベニアショップふらぷとる エリア,126
福井,福井県立恐竜博物館,タケフナイフビレッジ エリア,3
福井,福井県立恐竜博物館,フルーツライン エリア,6
福井,福井県立恐竜博物館,メガネストリート エリア,14
福井,福井県立恐竜博物館,レインボーライン エリア,25
福井,福井県立恐竜博物館,一乗谷朝倉氏遺跡 エリア,69
福井,福井県立恐竜博物館,三国湊 エリア,39
福井,福井県立恐竜博物館,丸岡城 エリア,33
福井,福井県立恐竜博物館,六呂師高原 エリア,7
福井,福井県立恐竜博物館,北ノ庄 エリア,10
福井,福井県立恐竜博物館,北潟湖 エリア,24
福井,福井県立恐竜博物館,北陸新幹線 越前たけふ駅 エリア,24
福井,福井県立恐竜博物館,名勝 養浩館庭園 エリア,9
福井,福井県立恐竜博物館,名田庄 エリア,3
福井,福井県立恐竜博物館,大本山 永平寺 エリア,336
福井,福井県立恐竜博物館,小浜 エリア（宿泊施設）,16
福井,福井県立恐竜博物館,小浜市 阿納 エリア,10
福井,福井県立恐竜博物館,平泉寺白山神社 エリア,14
福井,福井県立恐竜博物館,日本海さかな街 エリア,9
福井,福井県立恐竜博物館,明通寺 エリア,7
福井,福井県立恐竜博物館,東尋坊 エリア,65
福井,福井県立恐竜博物館,武生駅 エリア,6
福井,福井県立恐竜博物館,水晶浜 エリア,3
福井,福井県立恐竜博物館,湖上館パムコ（水月湖）エリア,7
福井,福井県立恐竜博物館,熊川宿 エリア,5
福井,福井県立恐竜博物館,福井駅前 エリア,177
福井,福井県立恐竜博物館,福井駅前 エリア（宿泊施設）,83
福井,福井県立恐竜博物館,竹田エリア,12
福井,福井県立恐竜博物館,紫式部公園 エリア,11
福井,福井県立恐竜博物館,芝政ワールド エリア,9
福井,福井県立恐竜博物館,花の駅 ゆりの里公園 エリア,28
福井,福井県立恐竜博物館,若狭フィッシャーマンズワーフ エリア,4
福井,福井県立恐竜博物館,越前そばの里 エリア,85
福井,福井県立恐竜博物館,越前大仏 エリア,45
福井,福井県立恐竜博物館,越前大野城・城下町 エリア,65
福井,福井県立恐竜博物館,越前松島水族館 エリア,29
福井,福井県立恐竜博物館,越前海岸 くりや旅館街 エリア,9
福井,福井県立恐竜博物館,越前海岸 北部 エリア,13
福井,福井県立恐竜博物館,越前海岸 越前岬 エリア,7
福井,福井県立恐竜博物館,越前海岸 高佐米ノ旅館街 エリア,8
福井,福井県立恐竜博物館,越前陶芸村 エリア,5
福井,福井県立恐竜博物館,道の駅「パークイン丹生ヶ丘」 エリア,13
福井,福井県立恐竜博物館,道の駅「三方五湖」  エリア,13
福井,福井県立恐竜博物館,道の駅「南えちぜん山海里」 エリア,79
福井,福井県立恐竜博物館,道の駅「恐竜渓谷かつやま」 エリア,292
福井,福井県立恐竜博物館,道の駅「禅の里」 エリア,48
福井,福井県立恐竜博物館,道の駅「若狭おばま」 エリア,13
福井,福井県立恐竜博物館,道の駅「西山公園」 エリア,5
福井,福井県立恐竜博物館,道の駅「越前」 エリア,36
福井,福井県立恐竜博物館,道の駅「越前おおの荒島の郷」 エリア,48
福井,福井県立恐竜博物館,道の駅みくに ふれあいパーク三里浜 エリア,25
福井,福井県立恐竜博物館,金ヶ崎 エリア,6
福井,福井駅,JR九頭竜湖駅 エリア,5
福井,福井駅,JR敦賀駅前 エリア,17
福井,福井駅,JR美浜駅 エリア,6
福井,福井駅,JR芦原温泉駅 エリア,7
福井,福井駅,あわら湯のまち エリア,60
福井,福井駅,かずら橋 エリア,6
福井,福井駅,かつやま恐竜の森 エリア,59
福井,福井駅,ふくい鮮いちば エリア,12
福井,福井駅,スーベニアショップ ラプトル エリア,4
福井,福井駅,スーベニアショップふらぷとる エリア,9
福井,福井駅,タケフナイフビレッジ エリア,4
福井,福井駅,メガネストリート エリア,7
福井,福井駅,レインボーライン エリア,4
福井,福井駅,一乗谷朝倉氏遺跡 エリア,32
福井,福井駅,三国湊 エリア,14
福井,福井駅,丸岡城 エリア,13
福井,福井駅,劔神社 エリア,3
福井,福井駅,北ノ庄 エリア,15
福井,福井駅,北潟湖 エリア,3
福井,福井駅,北陸新幹線 越前たけふ駅 エリア,17
福井,福井駅,名勝 養浩館庭園 エリア,17
福井,福井駅,大本山 永平寺 エリア,96
福井,福井駅,東尋坊 エリア,23
福井,福井駅,武生駅 エリア,5
福井,福井駅,福井駅前 エリア,108
福井,福井駅,福井駅前 エリア（宿泊施設）,46
福井,福井駅,竹田エリア,7
福井,福井駅,紫式部公園 エリア,7
福井,福井駅,花の駅 ゆりの里公園 エリア,9
福井,福井駅,越前そばの里 エリア,14
福井,福井駅,越前大野城・城下町 エリア,9
福井,福井駅,越前松島水族館 エリア,5
福井,福井駅,越前海岸 北部 エリア,4
福井,福井駅,道の駅「パークイン丹生ヶ丘」 エリア,4
福井,福井駅,道の駅「三方五湖」  エリア,3
福井,福井駅,道の駅「南えちぜん山海里」 エリア,16
福井,福井駅,道の駅「恐竜渓谷かつやま」 エリア,10
福井,福井駅,道の駅「禅の里」 エリア,3
福井,福井駅,道の駅「西山公園」 エリア,7
福井,福井駅,道の駅「越前」 エリア,7
福井,福井駅,道の駅「越前おおの荒島の郷」 エリア,4
福井,福井駅,道の駅みくに ふれあいパーク三里浜 エリア,7
福井,福井駅,金ヶ崎 エリア,5
福井,福井駅前 エリア,「ちひろの生まれた家」記念館,4
福井,福井駅前 エリア,あわら温泉「芦湯」,4
福井,福井駅前 エリア,あわら温泉街,19
福井,福井駅前 エリア,かつやまディノパーク,5
福井,福井駅前 エリア,びわ湖（滋賀県）,3
福井,福井駅前 エリア,ふれあいパーク三里浜(道の駅「みくに」),6
福井,福井駅前 エリア,めがねミュージアム,10
福井,福井駅前 エリア,ゆりの里公園ユリーム春江,3
福井,福井駅前 エリア,スキージャム勝山,3
福井,福井駅前 エリア,タケフナイフビレッジ,3
福井,福井駅前 エリア,レインボーライン,5
福井,福井駅前 エリア,一乗谷朝倉氏遺跡,103
福井,福井駅前 エリア,三国サンセットビーチ,5
福井,福井駅前 エリア,三國湊レトロ,7
福井,福井駅前 エリア,三方五湖,4
福井,福井駅前 エリア,丸岡城,76
福井,福井駅前 エリア,今庄宿,6
福井,福井駅前 エリア,勝山城博物館,3
福井,福井駅前 エリア,北の庄城址・柴田公園,57
福井,福井駅前 エリア,吉崎御坊跡,4
福井,福井駅前 エリア,大安禅寺,4
福井,福井駅前 エリア,大本山永平寺,106
福井,福井駅前 エリア,小松空港（石川県）,4
福井,福井駅前 エリア,山中温泉（石川県）,4
福井,福井駅前 エリア,岡太神社・大瀧神社,8
福井,福井駅前 エリア,平泉寺白山神社,3
福井,福井駅前 エリア,敦賀赤レンガ倉庫,13
福井,福井駅前 エリア,敦賀鉄道資料館（旧敦賀港駅舎 ）,5
福井,福井駅前 エリア,敦賀駅,14
福井,福井駅前 エリア,日本海さかな街,4
福井,福井駅前 エリア,東尋坊,47
福井,福井駅前 エリア,気比の松原,5
福井,福井駅前 エリア,氣比神宮,29
福井,福井駅前 エリア,白山平泉寺歴史探遊館 まほろば,5
福井,福井駅前 エリア,福井県立恐竜博物館,136
福井,福井駅前 エリア,福井駅,27
福井,福井駅前 エリア,芝政ワールド,4
福井,福井駅前 エリア,西山動物園,9
福井,福井駅前 エリア,越前がにミュージアム,9
福井,福井駅前 エリア,越前和紙の里,4
福井,福井駅前 エリア,越前大仏,32
福井,福井駅前 エリア,越前大野城,44
福井,福井駅前 エリア,越前松島水族館,10
福井,福井駅前 エリア,足羽川桜並木,13
福井,福井駅前 エリア,道の駅「さかい」（坂井地域交流センター「いねす」）,3
福井,福井駅前 エリア,道の駅「三方五湖」,3
福井,福井駅前 エリア,道の駅「九頭竜・和泉ふれあい会館」,6
福井,福井駅前 エリア,道の駅「南えちぜん山海里」,4
福井,福井駅前 エリア,道の駅「禅の里」,3
福井,福井駅前 エリア,道の駅「西山公園」,6
福井,福井駅前 エリア,野外恐竜博物館,5
福井,福井駅前 エリア,金沢駅周辺（石川県）,23
福井,福井駅前 エリア,養浩館庭園,38
福井,福井駅前 エリア,鷹巣海水浴場,3
福井,福井駅前 エリア（宿泊施設）,めがねミュージアム,6
福井,福井駅前 エリア（宿泊施設）,グリフィス記念館,3
福井,福井駅前 エリア（宿泊施設）,スキージャム勝山,4
福井,福井駅前 エリア（宿泊施設）,一乗谷朝倉氏遺跡,46
福井,福井駅前 エリア（宿泊施設）,三國湊レトロ,8
福井,福井駅前 エリア（宿泊施設）,丸岡城,46
福井,福井駅前 エリア（宿泊施設）,九頭竜湖,3
福井,福井駅前 エリア（宿泊施設）,北の庄城址・柴田公園,23
福井,福井駅前 エリア（宿泊施設）,大本山永平寺,61
福井,福井駅前 エリア（宿泊施設）,岡太神社・大瀧神社,6
福井,福井駅前 エリア（宿泊施設）,平泉寺白山神社,3
福井,福井駅前 エリア（宿泊施設）,敦賀赤レンガ倉庫,4
福井,福井駅前 エリア（宿泊施設）,日本海さかな街,6
福井,福井駅前 エリア（宿泊施設）,東尋坊,32
福井,福井駅前 エリア（宿泊施設）,氣比神宮,20
福井,福井駅前 エリア（宿泊施設）,福井県立恐竜博物館,116
福井,福井駅前 エリア（宿泊施設）,福井駅,21
福井,福井駅前 エリア（宿泊施設）,芝政ワールド,3
福井,福井駅前 エリア（宿泊施設）,西山動物園,5
福井,福井駅前 エリア（宿泊施設）,越前がにミュージアム,5
福井,福井駅前 エリア（宿泊施設）,越前和紙の里,4
福井,福井駅前 エリア（宿泊施設）,越前大仏,4
福井,福井駅前 エリア（宿泊施設）,越前大野城,13
福井,福井駅前 エリア（宿泊施設）,足羽川桜並木,3
福井,福井駅前 エリア（宿泊施設）,野外恐竜博物館,6
福井,福井駅前 エリア（宿泊施設）,金沢駅周辺（石川県）,7
福井,福井駅前 エリア（宿泊施設）,養浩館庭園,6
福井,福井駅周辺,あわら湯のまち エリア,3
福井,竹田エリア,一乗谷朝倉氏遺跡,10
福井,竹田エリア,丸岡城,25
福井,竹田エリア,大本山永平寺,14
福井,竹田エリア,東尋坊,6
福井,竹田エリア,福井県立恐竜博物館,18
福井,竹田エリア,竹田水車メロディパーク,3
福井,竹田エリア,芝政ワールド,4
福井,竹田エリア,越前大仏,7
福井,竹田エリア,越前大野城,4
福井,竹田水車メロディパーク,竹田エリア,4
福井,竹田水車メロディパーク,道の駅「禅の里」 エリア,4
福井,箸のふるさと館WAKASA,うみんぴあ大飯 エリア,3
福井,箸のふるさと館WAKASA,レインボーライン エリア,4
福井,箸のふるさと館WAKASA,小浜 エリア（宿泊施設）,4
福井,箸のふるさと館WAKASA,小浜市 阿納 エリア,5
福井,箸のふるさと館WAKASA,若狭フィッシャーマンズワーフ エリア,5
福井,箸のふるさと館WAKASA,道の駅「三方五湖」  エリア,4
福井,箸のふるさと館WAKASA エリア,小浜市水産食品センター（若狭小浜お魚センター）,4
福井,箸のふるさと館WAKASA エリア,御食国若狭おばま食文化館,5
福井,箸のふるさと館WAKASA エリア,羽賀寺,3
福井,箸のふるさと館WAKASA エリア,若狭フィッシャーマンズワーフ,5
福井,箸のふるさと館WAKASA エリア,道の駅「若狭おばま」,4
福井,粟津温泉（石川県）,あわら湯のまち エリア,3
福井,紫式部公園,だるまちゃん広場 エリア,7
福井,紫式部公園,一乗谷朝倉氏遺跡 エリア,3
福井,紫式部公園,大本山 永平寺 エリア,3
福井,紫式部公園,福井駅前 エリア,3
福井,紫式部公園,福井駅前 エリア（宿泊施設）,3
福井,紫式部公園,越前そばの里 エリア,13
福井,紫式部公園,道の駅「西山公園」 エリア,4
福井,紫式部公園 エリア,「ちひろの生まれた家」記念館,9
福井,紫式部公園 エリア,あわら温泉街,3
福井,紫式部公園 エリア,めがねミュージアム,7
福井,紫式部公園 エリア,一乗谷朝倉氏遺跡,21
福井,紫式部公園 エリア,三方五湖,3
福井,紫式部公園 エリア,丸岡城,13
福井,紫式部公園 エリア,今庄宿,3
福井,紫式部公園 エリア,劔神社,5
福井,紫式部公園 エリア,北の庄城址・柴田公園,4
福井,紫式部公園 エリア,大本山永平寺,6
福井,紫式部公園 エリア,岡太神社・大瀧神社,15
福井,紫式部公園 エリア,御誕生寺,3
福井,紫式部公園 エリア,敦賀赤レンガ倉庫,5
福井,紫式部公園 エリア,敦賀駅,7
福井,紫式部公園 エリア,日本海さかな街,9
福井,紫式部公園 エリア,東尋坊,6
福井,紫式部公園 エリア,氣比神宮,10
福井,紫式部公園 エリア,福井県立恐竜博物館,9
福井,紫式部公園 エリア,福井駅,4
福井,紫式部公園 エリア,西山動物園,4
福井,紫式部公園 エリア,越前がにミュージアム,11
福井,紫式部公園 エリア,越前そばの里,23
福井,紫式部公園 エリア,越前和紙の里,17
福井,紫式部公園 エリア,越前大仏,6
福井,紫式部公園 エリア,越前大野城,8
福井,紫式部公園 エリア,越前打刃物会館,3
福井,紫式部公園 エリア,越前海岸,6
福井,紫式部公園 エリア,道の駅「南えちぜん山海里」,5
福井,紫式部公園 エリア,道の駅「西山公園」,4
福井,紫式部公園 エリア,道の駅「越前」,9
福井,美山,名田庄 エリア,4
福井,美山かやぶきの里,名田庄 エリア,4
福井,美浜町レイクセンター,レインボーライン エリア,3
福井,美浜町レイクセンター エリア,レインボーライン,25
福井,美浜町レイクセンター エリア,一乗谷朝倉氏遺跡,4
福井,美浜町レイクセンター エリア,三方五湖,9
福井,美浜町レイクセンター エリア,人道の港 敦賀ムゼウム,3
福井,美浜町レイクセンター エリア,敦賀赤レンガ倉庫,9
福井,美浜町レイクセンター エリア,日本海さかな街,7
福井,美浜町レイクセンター エリア,気比の松原,3
福井,美浜町レイクセンター エリア,氣比神宮,6
福井,美浜町レイクセンター エリア,熊川宿,7
福井,美浜町レイクセンター エリア,福井県年縞博物館,12
福井,美浜町レイクセンター エリア,福井県立恐竜博物館,3
福井,美浜町レイクセンター エリア,若狭三方縄文博物館,4
福井,美浜町レイクセンター エリア,若狭海遊バザール千鳥苑 若狭美浜 海の駅,3
福井,美浜町レイクセンター エリア,越前大野城,3
福井,美浜町レイクセンター エリア,道の駅「三方五湖」,7
福井,美浜町レイクセンター エリア,道の駅「若狭おばま」,6
福井,美浜町レイクセンター エリア,金ヶ崎,3
福井,羽二重餅の古里,大本山 永平寺 エリア,3
福井,羽賀寺,うみんぴあ大飯 エリア,3
福井,羽賀寺,小浜 エリア（宿泊施設）,4
福井,羽賀寺,明通寺 エリア,21
福井,羽賀寺,若狭フィッシャーマンズワーフ エリア,4
福井,羽賀寺,道の駅「若狭おばま」 エリア,4
福井,自宅,JR九頭竜湖駅 エリア,4
福井,自宅,あわら湯のまち エリア,3
福井,自宅,うみんぴあ大飯 エリア,3
福井,自宅,レインボーライン エリア,3
福井,自宅,北陸新幹線 越前たけふ駅 エリア,3
福井,自宅,日本海さかな街 エリア,5
福井,自宅,熊川宿 エリア,3
福井,自宅,越前そばの里 エリア,7
福井,自宅,道の駅「南えちぜん山海里」 エリア,16
福井,自宅,道の駅「禅の里」 エリア,3
福井,舞鶴（京都府）,うみんぴあ大飯 エリア,11
福井,舞鶴（京都府）,小浜 エリア（宿泊施設）,8
福井,舞鶴（京都府）,明通寺 エリア,3
福井,舞鶴（京都府）,若狭和田 エリア,4
福井,舞鶴（京都府）,道の駅「シーサイド高浜」 エリア,5
福井,舞鶴（京都府）,道の駅「若狭おばま」 エリア,3
福井,芝政ワールド,JR芦原温泉駅 エリア,6
福井,芝政ワールド,あわら湯のまち エリア,97
福井,芝政ワールド,かつやま恐竜の森 エリア,30
福井,芝政ワールド,三国湊 エリア,11
福井,芝政ワールド,丸岡城 エリア,4
福井,芝政ワールド,北潟湖 エリア,5
福井,芝政ワールド,大本山 永平寺 エリア,4
福井,芝政ワールド,東尋坊 エリア,9
福井,芝政ワールド,福井駅前 エリア,7
福井,芝政ワールド,福井駅前 エリア（宿泊施設）,6
福井,芝政ワールド,芝政ワールド エリア,9
福井,芝政ワールド,花の駅 ゆりの里公園 エリア,8
福井,芝政ワールド,越前そばの里 エリア,11
福井,芝政ワールド,越前松島水族館 エリア,10
福井,芝政ワールド,道の駅「南えちぜん山海里」 エリア,13
福井,芝政ワールド,道の駅みくに ふれあいパーク三里浜 エリア,10
福井,芝政ワールド エリア,一乗谷朝倉氏遺跡,3
福井,芝政ワールド エリア,東尋坊,7
福井,芝政ワールド エリア,福井県立恐竜博物館,6
福井,芝政ワールド エリア,越前松島水族館,5
福井,芦原温泉,大本山 永平寺 エリア,3
福井,芦原温泉,東尋坊 エリア,3
福井,芦原温泉,福井駅前 エリア,4
福井,花の駅 ゆりの里公園 エリア,ふれあいパーク三里浜(道の駅「みくに」),11
福井,花の駅 ゆりの里公園 エリア,一乗谷朝倉氏遺跡,10
福井,花の駅 ゆりの里公園 エリア,丸岡城,16
福井,花の駅 ゆりの里公園 エリア,大本山永平寺,4
福井,花の駅 ゆりの里公園 エリア,岡太神社・大瀧神社,3
福井,花の駅 ゆりの里公園 エリア,東尋坊,7
福井,花の駅 ゆりの里公園 エリア,福井県こども家族館,3
福井,花の駅 ゆりの里公園 エリア,福井県立恐竜博物館,9
福井,花の駅 ゆりの里公園 エリア,福井駅,6
福井,花の駅 ゆりの里公園 エリア,芝政ワールド,3
福井,花の駅 ゆりの里公園 エリア,越前がにミュージアム,3
福井,花の駅 ゆりの里公園 エリア,越前大仏,3
福井,花の駅 ゆりの里公園 エリア,越前大野城,13
福井,花の駅 ゆりの里公園 エリア,道の駅「さかい」（坂井地域交流センター「いねす」）,4
福井,花の駅 ゆりの里公園 エリア,金津創作の森,3
福井,花はす公園,北陸新幹線 越前たけふ駅 エリア,10
福井,花はす公園,紫式部公園 エリア,3
福井,花はす公園,越前そばの里 エリア,16
福井,花はす公園,越前陶芸村 エリア,3
福井,花はす公園,道の駅「南えちぜん山海里」 エリア,34
福井,若州一滴文庫 エリア,ホテルうみんぴあ,3
福井,若州一滴文庫 エリア,福井県こども家族館,3
福井,若州一滴文庫 エリア,道の駅「うみんぴあ大飯」,5
福井,若州一滴文庫 エリア,道の駅「名田庄」,3
福井,若狭たかはま エルどらんど,うみんぴあ大飯 エリア,17
福井,若狭たかはま エルどらんど,小浜 エリア（宿泊施設）,3
福井,若狭たかはま エルどらんど,若狭和田 エリア,20
福井,若狭たかはま エルどらんど,若狭高浜 エリア,5
福井,若狭たかはま エルどらんど,道の駅「シーサイド高浜」 エリア,9
福井,若狭たかはま エルどらんど,道の駅「若狭おばま」 エリア,7
福井,若狭フィッシャーマンズワーフ,JR美浜駅 エリア,7
福井,若狭フィッシャーマンズワーフ,うみんぴあ大飯 エリア,16
福井,若狭フィッシャーマンズワーフ,レインボーライン エリア,8
福井,若狭フィッシャーマンズワーフ,名田庄 エリア,3
福井,若狭フィッシャーマンズワーフ,小浜 エリア（宿泊施設）,20
福井,若狭フィッシャーマンズワーフ,小浜市 阿納 エリア,23
福井,若狭フィッシャーマンズワーフ,小浜市まちの駅 エリア,8
福井,若狭フィッシャーマンズワーフ,御食国若狭おばま食文化館 エリア,37
福井,若狭フィッシャーマンズワーフ,明通寺 エリア,21
福井,若狭フィッシャーマンズワーフ,熊川宿 エリア,9
福井,若狭フィッシャーマンズワーフ,箸のふるさと館WAKASA エリア,4
福井,若狭フィッシャーマンズワーフ,若狭フィッシャーマンズワーフ エリア,5
福井,若狭フィッシャーマンズワーフ,若狭高浜 エリア,3
福井,若狭フィッシャーマンズワーフ,道の駅「三方五湖」  エリア,10
福井,若狭フィッシャーマンズワーフ,道の駅「若狭おばま」 エリア,40
福井,若狭フィッシャーマンズワーフ エリア,エルガイアおおい,4
福井,若狭フィッシャーマンズワーフ エリア,レインボーライン,12
福井,若狭フィッシャーマンズワーフ エリア,一乗谷朝倉氏遺跡,3
福井,若狭フィッシャーマンズワーフ エリア,三方五湖,11
福井,若狭フィッシャーマンズワーフ エリア,丸岡城,4
福井,若狭フィッシャーマンズワーフ エリア,小浜市まちの駅・旭座,9
福井,若狭フィッシャーマンズワーフ エリア,小浜市水産食品センター（若狭小浜お魚センター）,7
福井,若狭フィッシャーマンズワーフ エリア,御食国若狭おばま食文化館,23
福井,若狭フィッシャーマンズワーフ エリア,敦賀赤レンガ倉庫,6
福井,若狭フィッシャーマンズワーフ エリア,日本海さかな街,4
福井,若狭フィッシャーマンズワーフ エリア,氣比神宮,6
福井,若狭フィッシャーマンズワーフ エリア,熊川宿,10
福井,若狭フィッシャーマンズワーフ エリア,福井県こども家族館,5
福井,若狭フィッシャーマンズワーフ エリア,若狭たかはま エルどらんど,3
福井,若狭フィッシャーマンズワーフ エリア,若狭瓜割名水公園 瓜割の滝,4
福井,若狭フィッシャーマンズワーフ エリア,越前大野城,3
福井,若狭フィッシャーマンズワーフ エリア,道の駅「うみんぴあ大飯」,11
福井,若狭フィッシャーマンズワーフ エリア,道の駅「シーサイド高浜」,3
福井,若狭フィッシャーマンズワーフ エリア,道の駅「三方五湖」,4
福井,若狭フィッシャーマンズワーフ エリア,道の駅「名田庄」,3
福井,若狭フィッシャーマンズワーフ エリア,道の駅「若狭おばま」,17
福井,若狭フィッシャーマンズワーフ エリア,道の駅「若狭熊川宿」,7
福井,若狭三方縄文博物館,JR敦賀駅前 エリア,8
福井,若狭三方縄文博物館,JR美浜駅 エリア,22
福井,若狭三方縄文博物館,かつやま恐竜の森 エリア,3
福井,若狭三方縄文博物館,レインボーライン エリア,12
福井,若狭三方縄文博物館,小浜市 阿納 エリア,6
福井,若狭三方縄文博物館,明通寺 エリア,12
福井,若狭三方縄文博物館,湖上館パムコ（水月湖）エリア,7
福井,若狭三方縄文博物館,熊川宿 エリア,10
福井,若狭三方縄文博物館,美浜町レイクセンター エリア,4
福井,若狭三方縄文博物館,若狭フィッシャーマンズワーフ エリア,4
福井,若狭三方縄文博物館,若狭海遊バザール 千鳥苑 エリア,4
福井,若狭三方縄文博物館,道の駅「三方五湖」  エリア,44
福井,若狭三方縄文博物館,道の駅「若狭おばま」 エリア,5
福井,若狭和田 エリア,エルガイアおおい,4
福井,若狭和田 エリア,レインボーライン,3
福井,若狭和田 エリア,敦賀赤レンガ倉庫,3
福井,若狭和田 エリア,福井県こども家族館,4
福井,若狭和田 エリア,舞鶴（京都府）,4
福井,若狭和田 エリア,若狭たかはま エルどらんど,5
福井,若狭和田 エリア,道の駅「うみんぴあ大飯」,5
福井,若狭和田ビーチ,うみんぴあ大飯 エリア,17
福井,若狭和田ビーチ,レインボーライン エリア,7
福井,若狭和田ビーチ,小浜市 阿納 エリア,5
福井,若狭和田ビーチ,明通寺 エリア,7
福井,若狭和田ビーチ,若狭和田 エリア,15
福井,若狭和田ビーチ,若狭高浜 エリア,13
福井,若狭和田ビーチ,道の駅「シーサイド高浜」 エリア,17
福井,若狭和田ビーチ,道の駅「若狭おばま」 エリア,4
福井,若狭和田ビーチ,青葉山ハーバルビレッジ エリア,3
福井,若狭姫神社,明通寺 エリア,4
福井,若狭姫神社,道の駅「若狭おばま」 エリア,3
福井,若狭歴史博物館,うみんぴあ大飯 エリア,3
福井,若狭歴史博物館,レインボーライン エリア,4
福井,若狭歴史博物館,小浜 エリア（宿泊施設）,3
福井,若狭歴史博物館,御食国若狭おばま食文化館 エリア,4
福井,若狭歴史博物館,明通寺 エリア,26
福井,若狭歴史博物館,熊川宿 エリア,6
福井,若狭歴史博物館,若狭フィッシャーマンズワーフ エリア,3
福井,若狭歴史博物館,道の駅「若狭おばま」 エリア,11
福井,若狭海遊バザール 千鳥苑 エリア,レインボーライン,10
福井,若狭海遊バザール 千鳥苑 エリア,三方五湖,9
福井,若狭海遊バザール 千鳥苑 エリア,日本海さかな街,9
福井,若狭海遊バザール 千鳥苑 エリア,氣比神宮,7
福井,若狭海遊バザール 千鳥苑 エリア,若狭瓜割名水公園 瓜割の滝,4
福井,若狭海遊バザール 千鳥苑 エリア,道の駅「三方五湖」,3
福井,若狭海遊バザール千鳥苑 若狭美浜 海の駅,JR美浜駅 エリア,14
福井,若狭海遊バザール千鳥苑 若狭美浜 海の駅,レインボーライン エリア,5
福井,若狭海遊バザール千鳥苑 若狭美浜 海の駅,日本海さかな街 エリア,4
福井,若狭海遊バザール千鳥苑 若狭美浜 海の駅,道の駅「三方五湖」  エリア,4
福井,若狭瓜割名水公園 瓜割の滝,JR美浜駅 エリア,10
福井,若狭瓜割名水公園 瓜割の滝,うみんぴあ大飯 エリア,7
福井,若狭瓜割名水公園 瓜割の滝,レインボーライン エリア,5
福井,若狭瓜割名水公園 瓜割の滝,小浜市 阿納 エリア,3
福井,若狭瓜割名水公園 瓜割の滝,小浜市まちの駅 エリア,3
福井,若狭瓜割名水公園 瓜割の滝,御食国若狭おばま食文化館 エリア,11
福井,若狭瓜割名水公園 瓜割の滝,日本海さかな街 エリア,7
福井,若狭瓜割名水公園 瓜割の滝,明通寺 エリア,19
福井,若狭瓜割名水公園 瓜割の滝,熊川宿 エリア,22
福井,若狭瓜割名水公園 瓜割の滝,若狭フィッシャーマンズワーフ エリア,8
福井,若狭瓜割名水公園 瓜割の滝,道の駅「三方五湖」  エリア,6
福井,若狭瓜割名水公園 瓜割の滝,道の駅「若狭おばま」 エリア,13
福井,若狭町観光船レイククルーズ,JR美浜駅 エリア,6
福井,若狭町観光船レイククルーズ,レインボーライン エリア,17
福井,若狭町観光船レイククルーズ,小浜市 阿納 エリア,3
福井,若狭町観光船レイククルーズ,美浜町レイクセンター エリア,5
福井,若狭町観光船レイククルーズ,道の駅「三方五湖」  エリア,4
福井,若狭高浜 エリア,UMIKARA,4
福井,若狭高浜 エリア,きのこの森,8
福井,若狭高浜 エリア,多田寺,3
福井,若狭高浜 エリア,御食国若狭おばま食文化館,3
福井,若狭高浜 エリア,敦賀赤レンガ倉庫,3
福井,若狭高浜 エリア,福井県こども家族館,3
福井,若狭高浜 エリア,舞鶴（京都府）,5
福井,若狭高浜 エリア,若狭たかはま エルどらんど,4
福井,若狭高浜 エリア,若狭フィッシャーマンズワーフ,3
福井,若狭高浜 エリア,若狭和田ビーチ,5
福井,若狭高浜 エリア,道の駅「うみんぴあ大飯」,4
福井,若狭高浜 エリア,道の駅「シーサイド高浜」,3
福井,荒島岳,北ノ庄 エリア,3
福井,西山公園,越前そばの里 エリア,7
福井,西山動物園,あわら湯のまち エリア,6
福井,西山動物園,うるしの里 エリア,3
福井,西山動物園,かずら橋 エリア,9
福井,西山動物園,だるまちゃん広場 エリア,5
福井,西山動物園,まちの市場 こってコテいけだ エリア,3
福井,西山動物園,メガネストリート エリア,15
福井,西山動物園,一乗谷朝倉氏遺跡 エリア,3
福井,西山動物園,丸岡城 エリア,3
福井,西山動物園,北陸新幹線 越前たけふ駅 エリア,22
福井,西山動物園,大本山 永平寺 エリア,6
福井,西山動物園,武生駅 エリア,3
福井,西山動物園,福井駅前 エリア,10
福井,西山動物園,福井駅前 エリア（宿泊施設）,4
福井,西山動物園,紫式部公園 エリア,8
福井,西山動物園,花の駅 ゆりの里公園 エリア,6
福井,西山動物園,越前そばの里 エリア,40
福井,西山動物園,道の駅「南えちぜん山海里」 エリア,12
福井,西山動物園,道の駅「西山公園」 エリア,17
福井,西山動物園,道の駅「越前」 エリア,8
福井,西福寺,JR敦賀駅前 エリア,4
福井,西福寺,JR美浜駅 エリア,3
福井,谷口屋,あわら湯のまち エリア,3
福井,谷口屋,大本山 永平寺 エリア,4
福井,谷口屋,竹田エリア,4
福井,赤礁崎オートキャンプ場,うみんぴあ大飯 エリア,13
福井,赤礁崎オートキャンプ場,赤礁崎オートキャンプ場 エリア,3
福井,赤礁崎オートキャンプ場,道の駅「シーサイド高浜」 エリア,3
福井,赤礁崎オートキャンプ場,道の駅「若狭おばま」 エリア,3
福井,赤礁崎オートキャンプ場 エリア,若狭フィッシャーマンズワーフ,3
福井,赤礁崎オートキャンプ場 エリア,道の駅「うみんぴあ大飯」,4
福井,越前がにミュージアム,JR美浜駅 エリア,5
福井,越前がにミュージアム,あわら湯のまち エリア,15
福井,越前がにミュージアム,かずら橋 エリア,6
福井,越前がにミュージアム,かつやま恐竜の森 エリア,11
福井,越前がにミュージアム,タケフナイフビレッジ エリア,3
福井,越前がにミュージアム,フルーツライン エリア,3
福井,越前がにミュージアム,メガネストリート エリア,3
福井,越前がにミュージアム,レインボーライン エリア,4
福井,越前がにミュージアム,一乗谷朝倉氏遺跡 エリア,3
福井,越前がにミュージアム,劔神社 エリア,10
福井,越前がにミュージアム,北前船主の館 右近家 エリア,5
福井,越前がにミュージアム,北潟湖 エリア,4
福井,越前がにミュージアム,北陸新幹線 越前たけふ駅 エリア,14
福井,越前がにミュージアム,大本山 永平寺 エリア,8
福井,越前がにミュージアム,日本海さかな街 エリア,5
福井,越前がにミュージアム,東尋坊 エリア,9
福井,越前がにミュージアム,河野北前船主通りエリア,4
福井,越前がにミュージアム,湖上館パムコ（水月湖）エリア,3
福井,越前がにミュージアム,福井駅前 エリア,15
福井,越前がにミュージアム,福井駅前 エリア（宿泊施設）,3
福井,越前がにミュージアム,紫式部公園 エリア,4
福井,越前がにミュージアム,越前そばの里 エリア,51
福井,越前がにミュージアム,越前和紙の里 エリア,3
福井,越前がにミュージアム,越前松島水族館 エリア,4
福井,越前がにミュージアム,越前海岸 くりや旅館街 エリア,18
福井,越前がにミュージアム,越前海岸 北部 エリア,12
福井,越前がにミュージアム,越前海岸 越前岬 エリア,17
福井,越前がにミュージアム,越前海岸 高佐米ノ旅館街 エリア,11
福井,越前がにミュージアム,越前漁港 エリア,4
福井,越前がにミュージアム,越前陶芸村 エリア,9
福井,越前がにミュージアム,道の駅「パークイン丹生ヶ丘」 エリア,15
福井,越前がにミュージアム,道の駅「南えちぜん山海里」 エリア,17
福井,越前がにミュージアム,道の駅「恐竜渓谷かつやま」 エリア,9
福井,越前がにミュージアム,道の駅「若狭おばま」 エリア,3
福井,越前がにミュージアム,道の駅「西山公園」 エリア,5
福井,越前がにミュージアム,道の駅「越前」 エリア,155
福井,越前がにミュージアム,道の駅みくに ふれあいパーク三里浜 エリア,9
福井,越前がにミュージアム,金ヶ崎 エリア,7
福井,越前そばの里,あわら湯のまち エリア,14
福井,越前そばの里,うるしの里 エリア,3
福井,越前そばの里,かずら橋 エリア,13
福井,越前そばの里,まちの市場 こってコテいけだ エリア,3
福井,越前そばの里,タケフナイフビレッジ エリア,12
福井,越前そばの里,メガネストリート エリア,4
福井,越前そばの里,一乗谷朝倉氏遺跡 エリア,10
福井,越前そばの里,三国湊 エリア,4
福井,越前そばの里,丸岡城 エリア,4
福井,越前そばの里,北潟湖 エリア,3
福井,越前そばの里,北陸新幹線 越前たけふ駅 エリア,42
福井,越前そばの里,大本山 永平寺 エリア,6
福井,越前そばの里,日本海さかな街 エリア,7
福井,越前そばの里,東尋坊 エリア,4
福井,越前そばの里,武生駅 エリア,4
福井,越前そばの里,福井駅前 エリア,5
福井,越前そばの里,紫式部公園 エリア,29
福井,越前そばの里,越前そばの里 エリア,52
福井,越前そばの里,越前和紙の里 エリア,7
福井,越前そばの里,越前大野城・城下町 エリア,3
福井,越前そばの里,道の駅「南えちぜん山海里」 エリア,18
福井,越前そばの里,道の駅「西山公園」 エリア,7
福井,越前そばの里,道の駅「越前」 エリア,8
福井,越前そばの里 エリア,「ちひろの生まれた家」記念館,12
福井,越前そばの里 エリア,あわら温泉街,7
福井,越前そばの里 エリア,かずら橋,7
福井,越前そばの里 エリア,ふれあいパーク三里浜(道の駅「みくに」),8
福井,越前そばの里 エリア,めがねミュージアム,26
福井,越前そばの里 エリア,スキージャム勝山,4
福井,越前そばの里 エリア,タケフナイフビレッジ,9
福井,越前そばの里 エリア,ツリーピクニックアドベンチャーいけだ,3
福井,越前そばの里 エリア,レインボーライン,13
福井,越前そばの里 エリア,一乗谷朝倉氏遺跡,95
福井,越前そばの里 エリア,万葉の里 味真野苑（ミズバショウ・フジ・スイレン・ハギ）,3
福井,越前そばの里 エリア,三国サンセットビーチ,5
福井,越前そばの里 エリア,三國湊レトロ,4
福井,越前そばの里 エリア,三方五湖,7
福井,越前そばの里 エリア,丸岡城,84
福井,越前そばの里 エリア,九頭竜湖,3
福井,越前そばの里 エリア,今庄宿,14
福井,越前そばの里 エリア,劔神社,4
福井,越前そばの里 エリア,北の庄城址・柴田公園,19
福井,越前そばの里 エリア,吉崎御坊跡,3
福井,越前そばの里 エリア,大本山永平寺,63
福井,越前そばの里 エリア,山中温泉（石川県）,6
福井,越前そばの里 エリア,岡太神社・大瀧神社,37
福井,越前そばの里 エリア,平泉寺白山神社,4
福井,越前そばの里 エリア,御誕生寺,29
福井,越前そばの里 エリア,敦賀赤レンガ倉庫,23
福井,越前そばの里 エリア,日本海さかな街,38
福井,越前そばの里 エリア,明城ファーム,7
福井,越前そばの里 エリア,東尋坊,48
福井,越前そばの里 エリア,気比の松原,6
福井,越前そばの里 エリア,氣比神宮,43
福井,越前そばの里 エリア,熊川宿,3
福井,越前そばの里 エリア,白山平泉寺歴史探遊館 まほろば,3
福井,越前そばの里 エリア,福井県立恐竜博物館,56
福井,越前そばの里 エリア,福井駅,16
福井,越前そばの里 エリア,芝政ワールド,5
福井,越前そばの里 エリア,花はす公園,5
福井,越前そばの里 エリア,西山動物園,16
福井,越前そばの里 エリア,西福寺,4
福井,越前そばの里 エリア,越前がにミュージアム,36
福井,越前そばの里 エリア,越前そばの里,6
福井,越前そばの里 エリア,越前和紙の里,52
福井,越前そばの里 エリア,越前大仏,59
福井,越前そばの里 エリア,越前大野城,67
福井,越前そばの里 エリア,越前岬,3
福井,越前そばの里 エリア,越前打刃物会館,18
福井,越前そばの里 エリア,越前松島水族館,18
福井,越前そばの里 エリア,越前海岸,13
福井,越前そばの里 エリア,越前陶芸村,12
福井,越前そばの里 エリア,道の駅「さかい」（坂井地域交流センター「いねす」）,6
福井,越前そばの里 エリア,道の駅「パークイン丹生ヶ丘」,3
福井,越前そばの里 エリア,道の駅「三方五湖」,3
福井,越前そばの里 エリア,道の駅「南えちぜん山海里」,32
福井,越前そばの里 エリア,道の駅「恐竜渓谷かつやま」,3
福井,越前そばの里 エリア,道の駅「河野」,6
福井,越前そばの里 エリア,道の駅「若狭おばま」,3
福井,越前そばの里 エリア,道の駅「若狭熊川宿」,3
福井,越前そばの里 エリア,道の駅「西山公園」,15
福井,越前そばの里 エリア,道の駅「越前」,24
福井,越前そばの里 エリア,道の駅「越前おおの荒島の郷」,3
福井,越前そばの里 エリア,野外恐竜博物館,3
福井,越前そばの里 エリア,金沢駅周辺（石川県）,8
福井,越前加賀県境の館,北潟湖 エリア,3
福井,越前和紙の里,JR美浜駅 エリア,4
福井,越前和紙の里,あわら湯のまち エリア,6
福井,越前和紙の里,うるしの里 エリア,13
福井,越前和紙の里,かずら橋 エリア,21
福井,越前和紙の里,かつやま恐竜の森 エリア,4
福井,越前和紙の里,だるまちゃん広場 エリア,4
福井,越前和紙の里,まちの市場 こってコテいけだ エリア,3
福井,越前和紙の里,タケフナイフビレッジ エリア,15
福井,越前和紙の里,メガネストリート エリア,4
福井,越前和紙の里,一乗谷朝倉氏遺跡 エリア,5
福井,越前和紙の里,北潟湖 エリア,3
福井,越前和紙の里,北陸新幹線 越前たけふ駅 エリア,27
福井,越前和紙の里,大本山 永平寺 エリア,6
福井,越前和紙の里,御食国若狭おばま食文化館 エリア,3
福井,越前和紙の里,武生駅 エリア,7
福井,越前和紙の里,福井駅前 エリア,5
福井,越前和紙の里,紫式部公園 エリア,8
福井,越前和紙の里,花の駅 ゆりの里公園 エリア,4
福井,越前和紙の里,越前そばの里 エリア,97
福井,越前和紙の里,越前和紙の里 エリア,13
福井,越前和紙の里,越前松島水族館 エリア,4
福井,越前和紙の里,越前海岸 くりや旅館街 エリア,4
福井,越前和紙の里,越前陶芸村 エリア,7
福井,越前和紙の里,道の駅「パークイン丹生ヶ丘」 エリア,6
福井,越前和紙の里,道の駅「三方五湖」  エリア,3
福井,越前和紙の里,道の駅「南えちぜん山海里」 エリア,13
福井,越前和紙の里,道の駅「西山公園」 エリア,3
福井,越前和紙の里,道の駅「越前」 エリア,9
福井,越前和紙の里,金ヶ崎 エリア,3
福井,越前和紙の里 エリア,めがねミュージアム,3
福井,越前和紙の里 エリア,タケフナイフビレッジ,3
福井,越前和紙の里 エリア,一乗谷朝倉氏遺跡,6
福井,越前和紙の里 エリア,大本山永平寺,5
福井,越前和紙の里 エリア,岡太神社・大瀧神社,16
福井,越前和紙の里 エリア,福井県立恐竜博物館,3
福井,越前和紙の里 エリア,越前そばの里,11
福井,越前和紙の里 エリア,越前和紙の里,3
福井,越前和紙の里 エリア,越前打刃物会館,3
福井,越前和紙の里 エリア,越前陶芸村,5
福井,越前和紙の里 エリア,道の駅「南えちぜん山海里」,6
福井,越前和紙の里 エリア,道の駅「西山公園」,3
福井,越前大仏,JR九頭竜湖駅 エリア,21
福井,越前大仏,JR敦賀駅前 エリア,11
福井,越前大仏,JR美浜駅 エリア,6
福井,越前大仏,JR芦原温泉駅 エリア,4
福井,越前大仏,あわら湯のまち エリア,63
福井,越前大仏,うみんぴあ大飯 エリア,4
福井,越前大仏,えちぜん鉄道 松岡駅 エリア,7
福井,越前大仏,えちぜん鉄道 永平寺口駅 エリア,4
福井,越前大仏,かずら橋 エリア,15
福井,越前大仏,かつやま恐竜の森 エリア,111
福井,越前大仏,だるまちゃん広場 エリア,3
福井,越前大仏,はたや記念館 ゆめおーれ勝山 エリア,24
福井,越前大仏,ふくい鮮いちば エリア,7
福井,越前大仏,まちの市場 こってコテいけだ エリア,3
福井,越前大仏,スーベニアショップ ラプトル エリア,6
福井,越前大仏,スーベニアショップふらぷとる エリア,6
福井,越前大仏,レインボーライン エリア,7
福井,越前大仏,一乗谷朝倉氏遺跡 エリア,13
福井,越前大仏,三国湊 エリア,13
福井,越前大仏,丸岡城 エリア,16
福井,越前大仏,六呂師高原 エリア,5
福井,越前大仏,劔神社 エリア,4
福井,越前大仏,北潟湖 エリア,8
福井,越前大仏,北陸新幹線 越前たけふ駅 エリア,18
福井,越前大仏,名勝 養浩館庭園 エリア,3
福井,越前大仏,名田庄 エリア,3
福井,越前大仏,大本山 永平寺 エリア,101
福井,越前大仏,平泉寺白山神社 エリア,22
福井,越前大仏,日本海さかな街 エリア,3
福井,越前大仏,明通寺 エリア,6
福井,越前大仏,東尋坊 エリア,17
福井,越前大仏,武生駅 エリア,4
福井,越前大仏,湖上館パムコ（水月湖）エリア,9
福井,越前大仏,熊川宿 エリア,5
福井,越前大仏,神楽通り エリア,3
福井,越前大仏,福井駅前 エリア,29
福井,越前大仏,福井駅前 エリア（宿泊施設）,16
福井,越前大仏,竹田エリア,7
福井,越前大仏,花の駅 ゆりの里公園 エリア,7
福井,越前大仏,越前そばの里 エリア,63
福井,越前大仏,越前和紙の里 エリア,5
福井,越前大仏,越前大仏 エリア,19
福井,越前大仏,越前大野城・城下町 エリア,45
福井,越前大仏,越前松島水族館 エリア,5
福井,越前大仏,越前海岸 北部 エリア,4
福井,越前大仏,越前海岸 高佐米ノ旅館街 エリア,3
福井,越前大仏,越前陶芸村 エリア,4
福井,越前大仏,道の駅「シーサイド高浜」 エリア,3
福井,越前大仏,道の駅「パークイン丹生ヶ丘」 エリア,5
福井,越前大仏,道の駅「三方五湖」  エリア,6
福井,越前大仏,道の駅「南えちぜん山海里」 エリア,27
福井,越前大仏,道の駅「恐竜渓谷かつやま」 エリア,68
福井,越前大仏,道の駅「禅の里」 エリア,25
福井,越前大仏,道の駅「若狭おばま」 エリア,6
福井,越前大仏,道の駅「西山公園」 エリア,4
福井,越前大仏,道の駅「越前」 エリア,14
福井,越前大仏,道の駅「越前おおの荒島の郷」 エリア,24
福井,越前大仏,道の駅みくに ふれあいパーク三里浜 エリア,16
福井,越前大仏,金ヶ崎 エリア,8
福井,越前大仏 エリア,一乗谷朝倉氏遺跡,8
福井,越前大仏 エリア,丸岡城,10
福井,越前大仏 エリア,大本山永平寺,7
福井,越前大仏 エリア,平泉寺白山神社,5
福井,越前大仏 エリア,白山平泉寺歴史探遊館 まほろば,3
福井,越前大仏 エリア,福井県立恐竜博物館,24
福井,越前大仏 エリア,福井駅,6
福井,越前大仏 エリア,越前大仏,3
福井,越前大仏 エリア,越前大野城,16
福井,越前大仏 エリア,道の駅「恐竜渓谷かつやま」,15
福井,越前大仏 エリア,道の駅「越前おおの荒島の郷」,5
福井,越前大野城,JR九頭竜湖駅 エリア,51
福井,越前大野城,JR敦賀駅前 エリア,14
福井,越前大野城,JR美浜駅 エリア,9
福井,越前大野城,JR芦原温泉駅 エリア,7
福井,越前大野城,あわら湯のまち エリア,47
福井,越前大野城,うみんぴあ大飯 エリア,8
福井,越前大野城,うるしの里 エリア,3
福井,越前大野城,えちぜん鉄道 松岡駅 エリア,10
福井,越前大野城,えちぜん鉄道 永平寺口駅 エリア,7
福井,越前大野城,かずら橋 エリア,39
福井,越前大野城,かつやま恐竜の森 エリア,56
福井,越前大野城,だるまちゃん広場 エリア,5
福井,越前大野城,はたや記念館 ゆめおーれ勝山 エリア,14
福井,越前大野城,ふくい鮮いちば エリア,12
福井,越前大野城,まちの市場 こってコテいけだ エリア,12
福井,越前大野城,スキージャム勝山 エリア,7
福井,越前大野城,スーベニアショップ ラプトル エリア,9
福井,越前大野城,スーベニアショップふらぷとる エリア,8
福井,越前大野城,タケフナイフビレッジ エリア,3
福井,越前大野城,フルーツライン エリア,3
福井,越前大野城,メガネストリート エリア,5
福井,越前大野城,レインボーライン エリア,12
福井,越前大野城,一乗谷朝倉氏遺跡 エリア,93
福井,越前大野城,三国湊 エリア,10
福井,越前大野城,丸岡城 エリア,39
福井,越前大野城,今庄宿 エリア,4
福井,越前大野城,六呂師高原 エリア,40
福井,越前大野城,劔神社 エリア,3
福井,越前大野城,北ノ庄 エリア,5
福井,越前大野城,北潟湖 エリア,10
福井,越前大野城,北陸新幹線 越前たけふ駅 エリア,17
福井,越前大野城,名勝 養浩館庭園 エリア,13
福井,越前大野城,名田庄 エリア,3
福井,越前大野城,大本山 永平寺 エリア,104
福井,越前大野城,小浜市 阿納 エリア,4
福井,越前大野城,平泉寺白山神社 エリア,14
福井,越前大野城,敦賀市立博物館 エリア,3
福井,越前大野城,日本海さかな街 エリア,9
福井,越前大野城,東尋坊 エリア,15
福井,越前大野城,武生駅 エリア,4
福井,越前大野城,河野北前船主通りエリア,3
福井,越前大野城,湖上館パムコ（水月湖）エリア,9
福井,越前大野城,福井駅前 エリア,63
福井,越前大野城,福井駅前 エリア（宿泊施設）,13
福井,越前大野城,竹田エリア,4
福井,越前大野城,紫式部公園 エリア,10
福井,越前大野城,花の駅 ゆりの里公園 エリア,11
福井,越前大野城,越前そばの里 エリア,77
福井,越前大野城,越前大仏 エリア,23
福井,越前大野城,越前大野城・城下町 エリア,500
福井,越前大野城,越前松島水族館 エリア,9
福井,越前大野城,越前海岸 くりや旅館街 エリア,4
福井,越前大野城,越前海岸 北部 エリア,5
福井,越前大野城,越前海岸 越前岬 エリア,3
福井,越前大野城,越前陶芸村 エリア,5
福井,越前大野城,道の駅「シーサイド高浜」 エリア,4
福井,越前大野城,道の駅「パークイン丹生ヶ丘」 エリア,5
福井,越前大野城,道の駅「三方五湖」  エリア,12
福井,越前大野城,道の駅「南えちぜん山海里」 エリア,23
福井,越前大野城,道の駅「恐竜渓谷かつやま」 エリア,67
福井,越前大野城,道の駅「禅の里」 エリア,23
福井,越前大野城,道の駅「若狭おばま」 エリア,7
福井,越前大野城,道の駅「西山公園」 エリア,10
福井,越前大野城,道の駅「越前」 エリア,18
福井,越前大野城,道の駅「越前おおの荒島の郷」 エリア,100
福井,越前大野城,道の駅みくに ふれあいパーク三里浜 エリア,12
福井,越前大野城,金ヶ崎 エリア,15
福井,越前大野城・城下町 エリア,あわら温泉街,8
福井,越前大野城・城下町 エリア,はたや記念館 ゆめおーれ勝山,4
福井,越前大野城・城下町 エリア,一乗谷朝倉氏遺跡,177
福井,越前大野城・城下町 エリア,七間朝市,5
福井,越前大野城・城下町 エリア,三方五湖,3
福井,越前大野城・城下町 エリア,丸岡城,101
福井,越前大野城・城下町 エリア,九頭竜湖,15
福井,越前大野城・城下町 エリア,六呂師高原,6
福井,越前大野城・城下町 エリア,勝山城博物館,10
福井,越前大野城・城下町 エリア,北の庄城址・柴田公園,18
福井,越前大野城・城下町 エリア,大本山永平寺,60
福井,越前大野城・城下町 エリア,岡太神社・大瀧神社,9
福井,越前大野城・城下町 エリア,平泉寺白山神社,13
福井,越前大野城・城下町 エリア,敦賀赤レンガ倉庫,4
福井,越前大野城・城下町 エリア,敦賀駅,3
福井,越前大野城・城下町 エリア,東尋坊,14
福井,越前大野城・城下町 エリア,氣比神宮,14
福井,越前大野城・城下町 エリア,白山平泉寺歴史探遊館 まほろば,16
福井,越前大野城・城下町 エリア,福井県立恐竜博物館,53
福井,越前大野城・城下町 エリア,福井駅,20
福井,越前大野城・城下町 エリア,越前がにミュージアム,6
福井,越前大野城・城下町 エリア,越前和紙の里,5
福井,越前大野城・城下町 エリア,越前大仏,67
福井,越前大野城・城下町 エリア,越前大野城,92
福井,越前大野城・城下町 エリア,道の駅「一乗谷あさくら水の駅」,5
福井,越前大野城・城下町 エリア,道の駅「九頭竜・和泉ふれあい会館」,24
福井,越前大野城・城下町 エリア,道の駅「恐竜渓谷かつやま」,13
福井,越前大野城・城下町 エリア,道の駅「越前おおの荒島の郷」,38
福井,越前大野城・城下町 エリア,養浩館庭園,7
福井,越前岬,道の駅「越前」 エリア,9
福井,越前打刃物会館,あわら湯のまち エリア,3
福井,越前打刃物会館,だるまちゃん広場 エリア,3
福井,越前打刃物会館,刃物の里 エリア,4
福井,越前打刃物会館,北陸新幹線 越前たけふ駅 エリア,4
福井,越前打刃物会館,福井駅前 エリア,5
福井,越前打刃物会館,紫式部公園 エリア,3
福井,越前打刃物会館,越前そばの里 エリア,25
福井,越前打刃物会館,道の駅「南えちぜん山海里」 エリア,5
福井,越前打刃物会館,道の駅「西山公園」 エリア,5
福井,越前打刃物会館,道の駅「越前」 エリア,3
福井,越前松島水族館,JR芦原温泉駅 エリア,7
福井,越前松島水族館,あわら湯のまち エリア,85
福井,越前松島水族館,かずら橋 エリア,4
福井,越前松島水族館,かつやま恐竜の森 エリア,39
福井,越前松島水族館,フルーツライン エリア,8
福井,越前松島水族館,一乗谷朝倉氏遺跡 エリア,4
福井,越前松島水族館,三国湊 エリア,19
福井,越前松島水族館,丸岡城 エリア,8
福井,越前松島水族館,北潟湖 エリア,8
福井,越前松島水族館,北陸新幹線 越前たけふ駅 エリア,3
福井,越前松島水族館,大本山 永平寺 エリア,9
福井,越前松島水族館,日本海さかな街 エリア,4
福井,越前松島水族館,東尋坊 エリア,45
福井,越前松島水族館,福井駅前 エリア,10
福井,越前松島水族館,福井駅前 エリア（宿泊施設）,6
福井,越前松島水族館,紫式部公園 エリア,4
福井,越前松島水族館,芝政ワールド エリア,5
福井,越前松島水族館,花の駅 ゆりの里公園 エリア,8
福井,越前松島水族館,越前そばの里 エリア,6
福井,越前松島水族館,越前松島水族館 エリア,14
福井,越前松島水族館,道の駅「南えちぜん山海里」 エリア,11
福井,越前松島水族館,道の駅「恐竜渓谷かつやま」 エリア,5
福井,越前松島水族館,道の駅みくに ふれあいパーク三里浜 エリア,24
福井,越前松島水族館 エリア,あわら温泉街,9
福井,越前松島水族館 エリア,ふれあいパーク三里浜(道の駅「みくに」),14
福井,越前松島水族館 エリア,ファーマーズマーケットきららの丘,4
福井,越前松島水族館 エリア,一乗谷朝倉氏遺跡,13
福井,越前松島水族館 エリア,三國湊レトロ,11
福井,越前松島水族館 エリア,丸岡城,17
福井,越前松島水族館 エリア,休暇村越前三国オートキャンプ場,4
福井,越前松島水族館 エリア,大本山永平寺,11
福井,越前松島水族館 エリア,敦賀赤レンガ倉庫,5
福井,越前松島水族館 エリア,日本海さかな街,3
福井,越前松島水族館 エリア,東尋坊,39
福井,越前松島水族館 エリア,氣比神宮,3
福井,越前松島水族館 エリア,白山平泉寺歴史探遊館 まほろば,3
福井,越前松島水族館 エリア,福井県立恐竜博物館,36
福井,越前松島水族館 エリア,福井駅,9
福井,越前松島水族館 エリア,芝政ワールド,6
福井,越前松島水族館 エリア,越前大野城,6
福井,越前松島水族館 エリア,越前松島水族館,3
福井,越前松島水族館 エリア,道の駅「さかい」（坂井地域交流センター「いねす」）,3
福井,越前松島水族館 エリア,道の駅「南えちぜん山海里」,3
福井,越前水仙の里公園,福井駅前 エリア,3
福井,越前水仙の里公園,越前そばの里 エリア,3
福井,越前水仙の里公園,越前海岸 北部 エリア,6
福井,越前水仙の里公園,越前海岸 越前岬 エリア,16
福井,越前水仙の里公園,道の駅「越前」 エリア,19
福井,越前海岸,JR敦賀駅前 エリア,3
福井,越前海岸,あわら湯のまち エリア,11
福井,越前海岸,メガネストリート エリア,3
福井,越前海岸,三国湊 エリア,4
福井,越前海岸,丸岡城 エリア,3
福井,越前海岸,劔神社 エリア,3
福井,越前海岸,北陸新幹線 越前たけふ駅 エリア,6
福井,越前海岸,大本山 永平寺 エリア,4
福井,越前海岸,武生駅 エリア,3
福井,越前海岸,福井駅前 エリア,3
福井,越前海岸,紫式部公園 エリア,7
福井,越前海岸,越前そばの里 エリア,5
福井,越前海岸,越前松島水族館 エリア,4
福井,越前海岸,越前海岸 北部 エリア,14
福井,越前海岸,越前海岸 高佐米ノ旅館街 エリア,3
福井,越前海岸,越前陶芸村 エリア,7
福井,越前海岸,道の駅「パークイン丹生ヶ丘」 エリア,7
福井,越前海岸,道の駅「南えちぜん山海里」 エリア,3
福井,越前海岸,道の駅「西山公園」 エリア,5
福井,越前海岸,道の駅「越前」 エリア,22
福井,越前海岸,道の駅「越前おおの荒島の郷」 エリア,3
福井,越前海岸,道の駅みくに ふれあいパーク三里浜 エリア,6
福井,越前海岸 くりや旅館街 エリア,一乗谷朝倉氏遺跡,11
福井,越前海岸 くりや旅館街 エリア,丸岡城,3
福井,越前海岸 くりや旅館街 エリア,大本山永平寺,12
福井,越前海岸 くりや旅館街 エリア,敦賀赤レンガ倉庫,5
福井,越前海岸 くりや旅館街 エリア,東尋坊,12
福井,越前海岸 くりや旅館街 エリア,氣比神宮,4
福井,越前海岸 くりや旅館街 エリア,福井県立恐竜博物館,7
福井,越前海岸 くりや旅館街 エリア,越前がにミュージアム,11
福井,越前海岸 くりや旅館街 エリア,越前そばの里,4
福井,越前海岸 くりや旅館街 エリア,越前大野城,4
福井,越前海岸 くりや旅館街 エリア,越前陶芸村,4
福井,越前海岸 くりや旅館街 エリア,道の駅「越前」,3
福井,越前海岸 北部 エリア,ふれあいパーク三里浜(道の駅「みくに」),4
福井,越前海岸 北部 エリア,一乗谷朝倉氏遺跡,11
福井,越前海岸 北部 エリア,丸岡城,14
福井,越前海岸 北部 エリア,大本山永平寺,6
福井,越前海岸 北部 エリア,敦賀赤レンガ倉庫,6
福井,越前海岸 北部 エリア,日本海さかな街,3
福井,越前海岸 北部 エリア,東尋坊,3
福井,越前海岸 北部 エリア,氣比神宮,5
福井,越前海岸 北部 エリア,福井県立恐竜博物館,11
福井,越前海岸 北部 エリア,福井駅,6
福井,越前海岸 北部 エリア,越前がにミュージアム,9
福井,越前海岸 北部 エリア,越前大仏,5
福井,越前海岸 北部 エリア,越前大野城,5
福井,越前海岸 北部 エリア,越前松島水族館,4
福井,越前海岸 北部 エリア,越前水仙の里公園,4
福井,越前海岸 北部 エリア,越前海岸,3
福井,越前海岸 越前岬 エリア,一乗谷朝倉氏遺跡,3
福井,越前海岸 越前岬 エリア,三国サンセットビーチ,3
福井,越前海岸 越前岬 エリア,丸岡城,4
福井,越前海岸 越前岬 エリア,劔神社,3
福井,越前海岸 越前岬 エリア,呼鳥門,4
福井,越前海岸 越前岬 エリア,大本山永平寺,3
福井,越前海岸 越前岬 エリア,敦賀赤レンガ倉庫,9
福井,越前海岸 越前岬 エリア,日本海さかな街,4
福井,越前海岸 越前岬 エリア,東尋坊,5
福井,越前海岸 越前岬 エリア,氣比神宮,14
福井,越前海岸 越前岬 エリア,福井県立恐竜博物館,4
福井,越前海岸 越前岬 エリア,越前がにミュージアム,10
福井,越前海岸 越前岬 エリア,越前そばの里,3
福井,越前海岸 越前岬 エリア,越前和紙の里,5
福井,越前海岸 越前岬 エリア,越前大仏,5
福井,越前海岸 越前岬 エリア,越前水仙の里公園,9
福井,越前海岸 越前岬 エリア,道の駅「パークイン丹生ヶ丘」,4
福井,越前海岸 越前岬 エリア,道の駅「南えちぜん山海里」,3
福井,越前海岸 越前岬 エリア,道の駅「越前」,8
福井,越前海岸 高佐米ノ旅館街 エリア,一乗谷朝倉氏遺跡,3
福井,越前海岸 高佐米ノ旅館街 エリア,丸岡城,3
福井,越前海岸 高佐米ノ旅館街 エリア,大本山永平寺,3
福井,越前海岸 高佐米ノ旅館街 エリア,敦賀赤レンガ倉庫,3
福井,越前海岸 高佐米ノ旅館街 エリア,日本海さかな街,3
福井,越前海岸 高佐米ノ旅館街 エリア,福井県立恐竜博物館,3
福井,越前海岸 高佐米ノ旅館街 エリア,越前がにミュージアム,5
福井,越前海岸 高佐米ノ旅館街 エリア,越前陶芸村,4
福井,越前漁港 エリア,越前がにミュージアム,3
福井,越前陶芸村,あわら湯のまち エリア,4
福井,越前陶芸村,かずら橋 エリア,4
福井,越前陶芸村,レインボーライン エリア,3
福井,越前陶芸村,一乗谷朝倉氏遺跡 エリア,3
福井,越前陶芸村,劔神社 エリア,30
福井,越前陶芸村,北陸新幹線 越前たけふ駅 エリア,5
福井,越前陶芸村,福井駅前 エリア,8
福井,越前陶芸村,福井駅前 エリア（宿泊施設）,4
福井,越前陶芸村,紫式部公園 エリア,3
福井,越前陶芸村,越前そばの里 エリア,17
福井,越前陶芸村,越前和紙の里 エリア,3
福井,越前陶芸村,越前海岸 くりや旅館街 エリア,7
福井,越前陶芸村,越前海岸 越前岬 エリア,8
福井,越前陶芸村,越前陶芸村 エリア,20
福井,越前陶芸村,道の駅「パークイン丹生ヶ丘」 エリア,22
福井,越前陶芸村,道の駅「南えちぜん山海里」 エリア,12
福井,越前陶芸村,道の駅「禅の里」 エリア,4
福井,越前陶芸村,道の駅「西山公園」 エリア,8
福井,越前陶芸村,道の駅「越前」 エリア,21
福井,越前陶芸村 エリア,ふれあいパーク三里浜(道の駅「みくに」),3
福井,越前陶芸村 エリア,一乗谷朝倉氏遺跡,4
福井,越前陶芸村 エリア,丸岡城,4
福井,越前陶芸村 エリア,劔神社,9
福井,越前陶芸村 エリア,大本山永平寺,5
福井,越前陶芸村 エリア,岡太神社・大瀧神社,3
福井,越前陶芸村 エリア,東尋坊,4
福井,越前陶芸村 エリア,氣比神宮,4
福井,越前陶芸村 エリア,福井県立恐竜博物館,15
福井,越前陶芸村 エリア,福井駅,3
福井,越前陶芸村 エリア,西山動物園,5
福井,越前陶芸村 エリア,越前がにミュージアム,10
福井,越前陶芸村 エリア,越前そばの里,4
福井,越前陶芸村 エリア,越前和紙の里,4
福井,越前陶芸村 エリア,越前大仏,3
福井,越前陶芸村 エリア,越前大野城,4
福井,越前陶芸村 エリア,越前水仙の里公園,3
福井,越前陶芸村 エリア,越前陶芸村,3
福井,越前陶芸村 エリア,道の駅「パークイン丹生ヶ丘」,11
福井,越前陶芸村 エリア,道の駅「南えちぜん山海里」,5
福井,越前陶芸村 エリア,道の駅「西山公園」,3
福井,越前陶芸村 エリア,道の駅「越前」,7
福井,越廼海水浴場,越前海岸 北部 エリア,4
福井,足羽川桜並木,一乗谷朝倉氏遺跡 エリア,3
福井,足羽川桜並木,福井駅前 エリア,10
福井,足羽川桜並木,福井駅前 エリア（宿泊施設）,4
福井,道の駅,かずら橋 エリア,3
福井,道の駅,レインボーライン エリア,5
福井,道の駅,越前そばの里 エリア,6
福井,道の駅「うみんぴあ大飯」,JR敦賀駅前 エリア,4
福井,道の駅「うみんぴあ大飯」,JR美浜駅 エリア,15
福井,道の駅「うみんぴあ大飯」,うみんぴあ大飯 エリア,22
福井,道の駅「うみんぴあ大飯」,レインボーライン エリア,3
福井,道の駅「うみんぴあ大飯」,名田庄 エリア,16
福井,道の駅「うみんぴあ大飯」,小浜 エリア（宿泊施設）,3
福井,道の駅「うみんぴあ大飯」,小浜市 阿納 エリア,3
福井,道の駅「うみんぴあ大飯」,小浜市まちの駅 エリア,4
福井,道の駅「うみんぴあ大飯」,御食国若狭おばま食文化館 エリア,5
福井,道の駅「うみんぴあ大飯」,明通寺 エリア,3
福井,道の駅「うみんぴあ大飯」,熊川宿 エリア,4
福井,道の駅「うみんぴあ大飯」,若州一滴文庫 エリア,7
福井,道の駅「うみんぴあ大飯」,若狭フィッシャーマンズワーフ エリア,5
福井,道の駅「うみんぴあ大飯」,若狭和田 エリア,4
福井,道の駅「うみんぴあ大飯」,若狭高浜 エリア,13
福井,道の駅「うみんぴあ大飯」,赤礁崎オートキャンプ場 エリア,6
福井,道の駅「うみんぴあ大飯」,道の駅「シーサイド高浜」 エリア,29
福井,道の駅「うみんぴあ大飯」,道の駅「三方五湖」  エリア,5
福井,道の駅「うみんぴあ大飯」,道の駅「若狭おばま」 エリア,23
福井,道の駅「うみんぴあ大飯」,道の駅「越前」 エリア,4
福井,道の駅「さかい」（坂井地域交流センター「いねす」）,JR芦原温泉駅 エリア,4
福井,道の駅「さかい」（坂井地域交流センター「いねす」）,あわら湯のまち エリア,15
福井,道の駅「さかい」（坂井地域交流センター「いねす」）,フルーツライン エリア,7
福井,道の駅「さかい」（坂井地域交流センター「いねす」）,一乗谷朝倉氏遺跡 エリア,4
福井,道の駅「さかい」（坂井地域交流センター「いねす」）,三国湊 エリア,4
福井,道の駅「さかい」（坂井地域交流センター「いねす」）,丸岡城 エリア,4
福井,道の駅「さかい」（坂井地域交流センター「いねす」）,北潟湖 エリア,17
福井,道の駅「さかい」（坂井地域交流センター「いねす」）,福井駅前 エリア,4
福井,道の駅「さかい」（坂井地域交流センター「いねす」）,花の駅 ゆりの里公園 エリア,6
福井,道の駅「さかい」（坂井地域交流センター「いねす」）,越前そばの里 エリア,4
福井,道の駅「さかい」（坂井地域交流センター「いねす」）,道の駅「南えちぜん山海里」 エリア,3
福井,道の駅「さかい」（坂井地域交流センター「いねす」）,道の駅「禅の里」 エリア,5
福井,道の駅「さかい」（坂井地域交流センター「いねす」）,道の駅「越前」 エリア,4
福井,道の駅「さかい」（坂井地域交流センター「いねす」）,道の駅みくに ふれあいパーク三里浜 エリア,18
福井,道の駅「シーサイド高浜」,JR美浜駅 エリア,7
福井,道の駅「シーサイド高浜」,うみんぴあ大飯 エリア,59
福井,道の駅「シーサイド高浜」,レインボーライン エリア,5
福井,道の駅「シーサイド高浜」,名田庄 エリア,8
福井,道の駅「シーサイド高浜」,小浜市 阿納 エリア,3
福井,道の駅「シーサイド高浜」,御食国若狭おばま食文化館 エリア,3
福井,道の駅「シーサイド高浜」,明通寺 エリア,4
福井,道の駅「シーサイド高浜」,熊川宿 エリア,5
福井,道の駅「シーサイド高浜」,若州一滴文庫 エリア,6
福井,道の駅「シーサイド高浜」,若狭フィッシャーマンズワーフ エリア,3
福井,道の駅「シーサイド高浜」,若狭和田 エリア,4
福井,道の駅「シーサイド高浜」,若狭高浜 エリア,14
福井,道の駅「シーサイド高浜」,越前海岸 くりや旅館街 エリア,3
福井,道の駅「シーサイド高浜」,道の駅「シーサイド高浜」 エリア,8
福井,道の駅「シーサイド高浜」,道の駅「三方五湖」  エリア,5
福井,道の駅「シーサイド高浜」,道の駅「若狭おばま」 エリア,18
福井,道の駅「シーサイド高浜」 エリア,UMIKARA,10
福井,道の駅「シーサイド高浜」 エリア,きのこの森,4
福井,道の駅「シーサイド高浜」 エリア,エルガイアおおい,3
福井,道の駅「シーサイド高浜」 エリア,ホテルうみんぴあ,5
福井,道の駅「シーサイド高浜」 エリア,一乗谷朝倉氏遺跡,3
福井,道の駅「シーサイド高浜」 エリア,丸岡城,3
福井,道の駅「シーサイド高浜」 エリア,御食国若狭おばま食文化館,3
福井,道の駅「シーサイド高浜」 エリア,氣比神宮,3
福井,道の駅「シーサイド高浜」 エリア,熊川宿,3
福井,道の駅「シーサイド高浜」 エリア,福井県こども家族館,4
福井,道の駅「シーサイド高浜」 エリア,舞鶴（京都府）,8
福井,道の駅「シーサイド高浜」 エリア,若狭たかはま エルどらんど,3
福井,道の駅「シーサイド高浜」 エリア,若狭瓜割名水公園 瓜割の滝,3
福井,道の駅「シーサイド高浜」 エリア,越前大野城,3
福井,道の駅「シーサイド高浜」 エリア,道の駅「うみんぴあ大飯」,22
福井,道の駅「シーサイド高浜」 エリア,道の駅「名田庄」,12
福井,道の駅「シーサイド高浜」 エリア,道の駅「若狭おばま」,3
福井,道の駅「シーサイド高浜」 エリア,道の駅「若狭熊川宿」,4
福井,道の駅「パークイン丹生ヶ丘」,一乗谷朝倉氏遺跡 エリア,4
福井,道の駅「パークイン丹生ヶ丘」,劔神社 エリア,13
福井,道の駅「パークイン丹生ヶ丘」,北陸新幹線 越前たけふ駅 エリア,7
福井,道の駅「パークイン丹生ヶ丘」,越前そばの里 エリア,3
福井,道の駅「パークイン丹生ヶ丘」,越前陶芸村 エリア,14
福井,道の駅「パークイン丹生ヶ丘」,道の駅「パークイン丹生ヶ丘」 エリア,8
福井,道の駅「パークイン丹生ヶ丘」,道の駅「南えちぜん山海里」 エリア,7
福井,道の駅「パークイン丹生ヶ丘」,道の駅「西山公園」 エリア,16
福井,道の駅「パークイン丹生ヶ丘」,道の駅「越前」 エリア,14
福井,道の駅「パークイン丹生ヶ丘」 エリア,一乗谷朝倉氏遺跡,18
福井,道の駅「パークイン丹生ヶ丘」 エリア,三国サンセットビーチ,3
福井,道の駅「パークイン丹生ヶ丘」 エリア,丸岡城,9
福井,道の駅「パークイン丹生ヶ丘」 エリア,今庄宿,3
福井,道の駅「パークイン丹生ヶ丘」 エリア,劔神社,5
福井,道の駅「パークイン丹生ヶ丘」 エリア,大本山永平寺,7
福井,道の駅「パークイン丹生ヶ丘」 エリア,敦賀赤レンガ倉庫,8
福井,道の駅「パークイン丹生ヶ丘」 エリア,東尋坊,3
福井,道の駅「パークイン丹生ヶ丘」 エリア,氣比神宮,4
福井,道の駅「パークイン丹生ヶ丘」 エリア,福井県立恐竜博物館,6
福井,道の駅「パークイン丹生ヶ丘」 エリア,西山動物園,8
福井,道の駅「パークイン丹生ヶ丘」 エリア,越前がにミュージアム,7
福井,道の駅「パークイン丹生ヶ丘」 エリア,越前和紙の里,4
福井,道の駅「パークイン丹生ヶ丘」 エリア,越前大仏,6
福井,道の駅「パークイン丹生ヶ丘」 エリア,越前大野城,7
福井,道の駅「パークイン丹生ヶ丘」 エリア,越前陶芸村,21
福井,道の駅「パークイン丹生ヶ丘」 エリア,道の駅「パークイン丹生ヶ丘」,5
福井,道の駅「パークイン丹生ヶ丘」 エリア,道の駅「南えちぜん山海里」,3
福井,道の駅「パークイン丹生ヶ丘」 エリア,道の駅「西山公園」,11
福井,道の駅「パークイン丹生ヶ丘」 エリア,道の駅「越前」,5
福井,道の駅「一乗谷あさくら水の駅」,JR九頭竜湖駅 エリア,3
福井,道の駅「一乗谷あさくら水の駅」,かずら橋 エリア,3
福井,道の駅「一乗谷あさくら水の駅」,一乗谷朝倉氏遺跡 エリア,38
福井,道の駅「一乗谷あさくら水の駅」,大本山 永平寺 エリア,3
福井,道の駅「一乗谷あさくら水の駅」,福井駅前 エリア,4
福井,道の駅「一乗谷あさくら水の駅」,福井駅前 エリア（宿泊施設）,3
福井,道の駅「一乗谷あさくら水の駅」,越前大野城・城下町 エリア,6
福井,道の駅「一乗谷あさくら水の駅」,道の駅「パークイン丹生ヶ丘」 エリア,3
福井,道の駅「一乗谷あさくら水の駅」,道の駅「南えちぜん山海里」 エリア,4
福井,道の駅「一乗谷あさくら水の駅」,道の駅「恐竜渓谷かつやま」 エリア,3
福井,道の駅「一乗谷あさくら水の駅」,道の駅「越前おおの荒島の郷」 エリア,4
福井,道の駅「三方五湖」,JR敦賀駅前 エリア,6
福井,道の駅「三方五湖」,JR美浜駅 エリア,30
福井,道の駅「三方五湖」,あわら湯のまち エリア,4
福井,道の駅「三方五湖」,うみんぴあ大飯 エリア,4
福井,道の駅「三方五湖」,レインボーライン エリア,29
福井,道の駅「三方五湖」,大本山 永平寺 エリア,4
福井,道の駅「三方五湖」,小浜 エリア（宿泊施設）,4
福井,道の駅「三方五湖」,小浜市 阿納 エリア,5
福井,道の駅「三方五湖」,小浜市まちの駅 エリア,4
福井,道の駅「三方五湖」,日本海さかな街 エリア,5
福井,道の駅「三方五湖」,明通寺 エリア,5
福井,道の駅「三方五湖」,湖上館パムコ（水月湖）エリア,11
福井,道の駅「三方五湖」,熊川宿 エリア,14
福井,道の駅「三方五湖」,美浜町レイクセンター エリア,6
福井,道の駅「三方五湖」,越前そばの里 エリア,3
福井,道の駅「三方五湖」,道の駅「三方五湖」  エリア,18
福井,道の駅「三方五湖」,道の駅「若狭おばま」 エリア,15
福井,道の駅「三方五湖」,金ヶ崎 エリア,5
福井,道の駅「三方五湖」  エリア,あわら温泉街,4
福井,道の駅「三方五湖」  エリア,びわ湖（滋賀県）,4
福井,道の駅「三方五湖」  エリア,ふれあいパーク三里浜(道の駅「みくに」),3
福井,道の駅「三方五湖」  エリア,レインボーライン,39
福井,道の駅「三方五湖」  エリア,一乗谷朝倉氏遺跡,17
福井,道の駅「三方五湖」  エリア,三方五湖,12
福井,道の駅「三方五湖」  エリア,丸岡城,8
福井,道の駅「三方五湖」  エリア,五湖の駅,3
福井,道の駅「三方五湖」  エリア,人道の港 敦賀ムゼウム,4
福井,道の駅「三方五湖」  エリア,今庄宿,3
福井,道の駅「三方五湖」  エリア,北の庄城址・柴田公園,4
福井,道の駅「三方五湖」  エリア,大本山永平寺,12
福井,道の駅「三方五湖」  エリア,天橋立（京都府）,6
福井,道の駅「三方五湖」  エリア,小浜市まちの駅・旭座,3
福井,道の駅「三方五湖」  エリア,小浜市水産食品センター（若狭小浜お魚センター）,14
福井,道の駅「三方五湖」  エリア,岡太神社・大瀧神社,3
福井,道の駅「三方五湖」  エリア,御食国若狭おばま食文化館,10
福井,道の駅「三方五湖」  エリア,敦賀赤レンガ倉庫,25
福井,道の駅「三方五湖」  エリア,敦賀鉄道資料館（旧敦賀港駅舎 ）,4
福井,道の駅「三方五湖」  エリア,敦賀駅,8
福井,道の駅「三方五湖」  エリア,日本海さかな街,18
福井,道の駅「三方五湖」  エリア,東尋坊,10
福井,道の駅「三方五湖」  エリア,気比の松原,13
福井,道の駅「三方五湖」  エリア,氣比神宮,27
福井,道の駅「三方五湖」  エリア,熊川宿,30
福井,道の駅「三方五湖」  エリア,福井県年縞博物館,31
福井,道の駅「三方五湖」  エリア,福井県海浜自然センター,9
福井,道の駅「三方五湖」  エリア,福井県立恐竜博物館,18
福井,道の駅「三方五湖」  エリア,福井駅,4
福井,道の駅「三方五湖」  エリア,舞鶴（京都府）,5
福井,道の駅「三方五湖」  エリア,若狭フィッシャーマンズワーフ,12
福井,道の駅「三方五湖」  エリア,若狭三方縄文博物館,22
福井,道の駅「三方五湖」  エリア,若狭歴史博物館,6
福井,道の駅「三方五湖」  エリア,若狭海遊バザール千鳥苑 若狭美浜 海の駅,6
福井,道の駅「三方五湖」  エリア,若狭瓜割名水公園 瓜割の滝,6
福井,道の駅「三方五湖」  エリア,若狭町観光船レイククルーズ,5
福井,道の駅「三方五湖」  エリア,越前がにミュージアム,5
福井,道の駅「三方五湖」  エリア,越前大仏,3
福井,道の駅「三方五湖」  エリア,越前大野城,7
福井,道の駅「三方五湖」  エリア,越前打刃物会館,3
福井,道の駅「三方五湖」  エリア,道の駅「うみんぴあ大飯」,8
福井,道の駅「三方五湖」  エリア,道の駅「シーサイド高浜」,3
福井,道の駅「三方五湖」  エリア,道の駅「三方五湖」,13
福井,道の駅「三方五湖」  エリア,道の駅「若狭おばま」,20
福井,道の駅「三方五湖」  エリア,道の駅「若狭熊川宿」,8
福井,道の駅「三方五湖」  エリア,道の駅「越前」,4
福井,道の駅「三方五湖」  エリア,金ヶ崎,4
福井,道の駅「九頭竜・和泉ふれあい会館」,JR九頭竜湖駅 エリア,34
福井,道の駅「九頭竜・和泉ふれあい会館」,かずら橋 エリア,3
福井,道の駅「九頭竜・和泉ふれあい会館」,かつやま恐竜の森 エリア,14
福井,道の駅「九頭竜・和泉ふれあい会館」,はたや記念館 ゆめおーれ勝山 エリア,5
福井,道の駅「九頭竜・和泉ふれあい会館」,スーベニアショップ ラプトル エリア,3
福井,道の駅「九頭竜・和泉ふれあい会館」,一乗谷朝倉氏遺跡 エリア,7
福井,道の駅「九頭竜・和泉ふれあい会館」,丸岡城 エリア,3
福井,道の駅「九頭竜・和泉ふれあい会館」,六呂師高原 エリア,10
福井,道の駅「九頭竜・和泉ふれあい会館」,北潟湖 エリア,4
福井,道の駅「九頭竜・和泉ふれあい会館」,大本山 永平寺 エリア,11
福井,道の駅「九頭竜・和泉ふれあい会館」,平泉寺白山神社 エリア,5
福井,道の駅「九頭竜・和泉ふれあい会館」,福井駅前 エリア（宿泊施設）,3
福井,道の駅「九頭竜・和泉ふれあい会館」,越前そばの里 エリア,3
福井,道の駅「九頭竜・和泉ふれあい会館」,越前大野城・城下町 エリア,34
福井,道の駅「九頭竜・和泉ふれあい会館」,道の駅「恐竜渓谷かつやま」 エリア,20
福井,道の駅「九頭竜・和泉ふれあい会館」,道の駅「越前」 エリア,3
福井,道の駅「九頭竜・和泉ふれあい会館」,道の駅「越前おおの荒島の郷」 エリア,73
福井,道の駅「九頭竜・和泉ふれあい会館」,道の駅みくに ふれあいパーク三里浜 エリア,4
福井,道の駅「南えちぜん山海里」,JR敦賀駅前 エリア,5
福井,道の駅「南えちぜん山海里」,JR美浜駅 エリア,7
福井,道の駅「南えちぜん山海里」,あわら湯のまち エリア,10
福井,道の駅「南えちぜん山海里」,うみんぴあ大飯 エリア,3
福井,道の駅「南えちぜん山海里」,かずら橋 エリア,3
福井,道の駅「南えちぜん山海里」,かにファクトリー 甲羅組 エリア,3
福井,道の駅「南えちぜん山海里」,メガネストリート エリア,3
福井,道の駅「南えちぜん山海里」,レインボーライン エリア,7
福井,道の駅「南えちぜん山海里」,丸岡城 エリア,3
福井,道の駅「南えちぜん山海里」,今庄宿 エリア,3
福井,道の駅「南えちぜん山海里」,北陸新幹線 越前たけふ駅 エリア,26
福井,道の駅「南えちぜん山海里」,大本山 永平寺 エリア,4
福井,道の駅「南えちぜん山海里」,日本海さかな街 エリア,5
福井,道の駅「南えちぜん山海里」,福井駅前 エリア,5
福井,道の駅「南えちぜん山海里」,紫式部公園 エリア,5
福井,道の駅「南えちぜん山海里」,越前そばの里 エリア,25
福井,道の駅「南えちぜん山海里」,道の駅「パークイン丹生ヶ丘」 エリア,5
福井,道の駅「南えちぜん山海里」,道の駅「三方五湖」  エリア,4
福井,道の駅「南えちぜん山海里」,道の駅「南えちぜん山海里」 エリア,19
福井,道の駅「南えちぜん山海里」,道の駅「若狭おばま」 エリア,5
福井,道の駅「南えちぜん山海里」,道の駅「西山公園」 エリア,12
福井,道の駅「南えちぜん山海里」,道の駅「越前」 エリア,8
福井,道の駅「南えちぜん山海里」 エリア,「ちひろの生まれた家」記念館,3
福井,道の駅「南えちぜん山海里」 エリア,あわら温泉街,5
福井,道の駅「南えちぜん山海里」 エリア,びわ湖（滋賀県）,11
福井,道の駅「南えちぜん山海里」 エリア,ふれあいパーク三里浜(道の駅「みくに」),4
福井,道の駅「南えちぜん山海里」 エリア,めがねミュージアム,4
福井,道の駅「南えちぜん山海里」 エリア,スキージャム勝山,4
福井,道の駅「南えちぜん山海里」 エリア,レインボーライン,8
福井,道の駅「南えちぜん山海里」 エリア,一乗谷朝倉氏遺跡,30
福井,道の駅「南えちぜん山海里」 エリア,三国サンセットビーチ,3
福井,道の駅「南えちぜん山海里」 エリア,三方五湖,11
福井,道の駅「南えちぜん山海里」 エリア,丸岡城,27
福井,道の駅「南えちぜん山海里」 エリア,京都市内寺院（京都府）,3
福井,道の駅「南えちぜん山海里」 エリア,今庄宿,16
福井,道の駅「南えちぜん山海里」 エリア,北の庄城址・柴田公園,5
福井,道の駅「南えちぜん山海里」 エリア,大本山永平寺,13
福井,道の駅「南えちぜん山海里」 エリア,小浜市水産食品センター（若狭小浜お魚センター）,3
福井,道の駅「南えちぜん山海里」 エリア,山代温泉（石川県）,3
福井,道の駅「南えちぜん山海里」 エリア,岡太神社・大瀧神社,6
福井,道の駅「南えちぜん山海里」 エリア,御食国若狭おばま食文化館,4
福井,道の駅「南えちぜん山海里」 エリア,敦賀赤レンガ倉庫,20
福井,道の駅「南えちぜん山海里」 エリア,敦賀駅,3
福井,道の駅「南えちぜん山海里」 エリア,日本海さかな街,10
福井,道の駅「南えちぜん山海里」 エリア,東尋坊,4
福井,道の駅「南えちぜん山海里」 エリア,氣比神宮,31
福井,道の駅「南えちぜん山海里」 エリア,熊川宿,3
福井,道の駅「南えちぜん山海里」 エリア,福井県年縞博物館,4
福井,道の駅「南えちぜん山海里」 エリア,福井県立恐竜博物館,22
福井,道の駅「南えちぜん山海里」 エリア,福井駅,11
福井,道の駅「南えちぜん山海里」 エリア,粟津温泉（石川県）,3
福井,道の駅「南えちぜん山海里」 エリア,芝政ワールド,5
福井,道の駅「南えちぜん山海里」 エリア,花はす公園,16
福井,道の駅「南えちぜん山海里」 エリア,西山動物園,7
福井,道の駅「南えちぜん山海里」 エリア,越前がにミュージアム,8
福井,道の駅「南えちぜん山海里」 エリア,越前そばの里,7
福井,道の駅「南えちぜん山海里」 エリア,越前和紙の里,7
福井,道の駅「南えちぜん山海里」 エリア,越前大仏,14
福井,道の駅「南えちぜん山海里」 エリア,越前大野城,24
福井,道の駅「南えちぜん山海里」 エリア,越前打刃物会館,4
福井,道の駅「南えちぜん山海里」 エリア,越前松島水族館,4
福井,道の駅「南えちぜん山海里」 エリア,越前海岸,3
福井,道の駅「南えちぜん山海里」 エリア,越前陶芸村,3
福井,道の駅「南えちぜん山海里」 エリア,道の駅「シーサイド高浜」,5
福井,道の駅「南えちぜん山海里」 エリア,道の駅「一乗谷あさくら水の駅」,3
福井,道の駅「南えちぜん山海里」 エリア,道の駅「三方五湖」,11
福井,道の駅「南えちぜん山海里」 エリア,道の駅「南えちぜん山海里」,4
福井,道の駅「南えちぜん山海里」 エリア,道の駅「河野」,5
福井,道の駅「南えちぜん山海里」 エリア,道の駅「若狭おばま」,4
福井,道の駅「南えちぜん山海里」 エリア,道の駅「西山公園」,11
福井,道の駅「南えちぜん山海里」 エリア,道の駅「越前」,8
福井,道の駅「南えちぜん山海里」 エリア,黒壁スクエア（滋賀県）,3
福井,道の駅「名田庄」,JR美浜駅 エリア,3
福井,道の駅「名田庄」,うみんぴあ大飯 エリア,15
福井,道の駅「名田庄」,名田庄 エリア,39
福井,道の駅「名田庄」,小浜市 阿納 エリア,5
福井,道の駅「名田庄」,明通寺 エリア,7
福井,道の駅「名田庄」,湖上館パムコ（水月湖）エリア,4
福井,道の駅「名田庄」,熊川宿 エリア,7
福井,道の駅「名田庄」,箸のふるさと館WAKASA エリア,3
福井,道の駅「名田庄」,若州一滴文庫 エリア,4
福井,道の駅「名田庄」,若狭フィッシャーマンズワーフ エリア,6
福井,道の駅「名田庄」,若狭和田 エリア,3
福井,道の駅「名田庄」,若狭高浜 エリア,4
福井,道の駅「名田庄」,赤礁崎オートキャンプ場 エリア,3
福井,道の駅「名田庄」,道の駅「シーサイド高浜」 エリア,9
福井,道の駅「名田庄」,道の駅「若狭おばま」 エリア,14
福井,道の駅「恐竜渓谷かつやま」,JR九頭竜湖駅 エリア,6
福井,道の駅「恐竜渓谷かつやま」,あわら湯のまち エリア,6
福井,道の駅「恐竜渓谷かつやま」,かつやま恐竜の森 エリア,50
福井,道の駅「恐竜渓谷かつやま」,はたや記念館 ゆめおーれ勝山 エリア,25
福井,道の駅「恐竜渓谷かつやま」,スキージャム勝山 エリア,6
福井,道の駅「恐竜渓谷かつやま」,スーベニアショップ ラプトル エリア,4
福井,道の駅「恐竜渓谷かつやま」,スーベニアショップふらぷとる エリア,4
福井,道の駅「恐竜渓谷かつやま」,一乗谷朝倉氏遺跡 エリア,7
福井,道の駅「恐竜渓谷かつやま」,丸岡城 エリア,4
福井,道の駅「恐竜渓谷かつやま」,六呂師高原 エリア,6
福井,道の駅「恐竜渓谷かつやま」,北ノ庄 エリア,3
福井,道の駅「恐竜渓谷かつやま」,北潟湖 エリア,4
福井,道の駅「恐竜渓谷かつやま」,大本山 永平寺 エリア,12
福井,道の駅「恐竜渓谷かつやま」,平泉寺白山神社 エリア,5
福井,道の駅「恐竜渓谷かつやま」,福井駅前 エリア,3
福井,道の駅「恐竜渓谷かつやま」,福井駅前 エリア（宿泊施設）,3
福井,道の駅「恐竜渓谷かつやま」,竹田エリア,4
福井,道の駅「恐竜渓谷かつやま」,越前大仏 エリア,5
福井,道の駅「恐竜渓谷かつやま」,越前大野城・城下町 エリア,8
福井,道の駅「恐竜渓谷かつやま」,道の駅「南えちぜん山海里」 エリア,13
福井,道の駅「恐竜渓谷かつやま」,道の駅「恐竜渓谷かつやま」 エリア,9
福井,道の駅「恐竜渓谷かつやま」,道の駅「禅の里」 エリア,33
福井,道の駅「恐竜渓谷かつやま」,道の駅「越前おおの荒島の郷」 エリア,21
福井,道の駅「恐竜渓谷かつやま」 エリア,あわら温泉街,16
福井,道の駅「恐竜渓谷かつやま」 エリア,かつやまディノパーク,4
福井,道の駅「恐竜渓谷かつやま」 エリア,はたや記念館 ゆめおーれ勝山,17
福井,道の駅「恐竜渓谷かつやま」 エリア,スキージャム勝山,16
福井,道の駅「恐竜渓谷かつやま」 エリア,一乗谷朝倉氏遺跡,41
福井,道の駅「恐竜渓谷かつやま」 エリア,三国サンセットビーチ,3
福井,道の駅「恐竜渓谷かつやま」 エリア,丸岡城,25
福井,道の駅「恐竜渓谷かつやま」 エリア,勝山城博物館,6
福井,道の駅「恐竜渓谷かつやま」 エリア,北の庄城址・柴田公園,6
福井,道の駅「恐竜渓谷かつやま」 エリア,大本山永平寺,38
福井,道の駅「恐竜渓谷かつやま」 エリア,山代温泉（石川県）,3
福井,道の駅「恐竜渓谷かつやま」 エリア,平泉寺白山神社,10
福井,道の駅「恐竜渓谷かつやま」 エリア,敦賀赤レンガ倉庫,6
福井,道の駅「恐竜渓谷かつやま」 エリア,東尋坊,12
福井,道の駅「恐竜渓谷かつやま」 エリア,白山平泉寺歴史探遊館 まほろば,4
福井,道の駅「恐竜渓谷かつやま」 エリア,福井県立恐竜博物館,124
福井,道の駅「恐竜渓谷かつやま」 エリア,福井駅,14
福井,道の駅「恐竜渓谷かつやま」 エリア,越前がにミュージアム,6
福井,道の駅「恐竜渓谷かつやま」 エリア,越前和紙の里,5
福井,道の駅「恐竜渓谷かつやま」 エリア,越前大仏,33
福井,道の駅「恐竜渓谷かつやま」 エリア,越前大野城,34
福井,道の駅「恐竜渓谷かつやま」 エリア,越前松島水族館,3
福井,道の駅「恐竜渓谷かつやま」 エリア,越廼海水浴場,3
福井,道の駅「恐竜渓谷かつやま」 エリア,道の駅「一乗谷あさくら水の駅」,4
福井,道の駅「恐竜渓谷かつやま」 エリア,道の駅「九頭竜・和泉ふれあい会館」,13
福井,道の駅「恐竜渓谷かつやま」 エリア,道の駅「南えちぜん山海里」,13
福井,道の駅「恐竜渓谷かつやま」 エリア,道の駅「恐竜渓谷かつやま」,4
福井,道の駅「恐竜渓谷かつやま」 エリア,道の駅「禅の里」,26
福井,道の駅「恐竜渓谷かつやま」 エリア,道の駅「西山公園」,5
福井,道の駅「恐竜渓谷かつやま」 エリア,道の駅「越前おおの荒島の郷」,13
福井,道の駅「恐竜渓谷かつやま」 エリア,野外恐竜博物館,4
福井,道の駅「恐竜渓谷かつやま」 エリア,金沢駅周辺（石川県）,4
福井,道の駅「恐竜渓谷かつやま」 エリア,養浩館庭園,3
福井,道の駅「河野」,JR敦賀駅前 エリア,4
福井,道の駅「河野」,JR美浜駅 エリア,7
福井,道の駅「河野」,あわら湯のまち エリア,4
福井,道の駅「河野」,かにファクトリー 甲羅組 エリア,3
福井,道の駅「河野」,メガネストリート エリア,3
福井,道の駅「河野」,一乗谷朝倉氏遺跡 エリア,4
福井,道の駅「河野」,北前船主の館 右近家 エリア,4
福井,道の駅「河野」,北陸新幹線 越前たけふ駅 エリア,18
福井,道の駅「河野」,大本山 永平寺 エリア,5
福井,道の駅「河野」,日本海さかな街 エリア,6
福井,道の駅「河野」,越前そばの里 エリア,16
福井,道の駅「河野」,道の駅「パークイン丹生ヶ丘」 エリア,5
福井,道の駅「河野」,道の駅「南えちぜん山海里」 エリア,7
福井,道の駅「河野」,道の駅「恐竜渓谷かつやま」 エリア,3
福井,道の駅「河野」,道の駅「西山公園」 エリア,3
福井,道の駅「河野」,道の駅「越前」 エリア,19
福井,道の駅「河野」,道の駅みくに ふれあいパーク三里浜 エリア,7
福井,道の駅「禅の里」,JR九頭竜湖駅 エリア,3
福井,道の駅「禅の里」,あわら湯のまち エリア,6
福井,道の駅「禅の里」,かつやま恐竜の森 エリア,14
福井,道の駅「禅の里」,はたや記念館 ゆめおーれ勝山 エリア,5
福井,道の駅「禅の里」,スーベニアショップ ラプトル エリア,3
福井,道の駅「禅の里」,一乗谷朝倉氏遺跡 エリア,7
福井,道の駅「禅の里」,丸岡城 エリア,3
福井,道の駅「禅の里」,北潟湖 エリア,4
福井,道の駅「禅の里」,北陸新幹線 越前たけふ駅 エリア,4
福井,道の駅「禅の里」,大本山 永平寺 エリア,15
福井,道の駅「禅の里」,福井駅前 エリア,3
福井,道の駅「禅の里」,道の駅「南えちぜん山海里」 エリア,9
福井,道の駅「禅の里」,道の駅「恐竜渓谷かつやま」 エリア,24
福井,道の駅「禅の里」,道の駅「禅の里」 エリア,3
福井,道の駅「禅の里」,道の駅「越前おおの荒島の郷」 エリア,9
福井,道の駅「禅の里」 エリア,あわら温泉街,3
福井,道の駅「禅の里」 エリア,はたや記念館 ゆめおーれ勝山,7
福井,道の駅「禅の里」 エリア,スキージャム勝山,3
福井,道の駅「禅の里」 エリア,一乗谷朝倉氏遺跡,14
福井,道の駅「禅の里」 エリア,丸岡城,10
福井,道の駅「禅の里」 エリア,九頭竜湖,3
福井,道の駅「禅の里」 エリア,勝山城博物館,5
福井,道の駅「禅の里」 エリア,大本山永平寺,20
福井,道の駅「禅の里」 エリア,平泉寺白山神社,3
福井,道の駅「禅の里」 エリア,東尋坊,6
福井,道の駅「禅の里」 エリア,福井県立恐竜博物館,36
福井,道の駅「禅の里」 エリア,福井駅,7
福井,道の駅「禅の里」 エリア,越前和紙の里,3
福井,道の駅「禅の里」 エリア,越前大仏,14
福井,道の駅「禅の里」 エリア,越前大野城,18
福井,道の駅「禅の里」 エリア,道の駅「さかい」（坂井地域交流センター「いねす」）,3
福井,道の駅「禅の里」 エリア,道の駅「九頭竜・和泉ふれあい会館」,7
福井,道の駅「禅の里」 エリア,道の駅「南えちぜん山海里」,5
福井,道の駅「禅の里」 エリア,道の駅「恐竜渓谷かつやま」,10
福井,道の駅「禅の里」 エリア,道の駅「越前おおの荒島の郷」,5
福井,道の駅「若狭おばま」,JR敦賀駅前 エリア,4
福井,道の駅「若狭おばま」,JR美浜駅 エリア,20
福井,道の駅「若狭おばま」,あわら湯のまち エリア,4
福井,道の駅「若狭おばま」,うみんぴあ大飯 エリア,27
福井,道の駅「若狭おばま」,レインボーライン エリア,4
福井,道の駅「若狭おばま」,北陸新幹線 越前たけふ駅 エリア,4
福井,道の駅「若狭おばま」,名田庄 エリア,7
福井,道の駅「若狭おばま」,小浜 エリア（宿泊施設）,28
福井,道の駅「若狭おばま」,小浜市 阿納 エリア,23
福井,道の駅「若狭おばま」,小浜市まちの駅 エリア,4
福井,道の駅「若狭おばま」,御食国若狭おばま食文化館 エリア,20
福井,道の駅「若狭おばま」,日本海さかな街 エリア,4
福井,道の駅「若狭おばま」,明通寺 エリア,24
福井,道の駅「若狭おばま」,湖上館パムコ（水月湖）エリア,6
福井,道の駅「若狭おばま」,熊川宿 エリア,19
福井,道の駅「若狭おばま」,箸のふるさと館WAKASA エリア,8
福井,道の駅「若狭おばま」,若州一滴文庫 エリア,4
福井,道の駅「若狭おばま」,若狭フィッシャーマンズワーフ エリア,17
福井,道の駅「若狭おばま」,若狭高浜 エリア,3
福井,道の駅「若狭おばま」,越前そばの里 エリア,8
福井,道の駅「若狭おばま」,道の駅「シーサイド高浜」 エリア,6
福井,道の駅「若狭おばま」,道の駅「三方五湖」  エリア,13
福井,道の駅「若狭おばま」,道の駅「南えちぜん山海里」 エリア,10
福井,道の駅「若狭おばま」,道の駅「若狭おばま」 エリア,13
福井,道の駅「若狭おばま」 エリア,UMIKARA,4
福井,道の駅「若狭おばま」 エリア,エルガイアおおい,5
福井,道の駅「若狭おばま」 エリア,ホテルうみんぴあ,7
福井,道の駅「若狭おばま」 エリア,レインボーライン,13
福井,道の駅「若狭おばま」 エリア,一乗谷朝倉氏遺跡,14
福井,道の駅「若狭おばま」 エリア,三丁町,6
福井,道の駅「若狭おばま」 エリア,三方五湖,13
福井,道の駅「若狭おばま」 エリア,丸岡城,7
福井,道の駅「若狭おばま」 エリア,五湖の駅,5
福井,道の駅「若狭おばま」 エリア,国分寺 (小浜市),3
福井,道の駅「若狭おばま」 エリア,大本山永平寺,8
福井,道の駅「若狭おばま」 エリア,天橋立（京都府）,4
福井,道の駅「若狭おばま」 エリア,小浜市まちの駅・旭座,9
福井,道の駅「若狭おばま」 エリア,小浜市水産食品センター（若狭小浜お魚センター）,14
福井,道の駅「若狭おばま」 エリア,岡太神社・大瀧神社,5
福井,道の駅「若狭おばま」 エリア,御食国若狭おばま食文化館,26
福井,道の駅「若狭おばま」 エリア,敦賀赤レンガ倉庫,12
福井,道の駅「若狭おばま」 エリア,敦賀鉄道資料館（旧敦賀港駅舎 ）,4
福井,道の駅「若狭おばま」 エリア,敦賀駅,6
福井,道の駅「若狭おばま」 エリア,日本海さかな街,13
福井,道の駅「若狭おばま」 エリア,明通寺,4
福井,道の駅「若狭おばま」 エリア,氣比神宮,17
福井,道の駅「若狭おばま」 エリア,熊川宿,33
福井,道の駅「若狭おばま」 エリア,神宮寺,3
福井,道の駅「若狭おばま」 エリア,福井県こども家族館,4
福井,道の駅「若狭おばま」 エリア,福井県年縞博物館,3
福井,道の駅「若狭おばま」 エリア,福井県立恐竜博物館,7
福井,道の駅「若狭おばま」 エリア,箸のふるさと館WAKASA,6
福井,道の駅「若狭おばま」 エリア,羽賀寺,4
福井,道の駅「若狭おばま」 エリア,舞鶴（京都府）,5
福井,道の駅「若狭おばま」 エリア,若狭たかはま エルどらんど,4
福井,道の駅「若狭おばま」 エリア,若狭フィッシャーマンズワーフ,19
福井,道の駅「若狭おばま」 エリア,若狭三方縄文博物館,6
福井,道の駅「若狭おばま」 エリア,若狭和田ビーチ,5
福井,道の駅「若狭おばま」 エリア,若狭歴史博物館,9
福井,道の駅「若狭おばま」 エリア,若狭瓜割名水公園 瓜割の滝,14
福井,道の駅「若狭おばま」 エリア,赤礁崎オートキャンプ場,3
福井,道の駅「若狭おばま」 エリア,越前がにミュージアム,3
福井,道の駅「若狭おばま」 エリア,越前和紙の里,3
福井,道の駅「若狭おばま」 エリア,越前大仏,4
福井,道の駅「若狭おばま」 エリア,越前大野城,7
福井,道の駅「若狭おばま」 エリア,道の駅「うみんぴあ大飯」,31
福井,道の駅「若狭おばま」 エリア,道の駅「シーサイド高浜」,8
福井,道の駅「若狭おばま」 エリア,道の駅「三方五湖」,10
福井,道の駅「若狭おばま」 エリア,道の駅「南えちぜん山海里」,3
福井,道の駅「若狭おばま」 エリア,道の駅「名田庄」,7
福井,道の駅「若狭おばま」 エリア,道の駅「若狭おばま」,4
福井,道の駅「若狭おばま」 エリア,道の駅「若狭熊川宿」,34
福井,道の駅「若狭熊川宿」,JR敦賀駅前 エリア,7
福井,道の駅「若狭熊川宿」,JR美浜駅 エリア,8
福井,道の駅「若狭熊川宿」,うみんぴあ大飯 エリア,18
福井,道の駅「若狭熊川宿」,レインボーライン エリア,13
福井,道の駅「若狭熊川宿」,名田庄 エリア,5
福井,道の駅「若狭熊川宿」,小浜 エリア（宿泊施設）,9
福井,道の駅「若狭熊川宿」,小浜市 阿納 エリア,12
福井,道の駅「若狭熊川宿」,小浜市まちの駅 エリア,3
福井,道の駅「若狭熊川宿」,御食国若狭おばま食文化館 エリア,14
福井,道の駅「若狭熊川宿」,明通寺 エリア,19
福井,道の駅「若狭熊川宿」,湖上館パムコ（水月湖）エリア,6
福井,道の駅「若狭熊川宿」,熊川宿 エリア,31
福井,道の駅「若狭熊川宿」,美浜町レイクセンター エリア,5
福井,道の駅「若狭熊川宿」,若狭フィッシャーマンズワーフ エリア,15
福井,道の駅「若狭熊川宿」,若狭海遊バザール 千鳥苑 エリア,3
福井,道の駅「若狭熊川宿」,道の駅「シーサイド高浜」 エリア,5
福井,道の駅「若狭熊川宿」,道の駅「三方五湖」  エリア,23
福井,道の駅「若狭熊川宿」,道の駅「若狭おばま」 エリア,28
福井,道の駅「若狭熊川宿」,金ヶ崎 エリア,3
福井,道の駅「西山公園」,あわら湯のまち エリア,6
福井,道の駅「西山公園」,うるしの里 エリア,5
福井,道の駅「西山公園」,かずら橋 エリア,8
福井,道の駅「西山公園」,かつやま恐竜の森 エリア,3
福井,道の駅「西山公園」,メガネストリート エリア,11
福井,道の駅「西山公園」,一乗谷朝倉氏遺跡 エリア,7
福井,道の駅「西山公園」,丸岡城 エリア,4
福井,道の駅「西山公園」,北潟湖 エリア,3
福井,道の駅「西山公園」,北陸新幹線 越前たけふ駅 エリア,16
福井,道の駅「西山公園」,大本山 永平寺 エリア,5
福井,道の駅「西山公園」,福井駅前 エリア,6
福井,道の駅「西山公園」,越前そばの里 エリア,22
福井,道の駅「西山公園」,越前松島水族館 エリア,3
福井,道の駅「西山公園」,越前陶芸村 エリア,4
福井,道の駅「西山公園」,道の駅「パークイン丹生ヶ丘」 エリア,8
福井,道の駅「西山公園」,道の駅「南えちぜん山海里」 エリア,21
福井,道の駅「西山公園」,道の駅「西山公園」 エリア,7
福井,道の駅「西山公園」,道の駅「越前」 エリア,7
福井,道の駅「西山公園」 エリア,「ちひろの生まれた家」記念館,3
福井,道の駅「西山公園」 エリア,うるしの里,3
福井,道の駅「西山公園」 エリア,めがねミュージアム,10
福井,道の駅「西山公園」 エリア,ゆりの里公園ユリーム春江,3
福井,道の駅「西山公園」 エリア,一乗谷朝倉氏遺跡,14
福井,道の駅「西山公園」 エリア,丸岡城,16
福井,道の駅「西山公園」 エリア,北の庄城址・柴田公園,5
福井,道の駅「西山公園」 エリア,大本山永平寺,8
福井,道の駅「西山公園」 エリア,御食国若狭おばま食文化館,3
福井,道の駅「西山公園」 エリア,日本海さかな街,4
福井,道の駅「西山公園」 エリア,氣比神宮,3
福井,道の駅「西山公園」 エリア,福井県立恐竜博物館,3
福井,道の駅「西山公園」 エリア,福井駅,4
福井,道の駅「西山公園」 エリア,西山動物園,9
福井,道の駅「西山公園」 エリア,越前がにミュージアム,4
福井,道の駅「西山公園」 エリア,越前和紙の里,4
福井,道の駅「西山公園」 エリア,越前大野城,13
福井,道の駅「西山公園」 エリア,越前水仙の里公園,3
福井,道の駅「西山公園」 エリア,越前陶芸村,3
福井,道の駅「西山公園」 エリア,道の駅「パークイン丹生ヶ丘」,7
福井,道の駅「西山公園」 エリア,道の駅「一乗谷あさくら水の駅」,4
福井,道の駅「西山公園」 エリア,道の駅「南えちぜん山海里」,6
福井,道の駅「西山公園」 エリア,道の駅「西山公園」,4
福井,道の駅「西山公園」 エリア,道の駅「越前」,5
福井,道の駅「越前」,あわら湯のまち エリア,5
福井,道の駅「越前」,かずら橋 エリア,6
福井,道の駅「越前」,かつやま恐竜の森 エリア,3
福井,道の駅「越前」,だるまちゃん広場 エリア,3
福井,道の駅「越前」,メガネストリート エリア,3
福井,道の駅「越前」,一乗谷朝倉氏遺跡 エリア,4
福井,道の駅「越前」,劔神社 エリア,10
福井,道の駅「越前」,北潟湖 エリア,8
福井,道の駅「越前」,北陸新幹線 越前たけふ駅 エリア,13
福井,道の駅「越前」,東尋坊 エリア,4
福井,道の駅「越前」,河野北前船主通りエリア,4
福井,道の駅「越前」,福井駅前 エリア,4
福井,道の駅「越前」,福井駅前 エリア（宿泊施設）,6
福井,道の駅「越前」,紫式部公園 エリア,7
福井,道の駅「越前」,越前そばの里 エリア,45
福井,道の駅「越前」,越前海岸 くりや旅館街 エリア,6
福井,道の駅「越前」,越前海岸 北部 エリア,5
福井,道の駅「越前」,越前海岸 越前岬 エリア,8
福井,道の駅「越前」,越前漁港 エリア,6
福井,道の駅「越前」,越前陶芸村 エリア,7
福井,道の駅「越前」,道の駅「パークイン丹生ヶ丘」 エリア,18
福井,道の駅「越前」,道の駅「南えちぜん山海里」 エリア,16
福井,道の駅「越前」,道の駅「禅の里」 エリア,4
福井,道の駅「越前」,道の駅「西山公園」 エリア,6
福井,道の駅「越前」,道の駅「越前」 エリア,35
福井,道の駅「越前」,道の駅みくに ふれあいパーク三里浜 エリア,10
福井,道の駅「越前」,金ヶ崎 エリア,6
福井,道の駅「越前」 エリア,「ちひろの生まれた家」記念館,4
福井,道の駅「越前」 エリア,あわら温泉街,4
福井,道の駅「越前」 エリア,ふれあいパーク三里浜(道の駅「みくに」),5
福井,道の駅「越前」 エリア,めがねミュージアム,5
福井,道の駅「越前」 エリア,レインボーライン,7
福井,道の駅「越前」 エリア,一乗谷朝倉氏遺跡,16
福井,道の駅「越前」 エリア,三国サンセットビーチ,5
福井,道の駅「越前」 エリア,三方五湖,7
福井,道の駅「越前」 エリア,丸岡城,15
福井,道の駅「越前」 エリア,五湖の駅,5
福井,道の駅「越前」 エリア,劔神社,16
福井,道の駅「越前」 エリア,北の庄城址・柴田公園,4
福井,道の駅「越前」 エリア,北前船主の館 右近家,6
福井,道の駅「越前」 エリア,吉崎御坊跡,4
福井,道の駅「越前」 エリア,呼鳥門,11
福井,道の駅「越前」 エリア,大本山永平寺,20
福井,道の駅「越前」 エリア,岡太神社・大瀧神社,3
福井,道の駅「越前」 エリア,敦賀赤レンガ倉庫,20
福井,道の駅「越前」 エリア,敦賀鉄道資料館（旧敦賀港駅舎 ）,3
福井,道の駅「越前」 エリア,敦賀駅,3
福井,道の駅「越前」 エリア,日本海さかな街,18
福井,道の駅「越前」 エリア,東尋坊,28
福井,道の駅「越前」 エリア,氣比神宮,20
福井,道の駅「越前」 エリア,熊川宿,3
福井,道の駅「越前」 エリア,福井県立恐竜博物館,22
福井,道の駅「越前」 エリア,福井駅,11
福井,道の駅「越前」 エリア,芝政ワールド,3
福井,道の駅「越前」 エリア,西山動物園,6
福井,道の駅「越前」 エリア,越前がにミュージアム,64
福井,道の駅「越前」 エリア,越前そばの里,9
福井,道の駅「越前」 エリア,越前和紙の里,8
福井,道の駅「越前」 エリア,越前大仏,14
福井,道の駅「越前」 エリア,越前大野城,14
福井,道の駅「越前」 エリア,越前岬,3
福井,道の駅「越前」 エリア,越前松島水族館,3
福井,道の駅「越前」 エリア,越前水仙の里公園,8
福井,道の駅「越前」 エリア,越前海岸,8
福井,道の駅「越前」 エリア,越前陶芸村,12
福井,道の駅「越前」 エリア,道の駅「パークイン丹生ヶ丘」,14
福井,道の駅「越前」 エリア,道の駅「南えちぜん山海里」,8
福井,道の駅「越前」 エリア,道の駅「名田庄」,4
福井,道の駅「越前」 エリア,道の駅「河野」,18
福井,道の駅「越前」 エリア,道の駅「若狭熊川宿」,3
福井,道の駅「越前」 エリア,道の駅「西山公園」,7
福井,道の駅「越前」 エリア,道の駅「越前」,8
福井,道の駅「越前おおの荒島の郷」,JR九頭竜湖駅 エリア,42
福井,道の駅「越前おおの荒島の郷」,あわら湯のまち エリア,3
福井,道の駅「越前おおの荒島の郷」,かずら橋 エリア,5
福井,道の駅「越前おおの荒島の郷」,かつやま恐竜の森 エリア,5
福井,道の駅「越前おおの荒島の郷」,はたや記念館 ゆめおーれ勝山 エリア,9
福井,道の駅「越前おおの荒島の郷」,まちの市場 こってコテいけだ エリア,3
福井,道の駅「越前おおの荒島の郷」,一乗谷朝倉氏遺跡 エリア,7
福井,道の駅「越前おおの荒島の郷」,丸岡城 エリア,3
福井,道の駅「越前おおの荒島の郷」,六呂師高原 エリア,14
福井,道の駅「越前おおの荒島の郷」,大本山 永平寺 エリア,9
福井,道の駅「越前おおの荒島の郷」,平泉寺白山神社 エリア,4
福井,道の駅「越前おおの荒島の郷」,福井駅前 エリア,3
福井,道の駅「越前おおの荒島の郷」,越前そばの里 エリア,5
福井,道の駅「越前おおの荒島の郷」,越前大仏 エリア,3
福井,道の駅「越前おおの荒島の郷」,越前大野城・城下町 エリア,32
福井,道の駅「越前おおの荒島の郷」,道の駅「南えちぜん山海里」 エリア,6
福井,道の駅「越前おおの荒島の郷」,道の駅「恐竜渓谷かつやま」 エリア,36
福井,道の駅「越前おおの荒島の郷」,道の駅「禅の里」 エリア,7
福井,道の駅「越前おおの荒島の郷」,道の駅「越前おおの荒島の郷」 エリア,5
福井,道の駅「越前おおの荒島の郷」 エリア,あわら温泉街,3
福井,道の駅「越前おおの荒島の郷」 エリア,はたや記念館 ゆめおーれ勝山,3
福井,道の駅「越前おおの荒島の郷」 エリア,スキージャム勝山,5
福井,道の駅「越前おおの荒島の郷」 エリア,一乗谷朝倉氏遺跡,29
福井,道の駅「越前おおの荒島の郷」 エリア,七間朝市,5
福井,道の駅「越前おおの荒島の郷」 エリア,丸岡城,15
福井,道の駅「越前おおの荒島の郷」 エリア,九頭竜スキー場,6
福井,道の駅「越前おおの荒島の郷」 エリア,九頭竜湖,23
福井,道の駅「越前おおの荒島の郷」 エリア,六呂師高原,3
福井,道の駅「越前おおの荒島の郷」 エリア,勝山城博物館,3
福井,道の駅「越前おおの荒島の郷」 エリア,北の庄城址・柴田公園,6
福井,道の駅「越前おおの荒島の郷」 エリア,大本山永平寺,12
福井,道の駅「越前おおの荒島の郷」 エリア,平泉寺白山神社,5
福井,道の駅「越前おおの荒島の郷」 エリア,東尋坊,8
福井,道の駅「越前おおの荒島の郷」 エリア,氣比神宮,4
福井,道の駅「越前おおの荒島の郷」 エリア,白山平泉寺歴史探遊館 まほろば,5
福井,道の駅「越前おおの荒島の郷」 エリア,福井県立恐竜博物館,30
福井,道の駅「越前おおの荒島の郷」 エリア,福井駅,3
福井,道の駅「越前おおの荒島の郷」 エリア,越前そばの里,3
福井,道の駅「越前おおの荒島の郷」 エリア,越前大仏,12
福井,道の駅「越前おおの荒島の郷」 エリア,越前大野城,56
福井,道の駅「越前おおの荒島の郷」 エリア,道の駅「一乗谷あさくら水の駅」,4
福井,道の駅「越前おおの荒島の郷」 エリア,道の駅「九頭竜・和泉ふれあい会館」,36
福井,道の駅「越前おおの荒島の郷」 エリア,道の駅「恐竜渓谷かつやま」,27
福井,道の駅「越前おおの荒島の郷」 エリア,道の駅「禅の里」,6
福井,道の駅「越前おおの荒島の郷」 エリア,飛騨高山（岐阜県）,3
福井,道の駅たけふ,越前そばの里 エリア,3
福井,道の駅はまびより,JR美浜駅 エリア,3
福井,道の駅はまびより,道の駅「三方五湖」  エリア,3
福井,道の駅みくに ふれあいパーク三里浜 エリア,あわら温泉「芦湯」,3
福井,道の駅みくに ふれあいパーク三里浜 エリア,あわら温泉街,10
福井,道の駅みくに ふれあいパーク三里浜 エリア,ふれあいパーク三里浜(道の駅「みくに」),4
福井,道の駅みくに ふれあいパーク三里浜 エリア,ゆりの里公園ユリーム春江,11
福井,道の駅みくに ふれあいパーク三里浜 エリア,ファーマーズマーケットきららの丘,3
福井,道の駅みくに ふれあいパーク三里浜 エリア,一乗谷朝倉氏遺跡,14
福井,道の駅みくに ふれあいパーク三里浜 エリア,三国サンセットビーチ,11
福井,道の駅みくに ふれあいパーク三里浜 エリア,三國湊レトロ,6
福井,道の駅みくに ふれあいパーク三里浜 エリア,丸岡城,30
福井,道の駅みくに ふれあいパーク三里浜 エリア,吉崎御坊跡,9
福井,道の駅みくに ふれあいパーク三里浜 エリア,大本山永平寺,12
福井,道の駅みくに ふれあいパーク三里浜 エリア,東尋坊,42
福井,道の駅みくに ふれあいパーク三里浜 エリア,氣比神宮,5
福井,道の駅みくに ふれあいパーク三里浜 エリア,福井県立恐竜博物館,13
福井,道の駅みくに ふれあいパーク三里浜 エリア,福井駅,5
福井,道の駅みくに ふれあいパーク三里浜 エリア,芝政ワールド,3
福井,道の駅みくに ふれあいパーク三里浜 エリア,越前がにミュージアム,5
福井,道の駅みくに ふれあいパーク三里浜 エリア,越前大仏,11
福井,道の駅みくに ふれあいパーク三里浜 エリア,越前大野城,11
福井,道の駅みくに ふれあいパーク三里浜 エリア,越前松島水族館,14
福井,道の駅みくに ふれあいパーク三里浜 エリア,越前水仙の里公園,3
福井,道の駅みくに ふれあいパーク三里浜 エリア,越前海岸,6
福井,道の駅みくに ふれあいパーク三里浜 エリア,道の駅「さかい」（坂井地域交流センター「いねす」）,15
福井,道の駅みくに ふれあいパーク三里浜 エリア,道の駅「パークイン丹生ヶ丘」,5
福井,道の駅みくに ふれあいパーク三里浜 エリア,道の駅「越前」,11
福井,道の駅みくに ふれあいパーク三里浜 エリア,養浩館庭園,4
福井,道の駅みくに ふれあいパーク三里浜 エリア,鷹巣海水浴場,3
福井,道の駅武生,越前そばの里 エリア,5
福井,道の駅蓮如の里あわら,あわら湯のまち エリア,4
福井,道の駅越前たけふ,かずら橋 エリア,3
福井,酒蔵,あわら湯のまち エリア,3
福井,野外恐竜博物館,あわら湯のまち エリア,11
福井,野外恐竜博物館,うみんぴあ大飯 エリア,3
福井,野外恐竜博物館,かつやま恐竜の森 エリア,5
福井,野外恐竜博物館,スーベニアショップふらぷとる エリア,3
福井,野外恐竜博物館,三国湊 エリア,3
福井,野外恐竜博物館,北潟湖 エリア,3
福井,野外恐竜博物館,大本山 永平寺 エリア,11
福井,野外恐竜博物館,東尋坊 エリア,3
福井,野外恐竜博物館,福井駅前 エリア,4
福井,野外恐竜博物館,道の駅「恐竜渓谷かつやま」 エリア,3
福井,野外恐竜博物館,道の駅みくに ふれあいパーク三里浜 エリア,3
福井,金ヶ崎,JR敦賀駅前 エリア,8
福井,金ヶ崎,敦賀市立博物館 エリア,3
福井,金ヶ崎,日本海さかな街 エリア,3
福井,金ヶ崎,金ヶ崎 エリア,7
福井,金ヶ崎 エリア,「ちひろの生まれた家」記念館,4
福井,金ヶ崎 エリア,あわら温泉街,3
福井,金ヶ崎 エリア,エルガイアおおい,3
福井,金ヶ崎 エリア,レインボーライン,10
福井,金ヶ崎 エリア,一乗谷朝倉氏遺跡,27
福井,金ヶ崎 エリア,三國湊レトロ,3
福井,金ヶ崎 エリア,三方五湖,4
福井,金ヶ崎 エリア,丸岡城,15
福井,金ヶ崎 エリア,人道の港 敦賀ムゼウム,35
福井,金ヶ崎 エリア,北の庄城址・柴田公園,5
福井,金ヶ崎 エリア,国分寺 (小浜市),3
福井,金ヶ崎 エリア,大本山永平寺,6
福井,金ヶ崎 エリア,岡太神社・大瀧神社,5
福井,金ヶ崎 エリア,敦賀市立博物館,12
福井,金ヶ崎 エリア,敦賀赤レンガ倉庫,143
福井,金ヶ崎 エリア,敦賀鉄道資料館（旧敦賀港駅舎 ）,38
福井,金ヶ崎 エリア,敦賀駅,19
福井,金ヶ崎 エリア,日本海さかな街,28
福井,金ヶ崎 エリア,東尋坊,5
福井,金ヶ崎 エリア,気比の松原,18
福井,金ヶ崎 エリア,気比の松原海水浴場,3
福井,金ヶ崎 エリア,氣比神宮,111
福井,金ヶ崎 エリア,水島,3
福井,金ヶ崎 エリア,熊川宿,8
福井,金ヶ崎 エリア,神宮寺,3
福井,金ヶ崎 エリア,福井県立恐竜博物館,7
福井,金ヶ崎 エリア,福井駅,5
福井,金ヶ崎 エリア,若狭三方縄文博物館,3
福井,金ヶ崎 エリア,西福寺,3
福井,金ヶ崎 エリア,越前がにミュージアム,6
福井,金ヶ崎 エリア,越前和紙の里,4
福井,金ヶ崎 エリア,越前大仏,13
福井,金ヶ崎 エリア,越前大野城,11
福井,金ヶ崎 エリア,道の駅「若狭おばま」,3
福井,金ヶ崎 エリア,道の駅「越前」,4
福井,金ヶ崎 エリア,金ヶ崎,3
福井,金沢,JR芦原温泉駅 エリア,3
福井,金沢,あわら湯のまち エリア,6
福井,金沢,大本山 永平寺 エリア,3
福井,金沢,東尋坊 エリア,3
福井,金沢,福井駅前 エリア,5
福井,金沢駅周辺（石川県）,JR敦賀駅前 エリア,4
福井,金沢駅周辺（石川県）,JR芦原温泉駅 エリア,3
福井,金沢駅周辺（石川県）,あわら湯のまち エリア,20
福井,金沢駅周辺（石川県）,かずら橋 エリア,3
福井,金沢駅周辺（石川県）,かつやま恐竜の森 エリア,4
福井,金沢駅周辺（石川県）,一乗谷朝倉氏遺跡 エリア,3
福井,金沢駅周辺（石川県）,三国湊 エリア,3
福井,金沢駅周辺（石川県）,丸岡城 エリア,4
福井,金沢駅周辺（石川県）,北潟湖 エリア,6
福井,金沢駅周辺（石川県）,大本山 永平寺 エリア,9
福井,金沢駅周辺（石川県）,東尋坊 エリア,11
福井,金沢駅周辺（石川県）,福井駅前 エリア,10
福井,金沢駅周辺（石川県）,福井駅前 エリア（宿泊施設）,3
福井,金沢駅周辺（石川県）,越前そばの里 エリア,3
福井,金沢駅周辺（石川県）,道の駅「南えちぜん山海里」 エリア,12
福井,金沢駅周辺（石川県）,道の駅「越前おおの荒島の郷」 エリア,3
福井,金津創作の森,JR芦原温泉駅 エリア,12
福井,金津創作の森,あわら湯のまち エリア,17
福井,金津創作の森,フルーツライン エリア,11
福井,金津創作の森,北潟湖 エリア,7
福井,金津創作の森,花の駅 ゆりの里公園 エリア,3
福井,金津創作の森,越前そばの里 エリア,3
福井,金津創作の森,道の駅みくに ふれあいパーク三里浜 エリア,3
福井,長須浜海水浴場,道の駅「越前」 エリア,4
福井,阿納海水浴場(2021夏は開設しません),小浜市 阿納 エリア,14
福井,阿納海水浴場(2021夏は開設しません),若狭フィッシャーマンズワーフ エリア,5
福井,阿納海水浴場(2021夏は開設しません),道の駅「若狭おばま」 エリア,3
福井,雄島,あわら湯のまち エリア,4
福井,雄島,東尋坊 エリア,9
福井,雄島,越前松島水族館 エリア,3
福井,青葉山,若狭高浜 エリア,3
福井,青葉山ハーバルビレッジ,若狭高浜 エリア,4
福井,飛騨高山（岐阜県）,道の駅「越前おおの荒島の郷」 エリア,4
福井,養浩館庭園,JR美浜駅 エリア,3
福井,養浩館庭園,あわら湯のまち エリア,9
福井,養浩館庭園,かつやま恐竜の森 エリア,13
福井,養浩館庭園,ふくい鮮いちば エリア,6
福井,養浩館庭園,一乗谷朝倉氏遺跡 エリア,8
福井,養浩館庭園,三国湊 エリア,3
福井,養浩館庭園,丸岡城 エリア,8
福井,養浩館庭園,北ノ庄 エリア,11
福井,養浩館庭園,大本山 永平寺 エリア,6
福井,養浩館庭園,福井駅前 エリア,45
福井,養浩館庭園,福井駅前 エリア（宿泊施設）,8
福井,養浩館庭園,越前そばの里 エリア,6
福井,養浩館庭園,越前大野城・城下町 エリア,5
福井,養浩館庭園,道の駅「三方五湖」  エリア,5
福井,養浩館庭園,道の駅「南えちぜん山海里」 エリア,4
福井,養浩館庭園,道の駅「恐竜渓谷かつやま」 エリア,3
福井,養浩館庭園,道の駅みくに ふれあいパーク三里浜 エリア,3
福井,鷹巣海水浴場,越前海岸 くりや旅館街 エリア,3
福井,鷹巣海水浴場,越前海岸 北部 エリア,9
福井,龍双ヶ滝,かずら橋 エリア,8
福井,龍双ヶ滝,まちの市場 こってコテいけだ エリア,7
福井,龍双ヶ滝,越前大野城・城下町 エリア,4
