施設,全回答数,直近30日間の回答数,前の30日間の回答数,伸び率（対前月）,石川県の回答数順位,石川県の回答数順位(直近30日間),商品・サービス満足度,商品・サービス満足度(直近30日間),施設全体満足度,施設全体満足度(直近30日間),旅全体満足度,旅全体満足度(直近30日間),施設の推奨度,推奨者数,非推奨者数,NPS,推奨者数(直近30日間),非推奨者数(直近30日間),NPS(直近30日間),10代,20代,30代,40代,50代,60代,70代,80代,90代,100代,男性,女性,1泊,2泊,3泊,4泊以上,日帰り,自分ひとり,恋人,友人,夫婦2人,団体旅行,親戚,親,職場の同僚,小学生以下連れの家族,中学生以下連れの家族,高校生連れの家族,災害支援,宿でのんびり過ごす,温泉や露天風呂,地元の美味しいものを食べる,花見や紅葉などの自然鑑賞,名所、旧跡の観光,テーマパーク（遊園地、動物園、博物館など）,買い物、アウトレット,お祭りやイベントへの参加・見物,スポーツ観戦や芸能鑑賞（コンサート等）,アウトドア（海水浴、釣り、登山など）,まちあるき、都市散策,各種体験（手作り、果物狩りなど）,スキー・スノボ、マリンスポーツ,その他スポーツ（ゴルフ、テニスなど）,ドライブ・ツーリング,友人・親戚を尋ねる,出張など仕事関係,100万円未満,100万円以上 200万円未満,200万円以上 300万円未満,300万円以上 400万円未満,400万円以上 500万円未満,500万円以上 600万円未満,600万円以上 700万円未満,700万円以上 800万円未満,800万円以上 900万円未満,"900万円以上 1,000万円未満","1,000万円以上 1,200万円未満","1,200万円以上 1,500万円未満","1,500万円以上",北海道,青森県,岩手県,宮城県,秋田県,山形県,福島県,茨城県,栃木県,群馬県,埼玉県,千葉県,東京都,神奈川県,新潟県,富山県,石川県,福井県,山梨県,長野県,岐阜県,静岡県,愛知県,三重県,滋賀県,京都府,大阪府,兵庫県,奈良県,和歌山県,鳥取県,島根県,岡山県,広島県,山口県,徳島県,香川県,愛媛県,高知県,福岡県,佐賀県,長崎県,熊本県,大分県,宮崎県,鹿児島県,沖縄県
金沢城公園,804,24,24,0,7,16,4.50877193,4.041666667,4.46521146,4.166666667,4.604234528,4.416666667,8.460199005,446,97,0.434079602,9,3,0.25,0.01243781095,0.1629353234,0.1666666667,0.1990049751,0.2537313433,0.1517412935,0.05348258706,0,0,0,0.3893034826,0.5970149254,0.3594527363,0.3370646766,0.08084577114,0.0907960199,0.131840796,0.2039800995,0.09701492537,0.1368159204,0.2388059701,0.008706467662,0.001243781095,0.09328358209,0.01492537313,0.08706467662,0.01616915423,0.001243781095,0,0.1492537313,0.1679104478,0.6281094527,0.1405472637,0,0,0,0.06094527363,0,0,0,0,0,0,0.02860696517,0,0.03980099502,0.06467661692,0.05223880597,0.0907960199,0.1305970149,0.1293532338,0.1106965174,0.07587064677,0.08333333333,0.0460199005,0.06592039801,0.06343283582,0.02985074627,0.05721393035,0.01990049751,0.004975124378,0.002487562189,0.006218905473,0.001243781095,0.004975124378,0.004975124378,0.01741293532,0.02114427861,0.01492537313,0.06094527363,0.0671641791,0.17039801,0.07338308458,0.01741293532,0.03233830846,0.0684079602,0.01119402985,0.006218905473,0.01616915423,0.01865671642,0.03233830846,0.08208955224,0.01368159204,0.01119402985,0.02736318408,0.07711442786,0.05223880597,0.009950248756,0.002487562189,0.001243781095,0,0.006218905473,0.002487562189,0.001243781095,0.002487562189,0.001243781095,0.003731343284,0,0.01368159204,0.003731343284,0.001243781095,0,0.006218905473,0.001243781095,0.001243781095,0.004975124378
兼六園,258,7,4,0.75,25,51,4.521929825,4.714285714,4.508064516,4.571428571,4.610810811,4.571428571,8.620155039,153,30,0.476744186,4,2,0.2857142857,0.02713178295,0.2248062016,0.2054263566,0.1899224806,0.2054263566,0.1317829457,0.01550387597,0,0,0,0.2674418605,0.7131782946,0.4069767442,0.3527131783,0.09689922481,0.06976744186,0.07364341085,0.09302325581,0.1085271318,0.1627906977,0.2674418605,0.003875968992,0,0.1279069767,0.01937984496,0.06589147287,0.01162790698,0,0,0.1550387597,0.2093023256,0.7093023256,0.1899224806,0,0,0,0.03875968992,0,0,0,0,0,0,0.03100775194,0,0.03488372093,0.04651162791,0.03875968992,0.1046511628,0.1162790698,0.07364341085,0.1356589147,0.1046511628,0.06201550388,0.04651162791,0.07364341085,0.09689922481,0.05426356589,0.04651162791,0.01550387597,0,0.01937984496,0.007751937984,0.003875968992,0.003875968992,0.007751937984,0.007751937984,0.01162790698,0.01162790698,0.06201550388,0.08914728682,0.2325581395,0.1046511628,0.01550387597,0.01550387597,0.03875968992,0,0.01162790698,0.01550387597,0.03100775194,0.02325581395,0.05813953488,0.01550387597,0.003875968992,0.03100775194,0.06976744186,0.01937984496,0.003875968992,0.003875968992,0,0.003875968992,0,0.01162790698,0,0.003875968992,0,0,0.003875968992,0.01937984496,0,0.007751937984,0,0.007751937984,0.003875968992,0,0.003875968992
金沢駅,725,32,44,-0.2727272727,10,12,4.464723926,3.90625,4.414307004,3.96875,4.619694397,4.40625,8.56,393,67,0.4496551724,17,3,0.4375,0.01793103448,0.1586206897,0.1931034483,0.2248275862,0.2303448276,0.1544827586,0.01793103448,0,0.00275862069,0,0.3462068966,0.6317241379,0.3862068966,0.3213793103,0.09655172414,0.09793103448,0.09793103448,0.2579310345,0.07586206897,0.12,0.24,0.008275862069,0.001379310345,0.1048275862,0.03586206897,0.05379310345,0.004137931034,0,0.00275862069,0.1668965517,0.1503448276,0.6772413793,0.06068965517,0,0,0,0.0675862069,0,0,0,0,0,0,0.01517241379,0,0.08137931034,0.0524137931,0.04,0.07172413793,0.1062068966,0.1268965517,0.1282758621,0.07862068966,0.06896551724,0.07034482759,0.06482758621,0.0924137931,0.0524137931,0.04689655172,0.01103448276,0,0.006896551724,0.006896551724,0,0.006896551724,0.006896551724,0.01793103448,0.005517241379,0.01655172414,0.06344827586,0.04689655172,0.2110344828,0.09103448276,0.009655172414,0.02344827586,0.03724137931,0.01103448276,0.006896551724,0.0275862069,0.01103448276,0.01655172414,0.05931034483,0.009655172414,0.008275862069,0.0275862069,0.1062068966,0.04827586207,0.01517241379,0.005517241379,0.00275862069,0,0.01103448276,0.0275862069,0.006896551724,0.005517241379,0.001379310345,0,0.001379310345,0.01517241379,0.001379310345,0.00275862069,0.001379310345,0.001379310345,0,0.00275862069,0.004137931034
金沢中央観光案内所,1436,58,59,-0.01694915254,3,4,4.376380629,3.672413793,4.394480519,3.724137931,4.54964539,4.482758621,8.085654596,653,267,0.2688022284,23,11,0.2068965517,0.02367688022,0.1692200557,0.1915041783,0.1838440111,0.2374651811,0.1573816156,0.03551532033,0.00139275766,0,0,0.3349582173,0.6337047354,0.3370473538,0.3488857939,0.1051532033,0.1114206128,0.09749303621,0.1949860724,0.1072423398,0.1323119777,0.2729805014,0.005571030641,0.0006963788301,0.1058495822,0.01114206128,0.06337047354,0.009749303621,0.0006963788301,0,0.1601671309,0.1218662953,0.647632312,0.09052924791,0,0,0,0.06406685237,0,0,0,0,0,0,0.01253481894,0,0.0348189415,0.06197771588,0.03551532033,0.07381615599,0.1225626741,0.114902507,0.1142061281,0.09122562674,0.06545961003,0.05710306407,0.0647632312,0.09818941504,0.03690807799,0.06337047354,0.01183844011,0.00348189415,0.006963788301,0.01253481894,0.00278551532,0.004874651811,0.00348189415,0.01740947075,0.01532033426,0.01114206128,0.05571030641,0.04874651811,0.2388579387,0.09401114206,0.009749303621,0.02437325905,0.04805013928,0.01183844011,0.00348189415,0.009052924791,0.01253481894,0.02924791086,0.06197771588,0.009749303621,0.006963788301,0.03760445682,0.08844011142,0.03830083565,0.01462395543,0.005571030641,0.00208913649,0.00208913649,0.005571030641,0.006963788301,0.004178272981,0.0006963788301,0.00348189415,0.00208913649,0.00139275766,0.01462395543,0.00139275766,0.00139275766,0.004178272981,0.004178272981,0.00139275766,0.00208913649,0.00348189415
長町武家屋敷休憩館,148,5,8,-0.375,47,58,4.484848485,4.8,4.510948905,4.4,4.631067961,4.8,8.418918919,76,19,0.3851351351,4,1,0.6,0.03378378378,0.1351351351,0.1756756757,0.222972973,0.222972973,0.1554054054,0.05405405405,0,0,0,0.3445945946,0.6418918919,0.3445945946,0.3310810811,0.1891891892,0.07432432432,0.06081081081,0.1216216216,0.1013513514,0.09459459459,0.3513513514,0,0,0.1486486486,0.02027027027,0.04054054054,0,0,0,0.1891891892,0.1959459459,0.6891891892,0.08783783784,0,0,0,0.02702702703,0,0,0,0,0,0,0,0,0.02027027027,0.05405405405,0.03378378378,0.06081081081,0.09459459459,0.1081081081,0.1216216216,0.08108108108,0.06081081081,0.05405405405,0.08783783784,0.08783783784,0.09459459459,0.06081081081,0.03378378378,0.01351351351,0,0,0,0,0,0.02027027027,0.006756756757,0.05405405405,0.0472972973,0.1283783784,0.2094594595,0.07432432432,0.02027027027,0.02702702703,0.02702702703,0,0,0.006756756757,0.02702702703,0.02027027027,0.06756756757,0,0.006756756757,0.03378378378,0.06756756757,0.0472972973,0.02702702703,0,0.006756756757,0,0,0.01351351351,0,0,0,0,0,0.006756756757,0.006756756757,0,0,0,0,0,0
西茶屋資料館,106,9,8,0.125,61,44,4.428571429,4.444444444,4.447916667,4.444444444,4.657894737,4.888888889,7.358490566,32,31,0.009433962264,4,1,0.3333333333,0.02830188679,0.1698113208,0.2264150943,0.1226415094,0.3113207547,0.1320754717,0.009433962264,0,0,0,0.3490566038,0.5943396226,0.2547169811,0.4716981132,0.1132075472,0.09433962264,0.06603773585,0.1226415094,0.06603773585,0.1132075472,0.358490566,0.009433962264,0,0.141509434,0.009433962264,0.03773584906,0.02830188679,0,0,0.2075471698,0.1981132075,0.7075471698,0.07547169811,0,0,0,0.01886792453,0,0,0,0,0,0,0.009433962264,0,0.009433962264,0.03773584906,0.01886792453,0.1037735849,0.06603773585,0.1226415094,0.1226415094,0.05660377358,0.06603773585,0.04716981132,0.06603773585,0.1886792453,0.05660377358,0.04716981132,0,0,0,0,0,0.009433962264,0,0,0.02830188679,0,0.1037735849,0.1037735849,0.2924528302,0.08490566038,0.02830188679,0.009433962264,0.01886792453,0.02830188679,0.009433962264,0.01886792453,0,0,0.04716981132,0,0.01886792453,0.04716981132,0.05660377358,0.04716981132,0.009433962264,0,0,0,0.009433962264,0,0,0,0,0.01886792453,0,0,0,0,0.009433962264,0,0,0,0
ひがし茶屋休憩館,179,3,7,-0.5714285714,40,77,4.521472393,4.333333333,4.523529412,4.333333333,4.657534247,4.666666667,8.340782123,95,24,0.3966480447,1,1,0,0.03351955307,0.2234636872,0.1787709497,0.1787709497,0.2346368715,0.1452513966,0.005586592179,0,0,0,0.3687150838,0.6312849162,0.2793296089,0.4357541899,0.04469273743,0.1117318436,0.1284916201,0.1340782123,0.07262569832,0.1675977654,0.2681564246,0.005586592179,0,0.1396648045,0.01117318436,0.05027932961,0.005586592179,0,0,0.1955307263,0.1899441341,0.7374301676,0.1005586592,0,0,0,0.02234636872,0,0,0,0,0,0,0.005586592179,0,0.02234636872,0.09497206704,0.02234636872,0.09497206704,0.1173184358,0.1396648045,0.0782122905,0.08379888268,0.1173184358,0.03910614525,0.06703910615,0.06145251397,0.03351955307,0.05027932961,0.02234636872,0,0,0.01117318436,0,0.005586592179,0,0.02793296089,0.01117318436,0.005586592179,0.05027932961,0.04469273743,0.2011173184,0.1173184358,0.01675977654,0.01675977654,0.02234636872,0.01117318436,0.005586592179,0.04469273743,0.01117318436,0.02234636872,0.06703910615,0.005586592179,0.005586592179,0.01675977654,0.1061452514,0.02234636872,0.02234636872,0.005586592179,0,0.005586592179,0.005586592179,0.03351955307,0.005586592179,0,0,0,0,0.02234636872,0,0.01117318436,0.005586592179,0,0,0.005586592179,0.005586592179
石川県政記念しいのき迎賓館,206,10,6,0.6666666667,33,42,4.417647059,3,4.420212766,3.4,4.568862275,4.5,7.893203883,84,38,0.2233009709,4,3,0.1,0.009708737864,0.1553398058,0.1990291262,0.1844660194,0.2572815534,0.1699029126,0.02427184466,0,0,0,0.3834951456,0.5873786408,0.2669902913,0.2912621359,0.09708737864,0.140776699,0.2038834951,0.2281553398,0.1067961165,0.1747572816,0.2281553398,0.004854368932,0,0.06310679612,0.0145631068,0.08252427184,0,0,0,0.1650485437,0.1650485437,0.5825242718,0.1262135922,0,0,0,0.1699029126,0,0,0,0,0,0,0.03398058252,0,0.05339805825,0.02912621359,0.03883495146,0.07766990291,0.09223300971,0.09708737864,0.1262135922,0.1067961165,0.09708737864,0.06796116505,0.06796116505,0.09708737864,0.04368932039,0.05825242718,0.004854368932,0,0,0.004854368932,0.004854368932,0,0,0.02427184466,0.004854368932,0.01941747573,0.04368932039,0.04368932039,0.1747572816,0.07281553398,0.009708737864,0.07281553398,0.1747572816,0.009708737864,0,0.004854368932,0,0.0145631068,0.07766990291,0.009708737864,0.009708737864,0.04368932039,0.08737864078,0.0145631068,0.0145631068,0,0,0,0.0145631068,0.004854368932,0,0,0.004854368932,0.004854368932,0,0.009708737864,0.009708737864,0,0,0.009708737864,0,0,0
石川県立音楽堂,32,1,2,-0.5,138,101,4.518518519,5,4.538461538,5,4.55,5,8.1875,16,7,0.28125,1,0,1,0.03125,0.21875,0.21875,0.125,0.15625,0.21875,0.03125,0,0,0,0.21875,0.78125,0.34375,0.125,0,0.15625,0.375,0.28125,0.0625,0.1875,0.1875,0,0,0.03125,0,0.21875,0,0,0,0.03125,0.0625,0.375,0.03125,0,0,0,0.15625,0,0,0,0,0,0,0,0,0.15625,0.03125,0.03125,0.15625,0.03125,0.21875,0.15625,0.09375,0.0625,0.03125,0.03125,0.09375,0,0.0625,0,0,0,0.03125,0,0,0,0,0,0,0.0625,0.03125,0.21875,0,0.03125,0.0625,0.3125,0.03125,0,0,0,0.0625,0,0,0,0.03125,0.0625,0,0,0,0.03125,0,0,0,0,0,0,0,0,0.03125,0,0,0,0,0,0,0
石川県立図書館,1112,2,0,,4,90,4.64940239,5,4.702623907,5,4.608901515,5,8.675359712,705,122,0.5242805755,2,0,1,0.02967625899,0.2041366906,0.1645683453,0.1834532374,0.2392086331,0.1402877698,0.03057553957,0.006294964029,0.0008992805755,0.0008992805755,0.3741007194,0.5971223022,0.2877697842,0.2580935252,0.09982014388,0.1196043165,0.2347122302,0.2041366906,0.07643884892,0.1519784173,0.1717625899,0.008992805755,0,0.1043165468,0.01079136691,0.1169064748,0.04496402878,0,0,0.1555755396,0.118705036,0.4649280576,0.03057553957,0,0,0,0.06564748201,0,0,0,0,0,0,0.03327338129,0,0.03597122302,0.06474820144,0.03597122302,0.06654676259,0.1052158273,0.1142086331,0.1348920863,0.08543165468,0.06924460432,0.08273381295,0.05485611511,0.0881294964,0.04946043165,0.04856115108,0.01978417266,0.001798561151,0.0008992805755,0.006294964029,0.001798561151,0,0.005395683453,0.01079136691,0.008992805755,0.00809352518,0.05215827338,0.03237410072,0.1564748201,0.0881294964,0.01798561151,0.06384892086,0.1798561151,0.02697841727,0.0008992805755,0.02158273381,0.02158273381,0.02338129496,0.05395683453,0.01438848921,0.01169064748,0.02158273381,0.05935251799,0.03597122302,0.005395683453,0.001798561151,0,0.003597122302,0.004496402878,0.01079136691,0,0.0008992805755,0.001798561151,0.001798561151,0,0.00809352518,0.005395683453,0.003597122302,0.0008992805755,0.002697841727,0,0.001798561151,0.0008992805755
石川県立歴史博物館,833,31,63,-0.5079365079,6,13,4.498023715,3.870967742,4.530166881,4.161290323,4.576923077,4.451612903,8.18607443,385,134,0.3013205282,14,3,0.3548387097,0.03481392557,0.218487395,0.1596638655,0.1644657863,0.2076830732,0.1620648259,0.04921968788,0.002400960384,0.001200480192,0,0.4321728691,0.5426170468,0.2929171669,0.3145258103,0.09603841537,0.09843937575,0.1980792317,0.2605042017,0.1032412965,0.1092436975,0.2448979592,0.00600240096,0.001200480192,0.08523409364,0.0156062425,0.05642256903,0.001200480192,0,0,0.1344537815,0.1080432173,0.5054021609,0.09003601441,0,0,0,0.05522208884,0,0,0,0,0,0,0.02761104442,0,0.0456182473,0.0600240096,0.05642256903,0.08643457383,0.1116446579,0.1404561825,0.1080432173,0.06362545018,0.0612244898,0.05042016807,0.05882352941,0.08283313325,0.03841536615,0.08163265306,0.01320528211,0.003601440576,0.003601440576,0.01080432173,0.003601440576,0.003601440576,0.002400960384,0.0156062425,0.007202881152,0.0156062425,0.05282112845,0.04921968788,0.1800720288,0.08643457383,0.0156062425,0.0456182473,0.1296518607,0.01920768307,0.00600240096,0.02160864346,0.02280912365,0.01920768307,0.05762304922,0.0144057623,0.01200480192,0.02641056423,0.07923169268,0.02881152461,0.01080432173,0.002400960384,0,0,0.003601440576,0.008403361345,0,0,0.00600240096,0.001200480192,0.002400960384,0.009603841537,0,0,0.001200480192,0,0,0,0.008403361345
石川県立美術館,245,7,15,-0.5333333333,28,52,4.414746544,4.285714286,4.482142857,4.285714286,4.485207101,4.285714286,8.065306122,109,40,0.2816326531,3,0,0.4285714286,0.004081632653,0.1306122449,0.2,0.2081632653,0.2571428571,0.1428571429,0.05714285714,0,0,0,0.3346938776,0.6408163265,0.3265306122,0.2367346939,0.08163265306,0.0612244898,0.293877551,0.2530612245,0.08163265306,0.106122449,0.293877551,0.008163265306,0,0.1142857143,0.004081632653,0.03265306122,0.01632653061,0,0,0.1387755102,0.1224489796,0.5265306122,0.07755102041,0,0,0,0.02448979592,0,0,0,0,0,0,0.01632653061,0,0.01632653061,0.02448979592,0.02857142857,0.08163265306,0.1306122449,0.09387755102,0.1102040816,0.1224489796,0.08571428571,0.04489795918,0.07755102041,0.08979591837,0.04897959184,0.0612244898,0.01224489796,0,0,0,0,0,0.008163265306,0.02448979592,0.01224489796,0.01632653061,0.03265306122,0.02857142857,0.1673469388,0.07755102041,0.02448979592,0.0612244898,0.1714285714,0.04489795918,0,0.02857142857,0.01224489796,0.008163265306,0.03673469388,0.01632653061,0.02448979592,0.02040816327,0.04897959184,0.03265306122,0.03265306122,0,0.01224489796,0,0.004081632653,0.008163265306,0.004081632653,0,0,0,0.004081632653,0.01224489796,0,0,0.004081632653,0,0,0.004081632653,0.004081632653
からくり記念館,81,0,0,,79,111,4.597402597,,4.544303797,,4.565217391,,8.444444444,40,7,0.4074074074,0,0,,0.03703703704,0.0987654321,0.1975308642,0.2839506173,0.1851851852,0.1604938272,0.03703703704,0,0,0,0.4444444444,0.5432098765,0.3086419753,0.2716049383,0.02469135802,0.1234567901,0.2716049383,0.1358024691,0.0987654321,0.1234567901,0.2098765432,0.02469135802,0,0.06172839506,0.01234567901,0.2222222222,0.03703703704,0,0,0.0987654321,0.2222222222,0.4691358025,0.06172839506,0,0,0,0.07407407407,0,0,0,0,0,0,0.04938271605,0,0.03703703704,0.04938271605,0.06172839506,0.08641975309,0.08641975309,0.1111111111,0.07407407407,0.0987654321,0.1358024691,0.04938271605,0.06172839506,0.1111111111,0.04938271605,0.02469135802,0.02469135802,0.01234567901,0,0,0.01234567901,0,0,0.01234567901,0,0,0.04938271605,0.02469135802,0.03703703704,0.01234567901,0.02469135802,0.06172839506,0.1851851852,0.02469135802,0.01234567901,0.04938271605,0.03703703704,0.01234567901,0.06172839506,0.04938271605,0.02469135802,0.07407407407,0.0987654321,0.03703703704,0,0,0,0.01234567901,0,0.02469135802,0,0,0,0,0,0,0,0,0,0.01234567901,0.01234567901,0,0
ホテル・トリフィート金沢,227,3,5,-0.4,31,78,4.562211982,4.333333333,4.552036199,4.666666667,4.632653061,4.666666667,8.669603524,134,21,0.4977973568,2,0,0.6666666667,0.008810572687,0.1718061674,0.2378854626,0.1189427313,0.2995594714,0.1453744493,0.01762114537,0,0,0,0.3215859031,0.6651982379,0.4449339207,0.4405286344,0.05726872247,0.05726872247,0,0.06607929515,0.1497797357,0.09251101322,0.2202643172,0.004405286344,0,0.154185022,0.04845814978,0.06607929515,0.01321585903,0,0,0.1762114537,0.09691629956,0.7224669604,0.07929515419,0,0,0,0.01321585903,0,0,0,0,0,0,0,0,0.06607929515,0.03524229075,0.01762114537,0.05286343612,0.1189427313,0.127753304,0.09251101322,0.06167400881,0.07929515419,0.05726872247,0.09691629956,0.1585903084,0.04845814978,0.05286343612,0.01762114537,0.01762114537,0,0.008810572687,0,0,0.008810572687,0,0.008810572687,0.03524229075,0.1057268722,0.04845814978,0.2863436123,0.1145374449,0.01762114537,0.008810572687,0.03524229075,0,0.004405286344,0.008810572687,0.02643171806,0.03083700441,0.04405286344,0.008810572687,0.004405286344,0.01321585903,0.06167400881,0.02202643172,0,0.004405286344,0,0.008810572687,0.004405286344,0.01321585903,0,0,0,0,0,0.008810572687,0.004405286344,0,0.008810572687,0.008810572687,0,0,0
東横イン金沢兼六園香林坊,45,0,0,,107,112,4.45,,4.45,,4.526315789,,8.422222222,20,3,0.3777777778,0,0,,0,0.08888888889,0.2666666667,0.1555555556,0.2888888889,0.1555555556,0.04444444444,0,0,0,0.3111111111,0.6444444444,0.3555555556,0.3333333333,0.2222222222,0.08888888889,0,0.3333333333,0.1333333333,0.1555555556,0.2222222222,0.02222222222,0,0,0.02222222222,0,0,0,0,0.06666666667,0.04444444444,0.5777777778,0.1111111111,0,0,0,0.06666666667,0,0,0,0,0,0,0.02222222222,0,0.1333333333,0.06666666667,0.04444444444,0.08888888889,0.1555555556,0.1111111111,0.1333333333,0.1111111111,0.06666666667,0.08888888889,0,0.04444444444,0.08888888889,0,0.06666666667,0,0,0,0,0,0,0,0.06666666667,0,0.06666666667,0.02222222222,0.1333333333,0.1111111111,0.08888888889,0.02222222222,0,0,0,0.04444444444,0.02222222222,0.02222222222,0.06666666667,0,0,0,0.06666666667,0.06666666667,0.02222222222,0,0,0,0,0,0.02222222222,0,0.02222222222,0.02222222222,0,0.02222222222,0,0,0,0,0,0,0.02222222222
ダイワロイネットホテル金沢MIYABI,174,1,12,-0.9166666667,41,102,4.556886228,5,4.56547619,5,4.683823529,5,8.649425287,105,17,0.5057471264,1,0,1,0.02298850575,0.1666666667,0.2586206897,0.2011494253,0.2183908046,0.1034482759,0.02873563218,0,0,0,0.3620689655,0.6264367816,0.4942528736,0.3103448276,0.1149425287,0.07471264368,0.005747126437,0.06896551724,0.1206896552,0.1091954023,0.2413793103,0,0.005747126437,0.1149425287,0.1034482759,0.1091954023,0.01149425287,0,0,0.2068965517,0.1666666667,0.6666666667,0.08620689655,0,0,0,0.02873563218,0,0,0,0,0,0,0,0,0.1264367816,0.02298850575,0.04597701149,0.05747126437,0.132183908,0.0632183908,0.08620689655,0.1091954023,0.1149425287,0.08045977011,0.05747126437,0.132183908,0.02298850575,0.07471264368,0.02298850575,0,0,0.02873563218,0,0,0.01724137931,0.03448275862,0.01149425287,0.005747126437,0.05747126437,0.03448275862,0.2068965517,0.05747126437,0.02873563218,0.005747126437,0.02873563218,0,0,0.01724137931,0.01724137931,0.02298850575,0.07471264368,0.01724137931,0.005747126437,0.04022988506,0.1206896552,0.04597701149,0,0,0,0,0.01149425287,0.01724137931,0,0.005747126437,0,0,0.005747126437,0.03448275862,0,0,0,0,0.01149425287,0.005747126437,0.005747126437
ホテルインターゲート金沢,53,0,0,,96,113,4.591836735,,4.549019608,,4.25,,8.490566038,29,5,0.4528301887,0,0,,0,0.07547169811,0.1698113208,0.2264150943,0.320754717,0.1886792453,0.01886792453,0,0,0,0.6981132075,0.2830188679,0.4528301887,0.358490566,0.07547169811,0.1132075472,0,0.1320754717,0.05660377358,0.1132075472,0.4150943396,0.01886792453,0,0.07547169811,0.1132075472,0.01886792453,0,0,0,0.1509433962,0.09433962264,0.679245283,0.01886792453,0,0,0,0.01886792453,0,0,0,0,0,0,0.01886792453,0,0.1132075472,0,0.01886792453,0.03773584906,0.07547169811,0.09433962264,0.1320754717,0.1886792453,0.1509433962,0.03773584906,0.09433962264,0.1132075472,0.05660377358,0,0.03773584906,0,0,0,0,0,0.05660377358,0,0.01886792453,0,0.01886792453,0.09433962264,0.07547169811,0.01886792453,0.1132075472,0.01886792453,0.01886792453,0.01886792453,0,0.03773584906,0,0.05660377358,0.07547169811,0.03773584906,0.01886792453,0,0.1509433962,0.03773584906,0,0,0,0,0.03773584906,0,0,0,0,0,0,0.03773584906,0.01886792453,0,0,0,0,0,0
ホテルマイステイズプレミア金沢,110,3,0,,59,79,4.52,4.666666667,4.534653465,4.666666667,4.670454545,5,8.354545455,57,19,0.3454545455,0,1,-0.3333333333,0.02727272727,0.1454545455,0.1727272727,0.2363636364,0.3,0.1,0.01818181818,0,0,0,0.4727272727,0.5181818182,0.4363636364,0.3636363636,0.04545454545,0.1545454545,0,0.07272727273,0.06363636364,0.07272727273,0.08181818182,0.009090909091,0,0.2272727273,0.05454545455,0.1909090909,0.1,0,0,0.2272727273,0.1818181818,0.6272727273,0.09090909091,0,0,0,0.02727272727,0,0,0,0,0,0,0.01818181818,0,0.08181818182,0.04545454545,0.01818181818,0.1,0.1,0.09090909091,0.1363636364,0.06363636364,0.1,0.03636363636,0.1,0.1545454545,0.02727272727,0.02727272727,0.01818181818,0,0,0.009090909091,0,0,0,0.01818181818,0,0.009090909091,0.02727272727,0.09090909091,0.1909090909,0.1090909091,0.009090909091,0.009090909091,0.05454545455,0,0.009090909091,0.04545454545,0.01818181818,0.009090909091,0.05454545455,0,0.02727272727,0.02727272727,0.1454545455,0.02727272727,0.009090909091,0,0,0,0.01818181818,0.009090909091,0,0,0,0,0,0.01818181818,0,0.009090909091,0.009090909091,0,0,0,0.01818181818
チサンバジェット金沢駅前,206,0,0,,34,114,4.136363636,,4.176100629,,4.432989691,,7.305825243,65,64,0.004854368932,0,0,,0.004854368932,0.09708737864,0.2038834951,0.1893203883,0.3689320388,0.1067961165,0.02912621359,0,0,0,0.5922330097,0.3834951456,0.3640776699,0.2766990291,0.1310679612,0.2233009709,0.004854368932,0.4514563107,0.04854368932,0.07281553398,0.08737864078,0.02427184466,0,0.03398058252,0.2087378641,0,0.004854368932,0,0,0.07766990291,0.06310679612,0.3689320388,0.03398058252,0,0,0,0.02427184466,0,0,0,0,0,0,0.004854368932,0,0.427184466,0.02427184466,0.03398058252,0.09223300971,0.1019417476,0.1310679612,0.09223300971,0.09708737864,0.1067961165,0.08252427184,0.1116504854,0.08252427184,0.01941747573,0.02427184466,0.01941747573,0,0,0.004854368932,0.0145631068,0.004854368932,0.009708737864,0.01941747573,0,0.004854368932,0.03883495146,0.05339805825,0.1650485437,0.08737864078,0.04854368932,0.02427184466,0.05825242718,0.0145631068,0,0.02912621359,0,0.0145631068,0.04854368932,0.004854368932,0.004854368932,0.05825242718,0.1019417476,0.01941747573,0.0145631068,0.004854368932,0.004854368932,0.004854368932,0.009708737864,0.03398058252,0,0,0.0145631068,0.004854368932,0,0.0145631068,0.009708737864,0.009708737864,0.01941747573,0,0,0.004854368932,0
トリフィートホテル&ポッド金沢百万石通,151,11,9,0.2222222222,45,38,4.433566434,4.272727273,4.48951049,4.545454545,4.566371681,4.636363636,8.629139073,84,10,0.4900662252,6,1,0.4545454545,0.006622516556,0.1324503311,0.178807947,0.1589403974,0.3642384106,0.1390728477,0.01986754967,0,0,0,0.4569536424,0.5364238411,0.4039735099,0.3377483444,0.09933774834,0.1589403974,0,0.5430463576,0.02649006623,0.1523178808,0.06622516556,0.006622516556,0,0.02649006623,0.03973509934,0.02649006623,0.01324503311,0,0,0.09933774834,0.1059602649,0.5960264901,0.09271523179,0,0,0,0.02649006623,0,0,0,0,0,0,0.02649006623,0,0.1125827815,0.05960264901,0.05960264901,0.05298013245,0.1390728477,0.1258278146,0.09933774834,0.05298013245,0.07947019868,0.06622516556,0.03973509934,0.08609271523,0.05960264901,0.07947019868,0.01986754967,0,0,0.006622516556,0.006622516556,0,0.006622516556,0.03973509934,0.01324503311,0.006622516556,0.01986754967,0.05298013245,0.1986754967,0.09271523179,0.01986754967,0.01986754967,0.04635761589,0.03311258278,0.006622516556,0.04635761589,0,0.006622516556,0.09933774834,0.006622516556,0,0.02649006623,0.1258278146,0.04635761589,0,0,0,0,0,0,0.006622516556,0,0,0,0,0.01986754967,0,0.006622516556,0.01986754967,0,0,0,0
金沢東急ホテル,85,0,0,,74,115,4.518072289,,4.597560976,,4.602739726,,8.505882353,50,11,0.4588235294,0,0,,0.01176470588,0.1411764706,0.1058823529,0.2,0.3176470588,0.1764705882,0.03529411765,0.01176470588,0,0,0.3647058824,0.6117647059,0.4588235294,0.3647058824,0.1058823529,0.02352941176,0.04705882353,0.1058823529,0.04705882353,0.1294117647,0.3764705882,0,0,0.1294117647,0.01176470588,0.05882352941,0.01176470588,0,0,0.2352941176,0.07058823529,0.7058823529,0.08235294118,0,0,0,0.01176470588,0,0,0,0,0,0,0.03529411765,0,0.04705882353,0.02352941176,0.04705882353,0.04705882353,0.04705882353,0.1176470588,0.05882352941,0.08235294118,0.1176470588,0.05882352941,0.05882352941,0.1529411765,0.09411764706,0.09411764706,0.02352941176,0,0,0,0,0,0,0.01176470588,0.01176470588,0.01176470588,0.05882352941,0.01176470588,0.2352941176,0.1176470588,0,0.01176470588,0.1764705882,0.01176470588,0,0.02352941176,0.02352941176,0.05882352941,0.03529411765,0.02352941176,0.01176470588,0.05882352941,0.02352941176,0.02352941176,0.02352941176,0,0,0,0.01176470588,0,0,0,0,0,0,0,0,0,0,0,0,0,0
金沢カプセルホテル武蔵町,41,0,2,-1,113,116,4.470588235,,4.428571429,,4.4375,,7.829268293,18,8,0.243902439,0,0,,0,0.2926829268,0.1463414634,0.243902439,0.1951219512,0.09756097561,0.0243902439,0,0,0,0.6829268293,0.2682926829,0.4634146341,0.2195121951,0.1219512195,0.1951219512,0,0.8292682927,0.0487804878,0.0487804878,0,0.0243902439,0,0,0.0243902439,0,0,0,0,0.07317073171,0.07317073171,0.4634146341,0.09756097561,0,0,0,0.07317073171,0,0,0,0,0,0,0.0243902439,0,0.0487804878,0.1463414634,0.0243902439,0,0.243902439,0.1707317073,0.1707317073,0.1219512195,0.0243902439,0.0243902439,0.07317073171,0,0,0,0.07317073171,0,0,0,0,0,0,0,0,0.0243902439,0.0243902439,0.0243902439,0.09756097561,0.09756097561,0,0.0243902439,0,0,0.0243902439,0.0243902439,0.0487804878,0.09756097561,0.1219512195,0,0.0487804878,0.09756097561,0.0487804878,0.0487804878,0,0.0243902439,0,0,0,0,0,0,0,0,0,0.0243902439,0,0,0,0,0,0,0.0243902439
KOKOHOTEL Premier 金沢香林坊,734,21,7,2,8,19,4.471471471,4.142857143,4.480597015,4.380952381,4.557932264,4.238095238,8.440054496,399,82,0.431880109,14,1,0.619047619,0.00272479564,0.1430517711,0.1498637602,0.1798365123,0.2970027248,0.1961852861,0.02997275204,0.00136239782,0,0,0.4809264305,0.5108991826,0.4059945504,0.3378746594,0.1267029973,0.1253405995,0.00408719346,0.2520435967,0.1539509537,0.07901907357,0.2833787466,0.0136239782,0,0.04632152589,0.06403269755,0.02179836512,0.005449591281,0,0.00408719346,0.1730245232,0.07220708447,0.6185286104,0.06403269755,0,0,0,0.03542234332,0,0,0,0,0,0,0.0204359673,0,0.1920980926,0.02588555858,0.0204359673,0.06130790191,0.09400544959,0.1076294278,0.1198910082,0.1035422343,0.08991825613,0.05994550409,0.05994550409,0.1130790191,0.07629427793,0.06811989101,0.02861035422,0.005449591281,0.00272479564,0.01226158038,0.005449591281,0.005449591281,0.006811989101,0.01907356948,0.01226158038,0.009536784741,0.0272479564,0.04223433243,0.159400545,0.08583106267,0.01771117166,0.02997275204,0.04632152589,0.0204359673,0.006811989101,0.01907356948,0.01907356948,0.02452316076,0.09264305177,0.009536784741,0.02997275204,0.03814713896,0.08174386921,0.04223433243,0.006811989101,0.005449591281,0.006811989101,0.006811989101,0.006811989101,0.008174386921,0.00272479564,0.00408719346,0.00408719346,0.006811989101,0.00272479564,0.02179836512,0.00136239782,0.005449591281,0.00136239782,0.00136239782,0.00272479564,0,0.00408719346
ホテルウィングインターナショナルプレミアム金沢駅前,192,0,0,,36,117,4.457142857,,4.419889503,,4.515151515,,8.234375,87,23,0.3333333333,0,0,,0,0.171875,0.28125,0.1302083333,0.25,0.1458333333,0.02083333333,0,0,0,0.4635416667,0.5104166667,0.4791666667,0.2760416667,0.1041666667,0.1145833333,0.02604166667,0.3177083333,0.1458333333,0.08333333333,0.2083333333,0.005208333333,0,0.046875,0.08333333333,0.0625,0,0,0,0.1770833333,0.0625,0.5520833333,0.0625,0,0,0,0.046875,0,0,0,0,0,0,0.01041666667,0,0.2135416667,0,0.03125,0.02083333333,0.1041666667,0.1302083333,0.1458333333,0.08854166667,0.109375,0.05729166667,0.05729166667,0.1458333333,0.04166666667,0.06770833333,0.01041666667,0,0,0.01041666667,0,0.005208333333,0.005208333333,0.015625,0.01041666667,0.01041666667,0.0625,0.02604166667,0.1979166667,0.07291666667,0.03125,0.05729166667,0.05208333333,0,0,0.015625,0.03125,0.02083333333,0.08333333333,0.01041666667,0.03125,0.04166666667,0.08333333333,0.046875,0.015625,0.005208333333,0,0,0,0.01041666667,0,0,0,0.005208333333,0.005208333333,0.02604166667,0,0,0,0,0,0,0
石川県森林公園三国山キャンプ場,69,2,5,-0.6,87,91,4.705882353,4.5,4.753846154,4.5,4.729166667,4.5,9,49,4,0.652173913,2,0,1,0,0.05797101449,0.2028985507,0.231884058,0.3043478261,0.1594202899,0.04347826087,0,0,0,0.7536231884,0.2463768116,0.7391304348,0.1449275362,0.01449275362,0,0.1014492754,0.5362318841,0.02898550725,0.01449275362,0.1594202899,0.01449275362,0,0.02898550725,0.01449275362,0.1014492754,0.02898550725,0,0,0.1739130435,0.07246376812,0.08695652174,0.04347826087,0,0,0,0,0,0,0,0,0,0,0.04347826087,0,0,0.01449275362,0.04347826087,0.07246376812,0.1594202899,0.1594202899,0.115942029,0.05797101449,0.1014492754,0.07246376812,0.1014492754,0.07246376812,0.01449275362,0.01449275362,0,0,0,0,0,0,0,0,0,0,0.02898550725,0.04347826087,0.01449275362,0.02898550725,0.01449275362,0.1594202899,0.6231884058,0.01449275362,0,0.01449275362,0.01449275362,0,0.01449275362,0.01449275362,0,0,0.01449275362,0,0,0,0,0,0,0,0,0,0,0,0,0,0,0,0,0,0,0,0
ホテルルートイン金沢駅前,41,0,4,-1,114,118,4.242424242,,4.375,,4.46875,,7.414634146,15,13,0.0487804878,0,0,,0,0.1219512195,0.1463414634,0.1707317073,0.3902439024,0.1707317073,0,0,0,0,0.4634146341,0.5365853659,0.3902439024,0.3170731707,0.1463414634,0.1219512195,0.0243902439,0.1707317073,0.07317073171,0.09756097561,0.1707317073,0,0,0.1219512195,0.1707317073,0.1219512195,0,0,0,0.0487804878,0.0487804878,0.3658536585,0.0487804878,0,0,0,0.09756097561,0,0,0,0,0,0,0,0,0.243902439,0.07317073171,0.0243902439,0.0243902439,0.1707317073,0.0487804878,0.1219512195,0.1463414634,0.0243902439,0.0243902439,0.07317073171,0.1219512195,0.09756097561,0.0487804878,0.0243902439,0,0,0,0,0,0.0243902439,0,0,0,0.0243902439,0.0487804878,0.243902439,0.0243902439,0.0243902439,0,0,0.0243902439,0,0.0243902439,0,0.0243902439,0.1219512195,0.0487804878,0.0243902439,0.0243902439,0.09756097561,0.0487804878,0.0243902439,0,0,0,0.07317073171,0,0,0,0,0,0,0.0243902439,0,0,0,0,0,0.0243902439,0
アパホテル〈金沢駅前〉,34,0,0,,130,119,4.5,,4.322580645,,4.5,,8.235294118,16,5,0.3235294118,0,0,,0,0.1176470588,0.2058823529,0.1176470588,0.3823529412,0.08823529412,0.08823529412,0,0,0,0.4117647059,0.5882352941,0.4411764706,0.2647058824,0.1176470588,0.1470588235,0.02941176471,0.4117647059,0.08823529412,0.1470588235,0.1176470588,0.02941176471,0,0.05882352941,0.08823529412,0,0,0,0,0.2058823529,0.08823529412,0.6176470588,0,0,0,0,0.02941176471,0,0,0,0,0,0,0.02941176471,0,0.1764705882,0.02941176471,0.02941176471,0.1470588235,0.1470588235,0.1176470588,0.08823529412,0.1764705882,0.05882352941,0.02941176471,0.08823529412,0,0.05882352941,0.02941176471,0,0,0,0,0,0,0.05882352941,0,0,0,0.05882352941,0,0.2058823529,0.08823529412,0,0.02941176471,0.08823529412,0,0,0,0.02941176471,0,0.2058823529,0,0,0,0.1176470588,0.02941176471,0,0,0.02941176471,0.02941176471,0,0,0,0,0,0,0,0.02941176471,0,0,0,0,0,0,0
尾山神社,524,0,0,,14,120,4.461873638,,4.450819672,,4.617647059,,8.402671756,259,58,0.3835877863,0,0,,0.00572519084,0.108778626,0.1641221374,0.179389313,0.3110687023,0.2003816794,0.0286259542,0.001908396947,0,0,0.3129770992,0.6736641221,0.3721374046,0.3664122137,0.09160305344,0.06297709924,0.106870229,0.1965648855,0.06870229008,0.1469465649,0.2538167939,0.01335877863,0,0.143129771,0.01908396947,0.03816793893,0.007633587786,0,0,0.1316793893,0.1603053435,0.6984732824,0.09351145038,0,0,0,0.02099236641,0,0,0,0,0,0,0.01908396947,0,0.05534351145,0.04389312977,0.0534351145,0.05534351145,0.1202290076,0.1374045802,0.1202290076,0.07442748092,0.0858778626,0.06297709924,0.04389312977,0.108778626,0.05152671756,0.04198473282,0.01335877863,0.003816793893,0.003816793893,0.00572519084,0.003816793893,0.001908396947,0.001908396947,0.01908396947,0.01145038168,0.009541984733,0.06297709924,0.04580152672,0.2022900763,0.09541984733,0.01717557252,0.02480916031,0.04389312977,0.007633587786,0.001908396947,0.02099236641,0.009541984733,0.03244274809,0.08015267176,0.01526717557,0.02480916031,0.03625954198,0.07442748092,0.04389312977,0.01335877863,0,0.003816793893,0,0.009541984733,0.003816793893,0,0,0.00572519084,0.003816793893,0.001908396947,0.02290076336,0.003816793893,0.003816793893,0.007633587786,0,0.001908396947,0.001908396947,0.001908396947
金沢能楽美術館,34,0,1,-1,131,121,4.451612903,,4.393939394,,4.818181818,,7.882352941,14,6,0.2352941176,0,0,,0,0.08823529412,0.1176470588,0.2647058824,0.2352941176,0.1764705882,0.1176470588,0,0,0,0.2647058824,0.7352941176,0.2352941176,0.2941176471,0.1764705882,0.1764705882,0.1176470588,0.3823529412,0.08823529412,0.1176470588,0.3235294118,0,0,0,0,0.02941176471,0,0,0,0.1470588235,0.1764705882,0.6470588235,0.1764705882,0,0,0,0.05882352941,0,0,0,0,0,0,0,0,0,0.02941176471,0.08823529412,0.1176470588,0.1470588235,0.05882352941,0.1470588235,0.1176470588,0.08823529412,0.05882352941,0.02941176471,0.05882352941,0.05882352941,0,0,0,0,0.02941176471,0,0,0.05882352941,0,0,0,0.05882352941,0.1176470588,0.1470588235,0.08823529412,0,0,0.1176470588,0,0,0,0,0.02941176471,0.08823529412,0.02941176471,0,0,0.08823529412,0.08823529412,0.05882352941,0,0,0,0,0,0,0,0,0,0,0,0,0,0,0,0,0,0
安江金箔工芸館,55,5,3,0.6666666667,94,59,4.425531915,4.4,4.469387755,3.6,4.563636364,4.6,7.963636364,26,13,0.2363636364,3,2,0.2,0,0.2,0.2181818182,0.1454545455,0.2545454545,0.1454545455,0.03636363636,0,0,0,0.3454545455,0.6,0.2545454545,0.4727272727,0.1818181818,0.03636363636,0.05454545455,0.09090909091,0.07272727273,0.1454545455,0.3636363636,0.01818181818,0,0.1272727273,0,0,0,0,0,0.1272727273,0.09090909091,0.5818181818,0.03636363636,0,0,0,0.03636363636,0,0,0,0,0,0,0,0,0.01818181818,0,0.07272727273,0.09090909091,0.09090909091,0.1818181818,0.09090909091,0.1090909091,0.1090909091,0.09090909091,0.03636363636,0.07272727273,0.03636363636,0.01818181818,0,0.01818181818,0,0.05454545455,0.01818181818,0,0,0,0,0,0.1090909091,0.09090909091,0.1636363636,0.07272727273,0.03636363636,0,0.01818181818,0,0,0.01818181818,0.01818181818,0,0.05454545455,0.01818181818,0,0.01818181818,0.1272727273,0.03636363636,0,0,0.03636363636,0,0.01818181818,0.05454545455,0.01818181818,0,0,0,0,0,0,0,0,0,0,0,0
スーパーホテルPremier金沢駅東口,301,14,16,-0.125,22,31,4.57037037,4.642857143,4.550724638,4.571428571,4.566552901,4.785714286,8.445182724,160,32,0.4252491694,9,0,0.6428571429,0.01993355482,0.1561461794,0.1794019934,0.196013289,0.2524916944,0.1627906977,0.02325581395,0.009966777409,0,0,0.4916943522,0.4950166113,0.365448505,0.4352159468,0.09966777409,0.09634551495,0.003322259136,0.1694352159,0.07973421927,0.1196013289,0.1993355482,0.006644518272,0,0.06644518272,0.1528239203,0.06312292359,0.02325581395,0,0,0.1694352159,0.2259136213,0.5548172757,0.073089701,0,0,0,0.03986710963,0,0,0,0,0,0,0.02325581395,0,0.2093023256,0.02990033223,0.04318936877,0.04651162791,0.08970099668,0.1262458472,0.1428571429,0.1162790698,0.073089701,0.07641196013,0.05647840532,0.1328903654,0.02657807309,0.03986710963,0.006644518272,0.003322259136,0.003322259136,0.01328903654,0.003322259136,0.01328903654,0,0.009966777409,0.01661129568,0.01661129568,0.05647840532,0.05647840532,0.1760797342,0.09634551495,0.02657807309,0.009966777409,0.006644518272,0.006644518272,0.009966777409,0.02990033223,0.02325581395,0.03322259136,0.09302325581,0.01328903654,0.003322259136,0.04651162791,0.08637873754,0.04318936877,0.01328903654,0.006644518272,0.006644518272,0,0.006644518272,0.003322259136,0.003322259136,0,0.006644518272,0,0,0.01661129568,0.006644518272,0,0.009966777409,0.009966777409,0,0.006644518272,0
ＨＯＴＥＬ金沢　兼六荘,86,0,0,,72,122,4.480519481,,4.402597403,,4.414634146,,7.662790698,33,20,0.1511627907,0,0,,0,0.06976744186,0.1279069767,0.06976744186,0.2906976744,0.2790697674,0.1627906977,0,0,0,0.523255814,0.4651162791,0.3604651163,0.3837209302,0.1279069767,0.1162790698,0.01162790698,0.2209302326,0.01162790698,0.03488372093,0.3953488372,0.01162790698,0,0.08139534884,0.05813953488,0.01162790698,0.03488372093,0,0,0.1279069767,0.03488372093,0.5348837209,0.1162790698,0,0,0,0.03488372093,0,0,0,0,0,0,0.02325581395,0,0.1395348837,0.03488372093,0.02325581395,0.1511627907,0.1627906977,0.1279069767,0.1046511628,0.05813953488,0.06976744186,0.06976744186,0.05813953488,0.08139534884,0.03488372093,0.02325581395,0,0.01162790698,0,0.01162790698,0,0.03488372093,0.01162790698,0.01162790698,0.01162790698,0,0,0.04651162791,0.1627906977,0.04651162791,0.03488372093,0.03488372093,0.02325581395,0,0,0.02325581395,0.02325581395,0.04651162791,0.1162790698,0.01162790698,0.02325581395,0.02325581395,0.08139534884,0.09302325581,0.02325581395,0.01162790698,0,0,0.02325581395,0.02325581395,0,0,0,0.02325581395,0,0,0,0,0,0,0,0.01162790698,0
金沢マンテンホテル駅前,88,1,5,-0.8,71,103,4.294871795,4,4.341463415,4,4.341176471,5,8,27,9,0.2045454545,0,0,0,0.01136363636,0.1363636364,0.06818181818,0.1590909091,0.2159090909,0.375,0.03409090909,0,0,0,0.5,0.4886363636,0.5,0.375,0.07954545455,0.04545454545,0,0.3522727273,0.07954545455,0.09090909091,0.2272727273,0.02272727273,0,0.06818181818,0.06818181818,0.03409090909,0,0,0,0.1136363636,0.2386363636,0.4090909091,0.05681818182,0,0,0,0.05681818182,0,0,0,0,0,0,0.02272727273,0,0.3068181818,0.03409090909,0.02272727273,0.05681818182,0.05681818182,0.1363636364,0.07954545455,0.1136363636,0.03409090909,0.07954545455,0.09090909091,0.2159090909,0.03409090909,0.04545454545,0.05681818182,0,0,0,0,0,0.01136363636,0.02272727273,0,0,0.05681818182,0.04545454545,0.1136363636,0.06818181818,0.01136363636,0.02272727273,0.03409090909,0,0.01136363636,0.03409090909,0.01136363636,0.01136363636,0.1022727273,0,0.02272727273,0.05681818182,0.2045454545,0.01136363636,0.01136363636,0,0,0.01136363636,0.02272727273,0.01136363636,0,0,0,0,0,0.01136363636,0,0,0.01136363636,0,0,0.01136363636,0
ホテルマイステイズ金沢キャッスル,60,0,0,,92,123,4.283018868,,4.296296296,,4.543859649,,7.633333333,22,16,0.1,0,0,,0.01666666667,0.2833333333,0.2666666667,0.1333333333,0.15,0.15,0,0,0,0,0.2666666667,0.7,0.4333333333,0.45,0.08333333333,0.03333333333,0,0.06666666667,0.2,0.2,0.25,0.03333333333,0,0.06666666667,0.06666666667,0.06666666667,0.03333333333,0,0,0.15,0.05,0.65,0,0,0,0,0.03333333333,0,0,0,0,0,0,0.01666666667,0,0.1166666667,0.06666666667,0.06666666667,0.1,0.1166666667,0.1166666667,0.1833333333,0.03333333333,0.1166666667,0.01666666667,0.05,0.06666666667,0.01666666667,0.05,0,0,0,0,0,0,0,0.01666666667,0,0,0.1166666667,0.05,0.1833333333,0.03333333333,0.03333333333,0.06666666667,0.01666666667,0,0,0,0,0,0.1,0.01666666667,0.01666666667,0.03333333333,0.08333333333,0.08333333333,0.03333333333,0,0.01666666667,0,0,0.01666666667,0,0,0,0.01666666667,0,0,0,0,0.01666666667,0,0.01666666667,0.03333333333,0
金沢蓄音器館,111,4,10,-0.6,58,71,4.704761905,4.5,4.651376147,4.5,4.681818182,5,8.738738739,66,6,0.5405405405,2,0,0.5,0.01801801802,0.1711711712,0.2612612613,0.1351351351,0.2522522523,0.1171171171,0.04504504505,0,0,0,0.4054054054,0.5855855856,0.2792792793,0.3153153153,0.1441441441,0.1081081081,0.1531531532,0.2522522523,0.06306306306,0.1081081081,0.2792792793,0,0,0.0990990991,0.009009009009,0.07207207207,0,0,0,0.1621621622,0.1531531532,0.6936936937,0.07207207207,0,0,0,0.06306306306,0,0,0,0,0,0,0.009009009009,0,0.05405405405,0.06306306306,0.02702702703,0.0990990991,0.08108108108,0.1441441441,0.1171171171,0.1081081081,0.07207207207,0.02702702703,0.04504504505,0.1261261261,0.04504504505,0.04504504505,0.01801801802,0,0,0.009009009009,0,0,0.01801801802,0.01801801802,0,0.009009009009,0.07207207207,0.04504504505,0.2432432432,0.1081081081,0,0.009009009009,0.1081081081,0.05405405405,0,0.01801801802,0.009009009009,0.01801801802,0.04504504505,0.04504504505,0,0.03603603604,0.02702702703,0.02702702703,0.009009009009,0,0,0.009009009009,0.009009009009,0.009009009009,0,0,0.01801801802,0,0,0.009009009009,0,0,0,0,0,0,0
道の駅「高松」,39,2,1,1,120,92,4.424242424,2,4.555555556,2,4.567567568,4.5,8.487179487,21,4,0.4358974359,0,0,0,0,0.1282051282,0.1282051282,0.07692307692,0.3846153846,0.2307692308,0.05128205128,0,0,0,0.2820512821,0.7179487179,0.2307692308,0.3333333333,0.05128205128,0.05128205128,0.3333333333,0.1025641026,0.05128205128,0.1538461538,0.2051282051,0.02564102564,0,0.1538461538,0.05128205128,0.07692307692,0.02564102564,0,0,0.1794871795,0.2051282051,0.4615384615,0.07692307692,0,0,0,0.02564102564,0,0,0,0,0,0,0.1025641026,0,0.1282051282,0,0.05128205128,0.07692307692,0.1538461538,0.1282051282,0.05128205128,0.2307692308,0,0.02564102564,0.02564102564,0.1025641026,0.05128205128,0.1025641026,0,0,0,0,0,0,0,0,0,0,0,0,0.1538461538,0.05128205128,0.02564102564,0,0.2307692308,0,0,0.05128205128,0.1025641026,0,0.02564102564,0.05128205128,0.05128205128,0,0.1282051282,0,0.05128205128,0,0,0,0.02564102564,0,0,0.02564102564,0,0,0,0.02564102564,0,0,0,0,0,0,0
ANAホリディ・イン金沢スカイ,31,4,1,3,139,72,4.586206897,4.25,4.620689655,3.25,4.666666667,4.25,8.322580645,16,4,0.3870967742,2,0,0.5,0,0.1290322581,0.09677419355,0.2258064516,0.2580645161,0.2258064516,0.06451612903,0,0,0,0.3870967742,0.6129032258,0.4193548387,0.2580645161,0.1290322581,0.1290322581,0.06451612903,0.2903225806,0.06451612903,0.1290322581,0.06451612903,0.03225806452,0,0.1290322581,0,0.06451612903,0.06451612903,0,0,0.2903225806,0.1290322581,0.5161290323,0,0,0,0,0.09677419355,0,0,0,0,0,0,0,0,0.06451612903,0.03225806452,0,0.1290322581,0.09677419355,0.1290322581,0.1290322581,0.1612903226,0.03225806452,0.03225806452,0.03225806452,0.1290322581,0.06451612903,0.03225806452,0,0,0.03225806452,0.03225806452,0,0,0.03225806452,0,0,0.03225806452,0,0.03225806452,0.2903225806,0.03225806452,0,0,0.1612903226,0.03225806452,0,0,0.06451612903,0.06451612903,0.03225806452,0,0.09677419355,0,0,0,0,0,0,0,0,0,0,0,0,0,0,0.03225806452,0,0,0.03225806452,0,0,0,0
石川県観光物産館,311,17,25,-0.32,20,25,4.528169014,4.117647059,4.479310345,3.941176471,4.605263158,4.823529412,8.40192926,153,33,0.38585209,10,3,0.4117647059,0.0578778135,0.2154340836,0.1768488746,0.2282958199,0.2057877814,0.1028938907,0.01286173633,0,0,0,0.3183279743,0.6623794212,0.4405144695,0.2926045016,0.09324758842,0.05144694534,0.1221864952,0.07717041801,0.07073954984,0.1189710611,0.1479099678,0.02572347267,0,0.1639871383,0.01607717042,0.1479099678,0.003215434084,0.003215434084,0,0.1736334405,0.1897106109,0.691318328,0.09646302251,0,0,0,0.04180064309,0,0,0,0,0,0,0.02572347267,0,0.02250803859,0.03536977492,0.02572347267,0.07395498392,0.09324758842,0.1286173633,0.1318327974,0.0578778135,0.06752411576,0.1093247588,0.09324758842,0.07717041801,0.04180064309,0.06430868167,0.0192926045,0.003215434084,0,0.003215434084,0.003215434084,0.006430868167,0.003215434084,0.003215434084,0.01607717042,0.02250803859,0.07395498392,0.0578778135,0.1832797428,0.08038585209,0.01607717042,0.03215434084,0.04180064309,0.02572347267,0,0.03215434084,0.02572347267,0.02250803859,0.07395498392,0.006430868167,0.01286173633,0.01286173633,0.08038585209,0.04501607717,0.009646302251,0.003215434084,0.003215434084,0,0.009646302251,0.009646302251,0.006430868167,0,0.01607717042,0.006430868167,0.003215434084,0.0192926045,0,0.003215434084,0,0.003215434084,0,0.003215434084,0
眠音ホテル,41,1,2,-0.5,115,104,4.538461538,5,4.55,5,4.625,5,8.56097561,19,3,0.3902439024,0,0,0,0,0.2195121951,0.1463414634,0.1951219512,0.3658536585,0.0487804878,0.0243902439,0,0,0,0.4390243902,0.5609756098,0.3902439024,0.3414634146,0.1219512195,0.1463414634,0,0,0.0487804878,0.2926829268,0.1219512195,0,0,0.07317073171,0.0243902439,0.243902439,0.0243902439,0,0,0.2926829268,0.07317073171,0.7317073171,0.07317073171,0,0,0,0.0243902439,0,0,0,0,0,0,0,0,0.0243902439,0,0,0.1219512195,0.07317073171,0.1463414634,0.1707317073,0.09756097561,0.09756097561,0.09756097561,0.0243902439,0.07317073171,0.0243902439,0.07317073171,0.0243902439,0,0,0,0,0,0,0,0,0,0.0243902439,0.0487804878,0.1219512195,0.1219512195,0.0243902439,0.0243902439,0,0,0,0.0487804878,0.1219512195,0.0487804878,0.07317073171,0,0.0243902439,0.0243902439,0.1219512195,0,0,0,0,0,0,0.0243902439,0,0,0,0,0,0,0.0243902439,0,0,0,0,0,0.09756097561
KKRホテル金沢,133,15,16,-0.0625,53,28,4.448,4.466666667,4.483870968,4.133333333,4.503816794,4.4,8.398496241,60,11,0.3684210526,5,1,0.2666666667,0.02255639098,0.03759398496,0.1954887218,0.2330827068,0.2481203008,0.1954887218,0.06766917293,0,0,0,0.4210526316,0.5488721805,0.4135338346,0.4135338346,0.1052631579,0.06015037594,0.007518796992,0.1127819549,0.02255639098,0.06766917293,0.2932330827,0,0,0.1127819549,0.01503759398,0.2180451128,0.03007518797,0,0,0.2631578947,0.2030075188,0.6766917293,0.08270676692,0,0,0,0.02255639098,0,0,0,0,0,0,0.04511278195,0,0.03759398496,0.03007518797,0.03007518797,0.03007518797,0.06015037594,0.1052631579,0.1278195489,0.08270676692,0.1127819549,0.06015037594,0.06766917293,0.1052631579,0.09022556391,0.0977443609,0,0.007518796992,0,0,0,0.007518796992,0,0.007518796992,0,0.03759398496,0.04511278195,0.05263157895,0.2105263158,0.09022556391,0.03007518797,0.03007518797,0.04511278195,0.007518796992,0,0.02255639098,0.02255639098,0.007518796992,0.1278195489,0.01503759398,0.05263157895,0.007518796992,0.04511278195,0.02255639098,0,0.007518796992,0,0,0.007518796992,0.03007518797,0,0.02255639098,0.01503759398,0,0,0.01503759398,0,0,0,0,0,0,0.007518796992
ホテルアマネク金沢,34,2,2,0,132,93,4.515151515,4.5,4.617647059,4.5,4.696969697,5,8.764705882,22,2,0.5882352941,1,0,0.5,0,0.3529411765,0.1176470588,0.05882352941,0.3823529412,0.08823529412,0,0,0,0,0.3823529412,0.6176470588,0.2647058824,0.4411764706,0.2352941176,0.05882352941,0,0.08823529412,0.1176470588,0.2941176471,0.2058823529,0.02941176471,0,0.05882352941,0.02941176471,0.05882352941,0,0,0,0.2352941176,0.2352941176,0.6764705882,0.05882352941,0,0,0,0.05882352941,0,0,0,0,0,0,0,0,0.08823529412,0.05882352941,0.05882352941,0.02941176471,0.08823529412,0.05882352941,0.2647058824,0.05882352941,0.08823529412,0.1176470588,0,0.02941176471,0.1176470588,0.02941176471,0.05882352941,0,0,0.02941176471,0,0,0.02941176471,0,0,0,0.05882352941,0.02941176471,0.2647058824,0.05882352941,0.05882352941,0.02941176471,0,0,0,0.08823529412,0.02941176471,0.02941176471,0.08823529412,0.05882352941,0,0,0.02941176471,0,0.02941176471,0,0,0,0,0,0,0.02941176471,0,0,0,0,0,0,0,0,0,0,0
前田土佐守家資料館,30,3,0,,141,80,4.36,5,4.304347826,3,4.551724138,3.333333333,6.8,6,12,-0.2,0,2,-0.6666666667,0,0.1,0.1666666667,0.2666666667,0.2666666667,0.1666666667,0.03333333333,0,0,0,0.2,0.7333333333,0.2666666667,0.4666666667,0.06666666667,0.06666666667,0.1333333333,0.2,0,0.1,0.2666666667,0,0,0.1333333333,0.1333333333,0.1,0,0,0,0.2,0.1,0.6,0.1666666667,0,0,0,0.06666666667,0,0,0,0,0,0,0,0,0.1333333333,0.03333333333,0.1,0.2,0.03333333333,0.1333333333,0.1,0.03333333333,0.06666666667,0.03333333333,0.06666666667,0.03333333333,0.06666666667,0.1,0.03333333333,0,0,0,0,0,0,0.03333333333,0.03333333333,0.03333333333,0,0.03333333333,0.3,0.03333333333,0,0,0.1666666667,0,0.03333333333,0.03333333333,0,0.06666666667,0,0,0,0.03333333333,0,0.03333333333,0,0,0,0,0,0.06666666667,0.06666666667,0,0,0,0,0,0,0,0,0,0,0,0
屋内木育施設 もりのひみつきち,159,5,7,-0.2857142857,43,60,4.573333333,4.6,4.57615894,4.8,4.476190476,4.4,8.597484277,94,17,0.4842767296,2,0,0.4,0,0.04402515723,0.5157232704,0.3647798742,0.03773584906,0.03144654088,0.006289308176,0,0,0,0.2641509434,0.7169811321,0.1383647799,0.06289308176,0.05660377358,0.03773584906,0.7044025157,0.01886792453,0.006289308176,0.01257861635,0.006289308176,0,0,0.006289308176,0,0.9182389937,0,0,0,0.1572327044,0.1698113208,0.2389937107,0.03773584906,0,0,0,0.03144654088,0,0,0,0,0,0,0.03144654088,0,0.006289308176,0.0251572327,0.0251572327,0.03144654088,0.07547169811,0.06289308176,0.1949685535,0.08805031447,0.1257861635,0.08176100629,0.08805031447,0.1132075472,0.05660377358,0.03144654088,0,0,0,0,0,0,0,0,0,0,0,0,0.03773584906,0.0251572327,0.006289308176,0.2893081761,0.5031446541,0.03773584906,0,0.006289308176,0.01886792453,0.01257861635,0.006289308176,0.006289308176,0.006289308176,0.006289308176,0.01886792453,0.006289308176,0.006289308176,0,0,0,0,0,0,0,0,0,0,0.006289308176,0,0,0,0,0,0,0
ガーデンホテル金沢,182,21,17,0.2352941176,38,20,4.342281879,3.666666667,4.317880795,3.619047619,4.479768786,4.380952381,7.626373626,65,42,0.1263736264,8,2,0.2857142857,0.005494505495,0.1593406593,0.1978021978,0.1703296703,0.2802197802,0.1593406593,0.02747252747,0,0,0,0.5274725275,0.467032967,0.5054945055,0.2912087912,0.1153846154,0.08791208791,0,0.478021978,0.08241758242,0.08241758242,0.09340659341,0.02747252747,0,0.04945054945,0.0989010989,0.01098901099,0,0,0,0.08791208791,0.04945054945,0.5659340659,0.06043956044,0,0,0,0.04395604396,0,0,0,0,0,0,0.02197802198,0,0.3186813187,0.02197802198,0.02747252747,0.04945054945,0.1208791209,0.09340659341,0.1098901099,0.1263736264,0.1043956044,0.07692307692,0.04945054945,0.08791208791,0.05494505495,0.07692307692,0.03296703297,0.005494505495,0.01648351648,0,0.005494505495,0.01648351648,0.01098901099,0.02197802198,0.01648351648,0.02197802198,0.03296703297,0.03846153846,0.2032967033,0.0989010989,0.005494505495,0.02747252747,0.01098901099,0.01098901099,0,0.01648351648,0.01648351648,0.02197802198,0.05494505495,0.01648351648,0,0.03296703297,0.07142857143,0.02747252747,0.01098901099,0.005494505495,0,0,0.02747252747,0.02197802198,0,0.005494505495,0.005494505495,0,0.005494505495,0.02197802198,0.005494505495,0.005494505495,0,0.005494505495,0.005494505495,0.01098901099,0.02747252747
金沢国際ホテル,76,0,0,,84,124,4.338983051,,4.25,,4.362318841,,7.013157895,19,27,-0.1052631579,0,0,,0.01315789474,0.07894736842,0.1184210526,0.2631578947,0.3289473684,0.1447368421,0.05263157895,0,0,0,0.5,0.4736842105,0.5263157895,0.25,0.07894736842,0.1052631579,0.03947368421,0.2763157895,0.02631578947,0.01315789474,0.1578947368,0,0.01315789474,0.02631578947,0.01315789474,0.1710526316,0,0,0,0.2236842105,0.09210526316,0.3157894737,0.02631578947,0,0,0,0.05263157895,0,0,0,0,0,0,0.01315789474,0,0.1973684211,0.01315789474,0,0.03947368421,0.09210526316,0.1052631579,0.1315789474,0.06578947368,0.1578947368,0.07894736842,0.1184210526,0.09210526316,0.05263157895,0.05263157895,0,0,0,0.01315789474,0,0,0,0,0,0,0.02631578947,0.05263157895,0.09210526316,0.03947368421,0.02631578947,0.02631578947,0.1315789474,0.03947368421,0,0.1315789474,0.01315789474,0.01315789474,0.1315789474,0.02631578947,0.01315789474,0.02631578947,0.07894736842,0.02631578947,0.02631578947,0,0,0,0,0.01315789474,0,0.01315789474,0,0,0,0.02631578947,0,0,0,0,0,0,0.01315789474
加賀友禅会館（加賀友禅ミュージアムそめりあ）,37,3,5,-0.4,125,81,4.529411765,4.333333333,4.470588235,3,4.621621622,4.666666667,7.945945946,14,5,0.2432432432,1,1,0,0.08108108108,0.2432432432,0.05405405405,0.2702702703,0.2162162162,0.1351351351,0,0,0,0,0.4054054054,0.4864864865,0.2432432432,0.2162162162,0.1351351351,0.1891891892,0.2162162162,0.1891891892,0.02702702703,0.1351351351,0.2162162162,0.02702702703,0,0.1081081081,0,0.1351351351,0,0,0,0.08108108108,0.1351351351,0.5675675676,0.1351351351,0,0,0,0.08108108108,0,0,0,0,0,0,0,0,0,0.02702702703,0,0.05405405405,0.05405405405,0.1081081081,0.05405405405,0.1081081081,0.08108108108,0.1351351351,0.08108108108,0.1081081081,0.05405405405,0.1351351351,0,0,0,0.02702702703,0,0,0,0,0,0,0.05405405405,0.1081081081,0.2702702703,0.02702702703,0.02702702703,0,0.1351351351,0.02702702703,0,0.02702702703,0.02702702703,0.05405405405,0.05405405405,0,0,0,0.02702702703,0,0.02702702703,0,0,0,0,0,0,0,0.02702702703,0,0.05405405405,0.02702702703,0,0,0,0,0,0,0
金沢港クルーズターミナル,99,15,15,0,65,29,4.228915663,3.866666667,4.293478261,3.933333333,4.548387097,4.6,7.939393939,41,20,0.2121212121,7,1,0.4,0.0202020202,0.1212121212,0.1616161616,0.1818181818,0.2828282828,0.1919191919,0.0404040404,0,0,0,0.3838383838,0.6161616162,0.2323232323,0.2626262626,0.1212121212,0.06060606061,0.3232323232,0.1313131313,0.07070707071,0.1212121212,0.2525252525,0,0,0.0404040404,0.05050505051,0.1616161616,0,0,0,0.1414141414,0.1515151515,0.4444444444,0.0303030303,0,0,0,0.06060606061,0,0,0,0,0,0,0.05050505051,0,0.07070707071,0.0404040404,0.06060606061,0.07070707071,0.1818181818,0.09090909091,0.1212121212,0.101010101,0.0404040404,0.0202020202,0.1111111111,0.1111111111,0.0202020202,0.0303030303,0,0.0303030303,0,0,0.0101010101,0,0,0,0,0.0202020202,0.0101010101,0.0101010101,0.1616161616,0.08080808081,0.0303030303,0.1111111111,0.2828282828,0.0404040404,0,0.0202020202,0.0303030303,0,0.0303030303,0,0.0202020202,0.0202020202,0.0404040404,0.0101010101,0.0101010101,0.0101010101,0,0,0,0,0,0,0,0,0,0,0,0.0101010101,0,0,0,0,0.0101010101
妙立寺,113,12,18,-0.3333333333,55,37,4.564814815,4.166666667,4.627272727,4.166666667,4.625,4.25,8.876106195,75,7,0.6017699115,9,3,0.5,0.008849557522,0.1769911504,0.185840708,0.2123893805,0.2743362832,0.1150442478,0.02654867257,0,0,0,0.4159292035,0.5663716814,0.389380531,0.4336283186,0.08849557522,0.06194690265,0.02654867257,0.06194690265,0.04424778761,0.203539823,0.3097345133,0.01769911504,0,0.1061946903,0.02654867257,0.0796460177,0,0,0,0.1415929204,0.1415929204,0.7168141593,0.0796460177,0,0,0,0.01769911504,0,0,0,0,0,0,0.01769911504,0,0.03539823009,0.03539823009,0.01769911504,0.008849557522,0.1061946903,0.08849557522,0.1150442478,0.05309734513,0.08849557522,0.1061946903,0.1061946903,0.1327433628,0.06194690265,0.0796460177,0.008849557522,0,0,0,0,0.008849557522,0,0.008849557522,0.01769911504,0.008849557522,0.06194690265,0.03539823009,0.1769911504,0.1150442478,0.03539823009,0.01769911504,0.008849557522,0.01769911504,0.008849557522,0,0.04424778761,0.06194690265,0.08849557522,0,0.03539823009,0.03539823009,0.0796460177,0.01769911504,0,0,0.008849557522,0,0.008849557522,0.008849557522,0.01769911504,0,0.008849557522,0,0.008849557522,0,0,0,0,0,0,0.03539823009,0.008849557522
兼六駐車場,245,19,13,0.4615384615,29,22,4.555045872,3.947368421,4.550660793,4.421052632,4.625,4.684210526,8.489795918,135,33,0.4163265306,10,2,0.4210526316,0.04081632653,0.1918367347,0.2693877551,0.1551020408,0.2040816327,0.1142857143,0.02448979592,0,0,0,0.387755102,0.5918367347,0.3265306122,0.3306122449,0.1102040816,0.0612244898,0.1714285714,0.07755102041,0.08163265306,0.09387755102,0.1673469388,0.03673469388,0,0.1632653061,0.04081632653,0.1551020408,0,0,0,0.2,0.2775510204,0.6040816327,0.1714285714,0,0,0,0.03265306122,0,0,0,0,0,0,0.05714285714,0,0.02448979592,0.04489795918,0.04489795918,0.08163265306,0.08571428571,0.1224489796,0.1265306122,0.1306122449,0.0612244898,0.05714285714,0.07346938776,0.08979591837,0.02448979592,0.05714285714,0.008163265306,0,0.004081632653,0.01632653061,0.008163265306,0,0.01224489796,0.004081632653,0.03673469388,0.01632653061,0.06530612245,0.02448979592,0.1346938776,0.0612244898,0.04081632653,0.02857142857,0.07755102041,0.01224489796,0,0.02040816327,0.03673469388,0.04489795918,0.106122449,0.01632653061,0.01224489796,0.03673469388,0.05714285714,0.03673469388,0.01224489796,0.004081632653,0.01224489796,0,0.004081632653,0.004081632653,0.008163265306,0,0.008163265306,0,0,0.01632653061,0,0,0.004081632653,0,0.008163265306,0,0
茜や,42,0,0,,111,125,4.804878049,,4.80952381,,4.761904762,,9.404761905,34,1,0.7857142857,0,0,,0,0.2619047619,0.5714285714,0.09523809524,0.04761904762,0.02380952381,0,0,0,0,0.8571428571,0.1428571429,0.4047619048,0.4047619048,0.04761904762,0.04761904762,0.09523809524,0.3333333333,0.02380952381,0.619047619,0,0,0,0,0,0,0,0,0,0.119047619,0.2857142857,0.5238095238,0.119047619,0,0,0,0.1904761905,0,0,0,0,0,0,0.04761904762,0,0,0.02380952381,0,0.07142857143,0.3333333333,0.2857142857,0.1428571429,0,0.02380952381,0.04761904762,0,0.07142857143,0,0,0,0,0,0,0,0,0,0,0,0,0.07142857143,0.07142857143,0.1428571429,0.119047619,0.02380952381,0.09523809524,0.07142857143,0,0,0.02380952381,0.04761904762,0.09523809524,0.04761904762,0,0.04761904762,0,0.1428571429,0,0,0,0,0,0,0,0,0,0,0,0,0,0,0,0,0,0,0,0
夢ミルク館（ホリ牧場）,152,5,21,-0.7619047619,44,61,4.583333333,4.6,4.538461538,4.6,4.537931034,3.8,8.585526316,86,15,0.4671052632,3,1,0.4,0.006578947368,0.2105263158,0.3157894737,0.2631578947,0.1381578947,0.05921052632,0.006578947368,0,0,0,0.3881578947,0.6052631579,0.25,0.1118421053,0.05263157895,0.05263157895,0.5328947368,0.01973684211,0.1710526316,0.04605263158,0.1710526316,0.03289473684,0,0.07894736842,0,0.3684210526,0,0,0,0.2236842105,0.2302631579,0.5197368421,0.1184210526,0,0,0,0.04605263158,0,0,0,0,0,0,0.1644736842,0,0.01973684211,0.04605263158,0.02631578947,0.08552631579,0.07894736842,0.1513157895,0.1578947368,0.09868421053,0.1118421053,0.05263157895,0.05921052632,0.08552631579,0.02631578947,0.01973684211,0,0,0,0.006578947368,0,0,0,0.01973684211,0,0.01315789474,0.02631578947,0.01973684211,0.08552631579,0.04605263158,0,0.1184210526,0.3684210526,0.02631578947,0,0,0.03289473684,0,0.06578947368,0,0.01973684211,0.01973684211,0.06578947368,0.01973684211,0,0,0,0,0.006578947368,0,0,0,0,0,0,0,0,0,0,0.01973684211,0.01973684211,0,0
西田幾多郎記念館,39,3,15,-0.8,121,82,4.578947368,5,4.641025641,5,4.552631579,4.333333333,7.923076923,17,9,0.2051282051,2,0,0.6666666667,0.02564102564,0.1538461538,0.2051282051,0.1282051282,0.2820512821,0.1538461538,0.05128205128,0,0,0,0.3846153846,0.5897435897,0.1794871795,0.1538461538,0.1025641026,0.1794871795,0.3846153846,0.1794871795,0.1025641026,0.05128205128,0.4358974359,0.07692307692,0,0.07692307692,0.02564102564,0.02564102564,0,0,0,0.07692307692,0.07692307692,0.3846153846,0.02564102564,0,0,0,0.02564102564,0,0,0,0,0,0,0.07692307692,0,0.02564102564,0.05128205128,0.05128205128,0.05128205128,0.07692307692,0.2051282051,0.02564102564,0.07692307692,0.02564102564,0.07692307692,0.02564102564,0.2051282051,0.07692307692,0.05128205128,0.05128205128,0,0,0,0,0,0,0,0,0,0.05128205128,0.02564102564,0.1538461538,0.1025641026,0,0.1282051282,0.2307692308,0,0,0,0,0.02564102564,0.02564102564,0,0,0.02564102564,0.07692307692,0.07692307692,0,0,0,0,0,0,0,0,0,0,0,0,0,0,0,0,0,0,0.02564102564
香林坊地下駐車場,122,19,24,-0.2083333333,54,23,4.54954955,4.263157895,4.5,4.105263158,4.642857143,4.736842105,8.344262295,60,20,0.3278688525,10,5,0.2631578947,0.01639344262,0.1639344262,0.237704918,0.237704918,0.2540983607,0.0737704918,0.01639344262,0,0,0,0.368852459,0.6147540984,0.2049180328,0.106557377,0.03278688525,0.04098360656,0.6147540984,0.2049180328,0.04918032787,0.02459016393,0.237704918,0,0,0.2049180328,0.008196721311,0.1475409836,0,0,0,0.1229508197,0.106557377,0.368852459,0,0,0,0,0.04098360656,0,0,0,0,0,0,0,0,0.04098360656,0.01639344262,0.01639344262,0.04098360656,0.1147540984,0.05737704918,0.1393442623,0.09836065574,0.09836065574,0.04098360656,0.1229508197,0.106557377,0.04918032787,0.09836065574,0,0.01639344262,0,0,0,0,0,0,0,0.01639344262,0,0.01639344262,0.0737704918,0.01639344262,0.02459016393,0.1721311475,0.4836065574,0.04098360656,0,0.03278688525,0.008196721311,0,0.03278688525,0,0.008196721311,0.01639344262,0.02459016393,0.008196721311,0,0,0,0,0,0,0,0,0,0,0,0,0,0.008196721311,0,0,0,0,0
のとじま水族館,4215,388,349,0.111747851,1,1,4.564524291,4.335051546,4.588833747,4.386597938,4.632438125,4.420103093,8.604744958,2428,418,0.4768683274,237,27,0.5412371134,0.01850533808,0.1966785291,0.3167259786,0.2332147094,0.1565836299,0.06358244365,0.01257413998,0.001897983393,0.0002372479241,0,0.462633452,0.5247924081,0.278054567,0.2173190985,0.07402135231,0.07022538553,0.3603795967,0.07900355872,0.1069988138,0.09727164887,0.134282325,0.02158956109,0.0009489916963,0.05788849348,0.01209964413,0.3715302491,0.004033214709,0,0,0.190510083,0.2918149466,0.4704626335,0.04341637011,0,0,0,0.03511269276,0,0,0,0,0,0,0.08588374852,0,0.01542111507,0.03084223013,0.0315539739,0.06951364176,0.1027283511,0.1283511269,0.1290628707,0.1048635824,0.09086595492,0.08018979834,0.07236061684,0.08944246738,0.03511269276,0.03511269276,0.007354685647,0.001423487544,0.001423487544,0.00640569395,0.00118623962,0.003321470937,0.004270462633,0.006168446026,0.00640569395,0.01115065243,0.03795966785,0.02846975089,0.07947805457,0.04056939502,0.02680901542,0.1537366548,0.2230130486,0.03629893238,0.004507710558,0.03487544484,0.03202846975,0.01755634638,0.06761565836,0.01115065243,0.01494661922,0.02040332147,0.04768683274,0.02823250297,0.008778173191,0.003795966785,0.00118623962,0.0009489916963,0.00521945433,0.004507710558,0.0002372479241,0.002846975089,0.003558718861,0.002609727165,0.0009489916963,0.004744958482,0.0007117437722,0.0004744958482,0.001423487544,0.0007117437722,0.00118623962,0.0009489916963,0.0007117437722
那谷寺,194,37,23,0.6086956522,35,9,4.461538462,4.27027027,4.505434783,4.486486486,4.521276596,4.486486486,8.479381443,102,18,0.4329896907,17,5,0.3243243243,0.01546391753,0.05670103093,0.09793814433,0.1649484536,0.3298969072,0.2628865979,0.07216494845,0,0,0,0.4329896907,0.5360824742,0.412371134,0.2371134021,0.07731958763,0.1082474227,0.1649484536,0.1237113402,0.0618556701,0.09278350515,0.3711340206,0.005154639175,0,0.1237113402,0.005154639175,0.07216494845,0,0,0,0.3195876289,0.5154639175,0.4690721649,0.118556701,0,0,0,0.0206185567,0,0,0,0,0,0,0.0206185567,0,0.01030927835,0.01546391753,0.03092783505,0.0824742268,0.1340206186,0.1030927835,0.1082474227,0.1082474227,0.0824742268,0.07731958763,0.08762886598,0.05670103093,0.0618556701,0.05154639175,0.01546391753,0,0,0.005154639175,0,0,0,0.005154639175,0.005154639175,0.005154639175,0.01546391753,0.01546391753,0.1391752577,0.07731958763,0.03608247423,0.07216494845,0.1288659794,0.07216494845,0,0.01546391753,0.01546391753,0.0206185567,0.07731958763,0.0206185567,0.04639175258,0.02577319588,0.08762886598,0.0412371134,0.01546391753,0.005154639175,0.005154639175,0.005154639175,0,0,0,0,0,0,0,0.005154639175,0.005154639175,0.01546391753,0,0,0,0,0
道の駅めぐみ白山,113,5,14,-0.6428571429,56,62,4.475247525,4.2,4.548076923,4.2,4.571428571,4.2,8.221238938,61,16,0.3982300885,2,0,0.4,0.008849557522,0.1415929204,0.1946902655,0.2566371681,0.2389380531,0.1238938053,0.02654867257,0.008849557522,0,0,0.3539823009,0.6371681416,0.3008849558,0.2389380531,0.0796460177,0.1504424779,0.2300884956,0.2477876106,0.0796460177,0.02654867257,0.3008849558,0,0,0.0796460177,0,0.1946902655,0.01769911504,0,0,0.1504424779,0.3097345133,0.592920354,0.06194690265,0,0,0,0.1150442478,0,0,0,0,0,0,0.1238938053,0,0.03539823009,0.08849557522,0.05309734513,0.08849557522,0.1061946903,0.1061946903,0.1150442478,0.1061946903,0.08849557522,0.07079646018,0.03539823009,0.1061946903,0.01769911504,0.01769911504,0.01769911504,0.008849557522,0,0.01769911504,0,0,0.008849557522,0,0,0.02654867257,0.008849557522,0.01769911504,0.09734513274,0.03539823009,0.008849557522,0.06194690265,0.1504424779,0.06194690265,0,0.01769911504,0.01769911504,0.03539823009,0.1415929204,0.01769911504,0.01769911504,0.02654867257,0.09734513274,0.03539823009,0,0,0.008849557522,0,0.02654867257,0.01769911504,0,0,0,0,0,0.008849557522,0,0,0,0.008849557522,0,0,0
小松空港,2605,169,153,0.1045751634,2,2,4.259989621,3.00591716,4.271567126,3.059171598,4.550204918,4.319526627,7.856046065,1006,553,0.1738963532,62,42,0.1183431953,0.01343570058,0.1255278311,0.1773512476,0.1930902111,0.2790786948,0.1819577735,0.02763915547,0.001919385797,0,0,0.4525911708,0.5274472169,0.2487523992,0.3558541267,0.1719769674,0.1454894434,0.07792706334,0.2767754319,0.0556621881,0.09558541267,0.2234165067,0.02418426104,0.001535508637,0.07677543186,0.05604606526,0.08214971209,0.006142034549,0,0.0003838771593,0.1458733205,0.2230326296,0.5332053743,0.05604606526,0,0,0,0.04299424184,0,0,0,0,0,0,0.02955854127,0,0.1385796545,0.03224568138,0.0310940499,0.05642994242,0.08598848369,0.09827255278,0.1236084453,0.08138195777,0.07677543186,0.07408829175,0.06909788868,0.1220729367,0.06525911708,0.08368522073,0.09520153551,0.002303262956,0,0.0007677543186,0.001151631478,0.0003838771593,0,0.01381957774,0.004990403071,0.0007677543186,0.0330134357,0.06372360845,0.2564299424,0.1485604607,0.001151631478,0.0349328215,0.07293666027,0.05067178503,0.003071017274,0.002303262956,0.002303262956,0.00537428023,0.003838771593,0.001151631478,0.001151631478,0.003454894434,0.006142034549,0.002687140115,0.001919385797,0.0003838771593,0.001919385797,0.0007677543186,0.0003838771593,0.0003838771593,0.003454894434,0.001151631478,0.0003838771593,0.003454894434,0.002303262956,0.08944337812,0.01074856046,0.01151631478,0.01381957774,0.004990403071,0.00537428023,0.006142034549,0.02917466411
ふれあい昆虫館,517,9,10,-0.1,16,45,4.573469388,4,4.591836735,4.555555556,4.618834081,4.333333333,8.502901354,283,59,0.4332688588,5,0,0.5555555556,0.001934235977,0.06382978723,0.4042553191,0.3675048356,0.1218568665,0.03481624758,0.00580270793,0,0,0,0.3675048356,0.6228239845,0.1547388781,0.1025145068,0.0580270793,0.06382978723,0.6208897485,0.03675048356,0.0251450677,0.01934235977,0.04835589942,0.001934235977,0,0.02901353965,0.001934235977,0.7543520309,0.04255319149,0,0,0.09090909091,0.1489361702,0.2553191489,0.09477756286,0,0,0,0.0502901354,0,0,0,0,0,0,0.04448742747,0,0.009671179884,0.03288201161,0.02321083172,0.0502901354,0.09671179884,0.1141199226,0.1586073501,0.1063829787,0.09090909091,0.08704061896,0.08510638298,0.08510638298,0.02901353965,0.04061895551,0.003868471954,0.001934235977,0,0.001934235977,0.001934235977,0,0.00580270793,0,0,0.00580270793,0.01353965184,0.01740812379,0.03675048356,0.02127659574,0.003868471954,0.09864603482,0.5357833656,0.08510638298,0,0.01160541586,0.01740812379,0.007736943907,0.0502901354,0.001934235977,0.01160541586,0.00580270793,0.02321083172,0.01740812379,0.001934235977,0,0,0,0.003868471954,0.003868471954,0,0.003868471954,0,0,0,0.001934235977,0,0,0,0,0,0,0.003868471954
いしかわ動物園,886,134,83,0.6144578313,5,3,4.513174404,4.037313433,4.556227328,4.067164179,4.5765625,4.395522388,8.5248307,491,98,0.4435665914,77,13,0.4776119403,0.01805869074,0.1038374718,0.3623024831,0.2968397291,0.1286681716,0.07223476298,0.0158013544,0.002257336343,0,0,0.4288939052,0.5575620767,0.1997742664,0.1094808126,0.0316027088,0.05869074492,0.6004514673,0.06659142212,0.07449209932,0.0316027088,0.09819413093,0.005643340858,0.002257336343,0.03611738149,0.005643340858,0.5891647856,0.01918735892,0,0,0.1128668172,0.1783295711,0.2516930023,0.02483069977,0,0,0,0.02483069977,0,0,0,0,0,0,0.02934537246,0,0.009029345372,0.03386004515,0.05079006772,0.06659142212,0.10496614,0.1083521445,0.1388261851,0.1207674944,0.10496614,0.07900677201,0.05869074492,0.07449209932,0.03386004515,0.02483069977,0.002257336343,0,0,0.002257336343,0.002257336343,0.001128668172,0.001128668172,0.002257336343,0,0.003386004515,0.01805869074,0.01015801354,0.04176072235,0.01805869074,0.01693002257,0.1376975169,0.3781038375,0.1546275395,0.002257336343,0.006772009029,0.02031602709,0.004514672686,0.05981941309,0.009029345372,0.01128668172,0.01918735892,0.04063205418,0.02144469526,0.003386004515,0.002257336343,0.001128668172,0,0.001128668172,0,0,0,0.001128668172,0.002257336343,0.001128668172,0.001128668172,0,0,0,0.001128668172,0,0,0
航空プラザ,207,14,13,0.07692307692,32,32,4.602150538,4.428571429,4.620512821,4.571428571,4.603658537,4.214285714,8.492753623,117,26,0.4396135266,7,3,0.2857142857,0.009661835749,0.09178743961,0.347826087,0.2850241546,0.1497584541,0.1014492754,0.01449275362,0,0,0,0.3719806763,0.6038647343,0.2898550725,0.2801932367,0.07729468599,0.06763285024,0.2850241546,0.06280193237,0.02898550725,0.06763285024,0.08695652174,0.01449275362,0.004830917874,0.09178743961,0.004830917874,0.5555555556,0.009661835749,0,0,0.2077294686,0.2801932367,0.3574879227,0.03381642512,0,0,0,0.04830917874,0,0,0,0,0,0,0.04830917874,0,0.0193236715,0.04347826087,0.04347826087,0.04830917874,0.09661835749,0.1111111111,0.1400966184,0.1014492754,0.1062801932,0.04830917874,0.06280193237,0.07246376812,0.06280193237,0.06280193237,0.004830917874,0,0,0.004830917874,0,0,0.004830917874,0.009661835749,0.009661835749,0.009661835749,0,0.01449275362,0.04347826087,0.07729468599,0.004830917874,0.08695652174,0.1980676329,0.08212560386,0.004830917874,0.0193236715,0.02415458937,0.03381642512,0.04347826087,0.02898550725,0.038647343,0.06280193237,0.1111111111,0.02898550725,0.004830917874,0,0.004830917874,0,0,0.004830917874,0.004830917874,0.004830917874,0,0,0.004830917874,0.0193236715,0,0,0,0,0.004830917874,0,0
日本自動車博物館,165,10,15,-0.3333333333,42,43,4.533783784,4.5,4.581699346,4.5,4.610062893,4.6,8.490909091,93,22,0.4303030303,6,1,0.5,0.02424242424,0.1515151515,0.2,0.1878787879,0.2848484848,0.1212121212,0.02424242424,0.006060606061,0,0,0.3454545455,0.6363636364,0.3757575758,0.2545454545,0.09696969697,0.06666666667,0.2060606061,0.04242424242,0.1272727273,0.06666666667,0.2363636364,0.03636363636,0.006060606061,0.08484848485,0.04242424242,0.1939393939,0.006060606061,0,0,0.2303030303,0.3696969697,0.503030303,0.04848484848,0,0,0,0.0303030303,0,0,0,0,0,0,0.1333333333,0,0.03636363636,0.0303030303,0.0303030303,0.05454545455,0.1272727273,0.1090909091,0.1393939394,0.09090909091,0.09090909091,0.08484848485,0.1151515152,0.06060606061,0.02424242424,0.04242424242,0.01818181818,0.006060606061,0,0.006060606061,0.006060606061,0,0,0.01818181818,0,0.006060606061,0.01818181818,0.04242424242,0.04848484848,0.04242424242,0.02424242424,0.03636363636,0.103030303,0.05454545455,0,0.01212121212,0.0303030303,0.02424242424,0.1090909091,0.04242424242,0.06060606061,0.03636363636,0.09696969697,0.103030303,0,0,0,0.006060606061,0.006060606061,0.006060606061,0,0,0.006060606061,0,0.006060606061,0.01212121212,0.006060606061,0,0.006060606061,0,0,0,0
「安宅の関」こまつ勧進帳の里,83,0,0,,76,126,4.208955224,,4.260273973,,4.36,,7.734939759,31,19,0.1445783133,0,0,,0,0.07228915663,0.156626506,0.2048192771,0.3614457831,0.156626506,0.04819277108,0,0,0,0.3373493976,0.6506024096,0.3493975904,0.1807228916,0.03614457831,0.09638554217,0.3373493976,0.1204819277,0.02409638554,0.1204819277,0.265060241,0,0,0.2289156627,0.02409638554,0.09638554217,0.02409638554,0,0,0.1084337349,0.3614457831,0.4819277108,0.1204819277,0,0,0,0.06024096386,0,0,0,0,0,0,0.1325301205,0,0.02409638554,0.03614457831,0.03614457831,0.09638554217,0.1325301205,0.156626506,0.1204819277,0.02409638554,0.0843373494,0.06024096386,0.0843373494,0.07228915663,0.04819277108,0.04819277108,0,0,0,0,0,0,0.01204819277,0.01204819277,0,0,0.02409638554,0.03614457831,0.07228915663,0.04819277108,0.01204819277,0.02409638554,0.3975903614,0.07228915663,0,0.02409638554,0,0,0.1204819277,0.02409638554,0.01204819277,0,0.07228915663,0.01204819277,0.01204819277,0,0,0,0,0,0,0,0,0,0,0,0,0.01204819277,0,0,0,0,0
加賀伝統工芸村　ゆのくにの森,424,14,25,-0.44,17,33,4.511508951,3.642857143,4.528205128,3.928571429,4.613577023,4.285714286,8.061320755,194,73,0.2853773585,6,4,0.1428571429,0.05896226415,0.1367924528,0.2311320755,0.2924528302,0.1509433962,0.08726415094,0.03773584906,0.004716981132,0,0,0.3773584906,0.6037735849,0.4716981132,0.2688679245,0.05188679245,0.04952830189,0.1580188679,0.02358490566,0.05424528302,0.1108490566,0.1391509434,0.03301886792,0.002358490566,0.1485849057,0.01179245283,0.3231132075,0.01650943396,0,0,0.3655660377,0.5023584906,0.445754717,0.08018867925,0,0,0,0.02122641509,0,0,0,0,0,0,0.02122641509,0,0.007075471698,0.05424528302,0.04952830189,0.06367924528,0.07783018868,0.1108490566,0.1132075472,0.1226415094,0.08962264151,0.05896226415,0.08018867925,0.07783018868,0.04952830189,0.05188679245,0.007075471698,0,0,0.002358490566,0,0,0.002358490566,0.02122641509,0,0,0.02358490566,0.04245283019,0.1037735849,0.03537735849,0.02122641509,0.07547169811,0.1014150943,0.04716981132,0,0.004716981132,0.03537735849,0.0141509434,0.1155660377,0.03773584906,0.03773584906,0.03537735849,0.09905660377,0.06839622642,0.03537735849,0.01179245283,0,0.002358490566,0.002358490566,0.002358490566,0,0,0,0,0,0.01179245283,0.002358490566,0,0,0,0,0,0
小松市観光交流センター Komatsu九,306,2,5,-0.6,21,94,4.37295082,4,4.376984127,4,4.503968254,5,7.944444444,127,58,0.2254901961,1,0,0.5,0.006535947712,0.114379085,0.2058823529,0.2450980392,0.2777777778,0.1176470588,0.03267973856,0,0,0,0.3529411765,0.6274509804,0.2745098039,0.2875816993,0.1241830065,0.08823529412,0.2254901961,0.3594771242,0.07189542484,0.09150326797,0.1699346405,0.01307189542,0,0.07516339869,0.02941176471,0.09477124183,0.006535947712,0,0,0.137254902,0.2483660131,0.385620915,0.03267973856,0,0,0,0.1176470588,0,0,0,0,0,0,0.01960784314,0,0.1013071895,0.04901960784,0.02287581699,0.06209150327,0.1241830065,0.08823529412,0.1339869281,0.09477124183,0.1209150327,0.06862745098,0.0522875817,0.08169934641,0.03594771242,0.06535947712,0.02287581699,0,0,0,0,0.003267973856,0,0.01633986928,0.009803921569,0.003267973856,0.0522875817,0.03267973856,0.1764705882,0.09477124183,0.009803921569,0.02287581699,0.09803921569,0.03267973856,0.003267973856,0.009803921569,0.01960784314,0.003267973856,0.08169934641,0.01633986928,0.01633986928,0.03267973856,0.1013071895,0.05555555556,0.009803921569,0,0,0,0.01307189542,0.003267973856,0.003267973856,0.003267973856,0.003267973856,0.009803921569,0.003267973856,0.009803921569,0.003267973856,0,0.003267973856,0,0.003267973856,0,0.01633986928
たちばな四季亭,250,8,5,0.6,26,50,4.588235294,4.5,4.607142857,4.625,4.599033816,4,8.348,133,33,0.4,4,0,0.5,0,0.064,0.252,0.104,0.228,0.284,0.068,0,0,0,0.376,0.616,0.688,0.192,0.076,0.036,0.008,0.004,0.064,0.064,0.384,0,0.004,0.188,0.016,0.104,0.012,0,0,0.756,0.808,0.696,0.084,0,0,0,0,0,0,0,0,0,0,0.016,0,0.024,0.024,0.056,0.064,0.072,0.108,0.108,0.04,0.076,0.072,0.044,0.16,0.04,0.136,0.012,0,0,0,0,0.004,0,0.012,0.012,0,0.052,0.008,0.088,0.036,0.008,0.108,0.14,0.056,0,0.008,0.04,0.036,0.084,0.012,0.028,0.044,0.104,0.068,0.012,0.004,0.004,0,0.004,0.004,0,0,0.004,0,0,0.004,0,0,0,0,0,0.004,0
湖畔の宿　森本,84,0,0,,75,127,4.618421053,,4.578947368,,4.594202899,,8.357142857,43,11,0.380952381,0,0,,0,0.1071428571,0.3214285714,0.1666666667,0.2023809524,0.1904761905,0.0119047619,0,0,0,0.4047619048,0.5714285714,0.7380952381,0.1547619048,0.08333333333,0.02380952381,0,0.02380952381,0.1071428571,0.08333333333,0.380952381,0,0,0.1666666667,0.0119047619,0.130952381,0,0,0,0.6547619048,0.8452380952,0.7023809524,0.1071428571,0,0,0,0,0,0,0,0,0,0,0.03571428571,0,0.02380952381,0.04761904762,0.03571428571,0.02380952381,0.130952381,0.09523809524,0.09523809524,0.08333333333,0.08333333333,0.05952380952,0.05952380952,0.1547619048,0.08333333333,0.04761904762,0.0119047619,0.0119047619,0,0.0119047619,0,0,0,0.0119047619,0,0.0119047619,0.0119047619,0.02380952381,0.09523809524,0.1071428571,0.0119047619,0.04761904762,0.09523809524,0.02380952381,0,0.02380952381,0.0119047619,0,0.119047619,0.03571428571,0.02380952381,0.04761904762,0.2023809524,0.0119047619,0.03571428571,0,0,0,0,0,0,0.0119047619,0,0,0,0,0,0,0,0,0,0,0
ゆのくに天祥,577,52,55,-0.05454545455,12,5,4.571962617,4.269230769,4.626838235,4.480769231,4.621478873,4.480769231,8.748700173,353,50,0.5251299827,35,3,0.6153846154,0.01039861352,0.1715771231,0.2322357019,0.1854419411,0.1906412478,0.164644714,0.04159445407,0.003466204506,0,0,0.4003466205,0.5875216638,0.6533795494,0.2634315425,0.04852686308,0.02772963605,0.006932409012,0.01213171577,0.07972270364,0.0883882149,0.2512998267,0.06932409012,0.003466204506,0.1611785095,0.03292894281,0.1698440208,0.003466204506,0,0,0.6031195841,0.7885615251,0.6256499133,0.02772963605,0,0,0,0.01906412478,0,0,0,0,0,0,0.01386481802,0,0.03986135182,0.01039861352,0.02426343154,0.06065857886,0.1057192374,0.136915078,0.1317157712,0.09012131716,0.09532062392,0.06932409012,0.05199306759,0.1143847487,0.05199306759,0.05719237435,0.01559792028,0.001733102253,0.003466204506,0,0,0.005199306759,0.005199306759,0.01213171577,0.003466204506,0.01039861352,0.04506065858,0.03466204506,0.1317157712,0.05372616984,0.01906412478,0.06239168111,0.05372616984,0.02253032929,0,0.01386481802,0.06239168111,0.006932409012,0.0883882149,0.01386481802,0.03812824957,0.03639514731,0.1265164645,0.04852686308,0.01906412478,0.01213171577,0,0,0.006932409012,0.008665511265,0,0.003466204506,0.005199306759,0.003466204506,0,0.01213171577,0,0.003466204506,0.001733102253,0.001733102253,0.005199306759,0.001733102253,0
変なホテル　小松駅前,90,2,1,1,70,95,4.405063291,4.5,4.512820513,5,4.364864865,5,8.411111111,46,9,0.4111111111,1,0,0.5,0,0.03333333333,0.2,0.3666666667,0.2666666667,0.1111111111,0.01111111111,0.01111111111,0,0,0.8111111111,0.1555555556,0.5555555556,0.1666666667,0.08888888889,0.1888888889,0,0.4,0.05555555556,0.05555555556,0.1,0.01111111111,0,0.02222222222,0.2111111111,0.05555555556,0.01111111111,0,0,0.1111111111,0.04444444444,0.1666666667,0.01111111111,0,0,0,0.04444444444,0,0,0,0,0,0,0,0,0.5222222222,0.01111111111,0.01111111111,0.02222222222,0.04444444444,0.06666666667,0.1777777778,0.1,0.05555555556,0.1,0.08888888889,0.1555555556,0.1222222222,0.04444444444,0.02222222222,0,0.01111111111,0.01111111111,0,0,0.01111111111,0.02222222222,0.04444444444,0,0.05555555556,0.03333333333,0.08888888889,0.08888888889,0.01111111111,0.05555555556,0.05555555556,0.05555555556,0,0.01111111111,0.01111111111,0.04444444444,0.04444444444,0,0,0.1,0.05555555556,0.06666666667,0.01111111111,0,0,0.01111111111,0,0.03333333333,0.01111111111,0,0,0,0,0.02222222222,0,0,0,0.01111111111,0,0,0
昭和湯治の宿 緑華苑,48,0,5,-1,99,128,4.477272727,,4.488888889,,4.395348837,,7.854166667,17,10,0.1458333333,0,0,,0,0.04166666667,0.2291666667,0.1875,0.2708333333,0.2291666667,0.02083333333,0.02083333333,0,0,0.5416666667,0.4375,0.4166666667,0.2291666667,0.1041666667,0,0.25,0.2083333333,0.1041666667,0.02083333333,0.3125,0,0,0.08333333333,0,0.1666666667,0,0,0,0.3333333333,0.8125,0.4375,0.08333333333,0,0,0,0.08333333333,0,0,0,0,0,0,0.02083333333,0,0.04166666667,0.02083333333,0,0.125,0.08333333333,0.125,0.04166666667,0.1666666667,0.1041666667,0.0625,0.0625,0.08333333333,0.04166666667,0.08333333333,0,0,0,0,0,0,0,0.04166666667,0.02083333333,0.04166666667,0,0,0.02083333333,0,0.04166666667,0.08333333333,0.1875,0.08333333333,0,0.08333333333,0,0.08333333333,0.08333333333,0,0.08333333333,0,0.125,0,0,0.02083333333,0,0,0,0,0,0,0,0,0,0,0,0,0,0,0,0,0
温泉めい想倶楽部　富士屋旅館,82,0,0,,78,129,4.366666667,,4.266666667,,4.533333333,,7.353658537,25,26,-0.01219512195,0,0,,0.01219512195,0.1219512195,0.3292682927,0.1463414634,0.2195121951,0.1097560976,0.03658536585,0.0243902439,0,0,0.4268292683,0.5731707317,0.6341463415,0.2804878049,0.06097560976,0.0243902439,0,0.0243902439,0.1829268293,0.09756097561,0.3170731707,0.0487804878,0,0.1219512195,0,0.1341463415,0.0243902439,0,0,0.5731707317,0.8414634146,0.6951219512,0.07317073171,0,0,0,0,0,0,0,0,0,0,0.01219512195,0,0,0.0243902439,0.0243902439,0.0487804878,0.09756097561,0.1707317073,0.1707317073,0.09756097561,0.06097560976,0.06097560976,0.1097560976,0.07317073171,0.0243902439,0.03658536585,0,0,0,0,0,0,0,0,0,0.01219512195,0.0487804878,0.06097560976,0.1097560976,0.03658536585,0,0.03658536585,0.1707317073,0.03658536585,0.01219512195,0.0243902439,0.06097560976,0.01219512195,0.08536585366,0.03658536585,0.01219512195,0.0243902439,0.1097560976,0.07317073171,0,0,0,0.01219512195,0.01219512195,0,0,0,0.01219512195,0,0,0,0,0,0,0,0,0,0
ウェルネスハウスSARAI,40,4,8,-0.5,117,73,4.621621622,4.5,4.567567568,3.25,4.52173913,4.25,8.9,25,1,0.6,2,0,0.5,0,0.1,0.1,0.225,0.2,0.325,0.05,0,0,0,0.525,0.475,0.4,0.125,0,0.175,0.3,0.1,0.175,0.125,0.275,0.025,0,0.1,0,0.125,0,0,0,0.375,0.4,0.35,0.05,0,0,0,0.025,0,0,0,0,0,0,0.175,0,0.025,0.025,0.05,0.1,0.15,0.175,0.125,0.025,0.075,0.075,0.05,0.075,0.025,0.05,0,0,0,0,0,0,0.05,0,0,0,0,0.025,0.075,0.025,0,0.175,0.375,0.025,0,0,0,0.025,0.025,0.05,0,0,0.05,0,0.025,0,0,0,0,0,0.025,0,0,0,0,0.05,0,0,0,0,0,0,0
北陸自動車道　尼御前ＳＡ（上り）,33,3,7,-0.5714285714,135,83,4.464285714,3,4.555555556,1.666666667,4.606060606,4.666666667,8.424242424,17,2,0.4545454545,1,0,0.3333333333,0,0.1515151515,0.303030303,0.09090909091,0.3333333333,0.09090909091,0.0303030303,0,0,0,0.3333333333,0.6666666667,0.3636363636,0.3333333333,0.1212121212,0,0.1818181818,0.1212121212,0,0.0303030303,0.4242424242,0.0303030303,0,0.1515151515,0,0.1515151515,0,0,0,0.1212121212,0.3636363636,0.4848484848,0.0303030303,0,0,0,0.0303030303,0,0,0,0,0,0,0.09090909091,0,0.0303030303,0.0303030303,0,0.06060606061,0,0.1515151515,0.1212121212,0.06060606061,0.1515151515,0.09090909091,0.1212121212,0.09090909091,0.06060606061,0.06060606061,0,0,0,0,0,0,0,0,0,0,0.1212121212,0,0.09090909091,0,0.06060606061,0.06060606061,0.0303030303,0.09090909091,0,0,0,0,0.0303030303,0.06060606061,0.0303030303,0,0.2424242424,0,0.0303030303,0,0.0303030303,0,0,0,0.06060606061,0,0,0,0,0.0303030303,0,0,0,0,0,0.0303030303,0
北陸自動車道　尼御前ＳＡ（下り）,100,7,10,-0.3,64,53,4.409638554,3.857142857,4.469879518,4,4.573033708,4.571428571,8.17,44,13,0.31,4,0,0.5714285714,0.02,0.1,0.21,0.23,0.25,0.18,0.01,0,0,0,0.3,0.69,0.39,0.23,0.1,0.12,0.16,0.07,0.05,0.07,0.27,0.01,0,0.17,0.02,0.17,0.03,0,0,0.13,0.24,0.53,0.02,0,0,0,0.05,0,0,0,0,0,0,0.12,0,0.03,0.01,0.03,0.04,0.15,0.16,0.1,0.1,0.06,0.06,0.07,0.14,0.04,0.04,0.01,0,0,0,0,0,0,0.01,0,0.01,0.02,0.01,0.03,0.03,0.02,0.13,0.02,0.07,0,0,0,0.05,0.13,0.04,0.07,0.08,0.16,0.05,0.02,0.01,0,0,0.01,0,0,0,0.01,0.01,0,0,0,0,0,0,0,0,0
道の駅しらやまさん,30,2,5,-0.6,142,96,3.913043478,2,4.238095238,2,4.517241379,4,6.9,7,13,-0.2,0,1,-0.5,0.03333333333,0.1,0.1666666667,0.2333333333,0.2666666667,0.1666666667,0.03333333333,0,0,0,0.4666666667,0.5333333333,0.2,0.06666666667,0.1333333333,0.1,0.5,0.1333333333,0.1333333333,0,0.4333333333,0,0,0.1333333333,0,0.1,0,0,0,0.1333333333,0.4,0.4333333333,0.2,0,0,0,0.03333333333,0,0,0,0,0,0,0.1666666667,0,0,0.06666666667,0,0.03333333333,0.2,0.1,0.1666666667,0.1,0.03333333333,0.06666666667,0.03333333333,0.03333333333,0.06666666667,0.1,0,0.03333333333,0,0,0,0,0,0,0,0,0,0.1333333333,0.03333333333,0,0.03333333333,0.1,0.4333333333,0.1,0,0.03333333333,0,0,0.03333333333,0,0.03333333333,0,0,0,0,0,0,0,0,0.03333333333,0,0,0,0,0,0,0,0,0,0,0,0,0
白峰温泉総湯,107,3,2,0.5,60,84,4.529411765,5,4.509803922,4.666666667,4.475247525,5,8.76635514,63,7,0.523364486,2,0,0.6666666667,0.009345794393,0.06542056075,0.1682242991,0.1962616822,0.3457943925,0.1962616822,0.01869158879,0,0,0,0.5327102804,0.4579439252,0.2056074766,0.1028037383,0.01869158879,0.03738317757,0.6355140187,0.1682242991,0.04672897196,0.1869158879,0.3271028037,0.01869158879,0,0.04672897196,0.009345794393,0.08411214953,0,0,0,0.09345794393,0.7570093458,0.3177570093,0.03738317757,0,0,0,0.009345794393,0,0,0,0,0,0,0.09345794393,0,0.02803738318,0.04672897196,0.01869158879,0.06542056075,0.1308411215,0.1121495327,0.1121495327,0.06542056075,0.1028037383,0.1401869159,0.02803738318,0.1214953271,0.01869158879,0.03738317757,0.009345794393,0,0,0,0,0,0,0.009345794393,0,0.009345794393,0,0.009345794393,0.05607476636,0.01869158879,0.009345794393,0.009345794393,0.308411215,0.2710280374,0,0.009345794393,0.02803738318,0.009345794393,0.07476635514,0,0.02803738318,0,0.07476635514,0.02803738318,0.01869158879,0,0,0,0,0,0,0,0,0,0,0.009345794393,0,0,0,0,0,0.009345794393,0
大江戸温泉物語Premium よしのや依緑園,137,9,8,0.125,50,46,4.482758621,3.555555556,4.421487603,3.777777778,4.5,3.888888889,8.167883212,71,22,0.3576642336,4,4,0,0.007299270073,0.0802919708,0.09489051095,0.1313868613,0.3795620438,0.2116788321,0.08759124088,0.007299270073,0,0,0.4452554745,0.5255474453,0.8175182482,0.1386861314,0.02189781022,0.01459854015,0.007299270073,0.1678832117,0.02919708029,0.05839416058,0.3503649635,0.01459854015,0.007299270073,0.1167883212,0.007299270073,0.1167883212,0.03649635036,0,0,0.700729927,0.8102189781,0.5109489051,0.05109489051,0,0,0,0.007299270073,0,0,0,0,0,0,0.02919708029,0,0,0.01459854015,0.05839416058,0.06569343066,0.1240875912,0.07299270073,0.1240875912,0.08759124088,0.1313868613,0.0802919708,0.06569343066,0.07299270073,0.05109489051,0.05109489051,0.007299270073,0,0,0,0,0,0.007299270073,0,0.01459854015,0,0.01459854015,0,0.01459854015,0.01459854015,0,0.07299270073,0.1313868613,0.102189781,0,0.007299270073,0.1167883212,0.007299270073,0.0802919708,0.02189781022,0.03649635036,0.01459854015,0.2262773723,0.03649635036,0.03649635036,0.007299270073,0,0,0,0,0,0,0,0.007299270073,0,0.01459854015,0,0,0,0,0,0,0.007299270073
山中温泉総湯（菊の湯）,43,3,3,0,109,85,4.358974359,3.333333333,4.384615385,3.333333333,4.512195122,4.666666667,8.186046512,20,7,0.3023255814,2,1,0.3333333333,0.02325581395,0.09302325581,0.2558139535,0.1627906977,0.3023255814,0.06976744186,0.06976744186,0.02325581395,0,0,0.3255813953,0.6744186047,0.3720930233,0.1627906977,0.06976744186,0.1162790698,0.2790697674,0.3023255814,0.06976744186,0.09302325581,0.1860465116,0,0,0.1162790698,0,0.1162790698,0,0,0,0.3488372093,0.8372093023,0.6279069767,0,0,0,0,0.06976744186,0,0,0,0,0,0,0.06976744186,0,0,0.04651162791,0,0.06976744186,0.04651162791,0.1860465116,0.1162790698,0.1627906977,0.04651162791,0.04651162791,0.06976744186,0.09302325581,0.02325581395,0.09302325581,0,0,0,0,0,0,0,0,0,0,0.02325581395,0.04651162791,0.1395348837,0.06976744186,0,0.04651162791,0.1162790698,0.1162790698,0,0.02325581395,0.02325581395,0.02325581395,0.04651162791,0,0.06976744186,0.02325581395,0.1162790698,0.04651162791,0.04651162791,0,0,0,0,0,0.02325581395,0,0,0,0,0,0,0,0,0,0,0,0
片山津温泉　総湯,46,2,0,,104,97,4.341463415,4.5,4.418604651,5,4.511111111,5,7.956521739,19,7,0.2608695652,2,0,1,0,0.0652173913,0.1739130435,0.1739130435,0.3913043478,0.1956521739,0,0,0,0,0.4782608696,0.5217391304,0.2826086957,0.1956521739,0.0652173913,0.08695652174,0.3695652174,0.1739130435,0,0.08695652174,0.4565217391,0,0,0.1086956522,0,0.04347826087,0,0,0,0.2391304348,0.7826086957,0.4782608696,0.1086956522,0,0,0,0,0,0,0,0,0,0,0.0652173913,0,0,0,0.02173913043,0.0652173913,0.1304347826,0.02173913043,0.08695652174,0.08695652174,0.02173913043,0.152173913,0.152173913,0.1086956522,0.1086956522,0.04347826087,0.02173913043,0,0,0,0,0,0,0,0.02173913043,0,0.0652173913,0,0.2173913043,0.08695652174,0,0.08695652174,0.1739130435,0.04347826087,0,0,0.02173913043,0,0.04347826087,0.02173913043,0.04347826087,0.02173913043,0.0652173913,0,0.02173913043,0,0,0,0.02173913043,0,0,0,0.02173913043,0,0,0,0,0,0,0,0,0,0
月うさぎの里,247,11,21,-0.4761904762,27,39,4.484162896,3.818181818,4.484018265,3.909090909,4.489361702,3.909090909,7.927125506,95,47,0.1943319838,3,3,0,0.03238866397,0.1376518219,0.3481781377,0.2469635628,0.1336032389,0.07692307692,0.01619433198,0.008097165992,0,0,0.4331983806,0.5627530364,0.5344129555,0.1052631579,0.05668016194,0.03238866397,0.2712550607,0.03238866397,0.08502024291,0.05263157895,0.1659919028,0.04048582996,0,0.04858299595,0,0.4453441296,0.01214574899,0,0,0.3724696356,0.4817813765,0.5020242915,0.04453441296,0,0,0,0.02024291498,0,0,0,0,0,0,0.03643724696,0,0.01214574899,0.03643724696,0.02834008097,0.07287449393,0.08906882591,0.1012145749,0.1781376518,0.0971659919,0.08906882591,0.07287449393,0.08502024291,0.1012145749,0.01619433198,0.03238866397,0,0,0,0,0.004048582996,0,0,0,0,0.004048582996,0,0,0.05263157895,0.02429149798,0.01619433198,0.07287449393,0.1781376518,0.0971659919,0,0.02024291498,0.05668016194,0.004048582996,0.1619433198,0.01619433198,0.02834008097,0.03238866397,0.1214574899,0.04453441296,0.02429149798,0,0.008097165992,0,0.008097165992,0.01214574899,0,0.004048582996,0,0.004048582996,0,0,0,0,0,0,0,0.004048582996,0
かがにこにこパーク,103,4,6,-0.3333333333,62,74,4.635416667,4.25,4.625,4.25,4.564356436,4.75,8.563106796,63,12,0.4951456311,4,0,1,0.009708737864,0.04854368932,0.4466019417,0.359223301,0.02912621359,0.09708737864,0.009708737864,0,0,0,0.4757281553,0.5048543689,0.2912621359,0.05825242718,0.02912621359,0.07766990291,0.5436893204,0,0,0.009708737864,0.01941747573,0,0,0,0,0.9611650485,0,0,0,0.2524271845,0.3106796117,0.2621359223,0.02912621359,0,0,0,0.01941747573,0,0,0,0,0,0,0.02912621359,0,0.009708737864,0.009708737864,0.009708737864,0.02912621359,0.05825242718,0.1067961165,0.1262135922,0.08737864078,0.1747572816,0.1262135922,0.06796116505,0.1262135922,0.02912621359,0.04854368932,0,0,0,0,0,0,0,0,0,0,0.03883495146,0,0.04854368932,0.01941747573,0.01941747573,0.1067961165,0.3106796117,0.2815533981,0,0.009708737864,0.009708737864,0,0.05825242718,0,0.03883495146,0.009708737864,0.009708737864,0.01941747573,0.009708737864,0,0,0,0,0,0.009708737864,0,0,0,0,0,0,0,0,0,0,0,0
山代温泉　総湯,229,13,19,-0.3157894737,30,34,4.47826087,4.538461538,4.5,4.230769231,4.577272727,4.615384615,8.222707424,103,29,0.3231441048,8,1,0.5384615385,0.01746724891,0.1615720524,0.2052401747,0.1877729258,0.2532751092,0.1222707424,0.0480349345,0.004366812227,0,0,0.3973799127,0.5982532751,0.3973799127,0.2532751092,0.07860262009,0.096069869,0.1746724891,0.1222707424,0.1266375546,0.135371179,0.2532751092,0.008733624454,0,0.08733624454,0.02183406114,0.1266375546,0,0,0,0.3930131004,0.7379912664,0.6331877729,0.07860262009,0,0,0,0.03493449782,0,0,0,0,0,0,0.04366812227,0,0.02620087336,0.0480349345,0.03493449782,0.08296943231,0.08733624454,0.1266375546,0.1222707424,0.06113537118,0.096069869,0.08296943231,0.05240174672,0.1091703057,0.03493449782,0.06113537118,0.008733624454,0,0,0.01310043668,0,0.008733624454,0,0.008733624454,0,0,0.03930131004,0.03056768559,0.1048034934,0.096069869,0.008733624454,0.0480349345,0.08733624454,0.05240174672,0,0.01310043668,0.0480349345,0.004366812227,0.1135371179,0.02620087336,0.03056768559,0.06113537118,0.06550218341,0.03930131004,0,0.004366812227,0.008733624454,0.01310043668,0.01310043668,0,0,0,0,0.01746724891,0,0.02620087336,0,0,0,0,0,0.004366812227,0.004366812227
法師旅館,337,1,12,-0.9166666667,19,105,4.495016611,5,4.45631068,5,4.480243161,5,8.142433234,155,50,0.3115727003,1,0,1,0.005934718101,0.1275964392,0.175074184,0.1543026706,0.2106824926,0.2551928783,0.07121661721,0,0,0,0.3798219585,0.5994065282,0.5964391691,0.2225519288,0.08605341246,0.08605341246,0.008902077151,0.03560830861,0.08605341246,0.08011869436,0.4421364985,0.008902077151,0.008902077151,0.1127596439,0.0118694362,0.09792284866,0.00296735905,0,0,0.6557863501,0.8041543027,0.5667655786,0.08011869436,0,0,0,0.0178041543,0,0,0,0,0,0,0.03560830861,0,0.005934718101,0.03264094955,0.05044510386,0.08308605341,0.08605341246,0.1008902077,0.1038575668,0.08308605341,0.1097922849,0.06231454006,0.07715133531,0.09198813056,0.03857566766,0.08011869436,0.008902077151,0.005934718101,0,0.00296735905,0,0.00296735905,0.00296735905,0.00296735905,0.005934718101,0.005934718101,0.02077151335,0.02670623145,0.115727003,0.06231454006,0.005934718101,0.1068249258,0.07121661721,0.05934718101,0,0,0.04154302671,0.02077151335,0.1246290801,0.008902077151,0.0237388724,0.04451038576,0.09198813056,0.07418397626,0.0178041543,0.00296735905,0.00296735905,0,0.0118694362,0.008902077151,0.00296735905,0,0.00296735905,0,0.00296735905,0,0,0.005934718101,0,0,0,0,0.00296735905
道の駅「こまつ木場潟」,52,5,2,1.5,97,63,4.487804878,2.4,4.58974359,1.6,4.531914894,3.2,7.923076923,21,13,0.1538461538,1,2,-0.2,0,0.1730769231,0.1730769231,0.2115384615,0.2307692308,0.1923076923,0.01923076923,0,0,0,0.3846153846,0.5961538462,0.3461538462,0.2115384615,0.03846153846,0.05769230769,0.3461538462,0.07692307692,0.03846153846,0.03846153846,0.4038461538,0.01923076923,0,0.1923076923,0,0.1346153846,0,0,0,0.2884615385,0.4807692308,0.5961538462,0.1153846154,0,0,0,0.07692307692,0,0,0,0,0,0,0.09615384615,0,0.01923076923,0.03846153846,0.03846153846,0.1346153846,0.07692307692,0.09615384615,0.05769230769,0.09615384615,0.03846153846,0.07692307692,0.1538461538,0.1153846154,0.03846153846,0.03846153846,0,0,0,0,0.01923076923,0,0,0,0,0,0.01923076923,0.01923076923,0.05769230769,0.01923076923,0,0.05769230769,0.1923076923,0.1538461538,0,0.01923076923,0.03846153846,0,0.2115384615,0,0,0.01923076923,0.09615384615,0.05769230769,0,0,0,0,0.01923076923,0,0,0,0,0,0,0,0,0,0,0,0,0,0
ポイントバケーション加賀山中,407,16,12,0.3333333333,18,26,4.376731302,4.125,4.386740331,4.1875,4.425316456,4.4375,7.928746929,157,67,0.2211302211,7,2,0.3125,0.007371007371,0.02211302211,0.04422604423,0.04422604423,0.2088452088,0.4864864865,0.1818181818,0.004914004914,0,0,0.5356265356,0.457002457,0.2628992629,0.3783783784,0.199017199,0.1572481572,0.002457002457,0.01474201474,0.004914004914,0.0515970516,0.601965602,0,0.004914004914,0.08108108108,0.002457002457,0.09090909091,0.009828009828,0,0,0.5331695332,0.7813267813,0.6093366093,0.1253071253,0,0,0,0.02457002457,0,0,0,0,0,0,0.05651105651,0,0.002457002457,0.03194103194,0.02211302211,0.08845208845,0.08845208845,0.1597051597,0.1105651106,0.08353808354,0.08108108108,0.06388206388,0.07862407862,0.1105651106,0.0515970516,0.02948402948,0.004914004914,0,0,0,0,0,0,0.007371007371,0,0.009828009828,0.02702702703,0.02702702703,0.07616707617,0.06388206388,0.002457002457,0.01965601966,0.02211302211,0.0171990172,0.009828009828,0.0171990172,0.0343980344,0.0171990172,0.1203931204,0.04422604423,0.05405405405,0.07371007371,0.1941031941,0.09828009828,0.02457002457,0.002457002457,0,0,0.01228501229,0.01474201474,0,0,0,0.002457002457,0,0,0,0,0.002457002457,0,0,0,0
湯快リゾート 縁起の宿 矢田屋松濤園,33,0,0,,136,130,4.606060606,,4.5625,,4.575757576,,9.03030303,21,0,0.6363636364,0,0,,0,0.09090909091,0.1212121212,0.1818181818,0.3939393939,0.2121212121,0,0,0,0,0.4242424242,0.5757575758,0.6666666667,0.303030303,0.0303030303,0,0,0.0303030303,0,0,0.3939393939,0,0,0.3333333333,0,0.06060606061,0,0,0,0.7575757576,0.7272727273,0.6363636364,0.09090909091,0,0,0,0.06060606061,0,0,0,0,0,0,0,0,0,0,0,0,0.1515151515,0.0303030303,0.09090909091,0.2424242424,0.1212121212,0.1212121212,0.0303030303,0.1515151515,0.0303030303,0.0303030303,0,0,0,0.0303030303,0,0,0,0,0,0,0,0,0.06060606061,0.0303030303,0.0303030303,0.09090909091,0.0303030303,0.0303030303,0,0,0,0,0.2424242424,0,0,0,0.303030303,0.09090909091,0.0303030303,0.0303030303,0,0,0,0,0,0,0,0,0,0,0,0,0,0,0,0,0
スーパーホテル石川・能美根上スマートインター,34,0,0,,133,131,4.7,,4.625,,4.515151515,,8.235294118,18,6,0.3529411765,0,0,,0.02941176471,0,0.1176470588,0.1764705882,0.5,0.1176470588,0,0.05882352941,0,0,0.4411764706,0.5588235294,0.4705882353,0.2941176471,0.08823529412,0.1470588235,0,0.2058823529,0.08823529412,0,0.2647058824,0,0,0.1176470588,0.08823529412,0.08823529412,0,0,0,0.1470588235,0.1764705882,0.2352941176,0,0,0,0,0.02941176471,0,0,0,0,0,0,0.08823529412,0,0.3235294118,0,0.08823529412,0.02941176471,0.02941176471,0.2352941176,0.1470588235,0.1470588235,0.02941176471,0.1176470588,0.02941176471,0.05882352941,0.02941176471,0.05882352941,0,0,0,0,0,0,0,0,0.05882352941,0,0.02941176471,0.05882352941,0,0.05882352941,0,0,0.08823529412,0,0,0.02941176471,0.02941176471,0.05882352941,0.1764705882,0,0.08823529412,0.05882352941,0.1470588235,0.08823529412,0,0,0,0,0,0,0,0.02941176471,0,0,0,0,0,0,0,0,0,0,0
お花見久兵衛,37,0,0,,126,132,4.411764706,,4.470588235,,4.444444444,,7.972972973,19,8,0.2972972973,0,0,,0,0.1081081081,0.2432432432,0.1621621622,0.2162162162,0.1621621622,0.1081081081,0,0,0,0.3513513514,0.6486486486,0.5945945946,0.2162162162,0.1351351351,0,0.05405405405,0.05405405405,0.1081081081,0.1081081081,0.1891891892,0,0,0.1891891892,0,0.2972972973,0.02702702703,0,0,0.6756756757,0.8378378378,0.5945945946,0.1891891892,0,0,0,0,0,0,0,0,0,0,0,0,0,0,0.02702702703,0.05405405405,0.1351351351,0.1081081081,0.2432432432,0.08108108108,0.02702702703,0.1081081081,0.02702702703,0.1351351351,0.02702702703,0.02702702703,0,0,0,0.02702702703,0,0,0,0,0,0,0,0.05405405405,0.08108108108,0.02702702703,0,0.2432432432,0.05405405405,0.1081081081,0,0,0.02702702703,0.02702702703,0.1081081081,0,0.08108108108,0.05405405405,0.05405405405,0.02702702703,0,0,0,0.02702702703,0,0,0,0,0,0,0,0,0,0,0,0,0,0,0
能美ふるさとミュージアム,31,1,5,-0.8,140,106,4.5,0,4.464285714,0,4.586206897,4,7.580645161,11,9,0.06451612903,0,0,0,0.03225806452,0.06451612903,0.2258064516,0.1935483871,0.2580645161,0.1612903226,0.06451612903,0,0,0,0.2903225806,0.7096774194,0.1290322581,0.1612903226,0.06451612903,0.03225806452,0.6129032258,0.1935483871,0,0.09677419355,0.2258064516,0,0.03225806452,0.1612903226,0,0.2580645161,0,0,0,0.09677419355,0.1612903226,0.3225806452,0.09677419355,0,0,0,0.2903225806,0,0,0,0,0,0,0.09677419355,0,0,0.06451612903,0.06451612903,0.06451612903,0.1935483871,0,0.2258064516,0.09677419355,0.1612903226,0,0,0.03225806452,0.03225806452,0.06451612903,0,0,0,0,0,0,0,0,0,0,0.03225806452,0,0.1290322581,0.03225806452,0,0.09677419355,0.5483870968,0.06451612903,0,0,0,0,0,0,0.03225806452,0,0.06451612903,0,0,0,0,0,0,0,0,0,0,0,0,0,0,0,0,0,0,0,0
リブマックスリゾート加賀山代,36,0,0,,128,133,4.363636364,,4.3,,4.411764706,,7.75,13,9,0.1111111111,0,0,,0,0.05555555556,0.02777777778,0.1388888889,0.3055555556,0.3333333333,0.1388888889,0,0,0,0.4166666667,0.5833333333,0.6944444444,0.1944444444,0.05555555556,0.02777777778,0.02777777778,0.1111111111,0.1111111111,0.05555555556,0.4166666667,0,0,0.08333333333,0,0.05555555556,0,0,0,0.6111111111,0.6666666667,0.4722222222,0.1111111111,0,0,0,0.02777777778,0,0,0,0,0,0,0.02777777778,0,0.05555555556,0.05555555556,0.05555555556,0.1666666667,0.1666666667,0.1666666667,0.1111111111,0.08333333333,0.05555555556,0.02777777778,0.05555555556,0,0.02777777778,0.02777777778,0,0,0,0,0,0,0,0.02777777778,0,0,0,0,0.02777777778,0,0,0.05555555556,0.2222222222,0.1111111111,0,0,0.02777777778,0,0.2222222222,0.02777777778,0.1111111111,0,0.1388888889,0,0,0,0,0,0.02777777778,0,0,0,0,0,0,0,0,0,0,0,0,0,0
加賀市観光情報センター　KAGA旅・まちネット,112,0,0,,57,134,4.285714286,,4.280487805,,4.504504505,,7.473214286,40,34,0.05357142857,0,0,,0,0.1160714286,0.2321428571,0.1964285714,0.2410714286,0.125,0.08928571429,0,0,0,0.3125,0.6696428571,0.4464285714,0.3571428571,0.08035714286,0.07142857143,0.04464285714,0.1428571429,0.1607142857,0.08928571429,0.2767857143,0,0,0.1428571429,0.008928571429,0.08035714286,0,0,0,0.6160714286,0.7410714286,0.6607142857,0.09821428571,0,0,0,0.03571428571,0,0,0,0,0,0,0.01785714286,0,0.01785714286,0.03571428571,0.008928571429,0.08928571429,0.1696428571,0.1160714286,0.1160714286,0.05357142857,0.08928571429,0.03571428571,0.02678571429,0.07142857143,0.08035714286,0.1071428571,0,0.01785714286,0,0,0,0,0,0.02678571429,0.008928571429,0,0.02678571429,0.02678571429,0.2232142857,0.05357142857,0,0.04464285714,0.05357142857,0.03571428571,0,0.01785714286,0.01785714286,0.008928571429,0.07142857143,0.03571428571,0.02678571429,0.02678571429,0.125,0.07142857143,0.02678571429,0,0,0,0.01785714286,0,0.008928571429,0,0.008928571429,0,0,0,0.008928571429,0.008928571429,0,0,0,0,0
加賀の宿宝生亭,94,18,20,-0.1,67,24,4.482758621,4.055555556,4.465116279,3.777777778,4.477777778,4.111111111,8.414893617,47,8,0.414893617,8,2,0.3333333333,0,0.2021276596,0.5,0.1063829787,0.1063829787,0.06382978723,0.02127659574,0,0,0,0.5,0.4893617021,0.8510638298,0.04255319149,0.07446808511,0.03191489362,0,0.03191489362,0,0.04255319149,0.08510638298,0,0,0.02127659574,0.03191489362,0.7446808511,0.01063829787,0,0,0.7127659574,0.6808510638,0.3723404255,0.03191489362,0,0,0,0.03191489362,0,0,0,0,0,0,0,0,0.01063829787,0.02127659574,0.01063829787,0.03191489362,0.04255319149,0.07446808511,0.1489361702,0.1914893617,0.170212766,0.1170212766,0.09574468085,0.05319148936,0.01063829787,0.03191489362,0.03191489362,0,0,0.01063829787,0,0,0,0,0,0.01063829787,0.01063829787,0,0.04255319149,0.02127659574,0.01063829787,0.1489361702,0.2021276596,0.170212766,0,0.01063829787,0.04255319149,0,0.1063829787,0,0.03191489362,0.02127659574,0.07446808511,0.01063829787,0,0,0,0,0.03191489362,0.01063829787,0,0,0,0,0,0,0,0,0,0,0,0,0
九谷セラミック・ラボラトリー（CERABO KUTANI）,50,0,1,-1,98,135,4.446808511,,4.555555556,,4.659574468,,8.12,22,8,0.28,0,0,,0.04,0.22,0.22,0.22,0.26,0.04,0,0,0,0,0.4,0.56,0.4,0.18,0.08,0.1,0.24,0.04,0.18,0.2,0.18,0.06,0,0.06,0.14,0.06,0,0,0,0.24,0.52,0.56,0.02,0,0,0,0.08,0,0,0,0,0,0,0.04,0,0.06,0.04,0.02,0.1,0.14,0.1,0.08,0.06,0.14,0.04,0.08,0.1,0.02,0.08,0.02,0,0,0,0,0,0,0,0,0,0.02,0.22,0.12,0.08,0,0.02,0.2,0.08,0,0,0,0,0.04,0,0.06,0.04,0.04,0,0,0,0,0,0.04,0,0,0,0,0,0,0,0,0,0,0,0,0,0.02
トレインパーク白山,733,43,70,-0.3857142857,9,7,4.531437126,4.093023256,4.544117647,4.069767442,4.547925608,4.395348837,8.312414734,350,87,0.3587994543,22,4,0.4186046512,0.008185538881,0.09276944065,0.3833560709,0.2714870396,0.1691678035,0.05866302865,0.01637107776,0,0,0,0.4706684857,0.5115961801,0.238744884,0.2060027285,0.08867667121,0.102319236,0.3642564802,0.09413369714,0.03683492497,0.03819918145,0.08321964529,0.006821282401,0,0.03956343793,0.004092769441,0.6207366985,0,0,0,0.1255115962,0.1623465211,0.3547066849,0.0272851296,0,0,0,0.04911323329,0,0,0,0,0,0,0.05457025921,0,0.01773533424,0.03274215553,0.02592087312,0.04229195089,0.09004092769,0.1241473397,0.1309686221,0.1077762619,0.08731241473,0.09549795362,0.07776261937,0.09276944065,0.04502046385,0.04774897681,0.00272851296,0,0,0.008185538881,0.00136425648,0.00272851296,0.00136425648,0.006821282401,0.008185538881,0.00272851296,0.03001364256,0.0204638472,0.1132332879,0.04502046385,0.009549795362,0.1268758527,0.1923601637,0.07230559345,0,0.01227830832,0.03410641201,0.009549795362,0.08594815825,0.006821282401,0.01909959072,0.0272851296,0.06684856753,0.04229195089,0.008185538881,0.006821282401,0,0.00272851296,0.004092769441,0.006821282401,0.00272851296,0.00136425648,0,0,0.005457025921,0.008185538881,0.00136425648,0,0.00272851296,0.00136425648,0,0,0
和餐　伸,33,1,0,,137,107,4.75,5,4.75,5,4.727272727,5,8.575757576,22,4,0.5454545455,1,0,1,0,0.1818181818,0.09090909091,0.1212121212,0.1818181818,0.3333333333,0.09090909091,0,0,0,0.5151515152,0.4848484848,0.2121212121,0.1515151515,0,0.06060606061,0.5757575758,0.06060606061,0.0303030303,0.2727272727,0.4242424242,0,0.0303030303,0.1212121212,0.0303030303,0.0303030303,0,0,0,0.09090909091,0.09090909091,0.7272727273,0.0303030303,0,0,0,0,0,0,0,0,0,0,0.06060606061,0,0,0,0.0303030303,0.0303030303,0,0.09090909091,0.2424242424,0.09090909091,0.06060606061,0.0303030303,0.0303030303,0.2121212121,0.1212121212,0.06060606061,0,0,0,0,0,0,0,0,0,0,0.0303030303,0,0.09090909091,0.06060606061,0,0.09090909091,0.4848484848,0.06060606061,0,0,0,0,0,0,0,0.0303030303,0.1212121212,0.0303030303,0,0,0,0,0,0,0,0,0,0,0,0,0,0,0,0,0,0,0
のとや,81,7,2,2.5,80,54,4.472972973,2.285714286,4.465753425,2.285714286,4.518987342,4.142857143,7.87654321,35,16,0.2345679012,2,1,0.1428571429,0.02469135802,0.08641975309,0.2345679012,0.1358024691,0.3086419753,0.1604938272,0.04938271605,0,0,0,0.3456790123,0.6172839506,0.7283950617,0.2098765432,0.04938271605,0.01234567901,0,0,0.0987654321,0.06172839506,0.3827160494,0.07407407407,0,0.1358024691,0.01234567901,0.1481481481,0,0,0,0.6666666667,0.8395061728,0.6666666667,0.08641975309,0,0,0,0.03703703704,0,0,0,0,0,0,0.01234567901,0,0.02469135802,0.03703703704,0.03703703704,0.1111111111,0.1358024691,0.08641975309,0.03703703704,0.08641975309,0.01234567901,0.03703703704,0.1111111111,0.1111111111,0.08641975309,0.1111111111,0,0,0,0,0.01234567901,0,0,0,0,0.02469135802,0,0.02469135802,0.06172839506,0.02469135802,0.04938271605,0.07407407407,0.2716049383,0.03703703704,0,0,0.02469135802,0.01234567901,0.1234567901,0.02469135802,0.01234567901,0.03703703704,0.0987654321,0.03703703704,0,0,0,0,0.01234567901,0.02469135802,0,0,0,0,0,0.01234567901,0,0,0,0,0,0,0
小松カントリークラブ,76,5,3,0.6666666667,85,64,4.579710145,3.4,4.623188406,3.6,4.666666667,3.4,8.092105263,36,13,0.3026315789,2,1,0.2,0,0.01315789474,0.1315789474,0.2236842105,0.3684210526,0.2368421053,0.01315789474,0.01315789474,0,0,0.75,0.25,0.3157894737,0.06578947368,0.09210526316,0.05263157895,0.4736842105,0.09210526316,0.1184210526,0.3026315789,0.09210526316,0.1184210526,0,0,0.2236842105,0.01315789474,0,0,0,0.1315789474,0.2631578947,0.1578947368,0,0,0,0,0,0,0,0,0,0,0,0.02631578947,0,0.05263157895,0,0.02631578947,0.02631578947,0.03947368421,0.07894736842,0.1184210526,0.1315789474,0.07894736842,0.1315789474,0.1052631579,0.06578947368,0.06578947368,0.1315789474,0,0,0,0,0,0,0,0,0,0,0.01315789474,0.01315789474,0.1052631579,0.02631578947,0,0.09210526316,0.4078947368,0.06578947368,0,0,0.05263157895,0.01315789474,0.03947368421,0.01315789474,0.02631578947,0.03947368421,0.02631578947,0.02631578947,0.02631578947,0,0,0,0,0,0,0,0,0,0,0,0,0,0,0.01315789474,0,0,0
サイエンスヒルズこまつ ひととものづくり科学館,71,11,26,-0.5769230769,86,40,4.578125,4.090909091,4.606060606,4.181818182,4.484848485,4,8.422535211,40,8,0.4507042254,2,1,0.09090909091,0.02816901408,0.07042253521,0.2816901408,0.3661971831,0.1971830986,0.04225352113,0.01408450704,0,0,0,0.323943662,0.661971831,0.1126760563,0.0985915493,0.0985915493,0.01408450704,0.676056338,0.1126760563,0.01408450704,0.08450704225,0.07042253521,0.01408450704,0,0.02816901408,0.05633802817,0.5492957746,0,0,0,0.08450704225,0.0985915493,0.2816901408,0.02816901408,0,0,0,0.1126760563,0,0,0,0,0,0,0.07042253521,0,0.02816901408,0.02816901408,0.05633802817,0.05633802817,0.0985915493,0.07042253521,0.1971830986,0.1126760563,0.1408450704,0.04225352113,0.05633802817,0.08450704225,0.04225352113,0.01408450704,0,0.01408450704,0,0,0,0,0,0,0,0,0.01408450704,0.01408450704,0.04225352113,0.02816901408,0,0.05633802817,0.6478873239,0.04225352113,0,0,0.01408450704,0.04225352113,0,0,0.01408450704,0.01408450704,0.01408450704,0.02816901408,0,0,0,0.01408450704,0,0,0,0,0,0,0,0,0,0,0,0,0,0,0
大江戸温泉物語 山中彩朝楽,143,6,12,-0.5,48,56,4.248,4.666666667,4.28,4.333333333,4.345323741,4.833333333,7.552447552,43,33,0.06993006993,1,1,0,0.006993006993,0.05594405594,0.1118881119,0.1748251748,0.3286713287,0.2447552448,0.07692307692,0,0,0,0.5104895105,0.4825174825,0.7202797203,0.1958041958,0.04195804196,0.02797202797,0.01398601399,0.1398601399,0.08391608392,0.02097902098,0.3916083916,0.01398601399,0,0.07692307692,0.02097902098,0.08391608392,0,0,0,0.6083916084,0.7762237762,0.3496503497,0.08391608392,0,0,0,0.006993006993,0,0,0,0,0,0,0.04895104895,0,0.04195804196,0.02797202797,0.04195804196,0.1118881119,0.1118881119,0.2097902098,0.0979020979,0.1468531469,0.04895104895,0.06293706294,0.03496503497,0.06293706294,0.03496503497,0.006993006993,0,0,0.01398601399,0.006993006993,0,0,0,0,0,0.006993006993,0,0.006993006993,0.01398601399,0.01398601399,0,0.06293706294,0.1468531469,0.08391608392,0,0.02797202797,0.02097902098,0.03496503497,0.1328671329,0.006993006993,0.06293706294,0.06993006993,0.1958041958,0.02797202797,0.01398601399,0.006993006993,0,0,0,0.006993006993,0.006993006993,0.006993006993,0.01398601399,0,0,0.006993006993,0,0,0,0,0,0,0
大江戸温泉物語Premium 山中グランドホテル,297,20,32,-0.375,23,21,4.423357664,3.7,4.413669065,3.65,4.469964664,3.65,7.885521886,119,56,0.2121212121,10,3,0.35,0.02356902357,0.07070707071,0.2525252525,0.1952861953,0.1952861953,0.2188552189,0.03703703704,0.003367003367,0.003367003367,0,0.3939393939,0.5925925926,0.8484848485,0.09764309764,0.01346801347,0.003367003367,0.03703703704,0.06397306397,0.03367003367,0.07744107744,0.2491582492,0,0.003367003367,0.1313131313,0.006734006734,0.2895622896,0,0,0,0.6632996633,0.7609427609,0.4208754209,0.0303030303,0,0,0,0,0,0,0,0,0,0,0.02693602694,0,0.006734006734,0.02693602694,0.04377104377,0.08417508418,0.1313131313,0.1178451178,0.1245791246,0.1077441077,0.08417508418,0.101010101,0.05050505051,0.06060606061,0.03367003367,0.03367003367,0,0,0,0,0,0.003367003367,0,0,0.003367003367,0,0.0101010101,0.01683501684,0.02356902357,0.01683501684,0.006734006734,0.1818181818,0.2457912458,0.1043771044,0,0.0303030303,0.04713804714,0.003367003367,0.09090909091,0.01683501684,0.07070707071,0.03703703704,0.06397306397,0.01683501684,0.0101010101,0,0,0,0,0,0,0,0,0,0,0,0,0,0,0,0,0,0
大江戸温泉物語Premium 山下家,607,50,47,0.06382978723,11,6,4.398876404,3.72,4.39738806,3.8,4.423611111,4.16,7.932454695,243,110,0.2191103789,15,5,0.2,0.02800658979,0.08072487644,0.1202635914,0.1482701812,0.2207578254,0.2751235585,0.1169686985,0.009884678748,0,0,0.4168039539,0.5667215815,0.8286655684,0.09884678748,0.03294892916,0.0197693575,0.0197693575,0.06754530478,0.0313014827,0.1037891269,0.3327841845,0.01317957166,0.004942339374,0.1350906096,0.01317957166,0.136738056,0.001647446458,0,0,0.6688632619,0.7742998353,0.5980230643,0.04283360791,0,0,0,0.00823723229,0,0,0,0,0,0,0.03294892916,0,0.00823723229,0.0197693575,0.0510708402,0.1021416804,0.1548599671,0.1449752883,0.1136738056,0.09060955519,0.06589785832,0.07907742998,0.04612850082,0.0823723229,0.02471169687,0.02471169687,0,0,0,0,0,0,0,0.004942339374,0.003294892916,0.006589785832,0.02635914333,0.01153212521,0.0197693575,0.01812191104,0.01812191104,0.09225700165,0.1120263591,0.07578253707,0.001647446458,0.01482701812,0.07084019769,0.00823723229,0.118616145,0.0313014827,0.08072487644,0.04942339374,0.1334431631,0.04283360791,0.02306425041,0.006589785832,0.001647446458,0,0.004942339374,0.004942339374,0.001647446458,0.004942339374,0.003294892916,0,0.001647446458,0.003294892916,0,0,0.001647446458,0,0,0,0.001647446458
大江戸温泉物語 あわづグランドホテル,140,0,1,-1,49,136,4.241935484,,4.198275862,,4.381679389,,7.328571429,39,36,0.02142857143,0,0,,0.02142857143,0.05,0.2428571429,0.2214285714,0.25,0.1714285714,0.03571428571,0.007142857143,0,0,0.4785714286,0.5071428571,0.8142857143,0.1428571429,0.03571428571,0,0.007142857143,0.05,0.05714285714,0.05714285714,0.25,0.02142857143,0,0.1214285714,0.007142857143,0.3428571429,0,0,0,0.6642857143,0.7285714286,0.65,0.02142857143,0,0,0,0.007142857143,0,0,0,0,0,0,0.02857142857,0,0,0.02142857143,0.02142857143,0.07857142857,0.1142857143,0.1142857143,0.09285714286,0.1285714286,0.1428571429,0.08571428571,0.06428571429,0.07142857143,0.007142857143,0.05714285714,0,0,0,0,0,0,0,0,0.007142857143,0,0.02142857143,0.007142857143,0.007142857143,0,0.02142857143,0.1214285714,0.1357142857,0.1857142857,0,0.007142857143,0.05,0,0.1142857143,0.02142857143,0.1214285714,0.02857142857,0.07857142857,0.05714285714,0,0,0,0,0,0,0,0,0.007142857143,0.007142857143,0,0,0,0,0,0,0,0,0
大江戸温泉物語 山代彩朝楽,103,0,0,,63,137,4.258823529,,4.321428571,,4.354166667,,7.184466019,26,30,-0.03883495146,0,0,,0.04854368932,0.1067961165,0.145631068,0.1844660194,0.2524271845,0.2038834951,0.05825242718,0,0,0,0.4563106796,0.5145631068,0.7961165049,0.07766990291,0.06796116505,0.03883495146,0.01941747573,0.08737864078,0.04854368932,0.1165048544,0.3009708738,0.009708737864,0,0.1650485437,0.01941747573,0.1553398058,0,0,0,0.640776699,0.7087378641,0.3883495146,0.09708737864,0,0,0,0,0,0,0,0,0,0,0.03883495146,0,0.03883495146,0.07766990291,0.03883495146,0.1553398058,0.1067961165,0.1359223301,0.1262135922,0.04854368932,0.09708737864,0.04854368932,0.02912621359,0.06796116505,0.04854368932,0.01941747573,0,0,0,0.01941747573,0,0,0,0,0.009708737864,0,0.02912621359,0.009708737864,0.03883495146,0.05825242718,0.02912621359,0.1067961165,0.2621359223,0.1359223301,0,0,0.01941747573,0.01941747573,0.03883495146,0.009708737864,0.05825242718,0.04854368932,0.04854368932,0.01941747573,0,0.009708737864,0,0,0,0,0,0,0,0,0,0.009708737864,0,0.009708737864,0,0,0,0,0.009708737864
大江戸温泉物語 わんわんリゾート　粟津,46,4,1,3,105,75,4.452380952,4.5,4.357142857,4.5,4.533333333,4.25,8.239130435,20,5,0.3260869565,1,0,0.25,0.02173913043,0.1739130435,0.1304347826,0.1304347826,0.4347826087,0.1086956522,0,0,0,0,0.347826087,0.652173913,0.8260869565,0.1304347826,0,0,0.04347826087,0,0,0.04347826087,0.2608695652,0,0,0.1956521739,0,0.1304347826,0,0,0,0.5869565217,0.6086956522,0.4347826087,0.02173913043,0,0,0,0,0,0,0,0,0,0,0.0652173913,0,0,0.02173913043,0,0.04347826087,0.1086956522,0.1739130435,0.1086956522,0.1304347826,0.0652173913,0.0652173913,0.02173913043,0.1304347826,0.0652173913,0.0652173913,0,0,0,0,0,0,0,0,0,0,0.04347826087,0,0.04347826087,0.08695652174,0.02173913043,0.08695652174,0.04347826087,0,0,0,0.02173913043,0.04347826087,0.1304347826,0.0652173913,0.1304347826,0.0652173913,0.1086956522,0.02173913043,0.0652173913,0,0,0,0,0.02173913043,0,0,0,0,0,0,0,0,0,0,0,0,0
大江戸温泉物語Premium 加賀まるや,46,1,5,-0.8,106,108,4.43902439,0,4.333333333,4,4.444444444,4,8,18,5,0.2826086957,0,0,0,0.02173913043,0.0652173913,0.0652173913,0.1956521739,0.3260869565,0.2826086957,0.04347826087,0,0,0,0.4130434783,0.5434782609,0.847826087,0.1086956522,0.02173913043,0.02173913043,0,0.04347826087,0.04347826087,0.0652173913,0.2826086957,0,0,0.2173913043,0.04347826087,0.152173913,0,0,0,0.6956521739,0.7173913043,0.4565217391,0.02173913043,0,0,0,0,0,0,0,0,0,0,0.04347826087,0,0.02173913043,0.02173913043,0.04347826087,0.02173913043,0.1739130435,0.1304347826,0.1304347826,0.152173913,0.08695652174,0.0652173913,0.04347826087,0.08695652174,0.02173913043,0.02173913043,0,0,0,0,0,0,0,0,0,0.02173913043,0.04347826087,0,0,0.04347826087,0,0.08695652174,0.152173913,0.152173913,0,0.02173913043,0.08695652174,0,0.04347826087,0.02173913043,0.04347826087,0.04347826087,0.1086956522,0.0652173913,0.02173913043,0,0,0,0.02173913043,0,0,0,0,0,0,0.02173913043,0,0,0,0,0,0,0
加賀フルーツランド,58,7,4,0.75,93,55,4.46,3,4.44,3,4.547169811,3.857142857,8.068965517,23,11,0.2068965517,3,2,0.1428571429,0.01724137931,0.1379310345,0.2586206897,0.2413793103,0.1379310345,0.1551724138,0.05172413793,0,0,0,0.4310344828,0.5689655172,0.275862069,0.1034482759,0.01724137931,0.05172413793,0.5517241379,0.03448275862,0.08620689655,0.05172413793,0.1724137931,0,0,0.1379310345,0.03448275862,0.3275862069,0,0,0,0.1379310345,0.2931034483,0.6379310345,0.01724137931,0,0,0,0.01724137931,0,0,0,0,0,0,0.05172413793,0,0.01724137931,0.08620689655,0.01724137931,0.1034482759,0.08620689655,0.1724137931,0.1206896552,0.06896551724,0.05172413793,0.1034482759,0.05172413793,0.03448275862,0.01724137931,0.08620689655,0,0,0,0,0,0,0,0,0.01724137931,0.01724137931,0.03448275862,0,0.01724137931,0,0.01724137931,0.1206896552,0.3103448276,0.1034482759,0,0,0.01724137931,0,0.1379310345,0.01724137931,0.01724137931,0,0.1034482759,0.03448275862,0.01724137931,0,0,0,0,0.01724137931,0,0,0,0,0,0,0,0,0,0,0,0,0
河内じばさん,81,9,11,-0.1818181818,81,47,4.506493506,4.444444444,4.554054054,4.222222222,4.493333333,4.222222222,8.49382716,45,10,0.4320987654,3,2,0.1111111111,0.03703703704,0.06172839506,0.1234567901,0.2839506173,0.3209876543,0.1358024691,0.03703703704,0,0,0,0.3703703704,0.6049382716,0.0987654321,0.02469135802,0.03703703704,0.07407407407,0.7654320988,0.1234567901,0.06172839506,0.03703703704,0.2839506173,0,0,0.2345679012,0.04938271605,0.07407407407,0,0,0,0.02469135802,0.1975308642,0.6049382716,0.0987654321,0,0,0,0.01234567901,0,0,0,0,0,0,0.2098765432,0,0.08641975309,0.02469135802,0.02469135802,0.1358024691,0.1358024691,0.1358024691,0.07407407407,0.1358024691,0.1234567901,0.03703703704,0.03703703704,0.06172839506,0.02469135802,0.04938271605,0,0,0,0,0,0,0,0,0,0,0.02469135802,0,0.03703703704,0.01234567901,0,0.03703703704,0.7654320988,0.03703703704,0,0.01234567901,0,0,0.04938271605,0,0.01234567901,0,0,0,0,0,0,0,0,0.01234567901,0,0,0,0,0,0,0,0,0,0,0,0,0
白山比咩神社,259,37,37,0,24,10,4.602564103,3.891891892,4.645299145,3.972972973,4.621513944,4.162162162,8.633204633,153,29,0.4787644788,16,6,0.2702702703,0.01544401544,0.1081081081,0.1891891892,0.1351351351,0.3629343629,0.1737451737,0.01544401544,0,0,0,0.3976833977,0.5868725869,0.2393822394,0.1698841699,0.06563706564,0.08494208494,0.4401544402,0.1621621622,0.05791505792,0.09652509653,0.2664092664,0.02316602317,0,0.138996139,0.01930501931,0.1003861004,0,0,0,0.1351351351,0.2625482625,0.3861003861,0.05405405405,0,0,0,0.03088803089,0,0,0,0,0,0,0.05405405405,0,0.007722007722,0.03861003861,0.05405405405,0.05019305019,0.1196911197,0.1505791506,0.1196911197,0.09266409266,0.09266409266,0.07335907336,0.03088803089,0.0888030888,0.04633204633,0.04247104247,0,0,0.003861003861,0.007722007722,0.003861003861,0.007722007722,0.01158301158,0,0.003861003861,0.003861003861,0.01544401544,0.05019305019,0.111969112,0.03088803089,0.01544401544,0.09266409266,0.2316602317,0.1235521236,0.003861003861,0.01930501931,0.03474903475,0.01544401544,0.05019305019,0.01930501931,0.007722007722,0.02316602317,0.03474903475,0.04247104247,0.003861003861,0.007722007722,0,0,0,0,0.003861003861,0.003861003861,0.003861003861,0,0,0,0,0.003861003861,0,0,0.003861003861,0,0.003861003861
萬松園あいうえおの杜,67,5,4,0.25,88,65,4.474576271,4.2,4.444444444,4.2,4.53125,3.8,7.865671642,29,18,0.1641791045,2,1,0.2,0,0.1044776119,0.4328358209,0.2089552239,0.1641791045,0.08955223881,0,0,0,0,0.3731343284,0.5970149254,0.4626865672,0.1343283582,0.0447761194,0.07462686567,0.2835820896,0.07462686567,0.01492537313,0.1044776119,0.1343283582,0,0,0.01492537313,0,0.6567164179,0,0,0,0.2835820896,0.5820895522,0.447761194,0.02985074627,0,0,0,0.05970149254,0,0,0,0,0,0,0.0447761194,0,0,0.01492537313,0.02985074627,0.0447761194,0.05970149254,0.1343283582,0.1492537313,0.08955223881,0.07462686567,0.1044776119,0.0447761194,0.1940298507,0.02985074627,0.02985074627,0.02985074627,0,0,0,0,0,0,0,0,0,0,0.02985074627,0.02985074627,0.02985074627,0.02985074627,0.1343283582,0.3880597015,0.1194029851,0,0,0.01492537313,0,0.02985074627,0.01492537313,0.07462686567,0,0.01492537313,0.02985074627,0.01492537313,0,0,0,0,0,0,0.01492537313,0,0,0,0,0,0,0,0,0,0,0
白山一里野温泉スキー場,40,1,0,,118,109,4.486486486,5,4.5,5,4.615384615,5,8.075,17,7,0.25,1,0,1,0.05,0.2,0.15,0.25,0.3,0.05,0,0,0,0,0.6,0.375,0.1,0.175,0,0.05,0.675,0.15,0.05,0.15,0.175,0,0,0.05,0,0.275,0,0,0,0.025,0.125,0.1,0.025,0,0,0,0,0,0,0,0,0,0,0.05,0,0,0.1,0,0.075,0.1,0.075,0.1,0.05,0.075,0.05,0.05,0.15,0.1,0.075,0,0,0,0,0,0,0,0,0,0,0,0.025,0,0,0,0,0.625,0.025,0,0,0,0.025,0.025,0.025,0.025,0.05,0.15,0.025,0,0,0,0,0,0,0,0,0,0,0,0,0,0,0,0,0,0,0
のと里山空港,191,30,46,-0.347826087,37,14,4.31547619,4.566666667,4.359281437,4.5,4.597484277,4.5,8.310526316,93,30,0.3298429319,18,1,0.5666666667,0.01047120419,0.1937172775,0.1884816754,0.2094240838,0.2146596859,0.1465968586,0.03664921466,0,0,0,0.4397905759,0.5392670157,0.3246073298,0.2513089005,0.0890052356,0.1518324607,0.1832460733,0.1465968586,0.04188481675,0.1413612565,0.1884816754,0.03141361257,0,0.07329842932,0.03141361257,0.1884816754,0.005235602094,0,0,0.1465968586,0.2408376963,0.4607329843,0.02617801047,0,0,0,0.1465968586,0,0,0,0,0,0,0.04188481675,0,0.05759162304,0.02617801047,0.04712041885,0.07853403141,0.07853403141,0.1256544503,0.1151832461,0.1047120419,0.04712041885,0.09947643979,0.05759162304,0.1256544503,0.04712041885,0.04712041885,0.005235602094,0,0,0,0,0,0.005235602094,0.005235602094,0,0.01047120419,0.07329842932,0.02617801047,0.2617801047,0.1256544503,0,0.06282722513,0.1780104712,0.01570680628,0,0.005235602094,0.01570680628,0.02617801047,0.04188481675,0.01570680628,0.01047120419,0.01570680628,0.04712041885,0.01047120419,0.01570680628,0,0,0.005235602094,0.005235602094,0,0,0,0,0.005235602094,0,0,0,0,0,0,0,0.005235602094,0.005235602094
能登食祭市場,151,9,1,8,46,48,4.514084507,4.777777778,4.486111111,4.555555556,4.592592593,4.777777778,8.490066225,90,23,0.4437086093,7,1,0.6666666667,0.03311258278,0.2185430464,0.1854304636,0.08609271523,0.2185430464,0.2052980132,0.05298013245,0,0,0,0.3907284768,0.5960264901,0.298013245,0.3178807947,0.07947019868,0.02649006623,0.2781456954,0.07947019868,0.1324503311,0.178807947,0.2913907285,0.02649006623,0,0.1059602649,0.01986754967,0.05960264901,0.02649006623,0,0,0.2119205298,0.3973509934,0.6291390728,0.05960264901,0,0,0,0.06622516556,0,0,0,0,0,0,0.07284768212,0,0.01986754967,0.07947019868,0.04635761589,0.09271523179,0.1390728477,0.1059602649,0.1258278146,0.04635761589,0.07947019868,0.07947019868,0.05960264901,0.08609271523,0.03311258278,0.02649006623,0,0,0,0,0,0.006622516556,0.01324503311,0.01986754967,0,0.006622516556,0.03973509934,0.03973509934,0.1523178808,0.07284768212,0.006622516556,0.119205298,0.1324503311,0.03311258278,0,0.01986754967,0.02649006623,0.01324503311,0.05960264901,0.006622516556,0.006622516556,0.01986754967,0.1125827815,0.03973509934,0.006622516556,0,0.02649006623,0,0,0,0,0,0,0,0,0.01986754967,0,0,0,0,0,0,0
和倉温泉観光案内所,54,6,5,0.2,95,57,4.358974359,2.833333333,4.341463415,2.833333333,4.5625,4.333333333,7.648148148,22,14,0.1481481481,2,2,0,0.03703703704,0.1666666667,0.2037037037,0.2222222222,0.2407407407,0.09259259259,0.03703703704,0,0,0,0.4814814815,0.5185185185,0.2962962963,0.2777777778,0.1296296296,0.09259259259,0.2037037037,0.2592592593,0,0.05555555556,0.3518518519,0.03703703704,0,0.09259259259,0.03703703704,0.1481481481,0,0,0,0.3148148148,0.5555555556,0.6111111111,0.1296296296,0,0,0,0.05555555556,0,0,0,0,0,0,0.03703703704,0,0.05555555556,0.07407407407,0.07407407407,0.09259259259,0.07407407407,0.05555555556,0.1111111111,0.03703703704,0.07407407407,0.1296296296,0.03703703704,0.1666666667,0.05555555556,0.01851851852,0.01851851852,0.01851851852,0,0.01851851852,0,0.03703703704,0,0,0.01851851852,0,0.01851851852,0.01851851852,0.2592592593,0.09259259259,0,0.01851851852,0.1296296296,0,0,0,0.01851851852,0.03703703704,0.09259259259,0,0.07407407407,0.01851851852,0.07407407407,0,0.01851851852,0,0,0,0.01851851852,0,0,0,0,0,0,0,0,0,0,0,0,0,0
加賀屋,44,0,0,,108,138,4.568181818,,4.477272727,,,,9.045454545,28,0,0.6363636364,0,0,,0,0.04545454545,0.1818181818,0.3409090909,0.1818181818,0.1818181818,0.04545454545,0.02272727273,0,0,0.3863636364,0.5909090909,0.5,0.3409090909,0.06818181818,0.09090909091,0,0.02272727273,0.1363636364,0.1363636364,0.25,0.02272727273,0.02272727273,0.1818181818,0,0.1136363636,0.02272727273,0,0,0.6363636364,0.7954545455,0.7272727273,0.09090909091,0,0,0,0.02272727273,0,0,0,0,0,0,0.06818181818,0,0.02272727273,0,0.02272727273,0.06818181818,0.1590909091,0.1363636364,0.09090909091,0.1136363636,0.1136363636,0.06818181818,0.04545454545,0.1136363636,0.02272727273,0.04545454545,0,0,0,0.02272727273,0,0,0,0,0.04545454545,0,0.04545454545,0.02272727273,0.1363636364,0.04545454545,0.02272727273,0.04545454545,0.1136363636,0.04545454545,0,0.1136363636,0.06818181818,0,0.06818181818,0,0,0.02272727273,0.06818181818,0,0,0,0,0,0.04545454545,0,0.02272727273,0,0,0.02272727273,0,0.02272727273,0,0,0,0,0,0,0
道の駅輪島,41,5,6,-0.1666666667,116,66,4.382352941,3.4,4.393939394,3.4,4.529411765,4.4,7.926829268,15,6,0.2195121951,2,2,0,0,0.1951219512,0.1219512195,0.1707317073,0.2926829268,0.2195121951,0,0,0,0,0.512195122,0.487804878,0.2926829268,0.1219512195,0.1707317073,0.1463414634,0.2682926829,0.3658536585,0.0487804878,0.0487804878,0.243902439,0,0,0.0487804878,0.0243902439,0.07317073171,0,0,0,0.1219512195,0.243902439,0.5365853659,0.0487804878,0,0,0,0.0243902439,0,0,0,0,0,0,0.1219512195,0,0.0243902439,0.09756097561,0.09756097561,0.1219512195,0,0.2195121951,0.07317073171,0.07317073171,0.0487804878,0.0243902439,0.09756097561,0.07317073171,0.0243902439,0.0487804878,0,0,0,0,0,0,0,0.0243902439,0,0,0.0243902439,0.0487804878,0.1707317073,0.07317073171,0.0243902439,0.1219512195,0.1463414634,0.0243902439,0,0,0,0.0487804878,0.0487804878,0.0243902439,0.0487804878,0.0243902439,0.0487804878,0.0243902439,0.0243902439,0,0,0,0,0,0,0,0,0,0,0.0243902439,0,0,0.0243902439,0,0,0,0
道の駅すずなり,80,3,11,-0.7272727273,82,86,4.328358209,4,4.323529412,4,4.459459459,4.333333333,7.85,32,16,0.2,1,1,0,0.0375,0.1,0.1375,0.1,0.3,0.2625,0.05,0.0125,0,0,0.35,0.6375,0.175,0.4,0.1875,0.1125,0.125,0.2,0.05,0.125,0.1875,0.15,0,0.1125,0.05,0.0625,0.0125,0,0,0.1375,0.1875,0.45,0.05,0,0,0,0.05,0,0,0,0,0,0,0.075,0,0.0875,0.05,0.0125,0.0875,0.125,0.125,0.1,0.0875,0.0875,0.1,0.0125,0.0625,0.1,0.05,0.025,0.0125,0,0,0,0,0,0,0,0,0.0625,0.0375,0.275,0.1,0.0125,0.025,0.125,0,0,0.025,0.0125,0.0375,0.0125,0.0125,0,0.0375,0.075,0.025,0.025,0.0125,0,0,0.025,0,0,0,0.0125,0,0.0125,0,0,0,0,0,0,0,0
千里浜レストハウス,181,0,0,,39,139,4.475308642,,4.475308642,,4.594936709,,8.35359116,95,27,0.3756906077,0,0,,0.02209944751,0.08287292818,0.1602209945,0.1436464088,0.2983425414,0.2154696133,0.0773480663,0,0,0,0.408839779,0.5690607735,0.2651933702,0.364640884,0.0773480663,0.0773480663,0.2154696133,0.1270718232,0.08287292818,0.1491712707,0.270718232,0.04419889503,0,0.09944751381,0.02209944751,0.09944751381,0,0,0,0.1436464088,0.320441989,0.5359116022,0.05524861878,0,0,0,0.06629834254,0,0,0,0,0,0,0.1270718232,0,0.02209944751,0.06629834254,0.04419889503,0.06077348066,0.138121547,0.09392265193,0.1104972376,0.138121547,0.0773480663,0.04972375691,0.06077348066,0.04419889503,0.03314917127,0.08287292818,0.005524861878,0,0,0,0,0.005524861878,0.01657458564,0.03867403315,0.01104972376,0.01104972376,0.05524861878,0.05524861878,0.1712707182,0.1049723757,0.01104972376,0.06629834254,0.138121547,0.01657458564,0,0.03314917127,0.005524861878,0,0.07182320442,0.005524861878,0.02762430939,0.02209944751,0.05524861878,0.03867403315,0.01104972376,0.005524861878,0.005524861878,0,0.005524861878,0,0.005524861878,0,0,0,0,0,0,0,0,0,0,0,0
道の駅のと千里浜,83,2,1,1,77,98,4.578947368,2.5,4.53164557,2,4.634920635,4.5,8.542168675,45,8,0.4457831325,2,0,1,0.02409638554,0.0843373494,0.2771084337,0.2048192771,0.2048192771,0.1325301205,0.07228915663,0,0,0,0.3734939759,0.578313253,0.2530120482,0.2409638554,0.06024096386,0.1445783133,0.3012048193,0.1445783133,0.07228915663,0.0843373494,0.3614457831,0.02409638554,0.02409638554,0.1325301205,0.07228915663,0.06024096386,0,0,0,0.1686746988,0.3253012048,0.6385542169,0.1325301205,0,0,0,0.0843373494,0,0,0,0,0,0,0.2409638554,0,0.06024096386,0.04819277108,0.06024096386,0.1084337349,0.1084337349,0.1325301205,0.1445783133,0.1325301205,0.06024096386,0.03614457831,0.02409638554,0.04819277108,0.07228915663,0.02409638554,0.01204819277,0,0,0,0.02409638554,0,0.01204819277,0.02409638554,0.01204819277,0.01204819277,0.01204819277,0.02409638554,0.1084337349,0.1325301205,0.01204819277,0.07228915663,0.2048192771,0.02409638554,0,0.02409638554,0.01204819277,0.01204819277,0.09638554217,0.01204819277,0.01204819277,0.01204819277,0.06024096386,0.03614457831,0.01204819277,0,0,0,0,0,0,0,0,0,0,0.01204819277,0,0,0,0.01204819277,0,0,0
神子の里,86,5,8,-0.375,73,67,4.569620253,5,4.50617284,5,4.513513514,5,8.5,49,10,0.4534883721,2,3,-0.2,0.01162790698,0.06976744186,0.2093023256,0.1395348837,0.3023255814,0.1976744186,0.04651162791,0.02325581395,0,0,0.3720930233,0.6162790698,0.08139534884,0.1279069767,0.06976744186,0.09302325581,0.6279069767,0.2093023256,0.03488372093,0.04651162791,0.2906976744,0,0,0.09302325581,0.01162790698,0.2093023256,0,0,0,0.09302325581,0.1279069767,0.5813953488,0.02325581395,0,0,0,0.06976744186,0,0,0,0,0,0,0.2325581395,0,0.01162790698,0.08139534884,0.08139534884,0.1395348837,0.1627906977,0.08139534884,0.04651162791,0.02325581395,0.08139534884,0.09302325581,0.08139534884,0.02325581395,0.06976744186,0.03488372093,0,0,0,0,0,0,0,0.01162790698,0,0,0,0,0.04651162791,0.03488372093,0,0.2209302326,0.488372093,0.01162790698,0,0.02325581395,0.01162790698,0.02325581395,0.02325581395,0,0,0,0.08139534884,0.01162790698,0.01162790698,0,0,0,0,0,0,0,0,0,0,0,0,0,0,0,0,0,0
道の駅とぎ海街道,92,13,31,-0.5806451613,68,35,4.548780488,4.076923077,4.471264368,3.923076923,4.581395349,4.615384615,8.413043478,44,11,0.3586956522,5,2,0.2307692308,0.02173913043,0.1413043478,0.1413043478,0.2173913043,0.2608695652,0.1956521739,0.02173913043,0,0,0,0.4565217391,0.5434782609,0.1195652174,0.2173913043,0.1739130435,0.0652173913,0.4239130435,0.1847826087,0.04347826087,0.1086956522,0.2826086957,0.02173913043,0,0.08695652174,0,0.1195652174,0,0,0,0.1086956522,0.2065217391,0.5,0.05434782609,0,0,0,0.09782608696,0,0,0,0,0,0,0.1847826087,0,0.05434782609,0.03260869565,0.04347826087,0.1195652174,0.152173913,0.1195652174,0.08695652174,0.0652173913,0.09782608696,0.0652173913,0.0652173913,0.09782608696,0.01086956522,0.04347826087,0.01086956522,0,0,0.01086956522,0,0,0,0.01086956522,0,0.04347826087,0.03260869565,0.03260869565,0.1195652174,0.04347826087,0.01086956522,0.07608695652,0.3586956522,0,0,0.02173913043,0.02173913043,0.01086956522,0.04347826087,0,0,0.02173913043,0.05434782609,0.04347826087,0,0,0,0.02173913043,0.01086956522,0,0,0,0,0,0,0,0,0,0,0,0,0,0
道の駅織姫の里なかのと,136,23,28,-0.1785714286,51,17,4.393162393,3.260869565,4.355371901,3.391304348,4.503875969,4.52173913,7.904411765,49,25,0.1764705882,6,5,0.04347826087,0.02205882353,0.1323529412,0.2058823529,0.1617647059,0.2058823529,0.2279411765,0.04411764706,0,0,0,0.3676470588,0.625,0.1617647059,0.2352941176,0.05882352941,0.08823529412,0.4558823529,0.08823529412,0.07352941176,0.1176470588,0.3529411765,0.02941176471,0,0.1176470588,0.02205882353,0.1029411765,0,0,0,0.09558823529,0.1617647059,0.5294117647,0.06617647059,0,0,0,0.08088235294,0,0,0,0,0,0,0.1764705882,0,0.03676470588,0.08823529412,0.01470588235,0.125,0.1323529412,0.1102941176,0.1176470588,0.07352941176,0.08823529412,0.04411764706,0.02941176471,0.1029411765,0.04411764706,0.02941176471,0.01470588235,0,0,0,0,0,0,0,0.02205882353,0.01470588235,0.02205882353,0.007352941176,0.08823529412,0.06617647059,0,0.1397058824,0.2720588235,0.04411764706,0,0.01470588235,0.007352941176,0.05147058824,0.06617647059,0.007352941176,0.01470588235,0.02205882353,0.05882352941,0.01470588235,0.01470588235,0,0,0,0.007352941176,0.007352941176,0.007352941176,0,0,0,0,0.01470588235,0,0,0,0,0,0,0
穴水駅,38,4,4,0,122,76,4.28125,4.5,4.305555556,4.5,4.52,4.75,8.052631579,14,5,0.2368421053,1,1,0,0,0.1578947368,0.2368421053,0.2368421053,0.2368421053,0.1315789474,0,0,0,0,0.4473684211,0.5526315789,0.3947368421,0.2368421053,0.1578947368,0.05263157895,0.1578947368,0.1842105263,0.1315789474,0.02631578947,0.2894736842,0.02631578947,0,0.07894736842,0.02631578947,0.1315789474,0,0,0,0.1052631579,0.3947368421,0.4473684211,0.05263157895,0,0,0,0.1315789474,0,0,0,0,0,0,0.2105263158,0,0.07894736842,0.07894736842,0.05263157895,0.1315789474,0.1052631579,0.07894736842,0.1052631579,0.05263157895,0.05263157895,0.02631578947,0.1052631579,0.1315789474,0,0.07894736842,0,0,0,0,0,0,0,0,0.05263157895,0,0.05263157895,0.02631578947,0.2105263158,0.07894736842,0.02631578947,0.02631578947,0.2631578947,0,0,0.02631578947,0.02631578947,0,0.07894736842,0.05263157895,0,0.02631578947,0.05263157895,0,0,0,0,0,0,0,0,0,0,0,0,0,0,0,0,0,0,0,0
道の駅桜峠,34,3,5,-0.4,134,87,4.285714286,3,4.333333333,2.666666667,4.5,4.666666667,7.823529412,10,7,0.08823529412,1,1,0,0,0.08823529412,0.1176470588,0.2058823529,0.5294117647,0.02941176471,0.02941176471,0,0,0,0.4411764706,0.5588235294,0.2647058824,0.1470588235,0.08823529412,0.1176470588,0.3823529412,0.2352941176,0.1176470588,0.08823529412,0.3529411765,0,0,0.05882352941,0.02941176471,0.05882352941,0,0,0,0.05882352941,0.1764705882,0.4705882353,0,0,0,0,0.08823529412,0,0,0,0,0,0,0.2058823529,0,0.1176470588,0.02941176471,0,0.08823529412,0.1176470588,0.05882352941,0.1176470588,0.02941176471,0.1764705882,0.1470588235,0.1176470588,0.08823529412,0.02941176471,0,0,0,0,0,0,0,0,0,0,0,0.05882352941,0,0.08823529412,0,0.05882352941,0.1764705882,0.2352941176,0.05882352941,0,0,0,0,0.1176470588,0.05882352941,0,0,0.02941176471,0,0,0.02941176471,0,0,0,0.05882352941,0,0,0,0,0,0,0,0,0,0,0,0,0.02941176471
ランプの宿,48,0,0,,100,140,4.659090909,,4.622222222,,,,9.1875,35,2,0.6875,0,0,,0,0.1041666667,0.125,0.0625,0.2083333333,0.375,0.1041666667,0.02083333333,0,0,0.4166666667,0.5833333333,0.3125,0.4583333333,0.08333333333,0.1458333333,0,0.0625,0.1666666667,0.1041666667,0.4791666667,0.0625,0,0.0625,0,0,0,0,0,0.6458333333,0.7916666667,0.6875,0.0625,0,0,0,0.02083333333,0,0,0,0,0,0,0.02083333333,0,0,0.04166666667,0.04166666667,0.1458333333,0.0625,0.08333333333,0.04166666667,0.1041666667,0.125,0.02083333333,0.125,0.1041666667,0.04166666667,0.0625,0,0,0.02083333333,0,0,0,0.0625,0,0.0625,0.02083333333,0.02083333333,0.0625,0.1458333333,0.1666666667,0,0.04166666667,0.02083333333,0,0.02083333333,0.02083333333,0.04166666667,0,0.04166666667,0,0,0.02083333333,0.0625,0.02083333333,0,0.02083333333,0,0,0,0.0625,0.02083333333,0,0,0.02083333333,0,0,0,0,0,0,0.02083333333,0,0
和倉温泉お祭り会館,134,11,11,0,52,41,4.512820513,3.181818182,4.516666667,3.181818182,4.565217391,4.545454545,8.380597015,69,16,0.3955223881,5,2,0.2727272727,0,0.08955223881,0.2014925373,0.171641791,0.2164179104,0.2611940299,0.05970149254,0,0,0,0.276119403,0.7014925373,0.4179104478,0.2611940299,0.0223880597,0.1194029851,0.1791044776,0.1268656716,0.0447761194,0.1641791045,0.2089552239,0.1492537313,0,0.08955223881,0.0223880597,0.1343283582,0,0,0,0.1791044776,0.4626865672,0.5597014925,0.02985074627,0,0,0,0.08208955224,0,0,0,0,0,0,0.05223880597,0,0.07462686567,0.007462686567,0.05223880597,0.1268656716,0.08955223881,0.1044776119,0.1567164179,0.1194029851,0.05223880597,0.0671641791,0.05223880597,0.08955223881,0.0447761194,0.03731343284,0.007462686567,0,0,0,0,0,0,0.01492537313,0.01492537313,0.01492537313,0.0223880597,0.0447761194,0.1492537313,0.0671641791,0.007462686567,0.05223880597,0.171641791,0.05970149254,0.0223880597,0.01492537313,0.0223880597,0.0223880597,0.0447761194,0.0223880597,0.0447761194,0.0223880597,0.07462686567,0.0447761194,0.007462686567,0.007462686567,0,0,0,0,0,0,0,0,0,0,0,0,0,0.0223880597,0,0,0
いこいの村能登半島,43,2,1,1,110,99,4.447368421,4.5,4.384615385,4.5,4.459459459,4.5,8.186046512,20,4,0.3720930233,1,0,0.5,0.02325581395,0.06976744186,0.3488372093,0.1860465116,0.1627906977,0.1627906977,0.04651162791,0,0,0,0.3255813953,0.6279069767,0.5813953488,0.2558139535,0.04651162791,0.1162790698,0,0.09302325581,0.06976744186,0.02325581395,0.3023255814,0,0,0.1395348837,0.06976744186,0.2325581395,0,0,0,0.3953488372,0.5348837209,0.5581395349,0.04651162791,0,0,0,0.04651162791,0,0,0,0,0,0,0.04651162791,0,0.09302325581,0,0.02325581395,0.04651162791,0.1627906977,0.1395348837,0.1627906977,0.04651162791,0,0.09302325581,0.09302325581,0.1395348837,0.02325581395,0.06976744186,0,0,0,0,0,0,0.04651162791,0,0,0,0,0.09302325581,0.2325581395,0,0.02325581395,0.04651162791,0.1162790698,0.09302325581,0.02325581395,0.02325581395,0,0,0.06976744186,0,0.04651162791,0.06976744186,0.06976744186,0.04651162791,0,0,0,0,0,0,0,0,0,0,0,0,0,0,0,0,0,0,0
ホテルアリヴィオ,47,13,4,2.25,101,36,4.594594595,4,4.421052632,3.923076923,4.466666667,4.461538462,8.680851064,29,5,0.5106382979,8,0,0.6153846154,0,0.1914893617,0.1914893617,0.2127659574,0.2978723404,0.08510638298,0.02127659574,0,0,0,0.5531914894,0.4042553191,0.4255319149,0.2978723404,0.02127659574,0.2553191489,0,0.4042553191,0,0.04255319149,0.1914893617,0.02127659574,0,0.06382978723,0.1914893617,0.02127659574,0,0,0,0.08510638298,0.06382978723,0.2765957447,0.02127659574,0,0,0,0.08510638298,0,0,0,0,0,0,0.04255319149,0,0.4468085106,0,0.02127659574,0.04255319149,0.04255319149,0.1276595745,0.1489361702,0.1276595745,0.170212766,0.08510638298,0.06382978723,0.1063829787,0,0.06382978723,0,0,0,0.02127659574,0,0,0,0,0,0,0.06382978723,0.08510638298,0.1063829787,0.08510638298,0,0,0.08510638298,0.02127659574,0.02127659574,0.06382978723,0,0.04255319149,0.06382978723,0,0,0.02127659574,0.1489361702,0.02127659574,0.02127659574,0,0,0,0.02127659574,0.02127659574,0,0,0.04255319149,0,0,0,0,0.02127659574,0.02127659574,0,0,0,0
休暇村能登千里浜,80,16,10,0.6,83,27,4.535211268,3.875,4.534246575,3.625,4.472222222,4.5625,7.925,33,14,0.2375,9,2,0.4375,0.0125,0.025,0.15,0.1625,0.2,0.3375,0.1125,0,0,0,0.4625,0.5,0.4625,0.375,0.075,0.0625,0.025,0.0625,0.025,0.05,0.3625,0.0125,0.0125,0.1,0.025,0.1875,0.025,0,0,0.4625,0.5125,0.575,0.0125,0,0,0,0.025,0,0,0,0,0,0,0.0625,0,0.05,0.0125,0.0375,0.05,0.1625,0.1375,0.05,0.0875,0.125,0.0625,0.1125,0.0875,0.05,0.025,0,0.0125,0.0125,0,0,0,0,0.025,0.0375,0,0.0625,0.0625,0.1125,0.0375,0.025,0.0625,0.1,0.0125,0,0,0.025,0.0375,0.1125,0,0.0125,0.05,0.1,0.0625,0.0125,0,0,0,0,0,0,0,0,0,0,0.0125,0,0,0,0,0,0,0.0125
体験交流施設　ラブロ恋路,36,3,3,0,129,88,4.333333333,2.666666667,4.580645161,2.666666667,4.382352941,2.666666667,8.694444444,22,3,0.5277777778,0,2,-0.6666666667,0,0.02777777778,0.1944444444,0.1111111111,0.4444444444,0.1944444444,0.02777777778,0,0,0,0.5277777778,0.4166666667,0.7222222222,0.1666666667,0,0.08333333333,0.02777777778,0.1666666667,0,0.1388888889,0.4166666667,0,0,0.05555555556,0.08333333333,0.02777777778,0,0,0,0.2222222222,0.1666666667,0.3888888889,0.1388888889,0,0,0,0.1111111111,0,0,0,0,0,0,0.08333333333,0,0.1111111111,0,0.02777777778,0.02777777778,0.1388888889,0.3055555556,0.1388888889,0.05555555556,0.08333333333,0.08333333333,0.05555555556,0.08333333333,0,0,0,0,0.02777777778,0,0,0,0,0,0.08333333333,0,0.02777777778,0.02777777778,0.05555555556,0.02777777778,0,0.05555555556,0.3888888889,0,0,0.08333333333,0.02777777778,0,0.08333333333,0,0,0.02777777778,0,0,0.02777777778,0,0,0.02777777778,0,0.02777777778,0,0,0,0,0,0,0,0,0,0,0,0,0
のと里山海道　西山パーキング,40,1,5,-0.8,119,110,4.36,0,4.208333333,0,4.416666667,4,6.675,10,17,-0.175,0,1,-1,0.025,0.075,0.075,0.175,0.425,0.175,0.025,0.025,0,0,0.375,0.625,0.325,0.275,0.025,0.075,0.3,0.2,0,0.05,0.275,0,0,0.1,0.125,0.15,0,0,0,0.1,0.15,0.325,0.025,0,0,0,0.05,0,0,0,0,0,0,0.05,0,0.125,0.075,0.05,0.05,0.05,0.05,0.175,0.075,0.1,0.05,0.025,0.2,0.075,0.025,0,0,0,0,0,0,0.025,0.075,0.025,0,0.05,0,0.1,0.025,0,0.025,0.45,0.025,0,0,0,0,0.05,0.025,0,0.05,0.075,0,0,0,0,0,0,0,0,0,0,0,0,0,0,0,0,0,0,0,0
コスモアイル羽咋,560,30,69,-0.5652173913,13,15,4.483558994,3.766666667,4.545454545,4.033333333,4.539888683,4.166666667,8.151785714,254,86,0.3,14,6,0.2666666667,0.03214285714,0.1232142857,0.1535714286,0.2017857143,0.2303571429,0.1839285714,0.06785714286,0.007142857143,0,0,0.4071428571,0.5553571429,0.2142857143,0.2607142857,0.1107142857,0.06964285714,0.3446428571,0.1285714286,0.05535714286,0.09107142857,0.2553571429,0.08392857143,0.001785714286,0.08214285714,0.01964285714,0.1446428571,0,0,0,0.1589285714,0.2125,0.3732142857,0.03035714286,0,0,0,0.03571428571,0,0,0,0,0,0,0.08928571429,0,0.02142857143,0.06428571429,0.05892857143,0.1071428571,0.1339285714,0.1142857143,0.1196428571,0.0875,0.075,0.06071428571,0.03928571429,0.06964285714,0.04464285714,0.025,0.007142857143,0,0,0.005357142857,0.001785714286,0,0.005357142857,0.01071428571,0.0125,0.02678571429,0.03571428571,0.0375,0.1071428571,0.05178571429,0.008928571429,0.07857142857,0.1142857143,0.02857142857,0.001785714286,0.01785714286,0.04464285714,0.01964285714,0.1732142857,0.01607142857,0.007142857143,0.01785714286,0.08392857143,0.04821428571,0.001785714286,0,0.001785714286,0.001785714286,0.005357142857,0.007142857143,0.001785714286,0,0.001785714286,0.003571428571,0,0.003571428571,0,0.003571428571,0.001785714286,0.001785714286,0,0,0.001785714286
道の駅「赤神」,47,3,3,0,102,89,4.568181818,4.666666667,4.413043478,4.666666667,4.456521739,4.666666667,8.276595745,24,8,0.3404255319,2,0,0.6666666667,0,0.04255319149,0.1063829787,0.08510638298,0.4680851064,0.2765957447,0.02127659574,0,0,0,0.6382978723,0.3404255319,0.1063829787,0.1489361702,0.170212766,0.170212766,0.4042553191,0.3617021277,0.06382978723,0.1276595745,0.3404255319,0,0,0,0,0.04255319149,0,0,0,0.1276595745,0.170212766,0.3404255319,0.08510638298,0,0,0,0.08510638298,0,0,0,0,0,0,0.5319148936,0,0.02127659574,0.04255319149,0,0.1489361702,0.1063829787,0.170212766,0.170212766,0.1276595745,0.1063829787,0.06382978723,0,0.02127659574,0.04255319149,0,0,0.02127659574,0,0,0,0,0,0.02127659574,0,0.06382978723,0,0.02127659574,0.1276595745,0.02127659574,0.02127659574,0.1063829787,0.2553191489,0,0,0.02127659574,0.02127659574,0.02127659574,0.04255319149,0,0,0.02127659574,0.02127659574,0.1276595745,0,0,0.04255319149,0,0.02127659574,0,0,0,0,0,0,0,0,0,0,0,0,0,0
気多大社,67,0,0,,89,141,4.456140351,,4.409836066,,4.596774194,,8.179104478,29,10,0.2835820896,0,0,,0,0.1194029851,0.1343283582,0.2835820896,0.3134328358,0.1492537313,0,0,0,0,0.5671641791,0.4179104478,0.223880597,0.2388059701,0.01492537313,0.1343283582,0.3880597015,0.2985074627,0.05970149254,0.1343283582,0.1940298507,0.0447761194,0,0.1044776119,0.01492537313,0.05970149254,0,0,0,0.07462686567,0.1641791045,0.3582089552,0.0447761194,0,0,0,0.01492537313,0,0,0,0,0,0,0.1940298507,0,0.05970149254,0.1044776119,0.05970149254,0.0447761194,0.2089552239,0.1492537313,0.1343283582,0.08955223881,0.07462686567,0,0.02985074627,0.05970149254,0.01492537313,0.02985074627,0.01492537313,0,0,0,0,0,0,0,0.01492537313,0.01492537313,0.05970149254,0.0447761194,0.08955223881,0.05970149254,0.01492537313,0.07462686567,0.223880597,0.02985074627,0.01492537313,0.0447761194,0.02985074627,0,0.0447761194,0,0,0,0.07462686567,0.0447761194,0.02985074627,0.01492537313,0,0,0.01492537313,0,0.02985074627,0,0,0,0,0.01492537313,0,0,0,0,0,0,0
ひょっこり温泉 島の湯,38,2,8,-0.75,123,100,4.621621622,4.5,4.514285714,4.5,4.710526316,5,8.815789474,25,3,0.5789473684,2,0,1,0.05263157895,0.1052631579,0.1578947368,0.2105263158,0.2105263158,0.2105263158,0.05263157895,0,0,0,0.4210526316,0.5789473684,0.1315789474,0.1052631579,0.2894736842,0.2368421053,0.2368421053,0.2105263158,0.05263157895,0.02631578947,0.2894736842,0.07894736842,0,0.1052631579,0,0.1315789474,0,0,0,0.1315789474,0.5526315789,0.5263157895,0,0,0,0,0.07894736842,0,0,0,0,0,0,0.1052631579,0,0.07894736842,0.02631578947,0.07894736842,0.1052631579,0.07894736842,0.1842105263,0.02631578947,0.1842105263,0.07894736842,0,0.07894736842,0.1052631579,0.02631578947,0.02631578947,0.02631578947,0,0,0,0,0,0.02631578947,0,0,0.02631578947,0.07894736842,0,0.2105263158,0.02631578947,0,0.1842105263,0.1578947368,0,0.07894736842,0.02631578947,0,0.02631578947,0.02631578947,0,0,0,0,0,0.05263157895,0,0,0,0,0,0.02631578947,0,0,0,0,0.02631578947,0,0,0,0,0,0,0
のと鉄道（通常）,522,15,21,-0.2857142857,15,30,4.46300716,4.066666667,4.480093677,3.8,4.493013972,4.4,8.013409962,230,93,0.2624521073,5,3,0.1333333333,0.06704980843,0.1781609195,0.1609195402,0.1398467433,0.2413793103,0.1436781609,0.06130268199,0.005747126437,0,0.001915708812,0.6417624521,0.346743295,0.2624521073,0.2701149425,0.1398467433,0.1264367816,0.2011494253,0.4904214559,0.03256704981,0.1053639847,0.1436781609,0.030651341,0,0.04789272031,0.03639846743,0.04597701149,0,0,0,0.1168582375,0.2931034483,0.4482758621,0.1245210728,0,0,0,0.06704980843,0,0,0,0,0,0,0.02298850575,0,0.08045977011,0.05555555556,0.05363984674,0.08620689655,0.09195402299,0.1302681992,0.1149425287,0.08429118774,0.08045977011,0.05938697318,0.07088122605,0.07088122605,0.05363984674,0.04789272031,0.0153256705,0.003831417625,0.005747126437,0.003831417625,0.001915708812,0.001915708812,0.003831417625,0.01340996169,0.009578544061,0.01149425287,0.05172413793,0.03448275862,0.1877394636,0.101532567,0.01149425287,0.03831417625,0.1264367816,0.009578544061,0.001915708812,0.01149425287,0.02681992337,0.01724137931,0.0785440613,0.01340996169,0.009578544061,0.02490421456,0.09770114943,0.03256704981,0.01149425287,0.003831417625,0.003831417625,0,0.001915708812,0.007662835249,0.007662835249,0.001915708812,0,0,0,0.007662835249,0.001915708812,0.001915708812,0.001915708812,0.001915708812,0,0,0
のと鉄道 POKÉMON with YOUトレイン,97,5,28,-0.8214285714,66,68,4.588235294,4.6,4.551724138,4.4,4.617021277,4.8,8.268041237,53,15,0.3917525773,3,1,0.4,0.0824742268,0.206185567,0.2268041237,0.1958762887,0.2680412371,0.01030927835,0.01030927835,0,0,0,0.587628866,0.412371134,0.2371134021,0.2268041237,0.1134020619,0.09278350515,0.3298969072,0.3195876289,0.0618556701,0.1134020619,0.1546391753,0.01030927835,0.01030927835,0.0824742268,0.01030927835,0.1958762887,0,0,0,0.1443298969,0.2989690722,0.4226804124,0.1340206186,0,0,0,0.01030927835,0,0,0,0,0,0,0.0206185567,0,0.03092783505,0.0206185567,0.0412371134,0.0618556701,0.09278350515,0.1237113402,0.1134020619,0.1443298969,0.0412371134,0.0618556701,0.0412371134,0.1546391753,0.05154639175,0.05154639175,0,0,0.01030927835,0.01030927835,0,0,0,0,0.01030927835,0,0.0412371134,0.01030927835,0.1134020619,0.1030927835,0.03092783505,0.07216494845,0.2268041237,0.0206185567,0,0.0206185567,0.0206185567,0.03092783505,0.0618556701,0,0.01030927835,0.0206185567,0.0824742268,0.05154639175,0,0,0,0,0,0.01030927835,0,0,0.01030927835,0,0,0.03092783505,0,0,0,0,0,0,0
自家焙煎喫茶 中央茶廊,66,5,4,0.25,90,69,4.578125,3.4,4.603174603,3.4,4.682539683,3.6,8.606060606,40,6,0.5151515152,2,1,0.2,0.0303030303,0.1666666667,0.1363636364,0.1666666667,0.3787878788,0.1212121212,0,0,0,0,0.4393939394,0.5454545455,0.196969697,0.1060606061,0.04545454545,0.196969697,0.4545454545,0.2727272727,0.1212121212,0.09090909091,0.303030303,0,0,0.09090909091,0.0303030303,0.01515151515,0,0,0,0.1060606061,0.2424242424,0.5909090909,0.06060606061,0,0,0,0.1060606061,0,0,0,0,0,0,0.09090909091,0,0.0303030303,0.04545454545,0.07575757576,0.09090909091,0.1666666667,0.1363636364,0.07575757576,0.0303030303,0.1363636364,0.04545454545,0.0303030303,0.07575757576,0.01515151515,0.07575757576,0,0,0,0,0,0,0,0,0,0,0.0303030303,0,0.1060606061,0.07575757576,0,0.1212121212,0.4393939394,0.01515151515,0,0.01515151515,0.01515151515,0,0.0303030303,0.01515151515,0,0.01515151515,0.07575757576,0.01515151515,0,0,0,0,0,0,0,0,0,0,0,0.0303030303,0,0,0,0,0,0,0
出張輪島朝市 inワイプラザ輪島店,91,9,20,-0.55,69,49,4.46835443,4.222222222,4.419753086,4.444444444,4.585365854,4.777777778,8.120879121,48,19,0.3186813187,7,1,0.6666666667,0.06593406593,0.07692307692,0.1098901099,0.1318681319,0.4505494505,0.1098901099,0.05494505495,0,0,0,0.4835164835,0.5054945055,0.2197802198,0.2747252747,0.1208791209,0.1648351648,0.2197802198,0.2197802198,0.02197802198,0.07692307692,0.2087912088,0.08791208791,0,0.1208791209,0.02197802198,0.1098901099,0,0,0,0.1208791209,0.2087912088,0.4615384615,0.05494505495,0,0,0,0.08791208791,0,0,0,0,0,0,0.06593406593,0,0.07692307692,0.1098901099,0.03296703297,0.08791208791,0.07692307692,0.1098901099,0.07692307692,0.1208791209,0.05494505495,0.06593406593,0.07692307692,0.07692307692,0.02197802198,0.08791208791,0,0,0,0.02197802198,0,0,0.01098901099,0.02197802198,0.01098901099,0.01098901099,0.01098901099,0.02197802198,0.1098901099,0.06593406593,0,0.03296703297,0.2197802198,0.02197802198,0.03296703297,0.01098901099,0.02197802198,0.05494505495,0.05494505495,0,0.01098901099,0.06593406593,0.08791208791,0.04395604396,0.01098901099,0,0,0,0.01098901099,0,0,0,0,0,0.02197802198,0.01098901099,0,0,0,0,0,0,0
のと海洋ふれあいセンター,38,0,12,-1,124,142,4.647058824,,4.647058824,,4.567567568,,8,19,11,0.2105263158,0,0,,0,0.1052631579,0.2631578947,0.2631578947,0.2105263158,0.1315789474,0.02631578947,0,0,0,0.3947368421,0.5789473684,0.1578947368,0.2368421053,0.1315789474,0.1842105263,0.2894736842,0.02631578947,0.02631578947,0.02631578947,0.2368421053,0,0,0.02631578947,0,0.4473684211,0,0,0,0.05263157895,0.1052631579,0.2894736842,0.07894736842,0,0,0,0.1315789474,0,0,0,0,0,0,0.02631578947,0,0,0,0.02631578947,0.1052631579,0.1315789474,0.07894736842,0.07894736842,0.1578947368,0.07894736842,0.05263157895,0.1578947368,0.07894736842,0.05263157895,0,0,0,0,0,0,0,0,0,0,0,0.02631578947,0.07894736842,0.07894736842,0.05263157895,0.02631578947,0.1315789474,0.3684210526,0.02631578947,0,0,0.02631578947,0,0.02631578947,0,0.07894736842,0,0.07894736842,0,0,0,0,0,0,0,0,0,0,0,0,0,0,0,0,0,0,0,0
花嫁のれん館,47,5,4,0.25,103,70,4.372093023,3.4,4.404761905,2.8,4.543478261,4.4,6.978723404,13,22,-0.1914893617,3,2,0.2,0.04255319149,0.02127659574,0.08510638298,0.1276595745,0.4893617021,0.1489361702,0.08510638298,0,0,0,0.2978723404,0.6808510638,0.3404255319,0.2553191489,0.04255319149,0.04255319149,0.3191489362,0.170212766,0.02127659574,0.1276595745,0.2340425532,0.2765957447,0,0.08510638298,0.04255319149,0,0,0,0,0.08510638298,0.2978723404,0.4893617021,0,0,0,0,0.04255319149,0,0,0,0,0,0,0.04255319149,0,0.08510638298,0.04255319149,0.08510638298,0.1063829787,0.1489361702,0.06382978723,0.1276595745,0.1063829787,0.1489361702,0.02127659574,0.04255319149,0.04255319149,0.02127659574,0.04255319149,0.02127659574,0,0,0,0,0,0,0.02127659574,0,0,0.02127659574,0.02127659574,0.170212766,0,0.04255319149,0.170212766,0.1489361702,0.1489361702,0.02127659574,0.02127659574,0,0,0.06382978723,0.02127659574,0.04255319149,0,0,0.02127659574,0.04255319149,0,0,0,0,0,0,0,0,0,0,0,0,0,0,0,0,0,0
和倉温泉-総湯-,63,22,28,-0.2142857143,91,18,4.661016949,4.772727273,4.65,4.772727273,4.714285714,4.772727273,9.126984127,44,2,0.6666666667,18,0,0.8181818182,0.01587301587,0.253968254,0.1904761905,0.253968254,0.2063492063,0.07936507937,0,0,0,0,0.4126984127,0.5714285714,0.1746031746,0.2857142857,0.1111111111,0.1746031746,0.253968254,0.1111111111,0.06349206349,0.2222222222,0.2063492063,0,0,0.06349206349,0.03174603175,0.2063492063,0,0,0,0.126984127,0.6031746032,0.5396825397,0.03174603175,0,0,0,0.1587301587,0,0,0,0,0,0,0.06349206349,0,0.04761904762,0.06349206349,0.04761904762,0.03174603175,0.09523809524,0.1587301587,0.09523809524,0.04761904762,0.01587301587,0.126984127,0.06349206349,0.1111111111,0.06349206349,0.07936507937,0,0,0,0.01587301587,0.01587301587,0,0,0.01587301587,0,0.03174603175,0.09523809524,0.06349206349,0.253968254,0.04761904762,0.06349206349,0.07936507937,0.03174603175,0,0.01587301587,0,0.01587301587,0.01587301587,0.04761904762,0,0,0.04761904762,0.06349206349,0.03174603175,0,0.03174603175,0,0,0,0,0,0,0,0,0,0,0,0.01587301587,0,0,0,0,0
おくだや,42,42,0,,112,8,4.738095238,4.738095238,4.769230769,4.428571429,4.682926829,4.571428571,9.166666667,33,2,0.7380952381,33,2,0.7380952381,0,0.2142857143,0.1904761905,0.1666666667,0.1904761905,0.1904761905,0.04761904762,0,0,0,0.380952381,0.619047619,0.5714285714,0.2142857143,0.2142857143,0,0,0.02380952381,0.119047619,0.09523809524,0.1428571429,0,0,0.119047619,0.1428571429,0.09523809524,0,0,0,0.5952380952,0.7619047619,0.7142857143,0.02380952381,0,0,0,0.04761904762,0,0,0,0,0,0,0.04761904762,0,0.07142857143,0.02380952381,0.04761904762,0.07142857143,0.02380952381,0.09523809524,0.02380952381,0.1428571429,0.04761904762,0.119047619,0.1666666667,0.119047619,0.04761904762,0.07142857143,0,0,0,0,0,0,0,0,0,0,0.04761904762,0.02380952381,0.119047619,0.119047619,0,0.09523809524,0.09523809524,0.02380952381,0,0.02380952381,0.02380952381,0,0.09523809524,0.02380952381,0,0.04761904762,0.119047619,0,0.02380952381,0,0,0,0,0,0,0,0,0.04761904762,0.02380952381,0.02380952381,0,0,0,0,0,0,0.02380952381
海舟,37,37,0,,127,11,4.588235294,4.216216216,4.583333333,4.459459459,4.567567568,4.567567568,9.081081081,26,1,0.6756756757,26,1,0.6756756757,0,0.1351351351,0.2162162162,0.08108108108,0.4054054054,0.05405405405,0.1081081081,0,0,0,0.4054054054,0.5945945946,0.6216216216,0.1891891892,0.1351351351,0.05405405405,0,0.1081081081,0.05405405405,0.1351351351,0.5135135135,0,0,0.08108108108,0,0.02702702703,0,0,0,0.8918918919,0.9189189189,0.7027027027,0.02702702703,0,0,0,0,0,0,0,0,0,0,0.1081081081,0,0,0,0,0,0.08108108108,0,0.1891891892,0.05405405405,0.1081081081,0.02702702703,0.1081081081,0.1621621622,0.1081081081,0.1621621622,0,0,0,0,0,0,0,0,0.05405405405,0.02702702703,0.02702702703,0.02702702703,0.1351351351,0.08108108108,0,0.1081081081,0.1891891892,0.02702702703,0,0.05405405405,0,0,0.08108108108,0,0,0.02702702703,0.08108108108,0.02702702703,0,0.05405405405,0,0,0,0,0,0,0,0,0,0,0,0,0,0,0,0,0