エリア	施設	タイムスタンプ	個人情報保護の方針について	全行程での宿泊数をお答えください（石川県以外での宿泊も含みます）	石川県内での宿泊数をお答えください	石川県内での宿泊エリアをお答えください	石川県外での宿泊エリアをお答えください	今回はどなたと石川県を訪れていますか？	今回の石川県の訪問目的は何ですか？（複数選択可）	石川県外から訪れた方にお聞きします。今回は主にどのような交通手段で石川県に来られましたか。※2つまでお答えください	次に、 当施設  を訪れる際に利用した主な交通手段をお答えください。※2つまでお答えください	前の設問で「自家用車」「徒歩」以外を選択された方にお聞きします。当該の交通手段をお使いいただいた満足度をお聞かせください。	上記満足度の理由について、具体的に教えてください	今回の旅行またはお出かけにおける、石川県内での具体的な宿泊費をお答えください。（予定でも可/１人あたり）	今回の旅行またはお出かけにおける石川県内での具体的な交通費をお答えください。（予定でも可/１人あたり） ※石川県外からの交通費、石川県内での交通費を含む。	今回の旅行またはお出かけにおける、石川県内での具体的な現地消費額をお答えください。（予定でも可/１人あたり） ※飲食、買い物、体験・観光などの消費額合計 ※宿泊費、交通費を除く	これまでに   当施設   には何度訪れたことがありますか。	今回   当施設   を訪れる際に参考にした情報源は何ですか？（複数選択可）	当施設   の前に訪れた主な場所（施設やスポット名称、エリアなど）を、次の名称リストからひとつ選んでください。  ※名称リストにない場所の場合は、「選択なし/該当施設なし」を選び、次の設問でお答えください。 ※当施設   が最初に訪れた場所である場合は、「選択なし/該当施設なし」をお選びください。	上記名称リストにない場合について、具体的にお答えください。(前)	当施設   の後に訪れる予定の場所（施設やスポット名称、エリア）を、次の名称リストからひとつ選んでください  ※名称リストにない場所の場合は、「選択なし/該当施設なし」を選び、次の設問でお答えください。 ※当施設    が最後に訪れた場所である場合は、「選択なし/該当施設なし」をお選びください。	上記名称リストにない場合について、具体的にお答えください。(後)	当施設    における、消費総額をお答えください。（予定でも可/１人あたり）	当施設 における、商品・サービスの満足度をお答えください	上記満足度の理由につい具体的に教えてください。(サービス)	当施設   における、施設全体の満足度をお答えください。	上記満足度の理由につい具体的に教えてください。(施設全体)	当施設   において、不便を感じたり困ったことはありましたか。	上記不便を感じたり、困ったことについて具体的に教えてください	あなたは石川県への旅行または 当施設 へのお出かけを、どのくらい家族や友人に薦めたいと思いますか。 0（全く薦めたくない）～10（ぜひ薦めたい）でお答えください。	あなたが求めている   当施設   の飲食、土産、アクティビティについて、ご自由にご意見をお聞かせください	今後、再び石川県を訪れたいと思いますか	あなたが求めている石川県の飲食、土産、アクティビティについて、ご自由にご意見をお聞かせください。  (※必須項目です。無ければ「特になし」とご記入ください)	性別をお答えください	生まれた年をお答えください	お住いの都道府県をお答えください	お住いの市区町村をお答えください 例：新宿区	世帯年収をお答えください	アンケートに回答しようと思った動機をお答えください	旅全体の総合満足度を教えてください。	石川県への旅行を、どのくらい家族や友人に勧めたいと薦めたいと思いますか。 ０（まったく薦めたくない）～１０（ぜひ薦めたい）でお答え下さい。	今回の旅行またはお出かけにおいて、特に人に薦めたいと感じたものとその理由について具体的に教えてください。
金沢エリア	KKRホテル金沢	2026/09/12	同意する	1泊	1泊	金沢エリア  （湯涌温泉、深谷温泉、犀川温泉など）	石川県外には泊まらない	親	温泉や露天風呂, 地元の美味しいものを食べる, 名所、旧跡の観光	新幹線	徒歩			5,000円以上 10,000円未満	10,000円以上 20,000円未満	5,000円以上 10,000円未満	2～5回目	観光展・物産展, Instagram	兼六園		金沢21世紀美術館		1,000円以上 3,000円未満	とても満足	ゆったりと温泉に入ることができ、とても癒やされました。雨の日でも館内で十分楽しめるのがよかったです。ドリンクバーもあり、いろいろな種類のドライヤーやシャワーヘッドを試せるのも楽しかったです。食事のバイキングも楽しめて、ゆっくりと充実した時間を過ごすことができました。	とても満足		感じなかった		8		また行きたい（1年以内）	何事もゆったり時間を忘れて楽しめる	女	1998	東京都	新宿区	500万円以上 600万円未満	景品が当たる	満足	7	
金沢エリア	石川県観光物産館	2026/09/12	同意する	1泊	石川県内には宿泊しない	金沢エリア  （湯涌温泉、深谷温泉、犀川温泉など）	石川県外には泊まらない	親	宿でのんびり過ごす, 温泉や露天風呂, 地元の美味しいものを食べる, 名所、旧跡の観光, 各種体験（手作り、果物狩りなど）	新幹線	徒歩			5,000円以上 10,000円未満	10,000円以上 20,000円未満	5,000円以上 10,000円未満	2～5回目	観光展・物産展, Instagram	兼六園		尾山神社		3,000円以上 5,000円未満	満足	伝統的なお店が揃っているから	満足		感じなかった		8	和菓子作りが初めてだったが楽しめた！	機会があれば行きたい	体験	女	1998	東京都	新宿区	500万円以上 600万円未満	景品が当たる	とても満足	10	
金沢エリア	石川県立歴史博物館	2026/09/12	同意する	1泊	1泊	金沢エリア  （湯涌温泉、深谷温泉、犀川温泉など）	石川県外には泊まらない	中学生以上連れの家族	地元の美味しいものを食べる	新幹線	徒歩			10,000円以上 20,000円未満	5,000円以上 10,000円未満	5,000円以上 10,000円未満	初めて	新聞・雑誌・ガイドブック	選択なし/該当施設なし		兼六園		1,000円以上 3,000円未満	とても満足	センターに休む場所があって助かる。	満足	建物が分かれているので、やや見て回りにくい。	感じた	建物が分かれているので、やや見て回りにくい。	9	飲食ができるスペースがあって良い。	機会があれば行きたい	特になし。	男	1969	大阪府	枚方市	500万円以上 600万円未満	景品が当たる	とても満足	10	料理が美味しい。少々味が濃いが、それはそれでよかった。
金沢エリア	金沢中央観光案内所	2026/09/12	同意する	1泊	1泊	金沢エリア  （湯涌温泉、深谷温泉、犀川温泉など）	石川県外には泊まらない	夫婦2人	お祭りやイベントへの参加・見物, 笑ってノト！のお笑いイベントを観に。前泊して能登をドライブし数ヶ所で羽生結弦さんのパネルを写真に撮りました	レンタカー, 新幹線	徒歩			10,000円以上 20,000円未満	10,000円以上 20,000円未満	30,000円以上 40,000円未満	2～5回目	インターネット・アプリ	選択なし/該当施設なし	能登、珠洲市の道の駅、のと里山ポケモン・ウィズ・ユー空港など。上記のリストにあるところは過去に訪れています	選択なし/該当施設なし	北電ホール	5,000円以上 10,000円未満	満足	綺麗で見やすくトイレも使える。ただ羽生結弦さんのパネルが逆光で撮りにくいです	どちらでもない		感じなかった		6	まだ全体を把握していません	機会があれば行きたい	他県からも訪れたくなるイベントの開催（今回は笑ってノト）	女	1954	東京都	練馬区	1,500万円以上	景品が当たる	とても満足	9	都内からの交通の便が良い、見所も沢山ある
金沢エリア	石川県立歴史博物館	2026/09/12	同意する	3泊	3泊	金沢エリア  （湯涌温泉、深谷温泉、犀川温泉など）	石川県外には泊まらない	自分ひとり	名所、旧跡の観光	新幹線, 在来線	路線バス, 徒歩	とても満足	観光地等行きたい場所に全て路線バスで訪問出来る	40,000円以上 50,000円未満	20,000円以上 30,000円未満	30,000円以上 40,000円未満	初めて	新聞・雑誌・ガイドブック, 観光パンフレット・ポスター, インターネット・アプリ	兼六園		近江町市場		1,000円以上 3,000円未満	とても満足	事前情報どうりだった	とても満足	見応えのある展示物だった　1番最初に訪問し金沢の歴史を確認してから他の観光地を訪問した方が良かったかも	感じなかった		10		機会があれば行きたい	近江町市場での飲食	男	1972	群馬県	館林市	600万円以上 700万円未満	なんとなく	とても満足	10	金沢市内の歴史巡り　他の観光地よりも観光しやすいので
金沢エリア	KKRホテル金沢	2026/09/12	同意する	1泊	1泊	金沢エリア  （湯涌温泉、深谷温泉、犀川温泉など）	岐阜県	親	地元の美味しいものを食べる, 買い物、アウトレット, まちあるき、都市散策	旅行会社ツアーバス	旅行会社ツアーバス	満足	乗り換えの不便さがなく、定刻通りに到着したから	20,000円以上 30,000円未満	1,000円未満	50,000円以上 100,000円未満	初めて	観光展・物産展, 新聞・雑誌・ガイドブック, 観光パンフレット・ポスター	近江町市場		金沢21世紀美術館		40,000円以上 50,000円未満	満足	楽しく散策できました	満足	活気があり楽しかったです	感じなかった		7	新鮮な食材を食べれて満足です。海鮮、果物、コーヒー全てが美味しかったです。	機会があれば行きたい	鮮魚、果物、ビーバー菓子	女	1990	愛知県	名古屋市	300万円以上 400万円未満	景品が当たる, ひゃくまんさんが好き, ARでひゃくまんさんと写真が撮りたかった, 動く３Dひゃくまんさんを見たい, 石川県のおすすめ観光スポットが見たい, 石川県の雑学を知りたい	満足	7	新鮮な食材
金沢エリア	香林坊地下駐車場	2026/09/12	同意する	1泊	1泊	加賀エリア （山代温泉、山中温泉、片山津温泉、粟津温泉、辰口温泉、加賀市、小松市など）	石川県外には泊まらない	親	地元の美味しいものを食べる, 買い物、アウトレット	自家用車	自家用車			20,000円以上 30,000円未満	3,000円以上 5,000円未満	50,000円以上 100,000円未満	11回目以上	友人・知人	近江町市場		選択なし/該当施設なし		10,000円以上 20,000円未満	とても満足		とても満足		感じた	時間によって駐車場が混雑する	8		また行きたい（1年以内）	美味しい食べ物	男	1988	富山県	富山市	500万円以上 600万円未満	景品が当たる, ひゃくまんさんが好き	とても満足	10	
加賀エリア	ゆのくに天祥	2026/09/12	同意する	1泊	1泊	加賀エリア （山代温泉、山中温泉、片山津温泉、粟津温泉、辰口温泉、加賀市、小松市など）	石川県外には泊まらない	団体旅行	宿でのんびり過ごす, 温泉や露天風呂, 名所、旧跡の観光, まちあるき、都市散策	新幹線, 特急サンダーバード	旅行会社ツアーバス	満足	寝ていたらその間に着くというのは楽なので	20,000円以上 30,000円未満	3,000円以上 5,000円未満	10,000円以上 20,000円未満	2～5回目	観光連盟やDMOのHP, X(旧：Twitter)	選択なし/該当施設なし	兼六園	選択なし／該当施設なし	21世紀美術館、ひがし茶屋町	1,000円以上 3,000円未満	とても満足	無料のドリンクや小菓子、夜食のスープがあり、温泉卵作り体験を出来たのが良かった。特に温泉卵作りが無料で出来る宿はなかなかないはず。温泉も良かった	とても満足		感じなかった		9		機会があれば行きたい	特になし	女	1995	滋賀県	栗東市	400万円以上 500万円未満	景品が当たる	とても満足	9	ゆのくに天祥を勧めたい。施設内が充実しているしホスピタリティも良かったように思うため。
加賀エリア	辰口丘陵公園	2026/09/12	同意する	日帰り	4泊以上	白山エリア （一里野温泉、白峰温泉、白山市など）	石川県外には泊まらない	小学生以下連れの家族	テーマパーク（遊園地、動物園、博物館など）	県外から訪れていない（石川県内在住）	自家用車			1,000円未満	1,000円未満	1,000円未満	2～5回目	インターネット・アプリ	那谷寺		石川県立航空プラザ		1,000円未満	とても満足	子供が自転車に喜んでいた	とても満足	日陰もあって涼しく過ごせた	感じなかった		8		また行きたい（1年以内）	美味しい海鮮料理	男	1992	石川県	白山市	900万円以上 1,000万円未満	景品が当たる	とても満足	10	
加賀エリア	小松空港	2026/09/12	同意する	4泊以上	4泊以上	金沢エリア  （湯涌温泉、深谷温泉、犀川温泉など）	石川県外には泊まらない	小学生以下連れの家族	地元の美味しいものを食べる	自家用車, 飛行機	自家用車			100,000円以上	100,000円以上	10,000円以上 20,000円未満	11回目以上	X(旧：Twitter), Instagram	選択なし/該当施設なし	小松空港内のショップ	選択なし／該当施設なし		1,000円未満	とても満足	百万石のおにぎりがおいしかった。ちょい食べにちょうどよかった。	とても満足	トイレを利用したがとてもきれいだった。トイレがきれいなのはとても大事。	感じなかった		10	つきよみやまじなどめずらしいものがあって素晴らしい。	また行きたい（1年以内）	おいしいごはん、温泉があればいい。	女	1995	石川県	金沢市	800万円以上 900万円未満	景品が当たる, ひゃくまんさんが好き	とても満足	10	最近の金沢はすいていて観光しやすい。外国人が少ないように感じる。
加賀エリア	KAM能美市九谷焼美術館 (浅蔵五十吉記念館)	2026/09/12	同意する	1泊	1泊	金沢エリア  （湯涌温泉、深谷温泉、犀川温泉など）	石川県外には泊まらない	恋人	地元の美味しいものを食べる, テーマパーク（遊園地、動物園、博物館など）, まちあるき、都市散策, 各種体験（手作り、果物狩りなど）	自家用車	自家用車			10,000円以上 20,000円未満	10,000円以上 20,000円未満	5,000円以上 10,000円未満	初めて	インターネット・アプリ, 友人・知人	選択なし/該当施設なし		選択なし／該当施設なし	CERABO KUTANI	1,000円未満	満足		満足	穏やかで、ゆっくりと過ごしながら知的好奇心を満たすことができたから。	感じなかった		8		また行きたい（1年以内）	とにかく魚をたくさん食べたいです。	男	1996	愛知県	碧南市	500万円以上 600万円未満	景品が当たる, なんとなく	とても満足	10	海鮮に代表されるグルメや文化から。
加賀エリア	大江戸温泉物語Premium 山下家	2026/09/12	同意する	1泊	1泊	加賀エリア （山代温泉、山中温泉、片山津温泉、粟津温泉、辰口温泉、加賀市、小松市など）	石川県外には泊まらない	姉と娘	宿でのんびり過ごす, 名所、旧跡の観光	新幹線	サンダーバードと新幹線	満足	車内が綺麗、静か、座席の座り心地が良い。	10,000円以上 20,000円未満	20,000円以上 30,000円未満	10,000円以上 20,000円未満	初めて	娘が選んでくれた。	選択なし/該当施設なし	宿泊地の周りのお店や神社等を見た。	選択なし／該当施設なし	服部神社、魯山人いろは草庵、焼物の店等等。	5,000円以上 10,000円未満	どちらでもない	店はそれなり、草庵は感じがとても良い。宿泊施設はとても親切感じが良かった。	どちらでもない	普通の客、店にもそんなにメリットない。	感じなかった		8	何処の施設を言っいるのかわからん。	どちらともいえない	海鮮、食事は大満足、美味しいかった。	女	1950	大阪府	枚方市	700万円以上 800万円未満	娘が回答しておいてと言った。	満足	6	時間も無いし観るところが限られていたので、恐竜の博物館に行きたかったが、人に薦めるほどの所にいっていない。
加賀エリア	加賀の宿宝生亭	2026/09/12	同意する	1泊	1泊	加賀エリア （山代温泉、山中温泉、片山津温泉、粟津温泉、辰口温泉、加賀市、小松市など）	石川県外には泊まらない	小学生以下連れの家族	宿でのんびり過ごす, 温泉や露天風呂, 地元の美味しいものを食べる	自家用車	自家用車			50,000円以上 100,000円未満	5,000円以上 10,000円未満	3,000円以上 5,000円未満	初めて	はじめて箱のクーポン	選択なし/該当施設なし		選択なし／該当施設なし	加賀温泉駅の複合施設	5,000円以上 10,000円未満	とても満足	品揃えが良い	とても満足	設備がきれい	感じなかった		9		また行きたい（1年以内）	赤ちゃん連れ(特に0〜2歳児)で楽しめる場所があるとよい	女	1988	富山県	富山市	800万円以上 900万円未満	景品が当たる, ひゃくまんさんが好き, なんとなく	とても満足	10	赤ちゃん連れての宿泊に便利だった
加賀エリア	小松空港	2026/09/12	同意する	1泊	1泊	能登エリア （和倉温泉、七尾市、輪島市、珠洲市など）	石川県外には泊まらない	自分ひとり	地元の美味しいものを食べる, 出張など仕事関係	新幹線, 飛行機	路線バス	とても満足	スムーズに移動できた	5,000円以上 10,000円未満	5,000円以上 10,000円未満	1,000円以上 3,000円未満	6～10回目	インターネット・アプリ, 友人・知人	選択なし/該当施設なし	金沢駅	選択なし／該当施設なし	予定無し	1,000円未満	とても満足	快適に過ごせた	とても満足	混雑していない	感じなかった		10	お寿司を買いました	また行きたい（1年以内）	美味しい	男	1971	富山県	高岡市	300万円以上 400万円未満	景品が当たる, ひゃくまんさんが好き	とても満足	10	金沢駅の素晴らしさ
加賀エリア	ゆのくに天祥	2026/09/12	同意する	1泊	1泊	加賀エリア （山代温泉、山中温泉、片山津温泉、粟津温泉、辰口温泉、加賀市、小松市など）	福井県	夫婦2人	宿でのんびり過ごす, 温泉や露天風呂, 	自家用車	自家用車			50,000円以上 100,000円未満	10,000円以上 20,000円未満	1,000円以上 3,000円未満	初めて	新聞・雑誌・ガイドブック, インターネット・アプリ	月うさぎの里		ゆのくにの森		3,000円以上 5,000円未満	満足	また来て、ゆっくり各舘を見たい、	とても満足		感じなかった		10		また行きたい（1年以内）	海鮮	男	1954	滋賀県	甲賀市	1,200万円以上 1,500万円未満	なんとなく	とても満足	10	
加賀エリア	トレインパーク白山	2026/09/12	同意する	2泊	2泊	金沢エリア  （湯涌温泉、深谷温泉、犀川温泉など）	石川県外には泊まらない	小学生以下連れの家族	地元の美味しいものを食べる, 名所、旧跡の観光, テーマパーク（遊園地、動物園、博物館など）	新幹線	路線バス	とても満足	チケットとセットになっていた。	20,000円以上 30,000円未満	30,000円以上 40,000円未満	20,000円以上 30,000円未満	初めて	新聞・雑誌・ガイドブック, TV・ラジオ番組やCM, X(旧：Twitter), Instagram	選択なし/該当施設なし		選択なし／該当施設なし		3,000円以上 5,000円未満	とても満足	シュミレーター最高	とても満足	鉄道好きにはたまらない	感じなかった		10		また行きたい（1年以内）	鉄道好きの子どもと訪れるには最高。	女	1981	広島県	広島市	800万円以上 900万円未満	景品が当たる	とても満足	10	食べ物がおいしい
加賀エリア	サイエンスヒルズこまつ ひととものづくり科学館	2026/09/12	同意する	3泊	3泊	加賀エリア （山代温泉、山中温泉、片山津温泉、粟津温泉、辰口温泉、加賀市、小松市など）	石川県外には泊まらない	友人	地元の美味しいものを食べる, 名所、旧跡の観光, 買い物、アウトレット, 友人・親戚を訪ねる	飛行機	自家用車			5,000円以上 10,000円未満	20,000円以上 30,000円未満	30,000円以上 40,000円未満	初めて	観光連盟やDMOのHP, インターネット・アプリ, 友人・知人	選択なし/該当施設なし	苔の里、安宅の関	選択なし／該当施設なし		1,000円未満	満足	冷房を強くしてほしい	とても満足		感じなかった		7		機会があれば行きたい	魚介を食べたい	男	1992	神奈川県	横浜市	300万円以上 400万円未満	景品が当たる	とても満足	10	
能登エリア	自家焙煎喫茶 中央茶廊	2026/09/12	同意する	3泊	3泊	加賀エリア （山代温泉、山中温泉、片山津温泉、粟津温泉、辰口温泉、加賀市、小松市など）	石川県外には泊まらない	自分ひとり	蓮ノ空(ラブライブ)とコラボキャンペーンの周遊	新幹線	路線バス	どちらでもない	時間によってはアクセスが良いが、道路状況やダイヤによっては乗り換えの接続が悪い。特に日曜ダイヤで旅程を考えるのに苦労する。	30,000円以上 40,000円未満	20,000円以上 30,000円未満	50,000円以上 100,000円未満	初めて	観光連盟やDMOのHP, インターネット・アプリ	選択なし/該当施設なし	穴水駅	能登食祭市場		1,000円以上 3,000円未満	満足	美味しかった	満足	店内の雰囲気が良かった、朝早く営業してるので朝ごはんをここで食べれた	感じなかった		7		また行きたい（1年以内）	観光ではなかなか見かけない家庭的な郷土料理が食べれたらいいなあと思ってます(なすそうめんなど)	男	1996	神奈川県	茅ヶ崎市	100万円以上 200万円未満	なんとなく	満足	10	
能登エリア	海舟	2026/09/12	同意する	2泊	1泊	能登エリア （和倉温泉、七尾市、輪島市、珠洲市など）	福井県	夫婦2人	宿でのんびり過ごす, 温泉や露天風呂	自家用車	自家用車			30,000円以上 40,000円未満	1,000円以上 3,000円未満	5,000円以上 10,000円未満	2～5回目	インターネット・アプリ	能登食祭市場		千里浜なぎさドライブウェイ	気多大社	30,000円以上 40,000円未満	満足	接客を始め充実している。	とても満足	非日常を感じゆったりと落ち着く。	感じなかった		10	食事は美しく美味しい。土産は押さえているようだ。	また行きたい（1年以内）	気軽にと言うより、味、質が高いというイメージ。気軽に	男	1963	栃木県	足利市	500万円以上 600万円未満	景品が当たる, なんとなく	とても満足	10	能登、この宿を味わって頂きたい。
能登エリア	のと里山空港	2026/09/12	同意する	1泊	1泊	金沢エリア  （湯涌温泉、深谷温泉、犀川温泉など）	石川県外には泊まらない	中学生以上連れの家族	名所、旧跡の観光	自家用車	自家用車			5,000円以上 10,000円未満	10,000円以上 20,000円未満	3,000円以上 5,000円未満	2～5回目	インターネット・アプリ, X(旧：Twitter)	のとじま水族館		能登食祭市場		1,000円以上 3,000円未満	とても満足	楽しかった	とても満足	ポケモン	感じなかった		10		また行きたい（1年以内）	特になし	女	1969	静岡県	浜松市	500万円以上 600万円未満	景品が当たる	とても満足	2	ぽけふた
能登エリア	出張輪島朝市 inワイプラザ輪島店	2026/09/12	同意する	2泊	2泊	能登エリア （和倉温泉、七尾市、輪島市、珠洲市など）	石川県外には泊まらない	夫婦2人	地元の美味しいものを食べる	新幹線, 旅行会社ツアーバス	旅行会社ツアーバス	満足	食べ物が美味しい	10,000円以上 20,000円未満	50,000円以上 100,000円未満	10,000円以上 20,000円未満	2～5回目	観光展・物産展, 新聞・雑誌・ガイドブック, 観光パンフレット・ポスター	千里浜なぎさドライブウェイ	總持寺	選択なし／該当施設なし	青の洞窟	1,000円以上 3,000円未満	満足	景色が良かった	満足	景色が良かった	感じなかった	特に無し	10	全体に良かったです	機会があれば行きたい	観光地	男	1955	大阪府	枚方市	100万円未満	景品が当たる	とても満足	10	クーポンがある
能登エリア	のとじま水族館	2026/09/12	同意する	日帰り	石川県内には宿泊しない	石川県内には宿泊しない	石川県在住	小学生以下連れの家族	テーマパーク（遊園地、動物園、博物館など）	県外から訪れていない（石川県内在住）	自家用車	どちらでもない	特になし	3,000円以上 5,000円未満	3,000円以上 5,000円未満	3,000円以上 5,000円未満	11回目以上	観光パンフレット・ポスター	選択なし/該当施設なし		選択なし／該当施設なし		1,000円以上 3,000円未満	満足	ジンベイザメがいれば良かったです	どちらでもない	ウミガメの所の展示を他の目玉になるような生き物にしてほしい。（大型のワニなど）	感じなかった		7		石川県在住	特になし	男	1984	石川県	白山市	600万円以上 700万円未満	なんとなく	どちらでもない	5	
能登エリア	休暇村能登千里浜	2026/09/12	同意する	1泊	1泊	能登エリア （和倉温泉、七尾市、輪島市、珠洲市など）	石川県外には泊まらない	夫婦2人	地元の美味しいものを食べる, 名所、旧跡の観光	自家用車	自家用車			10,000円以上 20,000円未満	20,000円以上 30,000円未満	50,000円以上 100,000円未満	2～5回目	インターネット・アプリ	選択なし/該当施設なし	道の駅千里浜	選択なし／該当施設なし	休暇村能登千里浜	30,000円以上 40,000円未満	とても満足	食事、温泉、宿の施設などどれも最高	とても満足	食事が良かった。	感じた	インターネットが繋がりにくかった。	9	天気が良ければ星空観察ができる。	機会があれば行きたい	海鮮を食べに来たが、近江町市場では値段が高く感じる。提供された商品と値段がマッチしていない。旅行者向けの値段設定かなと感じる。	男	1959	大阪府	泉南郡	1,200万円以上 1,500万円未満	景品が当たる, 石川県のおすすめ観光スポットが見たい	とても満足	9	宿
能登エリア	道の駅「赤神」	2026/09/12	同意する	日帰り	石川県内には宿泊しない	石川県内には宿泊しない	日帰り	小学生以下連れの家族	まちあるき、都市散策	県外から訪れていない（石川県内在住）	自家用車			使わない	1,000円以上 3,000円未満	1,000円以上 3,000円未満	2～5回目	観光協会等の案内所	選択なし/該当施設なし	道の駅　ころ柿のさとしか	千里浜なぎさドライブウェイ		1,000円以上 3,000円未満	満足	ご飯を食べたが、美味しかった。ちょっと少ない。	満足	人が優しい。	感じた	紙ナプキンやティッシュが有れば良かった。	8	美味しかったです。外のホワイトボードのペンがつかない。	石川県在住	美味しいお米、魚、肉、野菜。普通の定食で美味しいと思える。	女	1972	石川県	金沢市	400万円以上 500万円未満	ひゃくまんさんが好き	満足	9	ポケモンスタンプラリーにより、今まで行ったことのない道の駅にも行こうと思える。
能登エリア	和倉温泉-総湯-	2026/09/12	同意する	2泊	2泊	金沢エリア  （湯涌温泉、深谷温泉、犀川温泉など）	石川県外には泊まらない	友人	温泉や露天風呂, 地元の美味しいものを食べる	新幹線	レンタカー	とても満足	お魚が新鮮で美味しい。温泉施設が綺麗。清掃が行き届いている。説明が親切。	10,000円以上 20,000円未満	20,000円以上 30,000円未満	50,000円以上 100,000円未満	初めて	インターネット・アプリ, Instagram, 友人・知人	能登食祭市場		選択なし／該当施設なし	金沢市内	1,000円未満	とても満足	建物もお湯もきれい	とても満足		感じなかった		10		機会があれば行きたい	美味しいものばかりです	女	1963	神奈川県	厚木市	400万円以上 500万円未満	景品が当たる	とても満足	10	和倉温泉の、お湯の良さ さらりとしたお湯で湯上がりもポカポカ 
能登エリア	のとじま水族館	2026/09/12	同意する	2泊	2泊	金沢エリア  （湯涌温泉、深谷温泉、犀川温泉など）	石川県外には泊まらない	夫婦2人	温泉や露天風呂, 地元の美味しいものを食べる, 名所、旧跡の観光, まちあるき、都市散策	新幹線	レンタカー	満足	ほどよい距離感	10,000円以上 20,000円未満	20,000円以上 30,000円未満	40,000円以上 50,000円未満	初めて	インターネット・アプリ, Instagram, 友人・知人, 観光協会等の案内所	選択なし/該当施設なし		千里浜なぎさドライブウェイ		1,000円以上 3,000円未満	満足	ジンベイザメがおらず残念。空飛ぶイルカが見れず残念。	満足	きれいに掃除が行き届いている	感じなかった		9	充実していて良かった。ポケモンのスタンプラリーも面白かった。	また行きたい（1年以内）	ここでしか食べれないもの	女	1986	広島県	福山市	700万円以上 800万円未満	景品が当たる	とても満足	10	グルメとお酒
能登エリア	能登島家族旅行村 Weランド	2026/09/12	同意する	1泊	1泊	能登エリア （和倉温泉、七尾市、輪島市、珠洲市など）	石川県外には泊まらない	友人	宿でのんびり過ごす	自家用車	自家用車	満足	のどかなところ	5,000円以上 10,000円未満	10,000円以上 20,000円未満	1,000円未満	6～10回目	インターネット・アプリ	千里浜なぎさドライブウェイ		のとじま水族館		5,000円以上 10,000円未満	満足	しんせつ	満足	きれい	感じなかった		6		また行きたい（1年以内）	キャンプ	男	1962	愛知県	西尾市	400万円以上 500万円未満	石川県の雑学を知りたい	どちらでもない	10	さいがいふっこう 
金沢エリア	ひがし茶屋休憩館	2026/09/12	同意する	1泊	1泊	金沢エリア  （湯涌温泉、深谷温泉、犀川温泉など）	石川県外には泊まらない	夫婦2人	スポーツ観戦や芸術鑑賞（コンサート等）	新幹線	徒歩			5,000円以上 10,000円未満	30,000円以上 40,000円未満	10,000円以上 20,000円未満	2～5回目	新聞・雑誌・ガイドブック, インターネット・アプリ	近江町市場	forus	ひがし茶屋街		3,000円以上 5,000円未満	満足	素敵な雰囲気	満足	素敵な雰囲気	感じなかった		8		また行きたい（1年以内）	欲しい物がたくさんあります	女	1965	神奈川県	三浦郡葉山町	300万円以上 400万円未満	景品が当たる	とても満足	8	九谷焼
金沢エリア	金沢城公園	2026/09/12	同意する	1泊	1泊	加賀エリア （山代温泉、山中温泉、片山津温泉、粟津温泉、辰口温泉、加賀市、小松市など）	石川県外には泊まらない	夫婦2人	地元の美味しいものを食べる, 名所、旧跡の観光, ドライブ・ツーリング	レンタカー	レンタカー	満足	パーキングが数多くある	20,000円以上 30,000円未満	20,000円以上 30,000円未満	10,000円以上 20,000円未満	2～5回目	インターネット・アプリ, X(旧：Twitter), Instagram, 友人・知人	近江町市場		兼六園		1,000円未満	満足	模型を見るとわかりやすかった	満足	広大な土地でリフレッシュできた	感じた	広いので途中で少し疲れた	8	次の機会にライトアップをみたい	また行きたい（1年以内）	特になし	男	1997	大阪府	鶴見区	900万円以上 1,000万円未満	景品が当たる	満足	9	海鮮系が美味しいので薦めたい
金沢エリア	金沢駅	2026/09/12	同意する	4泊以上	1泊	金沢エリア  （湯涌温泉、深谷温泉、犀川温泉など）	富山県	夫婦2人	宿でのんびり過ごす, 地元の美味しいものを食べる, 名所、旧跡の観光	新幹線	路線バス, ホテル送迎バス	満足	本数もあって、色々な支払いに対応していた。	10,000円以上 20,000円未満	1,000円未満	10,000円以上 20,000円未満	初めて	新聞・雑誌・ガイドブック, X(旧：Twitter), Instagram	ひがし茶屋街		選択なし/該当施設なし	金沢城痕	1,000円以上 3,000円未満	満足	ボランティアの解説、ミニシアターなど歴史の解説があり、理解を深められ、豆皿茶屋でもゆったり飲食をできた。	満足	お土産を買い求めて、たくさんのものが買えた。	感じなかった		8		また行きたい（1年以内）	地産地消されてるのが強い。東茶屋街でもブルーベリーやいちじくが能登で取れた希少なものであったり、旅行者にはそう言う印象がとてもよく感じる。	男	1977	神奈川県	川崎宮前区	800万円以上 900万円未満	景品が当たる, ひゃくまんさんが好き	満足	9	金沢の観光スポット全体が、凝縮されていて自然や文化施設、何よりも食やお酒が楽しめて、ホテルのおもてなしも最後で、北陸観光にまた来ます。
金沢エリア	金沢中央観光案内所	2026/09/12	同意する	1泊	1泊	金沢エリア  （湯涌温泉、深谷温泉、犀川温泉など）	石川県外には泊まらない	自分ひとり	出張など仕事関係	新幹線	徒歩	とても満足	金沢はいい街である。	10,000円以上 20,000円未満	20,000円以上 30,000円未満	10,000円以上 20,000円未満	6～10回目	友人・知人	尾山神社		選択なし/該当施設なし	金沢城公園等	10,000円以上 20,000円未満	満足	駅直結で利用しやすい	満足	部屋等清掃が行き届いている	感じなかった		9		また行きたい（1年以内）	特になし	男	1956	東京都	小平市	600万円以上 700万円未満	ひゃくまんさんが好き	とても満足	9	良い印象を持っている
金沢エリア	トリフィートホテル&ポッド金沢百万石通	2026/09/12	同意する	1泊	1泊	金沢エリア  （湯涌温泉、深谷温泉、犀川温泉など）	石川県外には泊まらない	自分ひとり	地元の美味しいものを食べる, まちあるき、都市散策, ドライブ・ツーリング	オートバイ	オートバイ	とても満足	天気良く気持ち良かった	5,000円以上 10,000円未満	1,000円以上 3,000円未満	20,000円以上 30,000円未満	6～10回目	インターネット・アプリ	選択なし/該当施設なし		選択なし/該当施設なし	駅周辺飲み屋	10,000円以上 20,000円未満	とても満足	楽しい	とても満足	すぐ友達になれる	感じなかった		5		また行きたい（1年以内）	飲食の物価が高い	男	1970	大阪府	池田市	1,000万円以上 1,200万円未満	景品が当たる	満足	10	観光地いっぱいで街も賑やかで楽しい
金沢エリア	前田土佐守家資料館	2026/09/12	同意する	4泊以上	4泊以上	加賀エリア （山代温泉、山中温泉、片山津温泉、粟津温泉、辰口温泉、加賀市、小松市など）	石川県外には泊まらない	自分ひとり	出張など仕事関係	新幹線, 在来線	路線バス			使わない	5,000円以上 10,000円未満	5,000円以上 10,000円未満	初めて	観光協会等の案内所	選択なし/該当施設なし		尾山神社		1,000円以上 3,000円未満	とても満足	受付の方が親切でした	満足	館内が綺麗だった	感じなかった		8		機会があれば行きたい	各所に記念スタンプがもっと増えると嬉しいです。	女	1973	神奈川県	横浜市	400万円以上 500万円未満	なんとなく	とても満足	10	金沢城と兼六園。とても素敵だったから。
金沢エリア	石川県立美術館	2026/09/12	同意する	日帰り	石川県内には宿泊しない	石川県内には宿泊しない	石川県外には泊まらない	恋人	テーマパーク（遊園地、動物園、博物館など）	県外から訪れていない（石川県内在住）	自家用車			使わない	1,000円未満	3,000円以上 5,000円未満	11回目以上	新聞・雑誌・ガイドブック, 観光パンフレット・ポスター, インターネット・アプリ, Instagram	選択なし/該当施設なし	県立美術館　工芸館	選択なし/該当施設なし		1,000円以上 3,000円未満	満足		とても満足	駐車料金がかからなかった	感じなかった		10		また行きたい（1年以内）	石川でしか味わえないもの、体験できないものを楽しみたい	女	1971	石川県	鹿島郡	300万円以上 400万円未満	景品が当たる	満足	10	
金沢エリア	香林坊地下駐車場	2026/09/12	同意する	日帰り	石川県内には宿泊しない	石川県内には宿泊しない	石川県在住です	中学生以上連れの家族	まちあるき、都市散策	自家用車	自家用車	とても満足	とても便利	使わない	1,000円未満	10,000円以上 20,000円未満	11回目以上	新聞・雑誌・ガイドブック, TV・ラジオ番組やCM	金沢21世紀美術館		近江町市場		3,000円以上 5,000円未満	とても満足		とても満足	見どころが沢山あった	感じなかった		10	展示がよかった	また行きたい（1年以内）	食べ物は美味しく、近くにいっぱい見どころがありオススメです。	女	1972	石川県	中能登町	700万円以上 800万円未満	景品が当たる	とても満足	10	親
加賀エリア	小松空港	2026/09/12	同意する	2泊	2泊	金沢エリア  （湯涌温泉、深谷温泉、犀川温泉など）	石川県外には泊まらない	夫婦2人	名所、旧跡の観光, テーマパーク（遊園地、動物園、博物館など）, まちあるき、都市散策	飛行機	路線バス	満足	金沢駅からのシャトルバスを利用したが快適だった	5,000円以上 10,000円未満	20,000円以上 30,000円未満	3,000円以上 5,000円未満	初めて	X(旧：Twitter), Instagram, YouTube	選択なし/該当施設なし	候補にならなかった	選択なし／該当施設なし	候補にならなかった	1,000円未満	どちらでもない	通過しただけで、特になし	どちらでもない	特になし。	感じなかった		6		また行きたい（1年以内）	特になし	女	1986	福岡県	福岡市博多区	800万円以上 900万円未満	景品が当たる, 石川県のおすすめ観光スポットが見たい, 石川県の雑学を知りたい	とても満足	9	金沢はご飯も観光地もとれも素晴らしかった。
加賀エリア	萬松園あいうえおの杜	2026/09/12	同意する	日帰り	石川県内には宿泊しない	石川県内には宿泊しない	福井県	小学生以下連れの家族	ドライブ・ツーリング	自家用車	自家用車			使わない	1,000円未満	使わない	初めて	インターネット・アプリ	那谷寺		選択なし／該当施設なし		使わない	不満	子供の遊び場が少ない	不満	自販機がない	感じた	自販機がない	2	軽食もほしい	また行きたい（1年以内）	大きな道の駅	男	1985	福井県	坂井市	600万円以上 700万円未満	景品が当たる	どちらでもない	5	
加賀エリア	いしかわ動物園	2026/09/12	同意する	日帰り	石川県内には宿泊しない	石川県内には宿泊しない	石川県外には泊まらない	小学生以下連れの家族	テーマパーク（遊園地、動物園、博物館など）, お祭りやイベントへの参加・見物, ドライブ・ツーリング	自家用車	自家用車			使わない	3,000円以上 5,000円未満	1,000円以上 3,000円未満	6～10回目	インターネット・アプリ, Instagram	選択なし/該当施設なし	辰口丘陵公園	選択なし／該当施設なし		1,000円以上 3,000円未満	満足		満足		感じた	整理券が必要なものがあり、そのアナウンスが聞こえなかったり分かりづらいものがあった。	8		石川県在住	特になし	女	1992	石川県	金沢市	200万円以上 300万円未満	景品が当たる	満足	9	
加賀エリア	ゆのくに天祥	2026/09/12	同意する	4泊以上	4泊以上	加賀エリア （山代温泉、山中温泉、片山津温泉、粟津温泉、辰口温泉、加賀市、小松市など）	石川県外には泊まらない	自分ひとり	宿でのんびり過ごす, 温泉や露天風呂, 地元の美味しいものを食べる, 名所、旧跡の観光, 買い物、アウトレット, まちあるき、都市散策, ラブライブ！蓮ノ空女学院スクールアイドルクラブとのコラボレーション、スタンプラリーへの参加	新幹線	在来線	満足	椅子が良い	20,000円以上 30,000円未満	50,000円以上 100,000円未満	30,000円以上 40,000円未満	2～5回目	X(旧：Twitter), 友人・知人, ラブライブ！蓮ノ空女学院スクールアイドルクラブ内での言及	選択なし/該当施設なし	山中温泉、山代温泉、粟津温泉	選択なし／該当施設なし	片山津温泉	5,000円以上 10,000円未満	とても満足	従業員の気遣い、サービスが気持ちいい。アメニティが豊富、無料で楽しめるものが多い。装飾がハロウィン仕様で楽しい。部屋の中がシンプルに良い。	とても満足	上記記載に加え、全体でおもてなしをしようとする心遣いを感じた	感じた	共用で複数のwifiがあるが、やはり使用人数によってはつながり辛くなる時間帯はあった	10	毎回温泉卵サービスで嬉しくなります	また行きたい（1年以内）	特になし	男	1991	神奈川県	川崎市多摩区	500万円以上 600万円未満	景品が当たる, シンプルに楽しい旅だったので！	とても満足	10	まずご飯、お酒がとても美味しい。観光地としての導線に優れており移動しやすい。人が良い。
加賀エリア	小松空港	2026/09/12	同意する	4泊以上	石川県内には宿泊しない	金沢エリア  （湯涌温泉、深谷温泉、犀川温泉など）	石川県外には泊まらない	自分ひとり	出張など仕事関係	飛行機	路線バス	満足		50,000円以上 100,000円未満	30,000円以上 40,000円未満	30,000円以上 40,000円未満	2～5回目	新聞・雑誌・ガイドブック, 観光パンフレット・ポスター	選択なし/該当施設なし	金沢駅	選択なし／該当施設なし		1,000円以上 3,000円未満	満足		とても満足		感じなかった		10		機会があれば行きたい	土日以外の観光バスがあればもっとよかった	女	1965	福岡県	福岡市東区	200万円以上 300万円未満	景品が当たる	とても満足	10	石川県立図書館
能登エリア	道の駅「すず塩田村」	2026/09/12	同意する	1泊	1泊	能登エリア （和倉温泉、七尾市、輪島市、珠洲市など）	石川県外には泊まらない	小学生以下連れの家族	地元の美味しいものを食べる	自家用車	自家用車			10,000円以上 20,000円未満	5,000円以上 10,000円未満	20,000円以上 30,000円未満	初めて	ポケモンスタンプラリー	千里浜なぎさドライブウェイ		禄剛崎灯台		3,000円以上 5,000円未満	満足	子供達がソフトクリームおいしかったと言っていた	満足	塩について詳しくなれた、景色もいい	感じなかった		8		また行きたい（1年以内）	新鮮な海鮮料理	男	1987	石川県	野々市市	700万円以上 800万円未満	石川県のおすすめ観光スポットが見たい	とても満足	10	
能登エリア	のとじま水族館	2026/09/12	同意する	2泊	1泊	能登エリア （和倉温泉、七尾市、輪島市、珠洲市など）	石川県外には泊まらない	友人	宿でのんびり過ごす	自家用車	自家用車			5,000円以上 10,000円未満	5,000円以上 10,000円未満	3,000円以上 5,000円未満	6～10回目	インターネット・アプリ	千里浜なぎさドライブウェイ		道の駅のとじま		3,000円以上 5,000円未満	満足	やさしい	満足	きれい	感じなかった		8		また行きたい（1年以内）	キャンプ	男	1962	愛知県	西尾市	300万円以上 400万円未満	石川県のおすすめ観光スポットが見たい	満足	10	さいがいふっこう
能登エリア	道の駅輪島	2026/09/12	同意する	日帰り	石川県内には宿泊しない	石川県内には宿泊しない	石川県外には泊まらない	恋人	まちあるき、都市散策, ポケモン巡り	自家用車	自家用車			使わない	使わない	5,000円以上 10,000円未満	初めて	X(旧：Twitter)	禄剛崎灯台		選択なし／該当施設なし		1,000円未満	どちらでもない	営業時間に間に合わなかったため	どちらでもない	営業時間に間に合わなかったため	感じなかった		8		また行きたい（1年以内）	特になし	女	1997	富山県	小矢部市	400万円以上 500万円未満	景品が当たる	とても満足	10	ポケモン空港は見ているだけで楽しかった。他ポケふたを探すのも楽しかった
能登エリア	味な宿　宝仙閣	2026/09/12	同意する	1泊	2泊	能登エリア （和倉温泉、七尾市、輪島市、珠洲市など）	石川県外には泊まらない	母、妻、娘と4人	温泉や露天風呂, 地元の美味しいものを食べる, 名所、旧跡の観光, 買い物、アウトレット, まちあるき、都市散策, 友人・親戚を訪ねる	新幹線	レンタカー	満足	和倉温泉まではレンタカーで移動したので満足しているが、車以外の交通手段はなさそう。	20,000円以上 30,000円未満	20,000円以上 30,000円未満	5,000円以上 10,000円未満	2～5回目	インターネット・アプリ	選択なし/該当施設なし	七尾城	道の駅のとじま		3,000円以上 5,000円未満	満足	年季は入っているが、丁寧な接客と細やかな維持管理の姿勢が感じられたから。	満足	食事を食べてみて、きっと美味しいと思えるだろうから。	感じなかった		9	よいと思う。	機会があれば行きたい	新鮮な海産物	男	1967	千葉県	富津市	900万円以上 1,000万円未満	景品が当たる, 石川県のおすすめ観光スポットが見たい, 石川県の雑学を知りたい	とても満足	10	県民の皆さんの復興に向けた姿勢をみてみて応援してほしいから。
能登エリア	漆と大人の隠れ宿 お宿たなか	2026/09/12	同意する	2泊	2泊	能登エリア （和倉温泉、七尾市、輪島市、珠洲市など）	石川県外には泊まらない	親	宿でのんびり過ごす, 地元の美味しいものを食べる, 名所、旧跡の観光, 買い物、アウトレット, まちあるき、都市散策	飛行機	レンタカー	とても満足	無人受付のレンタカーだったので、利用開始までの時間が大幅に短縮できた。	40,000円以上 50,000円未満	40,000円以上 50,000円未満	100,000円以上	初めて	TV・ラジオ番組やCM, インターネット・アプリ	千里浜なぎさドライブウェイ		輪島朝市		20,000円以上 30,000円未満	とても満足	ご飯が記憶に残りそうなくらい美味しかったのと、部屋の趣向を凝らしてて素晴らしかった	とても満足	同上	感じなかった		10		機会があれば行きたい	特産を生かしたスパとかあると嬉しいです。	女	1994	東京都	品川区	1,200万円以上 1,500万円未満	景品が当たる, なんとなく	とても満足	10	
能登エリア	漆と大人の隠れ宿 お宿たなか	2026/09/12	同意する	2泊	2泊	能登エリア （和倉温泉、七尾市、輪島市、珠洲市など）	石川県外には泊まらない	親	地元の美味しいものを食べる, 名所、旧跡の観光, 買い物、アウトレット, お祭りやイベントへの参加・見物	飛行機	レンタカー	どちらでもない	手続きが面倒だから	30,000円以上 40,000円未満	30,000円以上 40,000円未満	10,000円以上 20,000円未満	11回目以上	インターネット・アプリ	選択なし/該当施設なし	宝達志水	輪島朝市		30,000円以上 40,000円未満	とても満足	おもてなし度合いがハンパない	とても満足	隅々まで行き届いている	感じなかった		10	絶対失敗がないので安心感がある	また行きたい（1年以内）	復旧復興のアピールが出来るもの	女	1971	神奈川県	鎌倉市	1,000万円以上 1,200万円未満	景品が当たる	満足	8	宿:ゆっくり出来る
能登エリア	アストロコテージ	2026/09/12	同意する	2泊	2泊	能登エリア （和倉温泉、七尾市、輪島市、珠洲市など）	石川県外には泊まらない	自分ひとり	温泉や露天風呂, 地元の美味しいものを食べる, 名所、旧跡の観光, 各種体験（手作り、果物狩りなど）	新幹線	旅行会社ツアーバス	とても満足	能登の遠くまで回れて良かった	20,000円以上 30,000円未満	40,000円以上 50,000円未満	40,000円以上 50,000円未満	初めて	観光パンフレット・ポスター, インターネット・アプリ, X(旧：Twitter), Instagram, ブログ	選択なし/該当施設なし	能登里山空港	選択なし／該当施設なし	珠州市えんむすびーち	1,000円以上 3,000円未満	とても満足	係の人が丁寧だった	とても満足	周りの景色が良かった	感じなかった		7	近くに公園もあって遊びやすい	また行きたい（1年以内）	寿司、ソフトクリーム、九谷焼絵付体験	女	1987	東京都	江東区	300万円以上 400万円未満	景品が当たる, ひゃくまんさんが好き, ARでひゃくまんさんと写真が撮りたかった	とても満足	10	ポケモンのとめぐりバス　車を運転できなくても観光しやすい
能登エリア	のとじま水族館	2026/09/12	同意する	2泊	2泊	能登エリア （和倉温泉、七尾市、輪島市、珠洲市など）	石川県外には泊まらない	自分ひとり	温泉や露天風呂, 地元の美味しいものを食べる, 名所、旧跡の観光, テーマパーク（遊園地、動物園、博物館など）, 各種体験（手作り、果物狩りなど）	新幹線	路線バス	満足	2時間に一本しかないけど2時間に一本でもあることがありがたい	20,000円以上 30,000円未満	30,000円以上 40,000円未満	30,000円以上 40,000円未満	初めて	インターネット・アプリ, X(旧：Twitter), Instagram, ブログ	能登食祭市場		道の駅のとじま		5,000円以上 10,000円未満	とても満足	ショーがたくさんあって楽しかった	とても満足	広くて一日いられた	感じなかった		10	スタンプラリーがまたあったらいいなと思います	また行きたい（1年以内）	工芸体験、寿司、温泉	女	1987	東京都	江東区	300万円以上 400万円未満	景品が当たる, ひゃくまんさんが好き, ARでひゃくまんさんと写真が撮りたかった	とても満足	10	のとじま水族館　10分起きにある魚のショーが見応えあって楽しかった
能登エリア	のとのわ	2026/09/13	同意する	1泊	1泊	能登エリア （和倉温泉、七尾市、輪島市、珠洲市など）	石川県外には泊まらない	夫婦2人	地元の美味しいものを食べる, 名所、旧跡の観光, まちあるき、都市散策, ドライブ・ツーリング	自家用車	自家用車			10,000円以上 20,000円未満	5,000円以上 10,000円未満	5,000円以上 10,000円未満	初めて	インターネット・アプリ	禄剛崎灯台	青の洞窟　ランプの宿　白米千枚田　能登島　能登キリコ　須須神社　氣多大社　	選択なし／該当施設なし		使わない	満足	手入れの行き届いた管理	満足	手入れの行き届いた管理	感じた	道路が狭くて急な登坂	7		機会があれば行きたい	新鮮な魚介類　キリコのお祭り鑑賞　　	女	1977	長野県	大町市	100万円以上 200万円未満	景品が当たる	満足	8	海がきれい　 復興を願います
金沢エリア	スーパーホテルPremier金沢駅東口	2026/09/13	同意する	4泊以上	4泊以上	金沢エリア  （湯涌温泉、深谷温泉、犀川温泉など）	石川県外には泊まらない	職場の同僚	出張など仕事関係	新幹線	徒歩			10,000円以上 20,000円未満	10,000円以上 20,000円未満	10,000円以上 20,000円未満	6～10回目	インターネット・アプリ	兼六園		ひがし茶屋街		5,000円以上 10,000円未満	満足	シンプルで良い	満足	コンパクト	感じなかった		10	お風呂のお湯が少ない	また行きたい（1年以内）	特に無し	男	1963	広島県	東広島市	500万円以上 600万円未満	景品が当たる, なんとなく	満足	10	食べ物が美味しい
金沢エリア	妙立寺	2026/09/13	同意する	2泊	1泊	金沢エリア  （湯涌温泉、深谷温泉、犀川温泉など）	富山県	家族	地元の美味しいものを食べる, 名所、旧跡の観光, まちあるき、都市散策	新幹線	路線バス	どちらでもない	一日バスフリーきっぷを購入したが観光需要箇所がフリーでなくてもよかったな、と思った。フリー切符をわかりやすい表示で2種類（主要個所600円、全面800円）などはどうか	10,000円以上 20,000円未満	1,000円以上 3,000円未満	10,000円以上 20,000円未満	初めて	新聞・雑誌・ガイドブック, インターネット・アプリ	近江町市場		選択なし/該当施設なし	妙立寺	1,000円以上 3,000円未満	とても満足	妙立寺は事前に施設ツアー申し込みをして人数調整してくれてるおかげでとても丁寧に、しかも少人数で見学出来てとても良かった。SNSに挙げる、スマホ使用不可という点がとても良いです。SNSに載らないからこそ希少価値が出ると思います	とても満足	歴史ある施設をほとんど手を加えずに丁寧に管理してきたのが伝わって、そこが良かった	感じなかった		10	隣りにある妙立寺休憩所？のようなところ。抹茶セットを飲みたくて伺ったらいくら呼んでも誰も来なかった。すごく勿体無いと思う	機会があれば行きたい	観光案内所が本当に勿体無い。フリーペーパー置き場になってる。何で石川県が紹介したい商品を置かないのか。展示にしろ販売にしろ石川県を知ってもらういい機会になるのに。受け付けに人が立って、ペーパーがあるだけ。何も面白くない。あれだけのスペースと人員があるのにこの資源を有効活用しないなんて本当に勿体無いです。あと香林坊周辺、夕飯を食べに行ったのにあまりにガラの悪い人がたくさんいて印象悪かったです。裏路地の方ならまだしも大通りにあんなに屯した人や路上喫煙いるのにビックリしました。夜は近江市場の食事をキッチンカー等で販売するなど、屯してる人や大声で叫ぶ人がいないように治安改善に向けて欲しいです	女	1988	神奈川県	海老名市	400万円以上 500万円未満	景品が当たる, ひゃくまんさんが好き, 石川県のおすすめ観光スポットが見たい, 石川県の雑学を知りたい	満足	10	妙立寺。金沢城周辺
金沢エリア	妙立寺	2026/09/13	同意する	2泊	2泊	金沢エリア  （湯涌温泉、深谷温泉、犀川温泉など）	石川県外には泊まらない	中学生以上連れの家族	地元の美味しいものを食べる, 名所、旧跡の観光, まちあるき、都市散策	新幹線	路線バス	とても満足	観光スポットが沢山あって楽しい	40,000円以上 50,000円未満	20,000円以上 30,000円未満	50,000円以上 100,000円未満	初めて	観光展・物産展, 新聞・雑誌・ガイドブック, 観光パンフレット・ポスター, Instagram	尾山神社	ちりがはま	兼六園		10,000円以上 20,000円未満	とても満足	とこも楽しい	とても満足	石川県民は優しい	感じなかった		10		機会があれば行きたい	特にない	男	1976	栃木県	小山市	700万円以上 800万円未満	ひゃくまんさんが好き	とても満足	10	友人
金沢エリア	金沢中央観光案内所	2026/09/13	同意する	1泊	1泊	金沢エリア  （湯涌温泉、深谷温泉、犀川温泉など）	石川県外には泊まらない	自分ひとり	地元の美味しいものを食べる	新幹線, 在来線	路線バス	とても満足	駅前の案内所が親切だった	5,000円以上 10,000円未満	1,000円以上 3,000円未満	5,000円以上 10,000円未満	2～5回目	前に来た	近江町市場		選択なし/該当施設なし	石川県立図書館	使わない	とても満足	案内が丁寧	とても満足	広々としていて、涼しい	感じなかった		10		また行きたい（1年以内）	特になし	女	1966	千葉県	佐倉市	200万円以上 300万円未満	景品が当たる	とても満足	10	食べ物が美味しい
金沢エリア	金沢中央観光案内所	2026/09/13	同意する	1泊	石川県内には宿泊しない	金沢エリア  （湯涌温泉、深谷温泉、犀川温泉など）	石川県外には泊まらない	自分ひとり	出張など仕事関係	新幹線	旅行会社ツアーバス	とても満足	便利	10,000円以上 20,000円未満	10,000円以上 20,000円未満	10,000円以上 20,000円未満	2～5回目	出張のため	近江町市場		兼六園		3,000円以上 5,000円未満	満足	感じが良い	満足		感じなかった		9		また行きたい（1年以内）	新鮮な魚介類	男	1950	埼玉県	入間市	600万円以上 700万円未満	ひゃくまんさんが好き	満足	9	
加賀エリア	ゆのくに天祥	2026/09/13	同意する	1泊	1泊	加賀エリア （山代温泉、山中温泉、片山津温泉、粟津温泉、辰口温泉、加賀市、小松市など）	石川県外には泊まらない	団体旅行	出張など仕事関係	飛行機	旅行会社ツアーバス	満足	乗務員の対応が良かったから	20,000円以上 30,000円未満	10,000円以上 20,000円未満	3,000円以上 5,000円未満	初めて	新聞・雑誌・ガイドブック	選択なし/該当施設なし	永平寺観光してから来ました	選択なし／該当施設なし	東茶屋街に行きます	20,000円以上 30,000円未満	とても満足	スタッフの対応が良かったです	とても満足	おもてなしがあったり、清掃も行き渡っていて、気持ち良く滞在出来ました	感じなかった		10	滞在中にいくつも、おもてなしサービスがあり良かった	また行きたい（1年以内）	もとめるものは特にありません	男	1972	福岡県	宗像市	400万円以上 500万円未満	景品が当たる	満足	10	温泉や観光地も多く、食べ物も美味しかったから
加賀エリア	小松空港	2026/09/13	同意する	3泊	3泊	金沢エリア  （湯涌温泉、深谷温泉、犀川温泉など）	石川県外には泊まらない	自分ひとり	地元の美味しいものを食べる, 名所、旧跡の観光	飛行機	路線バス	とても満足	遅延がなく到着したから。	20,000円以上 30,000円未満	20,000円以上 30,000円未満	30,000円以上 40,000円未満	2～5回目	TV・ラジオ番組やCM, インターネット・アプリ	選択なし/該当施設なし		選択なし／該当施設なし		1,000円以上 3,000円未満	とても満足	す対応がスムーズ。	とても満足	必要なものが揃ってあるから。	感じなかった		9	地元のお土産が揃ってある。	機会があれば行きたい	地産地消のスイーツ	女	1966	鹿児島県	奄美市	500万円以上 600万円未満	景品が当たる, 石川県のおすすめ観光スポットが見たい	とても満足	9	交通機関が便利だから。
加賀エリア	大江戸温泉物語Premium 山下家	2026/09/13	同意する	1泊	1泊	加賀エリア （山代温泉、山中温泉、片山津温泉、粟津温泉、辰口温泉、加賀市、小松市など）	石川県外には泊まらない	中学生以上連れの家族	宿でのんびり過ごす	県外から訪れていない（石川県内在住）	自家用車			10,000円以上 20,000円未満	1,000円以上 3,000円未満	使わない	初めて	インターネット・アプリ	選択なし/該当施設なし		木場潟公園		10,000円以上 20,000円未満	満足	夕食メニューが豊富	満足	古いがきれいに保たれている	感じた	エレベーターの乗り換え	8		石川県在住	特になし	女	1966	石川県	津幡町	100万円未満	景品が当たる	満足	9	
加賀エリア	小松空港	2026/09/13	同意する	2泊	石川県内には宿泊しない	石川県内には宿泊しない	千葉県	小学生以下連れの家族	テーマパーク（遊園地、動物園、博物館など）	自家用車	自家用車			使わない	使わない	使わない	11回目以上	インターネット・アプリ, Instagram	月うさぎの里		ゆのくにの森		3,000円以上 5,000円未満	満足	接客が丁寧で笑顔で接していただいた為	満足	楽しめるものがたくさんあり、子供も大人も楽しめた。	感じなかった		8	フェイスシールなどあるともっと楽しめるかなと思いました。	また行きたい（1年以内）	小さな子供からアクティブに遊べる大きな施設(室内で)があると嬉しいです。	女	1990	福井県	福井市	400万円以上 500万円未満	景品が当たる	満足	8	うさぎの里は触れ合えるので日常の疲れが癒されお薦めしたいです。
加賀エリア	いしかわ動物園	2026/09/13	同意する	日帰り	石川県内には宿泊しない	石川県内には宿泊しない	石川県外には泊まらない	小学生以下連れの家族	テーマパーク（遊園地、動物園、博物館など）	県外から訪れていない（石川県内在住）	自家用車			使わない	1,000円以上 3,000円未満	1,000円未満	6～10回目	インターネット・アプリ	選択なし/該当施設なし		選択なし／該当施設なし		1,000円以上 3,000円未満	満足	ナイトズーに参加した。日程増えて行きやすくなったが、雨も降りやすい季節なのでもう少し日程あると複数回行けそう。こどもが大変喜んでおり来年もいきたい。骨の展示とても興味深かった。	どちらでもない	回りやすいけど人は密集していて見づらいところもあった。	感じた	売店前の机に虫が大量にいて座って食べる時困った。	8	ナイトズーとてもよかった。仕事終わりに19時ごろから参加したため、イベントが受付終了しており、残念ではあった。でも夜の動物たち見ることができてたのしかった！	石川県在住	特になし	女	1994	石川県	野々市市	500万円以上 600万円未満	景品が当たる	満足	8	ナイトズー
加賀エリア	ポイントバケーション加賀山中	2026/09/13	同意する	1泊	1泊	加賀エリア （山代温泉、山中温泉、片山津温泉、粟津温泉、辰口温泉、加賀市、小松市など）	石川県外には泊まらない	中学生以上連れの家族	温泉や露天風呂, 地元の美味しいものを食べる	自家用車	自家用車	満足	お風呂	5,000円以上 10,000円未満	1,000円未満	3,000円以上 5,000円未満	2～5回目	観光展・物産展	選択なし/該当施設なし	恐竜博物館	選択なし／該当施設なし	白川郷	1,000円未満	満足	癒しになった	満足		感じなかった		4		また行きたい（1年以内）	特になし	女	1974	大阪府	大阪狭山市	100万円以上 200万円未満	景品が当たる	満足	6	食べ物美味しい
加賀エリア	白山比咩神社	2026/09/13	同意する	日帰り	石川県内には宿泊しない	金沢エリア  （湯涌温泉、深谷温泉、犀川温泉など）	福井県	自分ひとり	名所、旧跡の観光	自家用車	自家用車			20,000円以上 30,000円未満	10,000円以上 20,000円未満	10,000円以上 20,000円未満	6～10回目	Instagram	選択なし/該当施設なし	金劔宮　比咩神社	選択なし／該当施設なし		5,000円以上 10,000円未満	とても満足	癒される	とても満足		感じた	金劔宮は駐車場が狭い所	10		また行きたい（1年以内）	特になし	女	1972	福井県	福井市	300万円以上 400万円未満	景品が当たる	とても満足	9	近場のパワースポットとしておすすめです
加賀エリア	小松空港	2026/09/13	同意する	3泊	石川県内には宿泊しない	石川県内には宿泊しない	福井県	小学生以下連れの家族	宿でのんびり過ごす, 地元の美味しいものを食べる, テーマパーク（遊園地、動物園、博物館など）	自家用車, 飛行機	空港なのでそれ以外利用していない	とても満足	羽田から近いので	50,000円以上 100,000円未満	10,000円以上 20,000円未満	30,000円以上 40,000円未満	初めて	インターネット・アプリ, Instagram	選択なし/該当施設なし		選択なし／該当施設なし		1,000円以上 3,000円未満	満足	飲食店が少なめ	満足	施設は広すぎず利用しやすい	感じなかった		7		機会があれば行きたい	特になし	女	1988	千葉県	一宮町	700万円以上 800万円未満	景品が当たる	満足	8	福井がメインだったので石川も楽しそう
加賀エリア	小松空港	2026/09/13	同意する	4泊以上	4泊以上	金沢エリア  （湯涌温泉、深谷温泉、犀川温泉など）	石川県外には泊まらない	小学生以下連れの家族	地元の美味しいものを食べる, 名所、旧跡の観光, テーマパーク（遊園地、動物園、博物館など）, 買い物、アウトレット	飛行機	レンタカー	とても満足	レンタカーで移動が楽	40,000円以上 50,000円未満	50,000円以上 100,000円未満	30,000円以上 40,000円未満	6～10回目	新聞・雑誌・ガイドブック, Instagram, 友人・知人, 観光協会等の案内所	石川県立航空プラザ	白山イオン　	選択なし／該当施設なし		使わない	満足		満足		感じなかった		9		また行きたい（1年以内）	免税の充実	男	1981	東京都	中野区	800万円以上 900万円未満	景品が当たる, ひゃくまんさんが好き	とても満足	9	スシロー　など飲食店
加賀エリア	ふれあい昆虫館	2026/09/13	同意する	日帰り	石川県内には宿泊しない	白山エリア （一里野温泉、白峰温泉、白山市など）	石川県外には泊まらない	小学生以下連れの家族	花見や紅葉などの自然鑑賞	自家用車	自家用車			10,000円以上 20,000円未満	20,000円以上 30,000円未満	使わない	2～5回目	観光パンフレット・ポスター, インターネット・アプリ	ゆのくにの森		選択なし／該当施設なし		3,000円以上 5,000円未満	とても満足	職員さんが素晴らしい	とても満足	展示が素晴らしい	感じなかった		10		また行きたい（1年以内）	特になし	男	1989	石川県	白山市	400万円以上 500万円未満	景品が当たる, ひゃくまんさんが好き	満足	9	自然
加賀エリア	小松空港	2026/09/13	同意する	3泊	2泊	金沢エリア  （湯涌温泉、深谷温泉、犀川温泉など）	富山県	自分ひとり	地元の美味しいものを食べる, 名所、旧跡の観光	飛行機	路線バス	どちらでもない	リムジンバスが多くてかなり並んだ。のれるかどうかふあんだった。	5,000円以上 10,000円未満	20,000円以上 30,000円未満	100,000円以上	初めて	インターネット・アプリ, 	選択なし/該当施設なし	兼六園　金沢城　ひがしちゃがい	選択なし／該当施設なし	帰宅	3,000円以上 5,000円未満	満足	親切に対応してくれた	どちらでもない	普通	感じなかった		10		また行きたい（1年以内）	お寿司	女	1966	佐賀県	佐賀市	400万円以上 500万円未満	景品が当たる	とても満足	10	兼六園　街全体が日本の古い文化に触れ合えたようで素晴らしかった
加賀エリア	月うさぎの里	2026/09/13	同意する	1泊	1泊	加賀エリア （山代温泉、山中温泉、片山津温泉、粟津温泉、辰口温泉、加賀市、小松市など）	石川県外には泊まらない	小学生以下連れの家族	宿でのんびり過ごす, 温泉や露天風呂	自家用車	自家用車	とても満足		10,000円以上 20,000円未満	5,000円以上 10,000円未満	1,000円以上 3,000円未満	2～5回目	友人・知人	選択なし/該当施設なし		選択なし／該当施設なし	ニコニコパーク	1,000円以上 3,000円未満	とても満足	スタッフの方がとても親切だった	とても満足	綺麗だった	感じなかった		9		また行きたい（1年以内）	大きなレジャー施設が欲しい。ナガシマスパーランドや富士急ハイランドクラス	男	1986	富山県	富山市	900万円以上 1,000万円未満	景品が当たる	とても満足	9	宿の食事が美味しかった
加賀エリア	小松空港	2026/09/13	同意する	2泊	2泊	金沢エリア  （湯涌温泉、深谷温泉、犀川温泉など）	石川県外には泊まらない	夫婦2人	地元の美味しいものを食べる, 名所、旧跡の観光, 友人・親戚を訪ねる	飛行機	高速バス	満足	とてもスムーズで混雑時の対応もよかったからです。バスの下のトランクの入れ出しが乗客のセルフだったのが少し不便でした。	5,000円以上 10,000円未満	20,000円以上 30,000円未満	20,000円以上 30,000円未満	初めて	観光パンフレット・ポスター, 友人・知人, 観光協会等の案内所	選択なし/該当施設なし	近江町市場、金沢駅	選択なし／該当施設なし		3,000円以上 5,000円未満	とても満足	施設の規模感がちょうどよくわかりにくいことがないため。	とても満足	フライトまでの時間を食事やお土産を買う時間につかえたため。	感じなかった		9	地元の方言がもっと見えると旅の気分が盛り上がります。	また行きたい（1年以内）	文化も歴史も触れれば触れるほどもっとしりたくなり、またぜひきたくなりました！	男	1989	北海道	札幌市	600万円以上 700万円未満	景品が当たる, ひゃくまんさんが好き, ARでひゃくまんさんと写真が撮りたかった, 動く３Dひゃくまんさんを見たい, 石川県のおすすめ観光スポットが見たい, 石川県の雑学を知りたい	とても満足	10	どの観光地もほどよい人出であるきやすく、お店もゆったり堪能できたため。
加賀エリア	小松空港	2026/09/13	同意する	2泊	2泊	金沢エリア  （湯涌温泉、深谷温泉、犀川温泉など）	福井県	中学生以上連れの家族	地元の美味しいものを食べる, 名所、旧跡の観光, まちあるき、都市散策	在来線, 飛行機	路線バス, 徒歩	満足	便数がほどほどにあり、不便がなかった	5,000円以上 10,000円未満	40,000円以上 50,000円未満	30,000円以上 40,000円未満	初めて	観光連盟やDMOのHP	選択なし/該当施設なし		選択なし／該当施設なし		使わない	どちらでもない		どちらでもない		感じなかった		8		機会があれば行きたい	なし	女	1973	北海道	北斗市	500万円以上 600万円未満	石川県の雑学を知りたい	満足	8	街並みが素敵　食べ物が美味しい
能登エリア	海舟	2026/09/13	同意する	2泊	2泊	能登エリア （和倉温泉、七尾市、輪島市、珠洲市など）	石川県外には泊まらない	夫婦2人	宿でのんびり過ごす, 温泉や露天風呂, 地元の美味しいものを食べる	新幹線	在来線, 路線バス	満足	時間通りに運行	40,000円以上 50,000円未満	30,000円以上 40,000円未満	10,000円以上 20,000円未満	初めて	インターネット・アプリ	選択なし/該当施設なし		選択なし／該当施設なし		20,000円以上 30,000円未満	とても満足	食事とお風呂が良かった	とても満足		感じなかった		8		機会があれば行きたい	食べ物が魅力的なので今後も品質を保って欲しい。このアンケートは金沢と能登に泊まった場合の回答記入をどうしたら良いかわからなかった	女	1970	神奈川県	川崎市	1,200万円以上 1,500万円未満	景品が当たる	とても満足	8	
能登エリア	和倉温泉-総湯-	2026/09/13	同意する	2泊	2泊	能登エリア （和倉温泉、七尾市、輪島市、珠洲市など）	石川県外には泊まらない	親	名所、旧跡の観光	自家用車	自家用車	満足	景色が良い	1,000円以上 3,000円未満	10,000円以上 20,000円未満	5,000円以上 10,000円未満	2～5回目	観光協会等の案内所	のとじま水族館		千里浜なぎさドライブウェイ		3,000円以上 5,000円未満	満足	景色がいいから	満足	景色がいいから	感じなかった		9		また行きたい（1年以内）	特になし	男	2003	東京都	杉並区	100万円未満	景品が当たる	とても満足	10	
能登エリア	のとじま水族館	2026/09/13	同意する	2泊	2泊	能登エリア （和倉温泉、七尾市、輪島市、珠洲市など）	石川県外には泊まらない	恋人	宿でのんびり過ごす, 温泉や露天風呂, 地元の美味しいものを食べる	レンタカー, 飛行機	レンタカー	満足	スムーズに来れたから	40,000円以上 50,000円未満	50,000円以上 100,000円未満	30,000円以上 40,000円未満	2～5回目	観光展・物産展	道の駅のとじま	えんむすびーち	選択なし／該当施設なし	和倉温泉	10,000円以上 20,000円未満	とても満足	魚をたくさん見れたり、ショー見れたりしたから	とても満足	施設内がきれい	感じなかった	特になし	9		機会があれば行きたい	郷土料理をもっと食べることができたら嬉しかった	男	2000	埼玉県	加須市	400万円以上 500万円未満	景品が当たる	満足	8	ポケモンとコラボしていてポケモン好きには特におすすめしたい
能登エリア	のとじま水族館	2026/09/13	同意する	2泊	2泊	能登エリア （和倉温泉、七尾市、輪島市、珠洲市など）	石川県外には泊まらない	恋人	宿でのんびり過ごす, 温泉や露天風呂, 地元の美味しいものを食べる, 花見や紅葉などの自然鑑賞, 名所、旧跡の観光, テーマパーク（遊園地、動物園、博物館など）, 買い物、アウトレット, まちあるき、都市散策, ドライブ・ツーリング	飛行機	レンタカー	とても満足	自由に観光地を回れるし、自然を間近で感じることができた。	50,000円以上 100,000円未満	40,000円以上 50,000円未満	50,000円以上 100,000円未満	初めて	インターネット・アプリ	選択なし/該当施設なし		能登食祭市場		10,000円以上 20,000円未満	とても満足	どれも可愛かったです。ポケモンスタンプラリーも嬉しかった。	とても満足	震災で大変だったと思うが、それを感じさせないくらいお魚が素敵だった。また来たい。	感じなかった		10		また行きたい（1年以内）	能登牛と魚介が美味しすぎた！自然も心が浄化されるようだった。	女	2002	東京都	台東区	300万円以上 400万円未満	景品が当たる	とても満足	10	自然豊かで、食べ物が本当に美味しかった。魚介も能登牛も満喫できた。ぜひまた食べに来たい。
能登エリア	海舟	2026/09/13	同意する	1泊	1泊	能登エリア （和倉温泉、七尾市、輪島市、珠洲市など）	石川県外には泊まらない	自分達夫婦と友人の夫婦	宿でのんびり過ごす, 温泉や露天風呂, 地元の美味しいものを食べる	自家用車	自家用車			30,000円以上 40,000円未満	5,000円以上 10,000円未満	5,000円以上 10,000円未満	2～5回目	インターネット・アプリ	選択なし/該当施設なし		のとじま水族館		30,000円以上 40,000円未満	とても満足	部屋と温泉と料理が最高	とても満足	全て最高。	感じた	料理の時のスタッフ説明が少し慣れてないところはあったが、別に気にはしていない。	10	最高でした。応援してます。また泊まりに行きたい素敵な場所です。	機会があれば行きたい	美味しい海鮮。能登そだちはガチで美味しかった、能登ミルクより能登そだち派。	男	1996	愛知県	名古屋市	900万円以上 1,000万円未満	能登を応援したいから。いい宿だと思ったから。	とても満足	10	
能登エリア	和倉温泉お祭り会館	2026/09/13	同意する	1泊	1泊	能登エリア （和倉温泉、七尾市、輪島市、珠洲市など）	石川県外には泊まらない	友人	ポケモン旅	自家用車	自家用車			5,000円以上 10,000円未満	5,000円以上 10,000円未満	20,000円以上 30,000円未満	初めて	インターネット・アプリ, 友人・知人	輪島朝市		道の駅のとじま		3,000円以上 5,000円未満	満足	建物が綺麗でした	とても満足		感じなかった		7	ポケモングッズ買えてよかった	機会があれば行きたい	魚美味しい	男	1996	滋賀県	守山市	700万円以上 800万円未満	景品が当たる, なんとなく	とても満足	9	食べ物
能登エリア	のとじま水族館	2026/09/13	同意する	日帰り	石川県内には宿泊しない	石川県内には宿泊しない	県内住み	小学生以下連れの家族	テーマパーク（遊園地、動物園、博物館など）	自家用車	自家用車	とても満足		使わない	1,000円以上 3,000円未満	10,000円以上 20,000円未満	6～10回目	インターネット・アプリ	選択なし/該当施設なし	足湯ポケパーク	選択なし／該当施設なし	能登空港	3,000円以上 5,000円未満	満足		満足		感じなかった		8		石川県在住	総合施設などあったら目的地がしぼりやすい	女	1996	石川県	金沢市	600万円以上 700万円未満	ひゃくまんさんが好き	満足	8	ショーなど予定が組みやすかった
能登エリア	のとじま水族館	2026/09/13	同意する	日帰り	石川県内には宿泊しない	石川県内には宿泊しない	らら	小学生以下連れの家族	テーマパーク（遊園地、動物園、博物館など）	自家用車	自家用車			使わない	1,000円以上 3,000円未満	10,000円以上 20,000円未満	11回目以上	友人・知人	千里浜なぎさドライブウェイ		選択なし／該当施設なし	焼肉きんぐ福久店	5,000円以上 10,000円未満	とても満足	子供たちと一緒に楽しめる。イルカショーがある。	とても満足		感じなかった		10		また行きたい（1年以内）	特になし	女	1988	富山県	南砺市	1,000万円以上 1,200万円未満	景品が当たる	とても満足	9	のとじま水族館。千里浜なぎさドライブウェイ
能登エリア	のとじま水族館	2026/09/13	同意する	日帰り	石川県内には宿泊しない	石川県内には宿泊しない	石川県外には泊まらない	小学生以下連れの家族	テーマパーク（遊園地、動物園、博物館など）	自家用車	自家用車			20,000円以上 30,000円未満	3,000円以上 5,000円未満	3,000円以上 5,000円未満	6～10回目	インターネット・アプリ	選択なし/該当施設なし		選択なし／該当施設なし		使わない	不満	フードをもう少し充実させて欲しい	どちらでもない	ジンベイザメがいてほしかった	感じなかった		7		また行きたい（1年以内）	とくになし	男	1990	富山県	高岡市	800万円以上 900万円未満	子供からやってみたらと言われた	満足	7	水族館ではショーもあり触れ合いも出来たので楽しかった
能登エリア	コスモアイル羽咋	2026/09/13	同意する	1泊	1泊	金沢エリア  （湯涌温泉、深谷温泉、犀川温泉など）	石川県外には泊まらない	夫婦2人	友人・親戚を訪ねる	新幹線	在来線	不満	本数が少なく待たされた	10,000円以上 20,000円未満	20,000円以上 30,000円未満	20,000円以上 30,000円未満	2～5回目	新聞・雑誌・ガイドブック	選択なし/該当施設なし		選択なし／該当施設なし	近江町市場	1,000円以上 3,000円未満	不満	豪雨被害で立ち入り禁止あり	不満	豪雨被害で立ち入り禁止あり	感じた	トイレが少ない	4	宇宙兄弟とのコラボグッズ希望	機会があれば行きたい	県外利用者の優遇	男	1972	千葉県	流山市	500万円以上 600万円未満	景品が当たる	どちらでもない	5	魚が美味しい
能登エリア	のと里山空港	2026/09/13	同意する	日帰り	石川県内には宿泊しない	石川県内には宿泊しない	石川県外には泊まらない	小学生以下連れの家族	ポケモン	自家用車	自家用車			使わない	10,000円以上 20,000円未満	20,000円以上 30,000円未満	初めて	X(旧：Twitter)	千里浜なぎさドライブウェイ		禄剛崎灯台		1,000円以上 3,000円未満	とても満足	ポケモングッズが多くよかった	とても満足	ポケモンが分散しててよかrた	感じなかった		10		また行きたい（1年以内）	特に	男	1994	三重県	四日市市	600万円以上 700万円未満	景品が当たる	とても満足	10	ポケモンが良かった
金沢エリア	金沢中央観光案内所	2026/09/13	同意する	1泊	1泊	金沢エリア  （湯涌温泉、深谷温泉、犀川温泉など）	石川県外には泊まらない	小学生以下連れの家族	宿でのんびり過ごす, 温泉や露天風呂, 地元の美味しいものを食べる, 花見や紅葉などの自然鑑賞, 名所、旧跡の観光, まちあるき、都市散策	新幹線	路線バス, 徒歩	満足	バス運転手さんがよく道を知っていて親切だった	30,000円以上 40,000円未満	50,000円以上 100,000円未満	50,000円以上 100,000円未満	2～5回目	新聞・雑誌・ガイドブック, 観光パンフレット・ポスター, インターネット・アプリ	尾山神社		近江町市場		1,000円以上 3,000円未満	満足		とても満足		感じなかった		10	涼しくて助かった	また行きたい（1年以内）	キレイで使えるお土産が多くて嬉しい！	女	1994	東京都	渋谷区	1,500万円以上	景品が当たる, ひゃくまんさんが好き, 石川県のおすすめ観光スポットが見たい, 石川県の雑学を知りたい, なんとなく	とても満足	10	きれいなところが多く、人も優しい
金沢エリア	道の駅「高松」	2026/09/13	同意する	日帰り	石川県内には宿泊しない	石川県内には宿泊しない	石川県外には泊まらない	自分ひとり	買い物、アウトレット	自家用車	自家用車			使わない	3,000円以上 5,000円未満	3,000円以上 5,000円未満	6～10回目	友人・知人	選択なし/該当施設なし		選択なし/該当施設なし		1,000円未満	どちらでもない		どちらでもない		感じなかった		8		機会があれば行きたい	スタンプラリーでプレゼント当たる	男	1969	石川県	志賀町	400万円以上 500万円未満	景品が当たる	満足	10	料理が美味い
金沢エリア	金沢中央観光案内所	2026/09/13	同意する	日帰り	石川県内には宿泊しない	石川県内には宿泊しない	石川県外には泊まらない	自分ひとり	スポーツ観戦や芸術鑑賞（コンサート等）	新幹線	路線バス	満足	わかりやすい	使わない	20,000円以上 30,000円未満	5,000円以上 10,000円未満	2～5回目	インターネット・アプリ	選択なし/該当施設なし	忍者寺	近江町市場		1,000円以上 3,000円未満	満足		満足		感じなかった		9		機会があれば行きたい	温泉	女	1979	東京都	足立区	300万円以上 400万円未満	なんとなく	満足	9	食事の美味しさ
金沢エリア	ホテルマイステイズプレミア金沢	2026/09/13	同意する	2泊	2泊	能登エリア （和倉温泉、七尾市、輪島市、珠洲市など）	石川県外には泊まらない	小学生以下連れの家族	地元の美味しいものを食べる	自家用車	自家用車			5,000円以上 10,000円未満	1,000円以上 3,000円未満	10,000円以上 20,000円未満	2～5回目	インターネット・アプリ, Instagram	ひがし茶屋街		近江町市場		5,000円以上 10,000円未満	満足		満足		感じなかった		6		機会があれば行きたい	石川県のソウルフードが集まった施設などあればぜひ行きたいと思います。	女	1998	滋賀県	大津市	300万円以上 400万円未満	景品が当たる	とても満足	9	海産物(特に魚料理)がとても美味しかったので、ぜひ親族にも薦めたいと思います。
加賀エリア	いしかわ動物園	2026/09/13	同意する	2泊	2泊	金沢エリア  （湯涌温泉、深谷温泉、犀川温泉など）	石川県外には泊まらない	夫婦2人	地元の美味しいものを食べる, 名所、旧跡の観光, まちあるき、都市散策	新幹線, 在来線	自家用車			1,000円以上 3,000円未満	20,000円以上 30,000円未満	10,000円以上 20,000円未満	初めて	インターネット・アプリ, Googleマップと動物園サイト	選択なし/該当施設なし	カレーのチャンピオン	選択なし／該当施設なし	帰宅	1,000円未満	とても満足	係の人が動物がどこにいるか一緒に探してくれました！	とても満足	普段見ることができない、他の動物園にはいない動物たちをみることができました！	感じなかった		9		また行きたい（1年以内）	おいしい海鮮、石川でしか買えないお土産、特産品と絡めたアクティビティ	女	2000	京都府	宇治市	500万円以上 600万円未満	景品が当たる	とても満足	9	人が多くないのでまったりゆったり旅をすることができました！
加賀エリア	いしかわ動物園	2026/09/13	同意する	日帰り	石川県内には宿泊しない	石川県内には宿泊しない	富山県	中学生以上連れの家族	地元の美味しいものを食べる	自家用車	自家用車	とても満足	石川動物園のナイトズーに参加してとても楽しかったからです！	10,000円以上 20,000円未満	10,000円以上 20,000円未満	5,000円以上 10,000円未満	11回目以上	観光展・物産展, 新聞・雑誌・ガイドブック, インターネット・アプリ, Instagram, ブログ	ゆのくにの森		日本自動車博物館		20,000円以上 30,000円未満	とても満足	自動車の展示の方法や車種が豊富で楽しかった	とても満足		感じなかった		10		また行きたい（1年以内）	現状で大満足	男	1984	富山県	高岡市	500万円以上 600万円未満	景品が当たる, ひゃくまんさんが好き, 石川県のおすすめ観光スポットが見たい	とても満足	10	
加賀エリア	小松空港	2026/09/13	同意する	4泊以上	4泊以上	金沢エリア  （湯涌温泉、深谷温泉、犀川温泉など）	石川県外には泊まらない	職場の同僚	地元の美味しいものを食べる, スポーツ観戦や芸術鑑賞（コンサート等）	飛行機	レンタカー	満足	道が分かりやすい	20,000円以上 30,000円未満	10,000円以上 20,000円未満	20,000円以上 30,000円未満	6～10回目	観光展・物産展, インターネット・アプリ	石川県立航空プラザ		那谷寺		1,000円以上 3,000円未満	満足	興味深い展示物がある	満足		感じなかった	閉店時間が早い	7		どちらともいえない	おでんを筆頭に美味しくいただいております	男	1969	東京都	世田谷区	1,000万円以上 1,200万円未満	景品が当たる, 石川県のおすすめ観光スポットが見たい, 石川県の雑学を知りたい	どちらでもない	7	
加賀エリア	道の駅瀬女	2026/09/13	同意する	2泊	2泊	加賀エリア （山代温泉、山中温泉、片山津温泉、粟津温泉、辰口温泉、加賀市、小松市など）	石川県外には泊まらない	親	温泉や露天風呂, 地元の美味しいものを食べる	自家用車	自家用車			20,000円以上 30,000円未満	40,000円以上 50,000円未満	使わない	初めて	インターネット・アプリ	選択なし/該当施設なし		選択なし／該当施設なし		1,000円以上 3,000円未満	とても満足	パンが美味しかった	とても満足		感じなかった		8	パンが美味しかったです！	石川県在住	特になし	女	2003	石川県	能美市	300万円以上 400万円未満	景品が当たる	とても満足	10	
加賀エリア	ポイントバケーション加賀山中	2026/09/13	同意する	3泊	3泊	加賀エリア （山代温泉、山中温泉、片山津温泉、粟津温泉、辰口温泉、加賀市、小松市など）	福井県	小学生以下連れの家族	地元の美味しいものを食べる, 名所、旧跡の観光, その他スポーツ（ゴルフ、テニスなど）	自家用車	自家用車, 徒歩			10,000円以上 20,000円未満	20,000円以上 30,000円未満	1,000円以上 3,000円未満	6～10回目	観光展・物産展, インターネット・アプリ	那谷寺		石川県立航空プラザ		10,000円以上 20,000円未満	とても満足	丁寧でとても親切	とても満足	田原できても大丈夫です。	感じなかった		10	お土産は、隣県、福井、富山のものも揃っていて、値ごろ感も良く買いやすい。試食して追加で購入可能。	また行きたい（1年以内）	観光地として、価格が高め、仕方ないか？	男	1961	福井県	福井市	1,000万円以上 1,200万円未満	景品が当たる, 石川県のおすすめ観光スポットが見たい	満足	10	観光地として、充実している。
加賀エリア	小松空港	2026/09/13	同意する	1泊	1泊	金沢エリア  （湯涌温泉、深谷温泉、犀川温泉など）	石川県外には泊まらない	小学生以下連れの家族	各種体験（手作り、果物狩りなど）, 法事のため	在来線, 飛行機	路線バス, 徒歩	とても満足	わからないことをうかがった時、どなたもとても丁寧に対応してくださいました。本当にありがたく感じたため、この評価としました。	10,000円以上 20,000円未満	30,000円以上 40,000円未満	10,000円以上 20,000円未満	2～5回目	インターネット・アプリ, 友人・知人	選択なし/該当施設なし	サイエンスヒルズこまつ	選択なし／該当施設なし	帰宅するため、この後に行くところはありません	5,000円以上 10,000円未満	とても満足	カフェや売店、保安検査など、どこでも丁寧に対応していただきました。	とても満足	久しぶりの地方空港です。疑問を伺ったりしても、こんなに丁寧にしていただけるんだ、というくらい、よくしていただきました。	感じなかった		10	お土産の品揃えもよく、レストランも美味しかったです。いろいろ、買い忘れたものを買うことができました。	また行きたい（1年以内）	一つずつバラで買えるばら撒きお土産があまりないな、と感じます。そういうものがあれば嬉しいです。また、金沢駅周辺のバス路線がわかりづらいため、パンフレットがあるといいように思いました。	女	1983	東京都	調布市	700万円以上 800万円未満	ひゃくまんさんが好き, 石川県のおすすめ観光スポットが見たい, 石川県の雑学を知りたい	とても満足	9	九谷光仙窯での絵付け、小松エリアのサイエンスヒルズなどの小松駅前の施設から本当に面白かったです。
能登エリア	のとじま水族館	2026/09/13	同意する	1泊	1泊	金沢エリア  （湯涌温泉、深谷温泉、犀川温泉など）	石川県外には泊まらない	友人	地元の美味しいものを食べる, テーマパーク（遊園地、動物園、博物館など）, アウトドア（海水浴、釣り、登山など）, ドライブ・ツーリング	自家用車	自家用車			10,000円以上 20,000円未満	5,000円以上 10,000円未満	10,000円以上 20,000円未満	初めて	観光展・物産展, インターネット・アプリ	千里浜なぎさドライブウェイ		道の駅のとじま		3,000円以上 5,000円未満	とても満足	巨大水槽を下から覗けて良かった	とても満足	落ち着いて鑑賞することができた	感じなかった		10		また行きたい（1年以内）	地酒を楽しみに来ています	男	1997	愛知県	名古屋市南区	600万円以上 700万円未満	景品が当たる, ひゃくまんさんが好き, 石川県のおすすめ観光スポットが見たい, 石川県の雑学を知りたい, なんとなく	とても満足	10	なぎさドライブウェイ
能登エリア	和倉温泉お祭り会館	2026/09/13	同意する	日帰り	石川県内には宿泊しない	石川県内には宿泊しない	石川県外には泊まらない	小学生以下連れの家族	テーマパーク（遊園地、動物園、博物館など）, Pokemonスタンプラリー	自家用車	自家用車	とても満足	楽しかったから	1,000円以上 3,000円未満	3,000円以上 5,000円未満	3,000円以上 5,000円未満	初めて	新聞・雑誌・ガイドブック	能登食祭市場	和倉の足湯	千里浜なぎさドライブウェイ		1,000円以上 3,000円未満	とても満足	面白かった	とても満足		感じなかった		10		機会があれば行きたい	魚を生かしたスイーツ	女	1989	石川県	金沢市	700万円以上 800万円未満	景品が当たる	満足	8	
能登エリア	美湾荘	2026/09/13	同意する	1泊	1泊	能登エリア （和倉温泉、七尾市、輪島市、珠洲市など）	石川県外には泊まらない	中学生以上連れの家族	温泉や露天風呂, 地元の美味しいものを食べる, お祭りやイベントへの参加・見物	新幹線, 在来線	レンタカー	満足		10,000円以上 20,000円未満	10,000円以上 20,000円未満	3,000円以上 5,000円未満	初めて	インターネット・アプリ	千里浜なぎさドライブウェイ		道の駅のとじま		10,000円以上 20,000円未満	とても満足	夕食・朝食とも盛り付けや味に工夫を感じました	満足	景色が良かったです	感じた	工事中とのことで説明を受けていましたので、館内の移動が不便でしたが、不満はありません。	8	本当に美味しかったです。個室での食事も良かったです	石川県在住	特になし(今でも満足しています)	女	1971	兵庫県	三田市	700万円以上 800万円未満	景品が当たる	とても満足	7	海岸の景色、食事
能登エリア	おくだや	2026/09/13	同意する	1泊	1泊	能登エリア （和倉温泉、七尾市、輪島市、珠洲市など）	石川県外には泊まらない	恋人	宿でのんびり過ごす	在来線	在来線	とても満足	特急が空いていて快適だった	30,000円以上 40,000円未満	5,000円以上 10,000円未満	10,000円以上 20,000円未満	2～5回目	Instagram	能登食祭市場		のとじま水族館		5,000円以上 10,000円未満	満足		とても満足		感じなかった		10		石川県在住	釣り	男	1996	石川県	金沢市	600万円以上 700万円未満	景品が当たる	満足	8	ホテルが快適だった
能登エリア	のとじま水族館	2026/09/13	同意する	日帰り	石川県内には宿泊しない	石川県内には宿泊しない	石川県外には泊まらない	小学生以下連れの家族	テーマパーク（遊園地、動物園、博物館など）	県外から訪れていない（石川県内在住）	自家用車			使わない	1,000円以上 3,000円未満	3,000円以上 5,000円未満	11回目以上	水族館に行きたかったから	選択なし/該当施設なし		選択なし／該当施設なし		1,000円以上 3,000円未満	とても満足	ショー系を全部見ましたが全部良かった	とても満足	人多いかな？と思っていたけど分散されているのでゆっくり見てまわれた	感じなかった		10	ショーの時間が終わったら次のそのまま見れる時間で効率的に見れたのでよかった	また行きたい（1年以内）	ジンベエザメがまた見たいです	女	1998	石川県	金沢市	600万円以上 700万円未満	景品が当たる	とても満足	10	のとじま水族館が好きなので
能登エリア	のとじま水族館	2026/09/14	同意する	1泊	1泊	能登エリア （和倉温泉、七尾市、輪島市、珠洲市など）	石川県外には泊まらない	小学生以下連れの家族	ポケモンスタンプラリー	自家用車	自家用車			10,000円以上 20,000円未満	10,000円以上 20,000円未満	10,000円以上 20,000円未満	初めて	インターネット・アプリ, X(旧：Twitter), Instagram	選択なし/該当施設なし	道の駅あなみず	選択なし／該当施設なし	わくらポケモン足湯	3,000円以上 5,000円未満	とても満足	のとじまオリジナルグッズが可愛かった。特に幼稚園児で、最近文字が書けるようになってきた息子にはオリジナルの鉛筆削りがお気に入りでした。	とても満足	息子が大好きな水族館で、大好きなポケモンのスタンプラリーができて、息子の笑顔が見れて幸せでした。	感じなかった		10	のとじまオリジナルグッズがたくさんあって、可愛い。	機会があれば行きたい	ポケモンコラボの、食べ物じゃないグッズがもっと欲しいです。	男	1990	愛知県	名古屋市	400万円以上 500万円未満	景品が当たる	とても満足	10	お寿司とお米が美味しい
能登エリア	のとじま水族館	2026/09/14	同意する	1泊	1泊	能登エリア （和倉温泉、七尾市、輪島市、珠洲市など）	石川県外には泊まらない	小学生以下連れの家族	ポケモンのとめぐりスタンプラリー	自家用車	自家用車			10,000円以上 20,000円未満	5,000円以上 10,000円未満	10,000円以上 20,000円未満	初めて	インターネット・アプリ, Instagram	選択なし/該当施設なし	道の駅あなみず	選択なし／該当施設なし	わくらポケモン足湯	1,000円以上 3,000円未満	とても満足	オリジナルグッズがたくさんあり可愛くて購入しました。	とても満足	イルカ　アシカショーやペンギンのお散歩あざらしの餌やりなど子どもたちがとても喜んでいました。水族館内のポケモンのスタンプラリーも4箇所で子どもも回りやすくてよかったです。	感じなかった		8	飲食、アクティビティは利用しませんでした。お土産は店内も広く商品が多くてどれにしようか迷いましたが気にいるものが見つかり子どもも喜んでいました。	機会があれば行きたい	サービスエリアや街の駅などで朝食を食べられるように朝7時ごろから飲食店を開けてほしいです。	女	1990	愛知県	名古屋市西区	500万円以上 600万円未満	景品が当たる	とても満足	8	海鮮やご当地ソフトがとてもおいしかった。ポケモンのスタンプラリーが可愛くてステッカーやアンブレラマーカーも貰えてとても楽しかった。
金沢エリア	トリフィートホテル&ポッド金沢百万石通	2026/09/14	同意する	2泊	2泊	能登エリア （和倉温泉、七尾市、輪島市、珠洲市など）	石川県外には泊まらない	姉妹	スキー・スノボ・マリンスポーツ, ボランティア	新幹線, 在来線	在来線, 路線バス	満足		40,000円以上 50,000円未満	20,000円以上 30,000円未満	10,000円以上 20,000円未満	6～10回目	観光連盟やDMOのHP, インターネット・アプリ, Instagram, 石川県ボランティアSNS	近江町市場		選択なし/該当施設なし		10,000円以上 20,000円未満	満足	きさく	満足	雰囲気	感じなかった		8		また行きたい（1年以内）	ボランティアが気軽に来れる内容に	女	1975	大阪府	吹田市	100万円以上 200万円未満	石川県のおすすめ観光スポットが見たい	とても満足	10	
金沢エリア	兼六駐車場	2026/09/14	同意する	3泊	3泊	加賀エリア （山代温泉、山中温泉、片山津温泉、粟津温泉、辰口温泉、加賀市、小松市など）	石川県外には泊まらない	自分ひとり	その他スポーツ（ゴルフ、テニスなど）	自家用車	自家用車	とても満足	のんびり移動できる点	10,000円以上 20,000円未満	10,000円以上 20,000円未満	10,000円以上 20,000円未満	初めて	観光展・物産展, ChatGPT	兼六園		選択なし/該当施設なし	能登空港	5,000円以上 10,000円未満	とても満足	楽しかったきら	とても満足	不便な点は無し	感じなかった		10		機会があれば行きたい	金沢だけ高い！	男	1981	栃木県	宇都宮市	1,000万円以上 1,200万円未満	景品が当たる	とても満足	10	ご飯が美味しい！
金沢エリア	旅籠屋ゆいまーる　EAST	2026/09/14	同意する	4泊以上	4泊以上	金沢エリア  （湯涌温泉、深谷温泉、犀川温泉など）	石川県外には泊まらない	恋人	宿でのんびり過ごす, 温泉や露天風呂, 地元の美味しいものを食べる, 花見や紅葉などの自然鑑賞, 名所、旧跡の観光, テーマパーク（遊園地、動物園、博物館など）, アウトドア（海水浴、釣り、登山など）, まちあるき、都市散策, ドライブ・ツーリング	レンタカー, 新幹線	タクシー, 路線バス	不満	バスの本数が少ない	5,000円以上 10,000円未満	40,000円以上 50,000円未満	10,000円以上 20,000円未満	初めて	新聞・雑誌・ガイドブック, 観光パンフレット・ポスター, 観光連盟やDMOのHP, インターネット・アプリ, Instagram	近江町市場		選択なし/該当施設なし	能登半島	5,000円以上 10,000円未満	とても満足	アメニティも充実しており、部屋も綺麗で使いやすかった	とても満足	清潔感がある	感じなかった		9		機会があれば行きたい	交通の便が悪い	男	2004	神奈川県	横浜市	100万円以上 200万円未満	景品が当たる	とても満足	9	登山が良かった。自然が綺麗
金沢エリア	旅籠屋ゆいまーる　EAST	2026/09/14	同意する	4泊以上	4泊以上	金沢エリア  （湯涌温泉、深谷温泉、犀川温泉など）	富山県	友人	地元の美味しいものを食べる, 名所、旧跡の観光, アウトドア（海水浴、釣り、登山など）	旅行会社ツアーバス	路線バス	満足	バスの本数の充実度、一日券の存在	3,000円以上 5,000円未満	10,000円以上 20,000円未満	10,000円以上 20,000円未満	初めて	インターネット・アプリ	近江町市場		近江町市場		1,000円以上 3,000円未満	満足	本格的なお茶体験ができた	満足	美味しい海産物を楽しめた	感じなかった		10	近江市場マップで店名だけでなく、売っているものも書いてあると分かりやすい	また行きたい（1年以内）	特になし	男	2003	東京都	国分寺市	1,000万円以上 1,200万円未満	景品が当たる, 石川県のおすすめ観光スポットが見たい	とても満足	10	新鮮な海鮮を手頃な場所と価格で楽しめる
金沢エリア	金沢中央観光案内所	2026/09/14	同意する	2泊	2泊	金沢エリア  （湯涌温泉、深谷温泉、犀川温泉など）	石川県外には泊まらない	友人	地元の美味しいものを食べる, 名所、旧跡の観光, お祭りやイベントへの参加・見物	新幹線	路線バス, 徒歩	満足	徒歩でも行けないところでもない、バスもあるため満足	40,000円以上 50,000円未満	20,000円以上 30,000円未満	5,000円以上 10,000円未満	初めて	観光協会等の案内所	兼六園		近江町市場		1,000円未満	満足	遊歩道が整備されててとてもいい	満足	キレイ	感じなかった		7		機会があれば行きたい	おでんがいまいちな印象	女	1973	長野県	北佐久郡立科町	300万円以上 400万円未満	景品が当たる	とても満足	5	新幹線で来れるし短期間で観光も出来るため
金沢エリア	金沢中央観光案内所	2026/09/14	同意する	2泊	2泊	金沢エリア  （湯涌温泉、深谷温泉、犀川温泉など）	石川県外には泊まらない	友人	地元の美味しいものを食べる, 名所、旧跡の観光, スポーツ観戦や芸術鑑賞（コンサート等）, まちあるき、都市散策	新幹線	徒歩			10,000円以上 20,000円未満	1,000円以上 3,000円未満	20,000円以上 30,000円未満	初めて	インターネット・アプリ	選択なし/該当施設なし	金沢城	選択なし/該当施設なし	金沢駅	20,000円以上 30,000円未満	満足	ゆったりできた	満足	広大な景色を見れた	感じなかった		6	お土産売り場の充実を目指してください	機会があれば行きたい	だし文化だろうけど、私が行ったお店のおでんは味がしみていなかった。なのでそこが残念です。	女	1974	愛知県	名古屋市	600万円以上 700万円未満	景品が当たる	満足	7	金沢には見どころが沢山あるという点
金沢エリア	安江金箔工芸館	2026/09/14	同意する	2泊	2泊	金沢エリア  （湯涌温泉、深谷温泉、犀川温泉など）	石川県外には泊まらない	親	名所、旧跡の観光, まちあるき、都市散策	新幹線	タクシー, 徒歩	とても満足		20,000円以上 30,000円未満	40,000円以上 50,000円未満	10,000円以上 20,000円未満	初めて	インターネット・アプリ	ひがし茶屋街		近江町市場		1,000円未満	とても満足		とても満足	ネコの装飾が可愛かった	感じなかった		10		機会があれば行きたい	特になし	女	1998	宮城県	仙台市	1,000万円以上 1,200万円未満	ひゃくまんさんが好き	満足	8	
金沢エリア	西茶屋資料館	2026/09/14	同意する	2泊	2泊	金沢エリア  （湯涌温泉、深谷温泉、犀川温泉など）	福井県	夫婦2人	宿でのんびり過ごす, 温泉や露天風呂, 地元の美味しいものを食べる, 名所、旧跡の観光, まちあるき、都市散策	新幹線	路線バス	とても満足	わかりやすく、利用しやすかった。	20,000円以上 30,000円未満	40,000円以上 50,000円未満	20,000円以上 30,000円未満	2～5回目	新聞・雑誌・ガイドブック, インターネット・アプリ	兼六園		ひがし茶屋街		1,000円以上 3,000円未満	満足	ボランティアガイド	満足	解説が面白い	感じなかった		10		また行きたい（1年以内）	名物で美味いもの。	男	1952	東京都	葛飾区	700万円以上 800万円未満	景品が当たる, 石川県のおすすめ観光スポットが見たい	とても満足	10	歴史を感じる。
金沢エリア	香林坊地下駐車場	2026/09/14	同意する	日帰り	石川県内には宿泊しない	石川県内には宿泊しない	石川県外には泊まらない	夫婦2人	買い物、アウトレット	県外から訪れていない（石川県内在住）	自家用車			10,000円以上 20,000円未満	3,000円以上 5,000円未満	10,000円以上 20,000円未満	11回目以上	観光展・物産展, 新聞・雑誌・ガイドブック, TV・ラジオ番組やCM, 観光パンフレット・ポスター, 観光連盟やDMOのHP, インターネット・アプリ, X(旧：Twitter), Instagram, 友人・知人	選択なし/該当施設なし	スポーツ施設	選択なし/該当施設なし		10,000円以上 20,000円未満	満足	常に新しいイベントの開催による賑わいと接客か素晴らしい	満足	豊富な商品	感じた	駐車場の混雑、割引チケットの配布数が少なくいつも終了している	8		また行きたい（1年以内）	原材料の高騰化による値上げはよく理解できます　小分け用お土産として安価なものがもう少しあるとうれしい	女	1964	石川県	金沢市	600万円以上 700万円未満	景品が当たる, ひゃくまんさんが好き, ARでひゃくまんさんと写真が撮りたかった, 動く３Dひゃくまんさんを見たい, 石川県のおすすめ観光スポットが見たい, 石川県の雑学を知りたい	満足	10	
加賀エリア	加賀伝統工芸村　ゆのくにの森	2026/09/14	同意する	1泊	1泊	加賀エリア （山代温泉、山中温泉、片山津温泉、粟津温泉、辰口温泉、加賀市、小松市など）	富山県	夫婦2人	宿でのんびり過ごす, 温泉や露天風呂, 地元の美味しいものを食べる, 買い物、アウトレット, まちあるき、都市散策	自家用車	自家用車			5,000円以上 10,000円未満	3,000円以上 5,000円未満	10,000円以上 20,000円未満	初めて	観光パンフレット・ポスター, インターネット・アプリ	ゆのくにの森		月うさぎの里		3,000円以上 5,000円未満	とても満足	色々なものが売っていて見ていても楽しい	とても満足	清潔で綺麗	感じなかった		10	どれも魅力的でよかったです	また行きたい（1年以内）	特にありません	男	1973	大阪府	羽曳野市	200万円以上 300万円未満	景品が当たる, 石川県の雑学を知りたい	とても満足	10	加賀は良いところとは聞いてましまが、金沢のインパクトが強くなかなか足が向かなかったが、とても良いので是非広めたい
加賀エリア	いしかわ動物園	2026/09/14	同意する	2泊	2泊	金沢エリア  （湯涌温泉、深谷温泉、犀川温泉など）	石川県外には泊まらない	自分ひとり	お祭りやイベントへの参加・見物	新幹線, 在来線	路線バス	どちらでもない	バスの本数、路線が少ない	10,000円以上 20,000円未満	10,000円以上 20,000円未満	10,000円以上 20,000円未満	初めて	インターネット・アプリ, X(旧：Twitter), 友人・知人	選択なし/該当施設なし	兼六園	選択なし／該当施設なし	帰路に着きます	3,000円以上 5,000円未満	満足	特筆事項なし	満足	特筆事項なし	感じた	公共交通機関でのアクセス	8	特になし	機会があれば行きたい	いしかわ舞台芸術祭で訪れて、せっかくなので観光で回りました。とても楽しかったです。	女	1984	岐阜県	多治見市	300万円以上 400万円未満	景品が当たる, ひゃくまんさんが好き, なんとなく	とても満足	8	金沢市街地の観光のしやすさ、文化の豊かさ
加賀エリア	いしかわ動物園	2026/09/14	同意する	1泊	1泊	加賀エリア （山代温泉、山中温泉、片山津温泉、粟津温泉、辰口温泉、加賀市、小松市など）	石川県外には泊まらない	自分ひとり	温泉や露天風呂, 地元の美味しいものを食べる, テーマパーク（遊園地、動物園、博物館など）, スポーツ観戦や芸術鑑賞（コンサート等）	自家用車	自家用車	とても満足	渋滞がなく4車線道路が多く走りやすい	5,000円以上 10,000円未満	5,000円以上 10,000円未満	5,000円以上 10,000円未満	初めて	インターネット・アプリ, Instagram	選択なし/該当施設なし	松井秀喜ベースボールミュージアム	選択なし／該当施設なし	温泉地	1,000円以上 3,000円未満	とても満足	久しぶりに動物園に来たこと、動物紹介パネルが大変興味深かった	とても満足	前の質問と理由は同じ	感じなかった		10		また行きたい（1年以内）	特になし	男	2003	滋賀県	大津市	200万円以上 300万円未満	景品が当たる, 石川県のおすすめ観光スポットが見たい, 石川県の雑学を知りたい	とても満足	10	石川県の魅力を知って欲しい
加賀エリア	小松空港	2026/09/14	同意する	2泊	2泊	金沢エリア  （湯涌温泉、深谷温泉、犀川温泉など）	石川県外には泊まらない	夫婦2人	地元の美味しいものを食べる, 名所、旧跡の観光, まちあるき、都市散策	飛行機	リムジンバス	満足	駅から近い	20,000円以上 30,000円未満	30,000円以上 40,000円未満	1,000円以上 3,000円未満	2～5回目	Instagram, 友人・知人	選択なし/該当施設なし	兼六園、21世紀美術館	選択なし／該当施設なし	札幌に帰省	1,000円以上 3,000円未満	どちらでもない	魅力的な食事処があればいい。お寿司、加賀料理が食べれるお店。	どちらでもない	お店が少ない	感じなかった		7	魅力的な飲食店があればもっと良くなると思う	機会があれば行きたい	美味しいグルメがたくさんあるので、空港に増やしてほしい	男	1995	北海道	札幌市	500万円以上 600万円未満	景品が当たる, ひゃくまんさんが好き	とても満足	10	もりもり寿司
加賀エリア	小松空港	2026/09/14	同意する	2泊	2泊	金沢エリア  （湯涌温泉、深谷温泉、犀川温泉など）	石川県外には泊まらない	夫婦2人	地元の美味しいものを食べる, 名所、旧跡の観光, まちあるき、都市散策	飛行機	リムジンバス	満足	金沢駅から一本で空港まで行ける利便性の高さ。	20,000円以上 30,000円未満	20,000円以上 30,000円未満	1,000円以上 3,000円未満	2～5回目	インターネット・アプリ, Instagram	選択なし/該当施設なし	兼六園	選択なし／該当施設なし	札幌へ帰宅	1,000円以上 3,000円未満	どちらでもない	コンビニの店員さんが離席中でサービスを受けられなかった。	どちらでもない	飲食店が少ないので。	感じなかった		7	飲食店増やして欲しいです。	機会があれば行きたい	バスの決済が、全部のバスで交通系ICカードを使えるようにして欲しい	女	1997	北海道	札幌市	1,000万円以上 1,200万円未満	景品が当たる	とても満足	10	お寿司やお刺身などの海鮮が新鮮で美味しかった。どこを歩いても、風情があり、素敵なところだと感じた。
加賀エリア	大江戸温泉物語Premium 山中グランドホテル	2026/09/14	同意する	1泊	1泊	加賀エリア （山代温泉、山中温泉、片山津温泉、粟津温泉、辰口温泉、加賀市、小松市など）	石川県外には泊まらない	夫婦2人	宿でのんびり過ごす, 温泉や露天風呂, テーマパーク（遊園地、動物園、博物館など）, 買い物、アウトレット	自家用車	自家用車			10,000円以上 20,000円未満	3,000円以上 5,000円未満	3,000円以上 5,000円未満	初めて	インターネット・アプリ	石川県立航空プラザ	中谷宇吉郎雪の科学館	日本自動車博物館		1,000円未満	満足	違う世界を味わえた	満足	アルコール飲み放題とカラオケ	感じなかった		10		また行きたい（1年以内）	なし	女	1965	長野県	佐久市	300万円以上 400万円未満	景品が当たる	満足	10	交通の便が良いこと　温泉がいっぱい
能登エリア	いこいの村 能登半島	2026/09/14	同意する	1泊	1泊	能登エリア （和倉温泉、七尾市、輪島市、珠洲市など）	石川県外には泊まらない	夫婦2人	買い物、アウトレット	県外から訪れていない（石川県内在住）	自家用車			10,000円以上 20,000円未満	1,000円以上 3,000円未満	20,000円以上 30,000円未満	2～5回目	インターネット・アプリ	選択なし/該当施設なし	巌門、總持寺、道の駅３ケ所	選択なし／該当施設なし		10,000円以上 20,000円未満	満足	、土産物の品揃え	満足	風呂、遊園地施設	感じた	ルームキーが1個しかない。ベッドの部屋が少ない	8		機会があれば行きたい	特になし	男	1951	石川県	金沢市	200万円以上 300万円未満	景品が当たる	満足	7	グランドゴルフ施設の良い環境
能登エリア	いこいの村 能登半島	2026/09/14	同意する	1泊	1泊	能登エリア （和倉温泉、七尾市、輪島市、珠洲市など）	石川県外には泊まらない	夫婦2人	名所、旧跡の観光	県外から訪れていない（石川県内在住）	自家用車			10,000円以上 20,000円未満	1,000円以上 3,000円未満	3,000円以上 5,000円未満	2～5回目	友人・知人	選択なし/該当施設なし	巌門、道の駅(穴水・赤神・富来)、總持寺	選択なし／該当施設なし		10,000円以上 20,000円未満	満足	普通	どちらでもない	ベッドが望ましい。部屋の鍵が2人に一つは困る。	感じた	ベッド無し、部屋の鍵が一つしか無い	5	ｸﾞﾗｳﾝﾄﾞｺﾞﾙﾌが出来たのはとても良かった	石川県在住	いろいろ魅力ある催しをたくさんして欲しいい	女	1951	石川県	金沢市	200万円以上 300万円未満	景品が当たる	満足	10	能登復興応援
能登エリア	のとじま水族館	2026/09/14	同意する	2泊	2泊	金沢エリア  （湯涌温泉、深谷温泉、犀川温泉など）	石川県外には泊まらない	夫婦2人	地元の美味しいものを食べる, テーマパーク（遊園地、動物園、博物館など）, まちあるき、都市散策	新幹線, 在来線	レンタカー	とても満足	電車の時間バスの時間を気にせず自分のの好きなところに好きな時間に訪れることができる	40,000円以上 50,000円未満	10,000円以上 20,000円未満	20,000円以上 30,000円未満	初めて	インターネット・アプリ	のとじま水族館		道の駅のとじま		5,000円以上 10,000円未満	満足	イルカとアシカペンギンたいのイベントが可愛らしかった	満足	ジンベイザメが残念だった	感じなかった		8	だいたいこのようなものだと思う	機会があれば行きたい	のどぐろが美味しかった	女	1964	神奈川県	横須賀市	700万円以上 800万円未満	景品が当たる	満足	9	のどぐろ
能登エリア	のとじま水族館	2026/09/14	同意する	2泊	2泊	金沢エリア  （湯涌温泉、深谷温泉、犀川温泉など）	石川県外には泊まらない	夫婦2人	地元の美味しいものを食べる, 名所、旧跡の観光, テーマパーク（遊園地、動物園、博物館など）, まちあるき、都市散策, ドライブ・ツーリング	新幹線, 在来線	レンタカー	満足	自由行動ができるから	40,000円以上 50,000円未満	10,000円以上 20,000円未満	20,000円以上 30,000円未満	初めて	新聞・雑誌・ガイドブック, インターネット・アプリ	選択なし/該当施設なし		のとじま水族館		5,000円以上 10,000円未満	満足	イベントが	満足	イベントが多かった	感じなかった		9	少ない	機会があれば行きたい	特になし	男	1965	神奈川県	横須賀市	500万円以上 600万円未満	景品が当たる	とても満足	9	能登ドライブ
能登エリア	のとじま水族館	2026/09/14	同意する	2泊	2泊	能登エリア （和倉温泉、七尾市、輪島市、珠洲市など）	石川県外には泊まらない	夫婦2人	温泉や露天風呂, 地元の美味しいものを食べる, テーマパーク（遊園地、動物園、博物館など）, ポケモン	飛行機	レンタカー	どちらでもない	道が通行止めのところが多かった	20,000円以上 30,000円未満	20,000円以上 30,000円未満	20,000円以上 30,000円未満	初めて	インターネット・アプリ	選択なし/該当施設なし		道の駅のとじま		3,000円以上 5,000円未満	満足	開いている飲食店が少ない	とても満足		感じた	飲食店が少ない	8		機会があれば行きたい	お土産はポケモンのものが欲しい	女	1992	東京都	北区	1,000万円以上 1,200万円未満	景品が当たる	満足	8	
金沢エリア	金沢中央観光案内所	2026/09/14	同意する	日帰り	石川県内には宿泊しない	石川県内には宿泊しない	石川県外には泊まらない	自分ひとり	花見や紅葉などの自然鑑賞, 名所、旧跡の観光, まちあるき、都市散策	自家用車	自家用車			使わない	3,000円以上 5,000円未満	5,000円以上 10,000円未満	初めて	通りすがり	兼六園		選択なし/該当施設なし	金沢城公園	1,000円未満	満足		満足		感じなかった		9		また行きたい（1年以内）	武家屋敷、土壁通りなども歩いていて楽しめました。	女	1972	福井県	福井市	700万円以上 800万円未満	ちょうど休憩していたから。	満足	9	金沢城公園。新たに整備され、復元された櫓などの施設が興味深い。
加賀エリア	那谷寺	2026/09/14	同意する	4泊以上	3泊	加賀エリア （山代温泉、山中温泉、片山津温泉、粟津温泉、辰口温泉、加賀市、小松市など）	三重県	中学生以上連れの家族	温泉や露天風呂	自家用車	自家用車			1,000円以上 3,000円未満	100,000円以上	50,000円以上 100,000円未満	初めて	新聞・雑誌・ガイドブック	選択なし/該当施設なし		日本自動車博物館		1,000円以上 3,000円未満	とても満足	親切	とても満足	　	感じなかった		10	　	機会があれば行きたい	特になし	男	1961	東京都	江戸川区	200万円以上 300万円未満	石川県のおすすめ観光スポットが見たい	とても満足	10	　
加賀エリア	小松空港	2026/09/14	同意する	3泊	2泊	金沢エリア  （湯涌温泉、深谷温泉、犀川温泉など）	福井県	夫婦2人	地元の美味しいものを食べる, 名所、旧跡の観光, まちあるき、都市散策	レンタカー	レンタカー	とても満足	食べ物が美味しく観光するところがいっぱいあるところ。	20,000円以上 30,000円未満	10,000円以上 20,000円未満	3,000円以上 5,000円未満	6～10回目	観光展・物産展, 観光連盟やDMOのHP, Instagram, 観光協会等の案内所	那谷寺	道の駅輪島	木場潟公園	金沢駅	20,000円以上 30,000円未満	とても満足	色々ものが買える。	とても満足	とても綺麗で親切だったから。	感じなかった		10	とっとアピールした方がいいと思う。	また行きたい（1年以内）	凄く食べ物が美味しいのでもっときたい。	男	1966	神奈川県	横浜市鶴見区	800万円以上 900万円未満	景品が当たる, ひゃくまんさんが好き, 石川県のおすすめ観光スポットが見たい	とても満足	10	美味しいものとゆっくり観光出来るところ。
加賀エリア	加賀の宿宝生亭	2026/09/14	同意する	1泊	1泊	加賀エリア （山代温泉、山中温泉、片山津温泉、粟津温泉、辰口温泉、加賀市、小松市など）	富山県	小学生以下連れの家族	宿でのんびり過ごす, 温泉や露天風呂, 花見や紅葉などの自然鑑賞, ウェルカムベビーの宿でゆっくり互いのケアをする！	自家用車	自家用車		おんせんも素晴らしく、なによりあたたかくお出迎えしてくださったスタッフのみなさんに支えらながら、ご飯も自分らのペースでいつも冷めたご飯なのが、あつあつを食べさせてくださり嬉しかったです。ありがとうございます。	20,000円以上 30,000円未満	3,000円以上 5,000円未満	3,000円以上 5,000円未満	初めて	TV・ラジオ番組やCM, Instagram, ブログ, 友人・知人, はじめてばこに券がはいっていたため。	日本自動車博物館	総湯	ゆのくにの森		3,000円以上 5,000円未満	とても満足	お湯も疲れた足によく、また、いろんなみたことない自動車がたくさんあり感動した。	どちらでもない	綺麗で良かった！	感じなかった	WiFiがなかなか通じず。。また時折電波もなく困りました	8	おいしかったです！お土産も充実しており良かった。	また行きたい（1年以内）	ほうじ茶。。かなり美味しかったです。あとのどぐろ最高でした！ 	女	1994	富山県	富山県高岡市野村	500万円以上 600万円未満	景品が当たる	とても満足	10	赤ちゃんや子供連れにとって、あまり人の目を気にせず子供がキャッキャ声を出しても、周りも子供連れなためお互い気を使いすぎずに過ごせたから
加賀エリア	小松空港	2026/09/14	同意する	1泊	1泊	加賀エリア （山代温泉、山中温泉、片山津温泉、粟津温泉、辰口温泉、加賀市、小松市など）	石川県外には泊まらない	自分ひとり	出張など仕事関係	新幹線	自家用車			5,000円以上 10,000円未満	5,000円以上 10,000円未満	10,000円以上 20,000円未満	11回目以上	交通のため	選択なし/該当施設なし	仕事の顧客	選択なし／該当施設なし	空港から帰宅	1,000円未満	満足	一通りの施設が揃ってるから	満足	一通りの施設が揃っているから	感じなかった		8	飲食できるところがあれば嬉しい	また行きたい（1年以内）	能登牛の魅力をお土産で出して欲しい	男	1974	神奈川県	相模原市	700万円以上 800万円未満	景品が当たる	とても満足	9	小松駅から空港のアクセスの良さ
加賀エリア	北陸自動車道　尼御前ＳＡ（上り）	2026/09/14	同意する	3泊	3泊	金沢エリア  （湯涌温泉、深谷温泉、犀川温泉など）	名古屋	自分ひとり	スポーツ観戦や芸術鑑賞（コンサート等）	自家用車	自家用車		車が自分の時間で動きやすいから	10,000円以上 20,000円未満	20,000円以上 30,000円未満	40,000円以上 50,000円未満	初めて	観光展・物産展, インターネット・アプリ	選択なし/該当施設なし	マスターズの試合	選択なし／該当施設なし	日本スポーツマスターズ	100,000円以上	とても満足	色々と揃ってた	とても満足	ゆっくり買えた	感じなかった		10		また行きたい（1年以内）	特になし	女	1968	鹿児島県	かごしまし	200万円以上 300万円未満	景品が当たる	とても満足	10	
加賀エリア	いしかわ動物園	2026/09/14	同意する	日帰り	石川県内には宿泊しない	石川県内には宿泊しない	石川県外には泊まらない	小学生以下連れの家族	テーマパーク（遊園地、動物園、博物館など）	自家用車	自家用車			5,000円以上 10,000円未満	5,000円以上 10,000円未満	1,000円未満	6～10回目	インターネット・アプリ	選択なし/該当施設なし		選択なし／該当施設なし		1,000円以上 3,000円未満	どちらでもない	お土産をもっと充実して欲しい	満足		感じなかった		5	もっとお土産を充実させて欲しい　動物園ならではのもの	機会があれば行きたい	特になし	男	1989	福井県	越前市	1,000万円以上 1,200万円未満	景品が当たる	満足	5	
加賀エリア	たちばな四季亭	2026/09/14	同意する	2泊	2泊	加賀エリア （山代温泉、山中温泉、片山津温泉、粟津温泉、辰口温泉、加賀市、小松市など）	石川県外には泊まらない	夫婦2人	温泉や露天風呂, 地元の美味しいものを食べる	新幹線	路線バス, 宿の送迎	満足	それほど待たずに利用出来た為	50,000円以上 100,000円未満	20,000円以上 30,000円未満	30,000円以上 40,000円未満	初めて	インターネット・アプリ	選択なし/該当施設なし	この施設が最初の訪問地	選択なし／該当施設なし	そのまま帰宅予定	50,000円以上 100,000円未満	とても満足	温泉、部屋がとても良い。中居さんもとても親切。	とても満足	贅沢感があるため	感じなかった		10	お料理も見た目もお皿も素敵で九谷の産地だなぁと感じられ、とても良かったです。九谷焼をたくさん買いました！	また行きたい（1年以内）	食、文化の融合が素晴らしく、さらに石川の持つ魅力を発信してほしいです。	女	1969	東京都	杉並区	1,500万円以上	景品が当たる	とても満足	10	温泉、料理、駅からのアクセス、とてもバランスが良い。
能登エリア	のとじま水族館	2026/09/14	同意する	日帰り	石川県内には宿泊しない	石川県内には宿泊しない	富山県	小学生以下連れの家族	テーマパーク（遊園地、動物園、博物館など）	自家用車	自家用車			使わない	1,000円未満	1,000円以上 3,000円未満	6～10回目	昔から馴染みのある水族館のため情報源はない	能登食祭市場		選択なし／該当施設なし		1,000円以上 3,000円未満	とても満足	買いたかった能登の塩が購入できたし、キャッシュレス決済対応だったため	とても満足	キャッシュレス決済対応だったため	感じなかった		10		また行きたい（1年以内）	海鮮が美味しい	女	1995	石川県	白山市	900万円以上 1,000万円未満	景品が当たる	とても満足	10	能登が復興のために頑張ってるなぁと肌で感じることができたため
能登エリア	Trip inn 能登空港	2026/09/14	同意する	4泊以上	4泊以上	能登エリア （和倉温泉、七尾市、輪島市、珠洲市など）	東京都	職場の同僚	出張など仕事関係	在来線, 飛行機	レンタカー	どちらでもない	空港でレンタカーは借りやすいものの、とくに他地域と比べて優れているとは思わないため。	30,000円以上 40,000円未満	20,000円以上 30,000円未満	20,000円以上 30,000円未満	初めて	インターネット・アプリ	選択なし/該当施設なし	道の駅あなみず	道の駅のとじま		10,000円以上 20,000円未満	満足	綺麗な施設で快適に過ごせたため。コスパはやや不満。	満足		感じなかった		5	食事の提供があるだけありがたい。将来的には地元の味わいを感じられると嬉しい。	機会があれば行きたい	海産物だけではない食事の魅力	男	1994	北海道	岩見沢市	500万円以上 600万円未満	景品が当たる	満足	8	食事のおいしさ。
能登エリア	ホテルアリヴィオ	2026/09/14	同意する	1泊	1泊	能登エリア （和倉温泉、七尾市、輪島市、珠洲市など）	石川県外には泊まらない	友人	宿でのんびり過ごす, 地元の美味しいものを食べる, テーマパーク（遊園地、動物園、博物館など）, アウトドア（海水浴、釣り、登山など）, ドライブ・ツーリング, 出張など仕事関係	自家用車	自家用車			5,000円以上 10,000円未満	3,000円以上 5,000円未満	5,000円以上 10,000円未満	11回目以上	インターネット・アプリ, Instagram	選択なし/該当施設なし	仕事終わりにホテル直行	選択なし／該当施設なし	美術館	1,000円以上 3,000円未満	とても満足		とても満足		感じなかった		10		また行きたい（1年以内）	特になし	女	2002	熊本県	熊本市	1,500万円以上	景品が当たる, なんとなく	とても満足	10	能登 復興のために経済を回したいから
能登エリア	おくだや	2026/09/15	同意する	2泊	2泊	能登エリア （和倉温泉、七尾市、輪島市、珠洲市など）	石川県外には泊まらない	妹と友達	宿でのんびり過ごす, 温泉や露天風呂, 地元の美味しいものを食べる, 出張など仕事関係	新幹線	タクシー	満足	タクシーはどんな時でもありがたい存在です	20,000円以上 30,000円未満	50,000円以上 100,000円未満	40,000円以上 50,000円未満	初めて	X(旧：Twitter), Instagram, 観光協会等の案内所, chat GPT	能登食祭市場		選択なし／該当施設なし		20,000円以上 30,000円未満	とても満足	食べ物も美味しいし、干物などもたくさんあり大満足でした	とても満足	人も優しく食べ物も美味しくお土産も充実してた	感じなかった		10	両親を連れてきてあげたいほど大満足なホテルに、復興の背景を考えると胸が熱くなるほどでした。ホテルの周りも近くに色々と充実していて、食べたいものもありすぎて、2泊では足りないほどでした	また行きたい（1年以内）	海産物が好きなので既に満足しています	女	1987	東京都	練馬区	900万円以上 1,000万円未満	景品が当たる, 石川県のおすすめ観光スポットが見たい, 石川県の雑学を知りたい	とても満足	10	奥田屋さんのホテルは本当に綺麗で源泉掛け流しの温泉も幸せでした。両親が元気なうちに連れてきたいなと思いました
金沢エリア	天然温泉加賀の湧泉　ドーミーイン金沢	2026/09/15	同意する	2泊	2泊	金沢エリア  （湯涌温泉、深谷温泉、犀川温泉など）	石川県外には泊まらない	自分ひとり	地元の美味しいものを食べる, 買い物、アウトレット, まちあるき、都市散策, 図書館	新幹線	徒歩			10,000円以上 20,000円未満	10,000円以上 20,000円未満	30,000円以上 40,000円未満	初めて	観光展・物産展, 新聞・雑誌・ガイドブック, TV・ラジオ番組やCM, 観光パンフレット・ポスター, インターネット・アプリ, Instagram, タクシードライバーや地元の人	選択なし/該当施設なし	図書館、ミナペルホネンなど	選択なし/該当施設なし	帰宅のため駅前でショッピングのみ	10,000円以上 20,000円未満	満足	温泉が気持ちよかったです	満足	ドーミーインはいつも清潔だが、今回は髪の毛が数本落ちていた	感じなかった		9	朝食が他のドーミーインより種類が少ないように感じた。揚げ物ばっかりだった	機会があれば行きたい	特になし	女	1987	大阪府	柏原市	600万円以上 700万円未満	景品が当たる	とても満足	10	なんでもある
金沢エリア	香林坊地下駐車場	2026/09/15	同意する	2泊	1泊	加賀エリア （山代温泉、山中温泉、片山津温泉、粟津温泉、辰口温泉、加賀市、小松市など）	岐阜県	恋人	地元の美味しいものを食べる	自家用車	自家用車	とても満足		50,000円以上 100,000円未満	30,000円以上 40,000円未満	50,000円以上 100,000円未満	11回目以上	Instagram	近江町市場	大和	選択なし/該当施設なし	金沢駅	100,000円以上	とても満足	物産展	とても満足	駐車場の誘導がスムーズで助かりました	感じなかった		10		また行きたい（1年以内）	特になし	女	1985	石川県	金沢市	1,000万円以上 1,200万円未満	景品が当たる	とても満足	10	人がいいです
金沢エリア	西茶屋資料館	2026/09/15	同意する	3泊	1泊	金沢エリア  （湯涌温泉、深谷温泉、犀川温泉など）	富山県	中学生以上連れの家族	地元の美味しいものを食べる, 名所、旧跡の観光, まちあるき、都市散策	自家用車	自家用車			10,000円以上 20,000円未満	1,000円以上 3,000円未満	10,000円以上 20,000円未満	初めて	インターネット・アプリ	近江町市場		ひがし茶屋街		1,000円以上 3,000円未満	満足		満足		感じなかった		7		機会があれば行きたい	スイーツ、お酒、肉	女	1971	東京都	世田谷区	700万円以上 800万円未満	景品が当たる	とても満足	9	食事
金沢エリア	西茶屋資料館	2026/09/15	同意する	3泊	1泊	金沢エリア  （湯涌温泉、深谷温泉、犀川温泉など）	富山県	親	温泉や露天風呂, 地元の美味しいものを食べる, まちあるき、都市散策	自家用車	自家用車			10,000円以上 20,000円未満	3,000円以上 5,000円未満	30,000円以上 40,000円未満	2～5回目	観光パンフレット・ポスター, インターネット・アプリ	近江町市場		選択なし/該当施設なし		1,000円以上 3,000円未満	満足	特産のものがおいしい	満足	歴史を感じられてよい	感じなかった		8		機会があれば行きたい	カフェや休む場所が増えるとなおいい	女	2002	東京都	世田谷区	200万円以上 300万円未満	景品が当たる	とても満足	9	海鮮やお茶など特産のものがおいしかった、能登牛のすき焼きも美味しかった
金沢エリア	石川県立歴史博物館	2026/09/15	同意する	2泊	2泊	金沢エリア  （湯涌温泉、深谷温泉、犀川温泉など）	石川県外には泊まらない	夫婦2人	名所、旧跡の観光	新幹線	路線バス	満足	バスの便が多く、１日乗り放題が楽です。	20,000円以上 30,000円未満	3,000円以上 5,000円未満	10,000円以上 20,000円未満	初めて	観光パンフレット・ポスター	尾山神社	歴史博物館、県立図書館、	金沢21世紀美術館		3,000円以上 5,000円未満	満足	親友でした	満足	丁寧で親切な案内でした	感じなかった	無いです	10	お会いした限りの方は､親切でしたので、お食事も美味しくいただきました。	機会があれば行きたい	先ほどと同じです	女	1952	千葉県	成田市	400万円以上 500万円未満	景品が当たる	満足	10	
加賀エリア	大江戸温泉物語Premium 山下家	2026/09/15	同意する	1泊	1泊	石川県内には宿泊しない	石川県外には泊まらない	夫婦2人	宿でのんびり過ごす	自家用車	自家用車	とても満足	高速を使えば楽にこれるから	10,000円以上 20,000円未満	3,000円以上 5,000円未満	3,000円以上 5,000円未満	6～10回目	インターネット・アプリ	ゆのくにの森		選択なし／該当施設なし		使わない	満足		満足		感じなかった		10		また行きたい（1年以内）	ノドグロのお土産	女	1962	岐阜県	各務原市	400万円以上 500万円未満	景品が当たる	とても満足	10	天空のお風呂 
加賀エリア	大江戸温泉物語Premium 山下家	2026/09/15	同意する	1泊	1泊	加賀エリア （山代温泉、山中温泉、片山津温泉、粟津温泉、辰口温泉、加賀市、小松市など）	石川県外には泊まらない	夫婦2人	宿でのんびり過ごす, 温泉や露天風呂, 地元の美味しいものを食べる	自家用車	自家用車			20,000円以上 30,000円未満	1,000円以上 3,000円未満	1,000円未満	2～5回目	インターネット・アプリ	選択なし/該当施設なし		選択なし／該当施設なし		使わない	どちらでもない		どちらでもない		感じなかった		7		機会があれば行きたい	観光地が多く、楽しめると思います。	男	1956	岐阜県	各務原市	500万円以上 600万円未満	景品が当たる	満足	8	食事がおいしかったから
加賀エリア	大江戸温泉物語 わんわんリゾート　粟津	2026/09/15	同意する	1泊	1泊	加賀エリア （山代温泉、山中温泉、片山津温泉、粟津温泉、辰口温泉、加賀市、小松市など）	石川県外には泊まらない	親	宿でのんびり過ごす, 温泉や露天風呂, 地元の美味しいものを食べる, 名所、旧跡の観光, まちあるき、都市散策	自家用車	自家用車			40,000円以上 50,000円未満	30,000円以上 40,000円未満	20,000円以上 30,000円未満	初めて	観光展・物産展, インターネット・アプリ	選択なし/該当施設なし		月うさぎの里		10,000円以上 20,000円未満	とても満足	口コミが良さそうなので	とても満足	楽しめるから	感じなかった		10		また行きたい（1年以内）	のどぐろが好き	女	1975	静岡県	浜松市中央区	800万円以上 900万円未満	景品が当たる, 石川県のおすすめ観光スポットが見たい, 石川県の雑学を知りたい	とても満足	10	あわず温泉
加賀エリア	航空プラザ	2026/09/15	同意する	2泊	2泊	加賀エリア （山代温泉、山中温泉、片山津温泉、粟津温泉、辰口温泉、加賀市、小松市など）	石川県外には泊まらない	友人	温泉や露天風呂, 名所、旧跡の観光	飛行機	旅行会社ツアーバス	とても満足	雨降りにはありがたい	30,000円以上 40,000円未満	5,000円以上 10,000円未満	20,000円以上 30,000円未満	2～5回目	インターネット・アプリ	選択なし/該当施設なし	小松空港	選択なし／該当施設なし	東尋坊	1,000円未満	とても満足	飛行機の歴史の勉強になりました	とても満足	無料が多い	感じなかった		8	九谷焼のガチャガチャ、もっと種類が欲しい	また行きたい（1年以内）	食事と文化を楽しむ	女	1965	静岡県	沼津市	500万円以上 600万円未満	景品が当たる	満足	8	歴史を感じる名所を訪れたい
加賀エリア	小松空港	2026/09/15	同意する	2泊	2泊	加賀エリア （山代温泉、山中温泉、片山津温泉、粟津温泉、辰口温泉、加賀市、小松市など）	石川県外には泊まらない	夫婦2人	宿でのんびり過ごす, 温泉や露天風呂, 花見や紅葉などの自然鑑賞, 名所、旧跡の観光	在来線, 飛行機	路線バス	満足	便利が良かったから。	30,000円以上 40,000円未満	10,000円以上 20,000円未満	5,000円以上 10,000円未満	6～10回目	新聞・雑誌・ガイドブック, TV・ラジオ番組やCM, 観光パンフレット・ポスター, インターネット・アプリ	選択なし/該当施設なし	山中温泉	選択なし／該当施設なし		10,000円以上 20,000円未満	とても満足	素晴らしいから。	とても満足		感じなかった		9		また行きたい（1年以内）	酒🍶	男	1982	福岡県	福岡市	200万円以上 300万円未満	景品が当たる, ひゃくまんさんが好き, 石川県の雑学を知りたい	とても満足	10	
加賀エリア	航空プラザ	2026/09/15	同意する	2泊	2泊	加賀エリア （山代温泉、山中温泉、片山津温泉、粟津温泉、辰口温泉、加賀市、小松市など）	石川県外には泊まらない	友人	宿でのんびり過ごす, 温泉や露天風呂, 地元の美味しいものを食べる, 名所、旧跡の観光, テーマパーク（遊園地、動物園、博物館など）, 買い物、アウトレット, まちあるき、都市散策	飛行機	旅行会社ツアーバス	満足	接客の対応が良い	3,000円以上 5,000円未満	20,000円以上 30,000円未満	30,000円以上 40,000円未満	初めて	観光パンフレット・ポスター	選択なし/該当施設なし	小松空港	選択なし／該当施設なし	安宅日吉神社	使わない	満足	展示が良かった	満足	楽しい	感じなかった		8	子供が喜びそう	また行きたい（1年以内）	特になし	女	1964	静岡県	静岡県	800万円以上 900万円未満	景品が当たる	とても満足	10	兼六園
加賀エリア	小松空港	2026/09/15	同意する	2泊	2泊	加賀エリア （山代温泉、山中温泉、片山津温泉、粟津温泉、辰口温泉、加賀市、小松市など）	石川県外には泊まらない	夫婦2人	宿でのんびり過ごす, 温泉や露天風呂, 地元の美味しいものを食べる, 花見や紅葉などの自然鑑賞, 名所、旧跡の観光, まちあるき、都市散策	飛行機	在来線, 徒歩	とても満足	快適でした	40,000円以上 50,000円未満	5,000円以上 10,000円未満	5,000円以上 10,000円未満	11回目以上	インターネット・アプリ	選択なし/該当施設なし	山中温泉	選択なし／該当施設なし		3,000円以上 5,000円未満	どちらでもない		どちらでもない		感じなかった		10	ゆっくりくつろげました	また行きたい（1年以内）	日本酒旨い	女	1958	福岡県	福岡市	100万円以上 200万円未満	景品が当たる	とても満足	10	山中温泉
加賀エリア	那谷寺	2026/09/15	同意する	1泊	1泊	加賀エリア （山代温泉、山中温泉、片山津温泉、粟津温泉、辰口温泉、加賀市、小松市など）	石川県外には泊まらない	夫婦2人	宿でのんびり過ごす, 温泉や露天風呂, 地元の美味しいものを食べる, 名所、旧跡の観光	自家用車	自家用車			20,000円以上 30,000円未満	5,000円以上 10,000円未満	10,000円以上 20,000円未満	初めて	インターネット・アプリ	選択なし/該当施設なし		ゆのくにの森		1,000円以上 3,000円未満	どちらでもない	特に問題なし	満足	しっとりと落ち着いた雰囲気で秘仏公開を参拝できた。	感じなかった		8	今のままで良い	機会があれば行きたい	特になし	男	1957	岐阜県	可児市	500万円以上 600万円未満	景品が当たる	満足	9	1泊旅行として距離感がいい
加賀エリア	加賀の宿宝生亭	2026/09/15	同意する	1泊	1泊	加賀エリア （山代温泉、山中温泉、片山津温泉、粟津温泉、辰口温泉、加賀市、小松市など）	石川県外には泊まらない	小学生以下連れの家族	宿でのんびり過ごす	県外から訪れていない（石川県内在住）	レンタカー	満足	レンタカーを空港・金沢駅で返却でき便利	50,000円以上 100,000円未満	10,000円以上 20,000円未満	50,000円以上 100,000円未満	初めて	インターネット・アプリ, 観光協会等の案内所	選択なし/該当施設なし	直接宿に向かいました	選択なし／該当施設なし	あやとり橋	使わない	満足	きれいでした。雨だったので川床のカフェが利用できなかったのは残念でした	どちらでもない		感じなかった		10	赤子がいたのと雨だったので軽く散歩をしました	石川県在住	雨の日でも赤ちゃん連れが過ごせる施設	女	1991	石川県	金沢市	600万円以上 700万円未満	景品が当たる	満足	10	旅館が良かったです。赤子連れでも楽しめました
加賀エリア	加賀伝統工芸村　ゆのくにの森	2026/09/15	同意する	1泊	石川県内には宿泊しない	石川県内には宿泊しない	福井県	団体旅行	宿でのんびり過ごす	レンタカー	レンタカー	とても満足	とてもよかったー	30,000円以上 40,000円未満	1,000円以上 3,000円未満	3,000円以上 5,000円未満	初めて	インターネット・アプリ	選択なし/該当施設なし	ホテルから直接きた	選択なし／該当施設なし	カニファクトリー	1,000円以上 3,000円未満	とても満足		とても満足		感じなかった		10	お子様カレーおいしかったです！	また行きたい（1年以内）	特になし	女	2000	愛知県	岡崎市中島町	600万円以上 700万円未満	景品が当たる	とても満足	10	全部です！
加賀エリア	北陸自動車道　尼御前ＳＡ（下り）	2026/09/15	同意する	2泊	石川県内には宿泊しない	石川県内には宿泊しない	福井県	自分ひとり	買い物、アウトレット	自家用車	自家用車			5,000円以上 10,000円未満	10,000円以上 20,000円未満	3,000円以上 5,000円未満	11回目以上	インターネット・アプリ	木場潟公園		木場潟公園		3,000円以上 5,000円未満	とても満足	ご当地のものが道の駅にあった	とても満足		感じなかった		8		石川県在住	金沢カレー 金箔	女	1976	石川県	野々市市	100万円以上 200万円未満	景品が当たる, ひゃくまんさんが好き	とても満足	9	
加賀エリア	小松空港	2026/09/15	同意する	2泊	2泊	金沢エリア  （湯涌温泉、深谷温泉、犀川温泉など）	石川県外には泊まらない	夫婦2人	地元の美味しいものを食べる, テーマパーク（遊園地、動物園、博物館など）, 買い物、アウトレット	飛行機	レンタカー, 路線バス	満足	レンタカーは綺麗だった　バスは路線がわかりやすかった	10,000円以上 20,000円未満	100,000円以上	50,000円以上 100,000円未満	2～5回目	インターネット・アプリ	選択なし/該当施設なし	21世紀美術館	選択なし／該当施設なし		3,000円以上 5,000円未満	満足	追加でお土産買いました	満足	買い物がしやすかった	感じなかった		8	石川県の物がなんでもあって文句なし	機会があれば行きたい	特になし	男	1980	北海道	函館市	500万円以上 600万円未満	なんとなく	満足	8	のどぐろを含め食べ物全般旨かった
能登エリア	田の浦荘	2026/09/15	同意する	1泊	1泊	能登エリア （和倉温泉、七尾市、輪島市、珠洲市など）	石川県外には泊まらない	自分ひとり	出張など仕事関係	県外から訪れていない（石川県内在住）	自家用車			40,000円以上 50,000円未満	5,000円以上 10,000円未満	20,000円以上 30,000円未満	初めて	タクシードライバーや地元の人	選択なし/該当施設なし	仕事なので	選択なし／該当施設なし	仕事なので	10,000円以上 20,000円未満	満足	食事が充実	満足	ひとあたり	感じなかった		5	焼き魚が美味しかったですです	どちらともいえない	特になし	男	1974	石川県	金沢市	700万円以上 800万円未満	景品が当たる	どちらでもない	5	
能登エリア	海舟	2026/09/15	同意する	3泊	1泊	能登エリア （和倉温泉、七尾市、輪島市、珠洲市など）	福井県	友人	宿でのんびり過ごす, 温泉や露天風呂, 地元の美味しいものを食べる	新幹線, 在来線	在来線	満足	接続が良いから。	20,000円以上 30,000円未満	3,000円以上 5,000円未満	5,000円以上 10,000円未満	初めて	観光パンフレット・ポスター, インターネット・アプリ, Instagram, ブログ	選択なし/該当施設なし	金沢駅周辺	能登食祭市場		3,000円以上 5,000円未満	満足	新鮮な海の幸。	満足		感じなかった		10	能登山幸海幸を堪能！	また行きたい（1年以内）	魚介類、加賀野菜、お米など食が素晴らしい。大好きな県です。	男	1991	和歌山県	和歌山市	500万円以上 600万円未満	景品が当たる, ひゃくまんさんが好き, 石川県のおすすめ観光スポットが見たい	とても満足	10	食と文化が素晴らしい。
能登エリア	休暇村能登千里浜	2026/09/15	同意する	2泊	2泊	能登エリア （和倉温泉、七尾市、輪島市、珠洲市など）	石川県外には泊まらない	中学生以上連れの家族	温泉や露天風呂, 地元の美味しいものを食べる, 名所、旧跡の観光, まちあるき、都市散策	自家用車	自家用車			30,000円以上 40,000円未満	5,000円以上 10,000円未満	5,000円以上 10,000円未満	初めて	インターネット・アプリ	千里浜なぎさドライブウェイ		選択なし／該当施設なし	世界一長いベンチ	1,000円以上 3,000円未満	とても満足	ウェルカムドリンクの利用時間が長くて助かりました。レストランのスタッフさんの接客がフレンドリーで嬉しかった。	満足	カードゲーム類が沢山あって楽しく利用しました、卓球があると思っていたので無くなって残念、サウナ後の水風呂がないのが残念、サウナの時間が短いのが残念	感じた	スリッパの足が入る部分が小さくて脱げやすい	7	お土産の種類が豊富で見るだけででも楽しめる、朝食バイキングに出ていたアラレ美味しくてお土産に買いました。地元の料理などの説明がテーブル番号カードに書いてあり、より美味しくいただけました。	また行きたい（1年以内）	その場所でしか食べられない郷土料理を分かりやすく発信されていれば、中心に食べたいと思います。	女	1973	千葉県	千葉市緑区	1,000万円以上 1,200万円未満	景品が当たる, 石川県のおすすめ観光スポットが見たい, 石川県の雑学を知りたい	とても満足	10	伝統工芸や歴史を大切にしつつ近代的で都会的な建築などが混在している。
能登エリア	海舟	2026/09/15	同意する	1泊	1泊	能登エリア （和倉温泉、七尾市、輪島市、珠洲市など）	福井県	友人	宿でのんびり過ごす, 温泉や露天風呂, 地元の美味しいものを食べる	新幹線, 在来線	在来線	満足	利便性が良い。	20,000円以上 30,000円未満	5,000円以上 10,000円未満	10,000円以上 20,000円未満	初めて	観光パンフレット・ポスター, インターネット・アプリ, X(旧：Twitter), Instagram	選択なし/該当施設なし	金沢城	能登食祭市場		5,000円以上 10,000円未満	満足	新鮮な魚介類が豊富。	満足		感じなかった		10	美味いものがいっぱい。	また行きたい（1年以内）	新鮮な食材を使った料理。	男	1991	和歌山県	和歌山市	500万円以上 600万円未満	景品が当たる, ひゃくまんさんが好き, 石川県のおすすめ観光スポットが見たい	とても満足	10	加賀野菜、魚介類、お米、加賀棒茶。
能登エリア	のとじま水族館	2026/09/15	同意する	1泊	1泊	能登エリア （和倉温泉、七尾市、輪島市、珠洲市など）	石川県外には泊まらない	小学生以下連れの家族	ポケモンスポット巡り	飛行機	路線バス	どちらでもない	本数は少ないものの、和倉温泉の各地から水族館まで行けるのが便利だったから。	20,000円以上 30,000円未満	10,000円以上 20,000円未満	10,000円以上 20,000円未満	初めて	インターネット・アプリ	選択なし/該当施設なし	前日はポケモンのと巡りバスで観光をしました。	選択なし／該当施設なし	最後の旅程だった為。	3,000円以上 5,000円未満	とても満足	ショーや時間限定のイベントが多く、混みすぎず見やすくて満足度が高かった。	満足	規模や展示内容、イベントは大満足。飲食店がもっと地のものメニューがあると嬉しい。	感じなかった		10	アクティビティが充実していて、タイムスケジュールも入り口に近い方から順番に回れるようになっている。	機会があれば行きたい	のとポケモン巡りバスで添乗員さんがブルーベリーワインがおすすめと言っていたが、宿泊施設、土産物屋、空港どこにもなかった。復興途中で仕方がないが、今後はおすすめのお土産を県や自治体で明確に打ち出して、主要スポットになるべく置くようにすると経済効果が見込まれると思う。	女	1989	東京都	練馬区	1,200万円以上 1,500万円未満	なんとなく, 能登を応援したいから。	満足	8	ポケモン好きな人は満足度高い。能登は復興途中なので、今後に期待。
能登エリア	のとじま水族館	2026/09/15	同意する	2泊	2泊	能登エリア （和倉温泉、七尾市、輪島市、珠洲市など）	石川県外には泊まらない	自分ひとり	宿でのんびり過ごす, 温泉や露天風呂, 地元の美味しいものを食べる, 花見や紅葉などの自然鑑賞, 名所、旧跡の観光	自家用車	自家用車			20,000円以上 30,000円未満	10,000円以上 20,000円未満	20,000円以上 30,000円未満	初めて	インターネット・アプリ	選択なし/該当施設なし	道の駅のと千里浜	選択なし／該当施設なし	ガラス美術館	1,000円以上 3,000円未満	とても満足	館内が清潔で生き物が元気だった	とても満足	上と同じ	感じなかった		10		また行きたい（1年以内）	情報がまとめてわかりやすと嬉しい。	女	1976	長野県	諏訪郡富士見町	500万円以上 600万円未満	石川県のおすすめ観光スポットが見たい	とても満足	10	
能登エリア	のとじま水族館	2026/09/15	同意する	3泊	3泊	金沢エリア  （湯涌温泉、深谷温泉、犀川温泉など）	石川県外には泊まらない	小学生以下連れの家族	地元の美味しいものを食べる, 名所、旧跡の観光, まちあるき、都市散策, 友人・親戚を訪ねる	新幹線	レンタカー	とても満足	雨で子連れでも楽でした	100,000円以上	3,000円以上 5,000円未満	10,000円以上 20,000円未満	初めて	Instagram, chat GPT	選択なし/該当施設なし		選択なし／該当施設なし		3,000円以上 5,000円未満	とても満足	子どもたちも楽しんでいました	とても満足		感じなかった		8	お土産やくじ引きがかわいかった	機会があれば行きたい	特になし	女	1988	神奈川県	海老名	700万円以上 800万円未満	景品が当たる	とても満足	9	大人も子どもも楽しめる
能登エリア	ホテルアリヴィオ	2026/09/15	同意する	2泊	2泊	能登エリア （和倉温泉、七尾市、輪島市、珠洲市など）	石川県外には泊まらない	夫婦2人	地元の美味しいものを食べる, 名所、旧跡の観光, まちあるき、都市散策	新幹線	在来線	とても満足	混雑せず座ることができ、快適な移動でした。時折、駅が地元の方によって装飾されているのも素敵でした。	20,000円以上 30,000円未満	40,000円以上 50,000円未満	10,000円以上 20,000円未満	初めて	宿泊予約サイト	選択なし/該当施設なし	能登ワイン	選択なし／該当施設なし	のと里山里海ミュージアム、コスモアイル羽咋	5,000円以上 10,000円未満	とても満足	スタッフさんが、丁寧で、思いやりあるご対応をしてくださいました。喫煙ルームを予約していましたが、空いている非喫煙ルームに変更をしてくださいました。客室も綺麗で、食事も美味しかったです。	とても満足	上記に加え、駅からも近く、大変助かりました。	感じなかった		10	漫画コーナーに、所在地、七尾が舞台の漫画が置いてあり、空き時間に読ませていただきました。土地への愛着が増し、とてもよかったです。	機会があれば行きたい	海の幸が美味しい日本海側の都道府県で、特にアクセスがしやすい印象であるため、気軽に海の幸を楽しめる場があること。	女	1991	神奈川県	鎌倉市	1,000万円以上 1,200万円未満	景品が当たる, ホテルの印象がよく、感想を送りたいと思ったため。	とても満足	8	土地の食べ物が美味しかったこと。見所がたくさんあること(今回の旅では見きれないほどの見所がありました)。新幹線が開通し、アクセスがしやすいこと。ただ、現地での移動に、車がある方が便利なところも多く、移動方法にやや困ることがありました。
金沢エリア	金沢中央観光案内所	2026/09/15	同意する	1泊	1泊	金沢エリア  （湯涌温泉、深谷温泉、犀川温泉など）	石川県外には泊まらない	友人	地元の美味しいものを食べる, お祭りやイベントへの参加・見物, まちあるき、都市散策	新幹線	路線バス, 徒歩	どちらでもない	路線が多くわかりづらかった	20,000円以上 30,000円未満	1,000円以上 3,000円未満	10,000円以上 20,000円未満	初めて	インターネット・アプリ, 友人・知人	近江町市場		選択なし/該当施設なし	市場以外全部訪問	使わない	とても満足	綺麗だった	とても満足	綺麗だった	感じなかった		9		機会があれば行きたい	地元民ならではのオススメスポット紹介をしてほしい	女	1974	神奈川県	大和市	700万円以上 800万円未満	景品が当たる, ひゃくまんさんが好き	満足	9	街並みが柔らかくて好みだった
金沢エリア	兼六園	2026/09/15	同意する	1泊	1泊	金沢エリア  （湯涌温泉、深谷温泉、犀川温泉など）	石川県外には泊まらない	友人	宿でのんびり過ごす, 地元の美味しいものを食べる, まちあるき、都市散策	長距離バス	路線バス	とても満足	車内での説明がありわかりやすかった。料金も一律で安心感があったから。	10,000円以上 20,000円未満	10,000円以上 20,000円未満	10,000円以上 20,000円未満	2～5回目	インターネット・アプリ, Instagram, 友人・知人	選択なし/該当施設なし	一箇所目の観光地だった。	選択なし/該当施設なし	金沢城	1,000円未満	とても満足	庭師の方々が丁寧に庭を手入れされている様子も見ることができたから。	とても満足	見どころが多く楽しかったから。天気がなんとか持ったのでよかった。	感じなかった		10	兼六園の茶屋街で食べたレンコンわらび餅が美味しかったです。兼六園では噴水を見逃してしまったので、次訪れた際には必ずみようと思います！最高の金沢旅でした。	機会があれば行きたい	土産が少し高かったので700円くらいで親戚に配れるものがあると学生としては嬉しいなと思いました。飲食は歴史のあるものや金沢ならではのもの（金沢おでんなど）が食べられると嬉しいです。	女	2005	京都府	亀岡市	100万円未満	なんとなく	とても満足	10	旅先で色々な人と写真を取り合ったり、おでん屋のおばちゃんと話したり、乾物屋のおばちゃんと話したりした時、どの方も明るくて幸せな気持ちになったから。
金沢エリア	ガーデンホテル金沢	2026/09/15	同意する	3泊	3泊	金沢エリア  （湯涌温泉、深谷温泉、犀川温泉など）	石川県外には泊まらない	職場の同僚	地元の美味しいものを食べる, まちあるき、都市散策, 出張など仕事関係	新幹線, 在来線	徒歩			10,000円以上 20,000円未満	1,000円以上 3,000円未満	10,000円以上 20,000円未満	2～5回目	インターネット・アプリ	選択なし/該当施設なし	片町	選択なし/該当施設なし		5,000円以上 10,000円未満	とても満足	朝食がおいしい	とても満足		感じなかった		9		また行きたい（1年以内）	美味しい	女	2003	愛知県	名古屋市	200万円以上 300万円未満	景品が当たる	とても満足	9	美味しい、おしゃれ
金沢エリア	金沢城公園	2026/09/15	同意する	2泊	2泊	金沢エリア  （湯涌温泉、深谷温泉、犀川温泉など）	石川県外には泊まらない	中学生以上連れの家族	まちあるき、都市散策	自家用車	路線バス	満足	1日乗り放題を使いお得に利用できたのは有り難い。慣れない土地の案内板はわかりにくかった。	50,000円以上 100,000円未満	20,000円以上 30,000円未満	50,000円以上 100,000円未満	初めて	新聞・雑誌・ガイドブック, 観光パンフレット・ポスター, 友人・知人, 観光協会等の案内所	尾山神社		近江町市場		5,000円以上 10,000円未満	とても満足	お値段以上のお得感	満足		感じなかった		8		また行きたい（1年以内）	食の満足度が半端なく高かった。美味しいものがたくさん食べれたことに感謝です。	女	1972	兵庫県	加西市	300万円以上 400万円未満	景品が当たる	とても満足	9	充実した時間を過ごせること。ガイドさんの説明が満足度を上げた
加賀エリア	ポイントバケーション加賀山中	2026/09/15	同意する	2泊	2泊	加賀エリア （山代温泉、山中温泉、片山津温泉、粟津温泉、辰口温泉、加賀市、小松市など）	福井県	夫婦2人とペット(ポメラニアン)	宿でのんびり過ごす, 温泉や露天風呂	自家用車	自家用車			20,000円以上 30,000円未満	10,000円以上 20,000円未満	5,000円以上 10,000円未満	2～5回目	インターネット・アプリ	選択なし/該当施設なし	北潟湖畔公園　サイクリングパーク	選択なし／該当施設なし		10,000円以上 20,000円未満	満足	静かでのんびりできる	満足	施設の清掃が行き届いている	感じた	男湯の温水パイプが破損していて熱いお湯が床を流れていた	8	アクティビティがない	機会があれば行きたい	美味しい海鮮	男	1959	北海道	斜里郡清里町	500万円以上 600万円未満	景品が当たる	満足	8	加賀温泉駅新幹線駅がとても綺麗
加賀エリア	ポイントバケーション加賀山中	2026/09/15	同意する	2泊	2泊	加賀エリア （山代温泉、山中温泉、片山津温泉、粟津温泉、辰口温泉、加賀市、小松市など）	新潟、栃木、岩手、青森	夫婦2人	宿でのんびり過ごす	新幹線, 在来線	自家用車			10,000円以上 20,000円未満	10,000円以上 20,000円未満	5,000円以上 10,000円未満	2～5回目	インターネット・アプリ	選択なし/該当施設なし		選択なし／該当施設なし		3,000円以上 5,000円未満	満足		満足		感じた	ペットの移動が自由にできない	5		機会があれば行きたい	特に無し	女	1963	北海道	清里町	600万円以上 700万円未満	景品が当たる	満足	6	
加賀エリア	小松空港	2026/09/15	同意する	3泊	3泊	金沢エリア  （湯涌温泉、深谷温泉、犀川温泉など）	石川県外には泊まらない	自分ひとり	地元の美味しいものを食べる, 名所、旧跡の観光, まちあるき、都市散策	飛行機	路線バス, 徒歩	満足	バスの1日パスがお得だったから	20,000円以上 30,000円未満	10,000円以上 20,000円未満	5,000円以上 10,000円未満	初めて	インターネット・アプリ	選択なし/該当施設なし	金沢駅鼓門	選択なし／該当施設なし	ここが最後	5,000円以上 10,000円未満	満足	接客が良かったから	満足	出発までゆっくり過ごせたから	感じなかった		8		機会があれば行きたい	和菓子のお土産が美味しいので買ったのだが、手軽に配れるようなお土産の充実があると嬉しい	男	1988	北海道	天塩郡幌延町	500万円以上 600万円未満	景品が当たる	満足	8	兼六園の美しさに感動したので勧めたい
加賀エリア	小松空港	2026/09/15	同意する	2泊	2泊	金沢エリア  （湯涌温泉、深谷温泉、犀川温泉など）	石川県外には泊まらない	親	宿でのんびり過ごす, 温泉や露天風呂, 地元の美味しいものを食べる	飛行機	路線バス	満足		100,000円以上	10,000円以上 20,000円未満	10,000円以上 20,000円未満	初めて	Instagram	選択なし/該当施設なし	百楽荘	選択なし／該当施設なし		使わない	満足		満足		感じなかった		5		機会があれば行きたい	特になし	女	1993	福岡県	福岡市	500万円以上 600万円未満	景品が当たる	とても満足	10	百楽荘が素晴らしかった
加賀エリア	小松空港	2026/09/15	同意する	2泊	2泊	金沢エリア  （湯涌温泉、深谷温泉、犀川温泉など）	石川県外には泊まらない	中学生以上連れの家族	宿でのんびり過ごす, 温泉や露天風呂, 地元の美味しいものを食べる, 名所、旧跡の観光, 買い物、アウトレット, まちあるき、都市散策	飛行機	路線バス	満足	時間にロス無く移動できたこと	50,000円以上 100,000円未満	40,000円以上 50,000円未満	50,000円以上 100,000円未満	2～5回目	インターネット・アプリ, Instagram, ブログ	選択なし/該当施設なし	湯涌温泉	選択なし／該当施設なし	帰宅します	1,000円以上 3,000円未満	満足	気に入った商品が見つかったため	満足	きれいで快適に過ごせたため	感じなかった		7	地酒を購入したので、買ってからいただくのが楽しみです	機会があれば行きたい	のどぐろをいろんな調理で楽しみました	女	1967	福岡県	福岡市	100万円未満	景品が当たる	とても満足	10	湯涌温泉でリフレッシュできました
加賀エリア	ゆのくに天祥	2026/09/15	同意する	1泊	1泊	加賀エリア （山代温泉、山中温泉、片山津温泉、粟津温泉、辰口温泉、加賀市、小松市など）	石川県外には泊まらない	職場の同僚	出張など仕事関係	自家用車	自家用車			10,000円以上 20,000円未満	5,000円以上 10,000円未満	5,000円以上 10,000円未満	初めて	友人・知人	選択なし/該当施設なし		ゆのくにの森		3,000円以上 5,000円未満	とても満足	施設の大きさやお風呂(サウナあり)、無料のサービス	とても満足	前の質問と同様	感じなかった		10	夜ご飯が美味しかった	また行きたい（1年以内）	新鮮な海産物	男	1989	滋賀県	東近江市	700万円以上 800万円未満	景品が当たる	とても満足	10	街並み
加賀エリア	小松空港	2026/09/15	同意する	2泊	2泊	加賀エリア （山代温泉、山中温泉、片山津温泉、粟津温泉、辰口温泉、加賀市、小松市など）	石川県外には泊まらない	夫婦2人	温泉や露天風呂, 名所、旧跡の観光	飛行機	旅行会社ツアーバス	満足	ツアーバスで楽だつた	20,000円以上 30,000円未満	5,000円以上 10,000円未満	50,000円以上 100,000円未満	初めて	観光パンフレット・ポスター, インターネット・アプリ	月うさぎの里		石川県立航空プラザ		使わない	どちらでもない	飛行機に興味がなかったので	どちらでもない	子どもがいれば施設の遊具で遊べて満足だったのでは？	感じなかった		3		機会があれば行きたい	白エビ味の、もの	女	1964	東京都	杉並区	800万円以上 900万円未満	景品が当たる, ひゃくまんさんが好き	満足	8	兼六園や近江町市場　金沢城なと
加賀エリア	ゆのくに天祥	2026/09/15	同意する	1泊	2泊	加賀エリア （山代温泉、山中温泉、片山津温泉、粟津温泉、辰口温泉、加賀市、小松市など）	石川県外には泊まらない	親	復興支援	新幹線, 旅行会社ツアーバス	旅行会社ツアーバス	満足	どこを観光しても素晴らしかったです	40,000円以上 50,000円未満	40,000円以上 50,000円未満	50,000円以上 100,000円未満	初めて	観光パンフレット・ポスター	那谷寺		選択なし／該当施設なし	九谷満月	5,000円以上 10,000円未満	とても満足	温泉が最高でした	とても満足	館内が清潔感があり、温泉まんじゅうや温泉たまごなどのサービスがよかった	感じなかった		10	お土産の種類が豊富でよかった	また行きたい（1年以内）	手軽に伝統を体験できる施設があるといいなと思った	女	1988	福島県	二本松市	600万円以上 700万円未満	景品が当たる, 石川県のおすすめ観光スポットが見たい	とても満足	10	砂浜ドライブで海のぎりぎりを走れたことがよかった
加賀エリア	大江戸温泉物語Premium 山中グランドホテル	2026/09/15	同意する	2泊	2泊	加賀エリア （山代温泉、山中温泉、片山津温泉、粟津温泉、辰口温泉、加賀市、小松市など）	富山県	夫婦2人	宿でのんびり過ごす	自家用車	自家用車			30,000円以上 40,000円未満	20,000円以上 30,000円未満	使わない	初めて	TV・ラジオ番組やCM	木場潟公園		木場潟公園		5,000円以上 10,000円未満	どちらでもない	料理の品数は沢山ありましたが、これが美味しいというものがなかった	満足	カラオケが無料だった	感じなかった		8		機会があれば行きたい	特になし	女	1964	石川県	輪島市	100万円以上 200万円未満	景品が当たる	満足	8	兼六園
加賀エリア	那谷寺	2026/09/16	同意する	4泊以上	3泊	加賀エリア （山代温泉、山中温泉、片山津温泉、粟津温泉、辰口温泉、加賀市、小松市など）	三重県	中学生以上連れの家族	宿でのんびり過ごす, 温泉や露天風呂, 地元の美味しいものを食べる, 名所、旧跡の観光, テーマパーク（遊園地、動物園、博物館など）	自家用車	自家用車			1,000円以上 3,000円未満	10,000円以上 20,000円未満	5,000円以上 10,000円未満	初めて	新聞・雑誌・ガイドブック, インターネット・アプリ	選択なし/該当施設なし	最初に訪れた	選択なし／該当施設なし	浮御堂	使わない	不満	汚い。観光場所なのか？という感じでした。	不満	観光場所ではないのかな。汚い。もてなしは何もなかった。見栄えもイマイチ。	感じなかった	蜘蛛の巣など	2	なし	機会があれば行きたい	全体にお店が終わるのが早いです。夕方に終わってしまう街道沿いの店やアクティビティが多い、もう少し人延長してほしいです。	女	1966	東京都	江戸川区	1,200万円以上 1,500万円未満	景品が当たる	満足	8	ゆのくにの森での吹きガラス体験がとても良かったです。職人さんもサイコー。勧めたいしまた行きたいです。
能登エリア	ハートランドヒルズin能登いおりリゾート	2026/09/15	同意する	1泊	2泊	金沢エリア  （湯涌温泉、深谷温泉、犀川温泉など）	長野県	夫婦2人	宿でのんびり過ごす, 温泉や露天風呂, 地元の美味しいものを食べる, 実家の帰省	自家用車	自家用車			10,000円以上 20,000円未満	10,000円以上 20,000円未満	10,000円以上 20,000円未満	2～5回目	実家が七尾市	選択なし/該当施設なし	金沢市	選択なし／該当施設なし	金沢市	10,000円以上 20,000円未満	とても満足	担当者の対応がいい	とても満足	建物や建物内が綺麗　バーベキュー関連も整っていて手ぶらで来れることがいい	感じなかった		10		また行きたい（1年以内）	特になし	男	1965	神奈川県	相模原市南区	700万円以上 800万円未満	景品が当たる, 石川県のおすすめ観光スポットが見たい, 石川県の雑学を知りたい	とても満足	10	食べ物が美味しい　景色もよい
能登エリア	わんこと泊まれる宿 旅宿やす田	2026/09/15	同意する	1泊	1泊	能登エリア （和倉温泉、七尾市、輪島市、珠洲市など）	石川県外には泊まらない	友人	奥能登の復興具合を自分の目で見る為に	県外から訪れていない（石川県内在住）	自家用車			10,000円以上 20,000円未満	1,000円以上 3,000円未満	5,000円以上 10,000円未満	6～10回目	インターネット・アプリ, Instagram, 友人・知人	輪島朝市	売ってるモノが安くて友達とビックリしました	選択なし／該当施設なし	能登島のカフェ	1,000円以上 3,000円未満	満足	美味しかったので	満足	キレイで居心地良かった	感じなかった		8	敷地に入る入り口が坂道が急で少しビクビクする	機会があれば行きたい	海鮮の新鮮さ	女	1974	石川県	白山市	600万円以上 700万円未満	石川県のおすすめ観光スポットが見たい	とても満足	9	宿泊のお宿が凄く雰囲気が良くて、またすぐにでも泊まりに行きたい
能登エリア	わんこと泊まれる宿 旅宿やす田	2026/09/15	同意する	1泊	1泊	能登エリア （和倉温泉、七尾市、輪島市、珠洲市など）	石川県外には泊まらない	友人	地元の美味しいものを食べる	県外から訪れていない（石川県内在住）	自家用車			10,000円以上 20,000円未満	5,000円以上 10,000円未満	5,000円以上 10,000円未満	6～10回目	インターネット・アプリ, 友人・知人	輪島朝市		選択なし／該当施設なし	muucoco	10,000円以上 20,000円未満	とても満足	地元の食材を使った美味しいお料理が頂けます	とても満足	清潔感があってのんびり過ごす事が出来ます。	感じなかった		10	お料理が何でも美味しくて何度でも行きたくなります。	石川県在住	ワンちゃんと一緒に入れるお店や場所が増えてくれると嬉しいです。	女	1968	石川県	金沢市	500万円以上 600万円未満	景品が当たる	とても満足	10	震災後、初めて輪島へ行きました。まだまだ手付かずな場所が多くて驚きました… 少しでも復興の手助けになるよう 沢山の方に能登に行って欲しいと思いました。 美味しいものも綺麗な景色も沢山ありました。
能登エリア	わんこと泊まれる宿 旅宿やす田	2026/09/15	同意する	1泊	1泊	能登エリア （和倉温泉、七尾市、輪島市、珠洲市など）	兵庫県	友人	地元の美味しいものを食べる, 名所、旧跡の観光	県外から訪れていない（石川県内在住）	自家用車			10,000円以上 20,000円未満	1,000円以上 3,000円未満	5,000円以上 10,000円未満	6～10回目	Instagram, 友人・知人	輪島朝市	千枚田　イカモール	千里浜なぎさドライブウェイ		10,000円以上 20,000円未満	とても満足	料理も美味しくご夫婦も優しく申し分無い場所です。のびのび過ごせました♪	とても満足	ワン用の物が全て揃っていて良かった。	感じなかった		10	いつも新鮮なお魚料理を食べさせて頂いてます。お米も美味しくて、ご飯だけで1膳食べれちゃいます笑。沢山の人に行って頂きたい、オススメの出来るお店様です。	石川県在住	美味しい魚！	女	1963	石川県	白山市	300万円以上 400万円未満	石川県のおすすめ観光スポットが見たい	とても満足	10	まだまだ復興が進んでない場所が有ります。現状を皆さんに見ていただいて たびたび能登に足を運んでほしいと思います。
能登エリア	わんこと泊まれる宿 旅宿やす田	2026/09/15	同意する	4泊以上	4泊以上	能登エリア （和倉温泉、七尾市、輪島市、珠洲市など）	高山	夫婦2人	宿でのんびり過ごす, 温泉や露天風呂, 地元の美味しいものを食べる, 名所、旧跡の観光, まちあるき、都市散策	自家用車	自家用車			50,000円以上 100,000円未満	30,000円以上 40,000円未満	20,000円以上 30,000円未満	初めて	インターネット・アプリ, Instagram	選択なし/該当施設なし	あなみずスマイルマルシェ、能登ワイン	禄剛崎灯台		20,000円以上 30,000円未満	とても満足	掃除も行き届いてアメニティーも充実している。飲み物の種類も豊富で良い。犬連れで泊まれて、本当の意味でドッグフレンドリーな宿はなかなか無いがここは本当に最高！	とても満足	施設のあちこちに細かな気遣いが感じられる。オーナー夫妻がとてもフレンドリーで感じが良い。	感じなかった		8	水引や畳雑貨、わんちゃんおやつまで色々とあってお土産や記念に良さそう	機会があれば行きたい	もっとワンコと入れる施設を増やして欲しい。	女	1975	埼玉県	草加市	1,200万円以上 1,500万円未満	景品が当たる	満足	7	ご飯が美味しいのと素敵な宿、魅力的な観光地があるから
能登エリア	田の浦荘	2026/09/15	同意する	1泊	1泊	能登エリア （和倉温泉、七尾市、輪島市、珠洲市など）	石川県外には泊まらない	自分ひとり	出張など仕事関係	県外から訪れていない（石川県内在住）	自家用車			10,000円以上 20,000円未満	3,000円以上 5,000円未満	1,000円以上 3,000円未満	11回目以上	観光連盟やDMOのHP	選択なし/該当施設なし		選択なし／該当施設なし		10,000円以上 20,000円未満	とても満足	食事が豪華でとても美味しい	満足	施設内が綺麗に保たれてる	感じなかった		10		石川県在住	小さいテーマパークなど、楽しめる施設を増やしてほしい	男	1984	石川県	白山市	800万円以上 900万円未満	景品が当たる	とても満足	10	海がキレイ、夕日がキレイ
能登エリア	農家民宿 三平	2026/09/15	同意する	1泊	石川県内には宿泊しない	能登エリア （和倉温泉、七尾市、輪島市、珠洲市など）	石川県外には泊まらない	自分ひとり	出張など仕事関係	新幹線	自家用車	どちらでもない		5,000円以上 10,000円未満	50,000円以上 100,000円未満	10,000円以上 20,000円未満	11回目以上	友人・知人	選択なし/該当施設なし		選択なし／該当施設なし	仮設住宅	30,000円以上 40,000円未満	満足	三平が最高	とても満足		感じなかった		10		また行きたい（1年以内）	奥能登のリーゾナブルな宿泊施設が少な過ぎ	男	1967	宮城県	太白区	300万円以上 400万円未満		とても不満	5	
能登エリア	船員住宅	2026/09/16	同意する	2泊	4泊以上	能登エリア （和倉温泉、七尾市、輪島市、珠洲市など）	石川県外には泊まらない	自分ひとり	宿でのんびり過ごす, 地元の美味しいものを食べる, まちあるき、都市散策	飛行機	レンタカー	とても満足	車があれば能登半島を存分に巡れるため	100,000円以上	50,000円以上 100,000円未満	50,000円以上 100,000円未満	2～5回目	X(旧：Twitter), 石川県公式HP	禄剛崎灯台	狼煙漁港	選択なし／該当施設なし	真脇遺跡縄文館	1,000円以上 3,000円未満	とても満足		とても満足		感じなかった		9		機会があれば行きたい	既にあるものでしたらすみません。国道249の迂回路を歩くイベントなどがあったら参加したいです。	女	1997	埼玉県	新座市	500万円以上 600万円未満	景品が当たる	とても満足	10	能登から見る日本海は力強く、北側の地球を感じるダイレクトな地形や山が境界となっているような小さな単位の集落が独自の雰囲気を持っていて、里山里海の不思議な生活感がやっぱり能登唯一無二です。次は家族を連れて行きます。 また、2024年の能登半島地震後はじめて能登の地に立ちましたが全国から多くの人が復旧に尽力されている姿・町の人達が前を向いて進んでいる明るい姿を見ることができ、もっともっと能登が好きになりました。
能登エリア	のとじま水族館	2026/09/16	同意する	4泊以上	1泊	能登エリア （和倉温泉、七尾市、輪島市、珠洲市など）	富山県	中学生以上連れの家族	温泉や露天風呂, 地元の美味しいものを食べる	自家用車	自家用車			10,000円以上 20,000円未満	5,000円以上 10,000円未満	5,000円以上 10,000円未満	初めて	インターネット・アプリ	千里浜なぎさドライブウェイ		選択なし／該当施設なし		1,000円以上 3,000円未満	満足		とても満足		感じた	施設の構造が分かり難かった	8		機会があれば行きたい	特になし	女	1954	山梨県	甲府市	100万円未満	景品が当たる	満足	8	
能登エリア	のとじま水族館	2026/09/16	同意する	4泊以上	1泊	能登エリア （和倉温泉、七尾市、輪島市、珠洲市など）	富山県	親	地元の美味しいものを食べる	自家用車	自家用車			10,000円以上 20,000円未満	5,000円以上 10,000円未満	3,000円以上 5,000円未満	初めて	インターネット・アプリ	千里浜なぎさドライブウェイ		選択なし／該当施設なし		1,000円以上 3,000円未満	満足		とても満足		感じた	建物の構造が分かりにくかった	9		機会があれば行きたい	海鮮	女	1981	山梨県	甲府市	300万円以上 400万円未満	景品が当たる	とても満足	9	食事が美味しかった
金沢エリア	ARIGATO STAY KANAZAWA-KATAMACHI	2026/09/16	同意する	1泊	1泊	金沢エリア  （湯涌温泉、深谷温泉、犀川温泉など）	石川県外には泊まらない	自分ひとり	出張など仕事関係	県外から訪れていない（石川県内在住）	在来線, 路線バス	不満	わかりづらい	5,000円以上 10,000円未満	1,000円以上 3,000円未満	1,000円以上 3,000円未満	初めて	インターネット・アプリ	選択なし/該当施設なし	仕事のため	選択なし/該当施設なし		5,000円以上 10,000円未満	満足		満足		感じた	氷がなかった	4		石川県在住	じものごはん	男	1975	石川県	金沢市	100万円未満	景品が当たる	満足	5	
加賀エリア	ゆのくに天祥	2026/09/16	同意する	2泊	2泊	白山エリア （一里野温泉、白峰温泉、白山市など）	石川県外には泊まらない	団体旅行	出張など仕事関係	営業車	営業車	とても満足	自社の車の為	20,000円以上 30,000円未満	5,000円以上 10,000円未満	20,000円以上 30,000円未満	初めて	インターネット・アプリ, X(旧：Twitter), Instagram	選択なし/該当施設なし	仕事の為	選択なし／該当施設なし	仕事の為	5,000円以上 10,000円未満	とても満足	施設が充実している	とても満足	充実している	感じなかった	特になし	10	食事が美味しかった	また行きたい（1年以内）	特になし	男	1967	大阪府	堺市東区	600万円以上 700万円未満	石川県のおすすめ観光スポットが見たい	とても満足	10	環境がいい
加賀エリア	シルクロ陶芸体験工房	2026/09/16	同意する	2泊	2泊	加賀エリア （山代温泉、山中温泉、片山津温泉、粟津温泉、辰口温泉、加賀市、小松市など）	石川県外には泊まらない	小学生以下連れの家族	温泉や露天風呂, 地元の美味しいものを食べる	レンタカー, 新幹線	在来線	とても満足	大阪から割とすぐこれた	20,000円以上 30,000円未満	20,000円以上 30,000円未満	40,000円以上 50,000円未満	2～5回目	新聞・雑誌・ガイドブック, X(旧：Twitter)	選択なし/該当施設なし	能登空港	選択なし／該当施設なし	大阪に帰ります	3,000円以上 5,000円未満	とても満足	最高	とても満足	はじめて	感じなかった		10		また行きたい（1年以内）	美味しいかいせん、	男	1995	大阪府	寝屋川市堀溝	400万円以上 500万円未満	景品が当たる	とても満足	10	
加賀エリア	いしかわ動物園	2026/09/16	同意する	日帰り	石川県内には宿泊しない	石川県内には宿泊しない	石川県外には泊まらない	小学生以下連れの家族	テーマパーク（遊園地、動物園、博物館など）	自家用車	自家用車			使わない	3,000円以上 5,000円未満	1,000円以上 3,000円未満	初めて	インターネット・アプリ, Instagram	選択なし/該当施設なし		選択なし／該当施設なし		1,000円未満	どちらでもない		満足	子どもが喜んでいたから	感じなかった		7		機会があれば行きたい	特になし	男	1985	福井県	越前市	400万円以上 500万円未満	なんとなく	満足	7	
加賀エリア	サイエンスヒルズこまつ ひととものづくり科学館	2026/09/16	同意する	3泊	3泊	加賀エリア （山代温泉、山中温泉、片山津温泉、粟津温泉、辰口温泉、加賀市、小松市など）	石川県外には泊まらない	夫婦2人	地元の美味しいものを食べる	自家用車	自家用車			50,000円以上 100,000円未満	5,000円以上 10,000円未満	10,000円以上 20,000円未満	2～5回目	インターネット・アプリ	選択なし/該当施設なし	小松	日本自動車博物館		1,000円未満	どちらでもない	プラネタリウムは良かった	どちらでもない	無料はいい	感じなかった		5	子供が興味深いのかも	どちらともいえない	みやけで美味しそうと思えるものがなかった	女	1971	京都府	京田辺市	500万円以上 600万円未満	景品が当たる	不満	4	
加賀エリア	トレインパーク白山	2026/09/16	同意する	1泊	1泊	金沢エリア  （湯涌温泉、深谷温泉、犀川温泉など）	石川県外には泊まらない	中学生以上連れの家族	地元の美味しいものを食べる, テーマパーク（遊園地、動物園、博物館など）, 買い物、アウトレット, お祭りやイベントへの参加・見物	在来線	在来線	どちらでもない	管轄外の乗り換え時に、駅員室に行ったり、手続きをしたりと、大変だったからです。	5,000円以上 10,000円未満	20,000円以上 30,000円未満	10,000円以上 20,000円未満	初めて	インターネット・アプリ	選択なし/該当施設なし		選択なし／該当施設なし	道の駅めぐみ白山	1,000円以上 3,000円未満	どちらでもない	食事の塩分量が、半端なく塩辛かったので、かなり減らした方がいいと思います。塩ラーメンとスタミナホルモン炒め定食のホルモン炒めの塩分量です。味はおいしかったです。	どちらでもない	新幹線に関する情報や展示があるかと思ったら、少なかったので、残念でした。もう少し、ここに来て良かったと思える情報や展示、商品があると嬉しいです。	感じなかった		4	新幹線とのコラボやここでしか味わえない御当地料理があると嬉しいです。	機会があれば行きたい	お手頃でおいしい海鮮、お寿司が食べたいです。	女	1981	岐阜県	輪之内町	100万円以上 200万円未満	景品が当たる	満足	7	色んな出汁の粉の商品があって、試飲したら、とてもおいしかったです。能登島のだしが、とてもおいしかったので、買いました。ぜひ、他の人にもおすすめしたいです。
加賀エリア	小松空港	2026/09/16	同意する	3泊	3泊	金沢エリア  （湯涌温泉、深谷温泉、犀川温泉など）	石川県外には泊まらない	中学生以上連れの家族	名所、旧跡の観光	飛行機	路線バス	とても満足	リムジンバスなので楽	50,000円以上 100,000円未満	50,000円以上 100,000円未満	30,000円以上 40,000円未満	2～5回目	インターネット・アプリ	選択なし/該当施設なし	兼六園	選択なし／該当施設なし	21世紀美術館	1,000円以上 3,000円未満	とても満足	プールに入場できた	満足		感じなかった		10	特になし	また行きたい（1年以内）	お寿司がおいしかった　金澤おでんも	女	1960	東京都	町田市	300万円以上 400万円未満	景品が当たる	とても満足	10	観光しやすい
能登エリア	海舟	2026/09/16	同意する	3泊	3泊	能登エリア （和倉温泉、七尾市、輪島市、珠洲市など）	石川県外には泊まらない	自分ひとり	地震前に予約した海周が復活したため	新幹線, 在来線	タクシー	満足	行きたい所へ行きたい時に行けるから	50,000円以上 100,000円未満	5,000円以上 10,000円未満	40,000円以上 50,000円未満	初めて	インターネット・アプリ	選択なし/該当施設なし	和倉温泉お祭り会館	選択なし／該当施設なし		1,000円未満	とても満足	丁寧に説明してくれました。	とても満足		感じなかった		8		機会があれば行きたい	特になし	女	1967	埼玉県	草加市	300万円以上 400万円未満	景品が当たる	満足	9	
能登エリア	道の駅桜峠	2026/09/16	同意する	1泊	1泊	金沢エリア  （湯涌温泉、深谷温泉、犀川温泉など）	石川県外には泊まらない	自分ひとり	名所、旧跡の観光	自家用車	自家用車			10,000円以上 20,000円未満	3,000円以上 5,000円未満	5,000円以上 10,000円未満	初めて	観光協会等の案内所	千里浜なぎさドライブウェイ		輪島朝市		3,000円以上 5,000円未満	満足	丁寧で優しかった	満足	小さいけど色々あって楽しかった	感じなかった		8		また行きたい（1年以内）	特に無し	男	1970	福井県	越前市	900万円以上 1,000万円未満	景品が当たる	とても満足	10	
能登エリア	のとじま水族館	2026/09/16	同意する	4泊以上	2泊	能登エリア （和倉温泉、七尾市、輪島市、珠洲市など）	富山県	職場の同僚	温泉や露天風呂, 地元の美味しいものを食べる, 名所、旧跡の観光	レンタカー, 新幹線	レンタカー	満足	車でないと不便なので、レンタカーできました。	10,000円以上 20,000円未満	30,000円以上 40,000円未満	10,000円以上 20,000円未満	初めて	インターネット・アプリ	選択なし/該当施設なし	水族館が石川県ではじめての場所	選択なし／該当施設なし	ガラス美術館	1,000円以上 3,000円未満	満足	他の水族館とは展示の仕方が異なっていて楽しい	満足	上記に同じ	感じた	震災の影響があるのか、大水槽が少し寂しかった	7		また行きたい（1年以内）	自然を活かしたアクティビティを増やして欲しい	男	1989	神奈川県	厚木市	400万円以上 500万円未満	景品が当たる, 石川県のおすすめ観光スポットが見たい	満足	8	海鮮グルメ
能登エリア	のとじま水族館	2026/09/16	同意する	2泊	1泊	能登エリア （和倉温泉、七尾市、輪島市、珠洲市など）	福井県	夫婦2人	温泉や露天風呂, テーマパーク（遊園地、動物園、博物館など）	自家用車	自家用車			30,000円以上 40,000円未満	10,000円以上 20,000円未満	10,000円以上 20,000円未満	初めて	インターネット・アプリ, X(旧：Twitter)	のとじま水族館		道の駅のとじま		3,000円以上 5,000円未満	とても満足	色んな魚や動物を見れて大満足です。	どちらでもない	これから訪れるので	感じなかった		10		また行きたい（1年以内）	大満足です。	男	1996	京都府	京都市	800万円以上 900万円未満	石川県の雑学を知りたい	とても満足	10	復興が進んでおり交通の面でも不便なく目的地に来れました。ただ、まだ震災後が残っているところもあるのでみんなに勧めて観光などを楽しんでた抱きたいです。
金沢エリア	スーパーホテルPremier金沢駅東口	2026/09/16	同意する	2泊	2泊	金沢エリア  （湯涌温泉、深谷温泉、犀川温泉など）	石川県外には泊まらない	夫婦2人	地元の美味しいものを食べる, 名所、旧跡の観光, まちあるき、都市散策	新幹線	徒歩			5,000円以上 10,000円未満	20,000円以上 30,000円未満	20,000円以上 30,000円未満	初めて	インターネット・アプリ	選択なし/該当施設なし	ここが最初	金沢21世紀美術館		5,000円以上 10,000円未満	とても満足	お風呂やウェルカムバーなど充実	とても満足	部屋も綺麗であったため	感じた	火災報知器の誤発報による夜間の避難があった。火災でなくてよかったですが。	8		機会があれば行きたい	特になし	男	1987	神奈川県	大和市	1,000万円以上 1,200万円未満	なんとなく	とても満足	10	海鮮が美味しい
金沢エリア	スーパーホテルPremier金沢駅東口	2026/09/16	同意する	2泊	2泊	金沢エリア  （湯涌温泉、深谷温泉、犀川温泉など）	石川県外には泊まらない	夫婦2人	地元の美味しいものを食べる, テーマパーク（遊園地、動物園、博物館など）	新幹線, 在来線	徒歩			50,000円以上 100,000円未満	10,000円以上 20,000円未満	20,000円以上 30,000円未満	初めて	インターネット・アプリ, 友人・知人	選択なし/該当施設なし	夜到着し宿泊したためなし	金沢21世紀美術館		5,000円以上 10,000円未満	満足	展示が面白かった	満足	値段の割に施設の綺麗さと職員の丁寧さ	感じた	火災報知器が発報し寝不足になった。(誤報ではあったもののきちんと避難経路がわかるようになっていてた)	8	利用しなかったので意見は特になし	機会があれば行きたい	特になし	女	1985	神奈川県	大和市	1,000万円以上 1,200万円未満	景品が当たる	とても満足	8	美術館が面白く、蓄音機館でも昔の蓄音機の音を聞けるなど大変貴重な経験ができるため
金沢エリア	妙立寺	2026/09/16	同意する	日帰り	石川県内には宿泊しない	石川県内には宿泊しない	石川県外には泊まらない	夫婦2人	名所、旧跡の観光	県外から訪れていない（石川県内在住）	自家用車	不満	駐車場がない！または使いにくい。	10,000円以上 20,000円未満	10,000円以上 20,000円未満	10,000円以上 20,000円未満	初めて	インターネット・アプリ	ひがし茶屋街		近江町市場		3,000円以上 5,000円未満	どちらでもない		どちらでもない		感じた	駐車場がない	6		石川県在住	特になし	男	1960	石川県	小松市	900万円以上 1,000万円未満	景品が当たる, ひゃくまんさんが好き	どちらでもない	6	
金沢エリア	金沢駅	2026/09/16	同意する	日帰り	石川県内には宿泊しない	石川県内には宿泊しない	石川県外には泊まらない	自分ひとり	出張など仕事関係	新幹線, 在来線	徒歩			使わない	使わない	3,000円以上 5,000円未満	11回目以上	観光展・物産展	選択なし/該当施設なし		選択なし/該当施設なし		3,000円以上 5,000円未満	とても満足	お土産ものも飲食店も選択肢が多い	とても満足	好みのものが見つかりそうだから	感じなかった	特に感じてないから	8		また行きたい（1年以内）	特になし	男	1964	愛知県	名古屋市	400万円以上 500万円未満	景品が当たる	とても満足	8	なんとなく
金沢エリア	金沢駅	2026/09/16	同意する	1泊	1泊	金沢エリア  （湯涌温泉、深谷温泉、犀川温泉など）	石川県外には泊まらない	職場の同僚	出張など仕事関係	新幹線, 在来線	在来線	とても満足	大阪まで新幹線が欲しい	5,000円以上 10,000円未満	10,000円以上 20,000円未満	5,000円以上 10,000円未満	2～5回目	新聞・雑誌・ガイドブック	選択なし/該当施設なし	能登半島	選択なし/該当施設なし		1,000円以上 3,000円未満	満足	肉食堂は能登牛ではなかったが美味しかった	満足		感じなかった		8		機会があれば行きたい	能登半島のアクティビティ	男	1999	大阪府	吹田市	500万円以上 600万円未満	景品が当たる	とても満足	8	能登半島
加賀エリア	小松空港	2026/09/16	同意する	1泊	1泊	加賀エリア （山代温泉、山中温泉、片山津温泉、粟津温泉、辰口温泉、加賀市、小松市など）	石川県外には泊まらない	夫婦2人	宿でのんびり過ごす, 温泉や露天風呂, 地元の美味しいものを食べる	飛行機	レンタカー, 在来線	満足	定刻通り	10,000円以上 20,000円未満	20,000円以上 30,000円未満	5,000円以上 10,000円未満	初めて	インターネット・アプリ, Facebook	石川県立航空プラザ		選択なし／該当施設なし		1,000円以上 3,000円未満	どちらでもない	可もなく不可もなく	どちらでもない		感じなかった		5		機会があれば行きたい	特になし	女	1965	東京都	港区	1,500万円以上	景品が当たる	満足	7	
加賀エリア	小松空港	2026/09/16	同意する	1泊	1泊	加賀エリア （山代温泉、山中温泉、片山津温泉、粟津温泉、辰口温泉、加賀市、小松市など）	石川県外には泊まらない	夫婦2人	宿でのんびり過ごす, 温泉や露天風呂, 地元の美味しいものを食べる, 買い物、アウトレット, まちあるき、都市散策, ドライブ・ツーリング	在来線, 飛行機	レンタカー, 路線バス	とても満足	宿に近かったから	10,000円以上 20,000円未満	20,000円以上 30,000円未満	10,000円以上 20,000円未満	初めて	新聞・雑誌・ガイドブック, 観光協会等の案内所	石川県立航空プラザ		選択なし／該当施設なし	帰宅する	5,000円以上 10,000円未満	満足	お土産が充実していた	とても満足	綺麗だった	感じなかった		8	快適でした。また訪問したいです。	また行きたい（1年以内）	お寿司屋さんを巡る周遊パス	男	1971	東京都	港区	1,000万円以上 1,200万円未満	景品が当たる, 石川県のおすすめ観光スポットが見たい, 石川県の雑学を知りたい	満足	8	お寿司が旨いから
加賀エリア	大江戸温泉物語Premium 山下家	2026/09/16	同意する	2泊	2泊	加賀エリア （山代温泉、山中温泉、片山津温泉、粟津温泉、辰口温泉、加賀市、小松市など）	石川県外には泊まらない	夫婦2人	温泉や露天風呂, 地元の美味しいものを食べる, 出張など仕事関係	自家用車	自家用車			5,000円以上 10,000円未満	40,000円以上 50,000円未満	20,000円以上 30,000円未満	初めて	新聞・雑誌・ガイドブック, YouTube	選択なし/該当施設なし	金沢市内	選択なし／該当施設なし	福井恐竜博物館	40,000円以上 50,000円未満	とても満足	よかったです	とても満足	とても良かったです	感じなかった	困った言葉ありません	8	よかったです	また行きたい（1年以内）	3回目ですが、毎回楽しみが増えてます	女	1953	大阪府	池田市	200万円以上 300万円未満	石川県のおすすめ観光スポットが見たい	とても満足	8	金沢は良いとこです
能登エリア	ひょっこり温泉 島の湯	2026/09/16	同意する	4泊以上	3泊	金沢エリア  （湯涌温泉、深谷温泉、犀川温泉など）	富山県	友人	温泉や露天風呂, 名所、旧跡の観光, ドライブ・ツーリング, 友人・親戚を訪ねる, 出張など仕事関係	新幹線, 在来線	親戚の車	とても満足	親戚と話しながらツーリングできた	20,000円以上 30,000円未満	50,000円以上 100,000円未満	30,000円以上 40,000円未満	初めて	友人・知人	能登食祭市場		選択なし／該当施設なし		1,000円以上 3,000円未満	とても満足	温泉が気持ちよかった	とても満足	全て綺麗で心地よかった	感じなかった		10		また行きたい（1年以内）	美味しい温泉やご飯、日本酒	男	2003	山口県	山口市	200万円以上 300万円未満	景品が当たる, ひゃくまんさんが好き, 石川に親戚が住んでいて好きだから	とても満足	10	金沢の観光や七尾や輪島の料理
能登エリア	のとじま水族館	2026/09/16	同意する	1泊	1泊	能登エリア （和倉温泉、七尾市、輪島市、珠洲市など）	石川県外には泊まらない	小学生以下連れの家族	宿でのんびり過ごす, 温泉や露天風呂, 地元の美味しいものを食べる, テーマパーク（遊園地、動物園、博物館など）, ポケモンのとめぐり	自家用車	自家用車			10,000円以上 20,000円未満	1,000円以上 3,000円未満	5,000円以上 10,000円未満	2～5回目	インターネット・アプリ	選択なし/該当施設なし	能登ポケモンウィズユー空港	能登食祭市場		5,000円以上 10,000円未満	とても満足		満足		感じた		9		機会があれば行きたい	ご当地食材で作られた、食べ歩きができるもの	女	1982	富山県	富山市	500万円以上 600万円未満	景品が当たる, なんとなく	とても満足	8	ポケモン好きな方やお子さんにおすすめしたいです
能登エリア	おくだや	2026/09/16	同意する	1泊	1泊	能登エリア （和倉温泉、七尾市、輪島市、珠洲市など）	石川県外には泊まらない	夫婦2人	宿でのんびり過ごす, 温泉や露天風呂, 地元の美味しいものを食べる, まちあるき、都市散策	自家用車	自家用車			10,000円以上 20,000円未満	5,000円以上 10,000円未満	10,000円以上 20,000円未満	初めて	TV・ラジオ番組やCM, 観光パンフレット・ポスター, インターネット・アプリ, 友人・知人	能登食祭市場		のとじま水族館		10,000円以上 20,000円未満	とても満足	新しく素敵なつくりになっているため、ゆっくりと過ごすことができる。	とても満足	静かでゆっくりできることがいい。	感じなかった		9	せめて明日の朝食を出して欲しい。	また行きたい（1年以内）	魚の鮮度がとても美味しいです	男	1949	京都府	京都市	900万円以上 1,000万円未満	景品が当たる, 石川県のおすすめ観光スポットが見たい	とても満足	9	ゆっくりと過ごすことができること
能登エリア	味な宿　宝仙閣	2026/09/16	同意する	2泊	2泊	能登エリア （和倉温泉、七尾市、輪島市、珠洲市など）	石川県外には泊まらない	夫婦2人	当地での消費行動を通して、震災後の復興支援をしたい、との思い。	自家用車	自家用車			40,000円以上 50,000円未満	5,000円以上 10,000円未満	20,000円以上 30,000円未満	初めて	インターネット・アプリ	千里浜なぎさドライブウェイ		輪島朝市		3,000円以上 5,000円未満	満足	気に入った土産が多数あった。	満足	品揃えが多岐に亘っていた。	感じなかった		7		また行きたい（1年以内）	特になし	男	1952	三重県	四日市市	300万円以上 400万円未満	景品が当たる	満足	7	温泉街、道路状況等震災の被害を目の当たりにした時、未だ復興には時間がかかる事、支援が必要との思いを強くした。
能登エリア	のとじま水族館	2026/09/16	同意する	1泊	1泊	金沢エリア  （湯涌温泉、深谷温泉、犀川温泉など）	石川県外には泊まらない	自分ひとり	温泉や露天風呂, 地元の美味しいものを食べる, テーマパーク（遊園地、動物園、博物館など）	新幹線, 在来線	路線バス	満足	時刻表通り、定刻でバスが来てくれたため、予定を狂わすことなく観光できたため。	5,000円以上 10,000円未満	20,000円以上 30,000円未満	20,000円以上 30,000円未満	初めて	インターネット・アプリ, ブログ	選択なし/該当施設なし		選択なし／該当施設なし	和倉温泉	5,000円以上 10,000円未満	とても満足	大きく2点です。1点目に、スタッフの方々の対応・サービス力です。アザラシの展示コーナーにおいて、スタッフさんがこちらにアザラシが顔を向けるように指示をアザラシにしてくださったり、イルカショーでは絶えない笑顔でショーを盛り上げて下さっていたてんが強く印象に残っています。ありがとうございました！ 2点目にガチャガチャの仕掛けです。アクリルスタンドのガチャガチャでは購入すると一部を復興金に当てるという工夫がなされており、可愛いだけでなく大変意義深く感じました。	とても満足	大きく2点です。1点目は能登半島地震での被災影響についてもしっかり展示をしていた点です。今回の能登来訪の理由に被災後の今を学ぶことも目的としていたのですが、このような現地スタッフ主観ベースでの被災での苦労といった展示は大変貴重で学びがありました。2点目に生物との距離を感じさせない展示方法です。全体的に生態展示の方法が立体的になっており、間近に、そして様々なな角度から見学できた点は、ここにしかない特色であり、勉強になるとともに、遠方から来た甲斐があったなと感じるものでした。	感じなかった		10	お土産も限定の可愛いものやガラスの地域工芸品などバリエーションが豊かで目を輝かせておりました。また必ず訪れます！	また行きたい（1年以内）	海や魚介といった石川県の水産資源の土産、アクティビティはさらに求めております。	男	2006	東京都	八王子市	900万円以上 1,000万円未満	初めての能登観光で得た私の主観はアンケートとして価値があると感じたため。	とても満足	10	のとじま水族館。地方ならではの特色が輝く、豊かな展示やサービスであったため。
金沢エリア	金沢駅	2026/09/17	同意する	日帰り	石川県内には宿泊しない	石川県内には宿泊しない	石川県外には泊まらない	自分ひとり	出張など仕事関係	新幹線	徒歩			使わない	20,000円以上 30,000円未満	10,000円以上 20,000円未満	2～5回目	TIKTOK	近江町市場		選択なし/該当施設なし		1,000円以上 3,000円未満	とても満足		とても満足		感じなかった		10		また行きたい（1年以内）	駅近くにもっと海鮮の店があるといい	女	1996	長野県	上田市	1,000万円以上 1,200万円未満	石川県のおすすめ観光スポットが見たい	とても満足	10	街が綺麗、トイレや施設も綺麗で観光客向けになっている。
金沢エリア	金沢蓄音器館	2026/09/17	同意する	4泊以上	2泊	金沢エリア  （湯涌温泉、深谷温泉、犀川温泉など）	岐阜県	夫婦2人	名所、旧跡の観光, まちあるき、都市散策	自家用車	路線バス, 徒歩	満足		1,000円以上 3,000円未満	3,000円以上 5,000円未満	5,000円以上 10,000円未満	初めて	観光パンフレット・ポスター	選択なし/該当施設なし		ひがし茶屋街		使わない	とても満足		とても満足		感じた	階段で下がること	8		機会があれば行きたい	特になし	男	1968	東京都	府中市	200万円以上 300万円未満	景品が当たる, ARでひゃくまんさんと写真が撮りたかった	とても満足	10	
加賀エリア	小松空港	2026/09/17	同意する	4泊以上	4泊以上	加賀エリア （山代温泉、山中温泉、片山津温泉、粟津温泉、辰口温泉、加賀市、小松市など）	息子の家	夫婦2人	息子似合に	在来線, 飛行機	在来線	とても満足	ローカルバスが利用しやすく便利で安い	30,000円以上 40,000円未満	40,000円以上 50,000円未満	5,000円以上 10,000円未満	6～10回目	インターネット・アプリ, Instagram, 息子本人からの情報	選択なし/該当施設なし	のっぽくん、石川県図書館	月うさぎの里	行ってみたい	1,000円以上 3,000円未満	どちらでもない	期待していた物産物がなかったか、101野々市CAFEで食事が良かった。	満足		感じなかった		7	綺麗な場所で、食事も美味しくった	また行きたい（1年以内）	加賀棒茶のお菓子	女	1967	北海道	札幌市	100万円未満	景品が当たる, ひゃくまんさんが好き	満足	8	
加賀エリア	大江戸温泉物語Premium 山下家	2026/09/17	同意する	1泊	1泊	加賀エリア （山代温泉、山中温泉、片山津温泉、粟津温泉、辰口温泉、加賀市、小松市など）	石川県外には泊まらない	自分ひとり	宿でのんびり過ごす, 温泉や露天風呂, 地元の美味しいものを食べる	自家用車	自家用車			10,000円以上 20,000円未満	5,000円以上 10,000円未満	10,000円以上 20,000円未満	2～5回目	インターネット・アプリ	選択なし/該当施設なし	恐竜博物館、東尋坊	選択なし／該当施設なし	丸岡城、越前そばの里	10,000円以上 20,000円未満	とても満足	スタッフの方がハキハキとして気持ち良い。	とても満足	広い部屋に屋上露天風呂、食事が美味しかった。	感じた	浴場、レストランの案内サインを増やして欲しい。	10	ラウンジにおつまみを	また行きたい（1年以内）	特産品販売所	男	1966	愛知県	安城市東新町	300万円以上 400万円未満	景品が当たる, 石川県のおすすめ観光スポットが見たい	満足	9	
加賀エリア	小松空港	2026/09/17	同意する	4泊以上	4泊以上	加賀エリア （山代温泉、山中温泉、片山津温泉、粟津温泉、辰口温泉、加賀市、小松市など）	石川県外には泊まらない	自分ひとり	友人・親戚を訪ねる	飛行機	親族の送迎			使わない	3,000円以上 5,000円未満	30,000円以上 40,000円未満	11回目以上	インターネット・アプリ	那谷寺		選択なし／該当施設なし		3,000円以上 5,000円未満	どちらでもない		どちらでもない		感じた	高齢になったら来るのが難しいと思った	6		また行きたい（1年以内）	魚が美味しいがどこに行ったらいいかわからない。行っても満員で怪訝に扱われたりした	女	1973	神奈川県	横浜市	100万円未満	景品が当たる	満足	8	食
加賀エリア	千代女の里俳句館	2026/09/17	同意する	1泊	1泊	金沢エリア  （湯涌温泉、深谷温泉、犀川温泉など）	富山県	夫婦2人	名所、旧跡の観光	自家用車	自家用車	満足	スムーズに動くことができた	30,000円以上 40,000円未満	20,000円以上 30,000円未満	10,000円以上 20,000円未満	初めて	X(旧：Twitter), ホテルのチラシ	月うさぎの里		選択なし／該当施設なし	中川一政美術館	1,000円以上 3,000円未満	満足	展示が素晴らしい	満足	写真OKだとなお良かった	感じなかった		7		機会があれば行きたい	体験は楽しい	女	1967	岐阜県	岐阜市	200万円以上 300万円未満	景品が当たる	満足	8	美術館
能登エリア	いこいの村 能登半島	2026/09/17	同意する	1泊	1泊	能登エリア （和倉温泉、七尾市、輪島市、珠洲市など）	石川県外には泊まらない	自分ひとり	出張など仕事関係	レンタカー, 新幹線	レンタカー	どちらでもない		10,000円以上 20,000円未満	30,000円以上 40,000円未満	10,000円以上 20,000円未満	初めて	インターネット・アプリ	千里浜なぎさドライブウェイ	道の駅とぎ	選択なし／該当施設なし		1,000円以上 3,000円未満	満足		満足	施設が清潔で基本サービスが滞りなく行われている。スタッフの皆さんのコミュニケーションが心地よい。	感じなかった		6		また行きたい（1年以内）	地産のものが食べられるお店、或いは地産の旬が分かると注文したくなります	男	1995	東京都	杉並区	800万円以上 900万円未満	景品が当たる, なんとなく	満足	8	
能登エリア	笠師保駅	2026/09/17	同意する	日帰り	石川県内には宿泊しない	石川県内には宿泊しない	石川県外には泊まらない	中学生以上連れの家族	地元の美味しいものを食べる	自家用車	自家用車			使わない	1,000円未満	3,000円以上 5,000円未満	初めて	牡蠣を食べに来たから	選択なし/該当施設なし	和倉温泉	千里浜なぎさドライブウェイ	能登空港	使わない	どちらでもない	通りすがりなので	どちらでもない	牡蠣を今から楽しみたいと思います	感じなかった		7		また行きたい（1年以内）	特になし	男	2000	石川県	金沢市	300万円以上 400万円未満	景品が当たる	とても満足	10	美味しいものが食べられて、自然を感じられるから
能登エリア	のとじま水族館	2026/09/17	同意する	2泊	石川県内には宿泊しない	石川県内には宿泊しない	富山県	友人	地元の美味しいものを食べる, 花見や紅葉などの自然鑑賞, 名所、旧跡の観光, まちあるき、都市散策, ドライブ・ツーリング	自家用車	自家用車			使わない	10,000円以上 20,000円未満	10,000円以上 20,000円未満	初めて	観光展・物産展, 観光パンフレット・ポスター, インターネット・アプリ	選択なし/該当施設なし	七尾マリンパーク	選択なし／該当施設なし	七尾城跡	1,000円以上 3,000円未満	とても満足	地元の品があり、お土産を買うことができた。	とても満足	生き物との距離感が近く、比較的人が少なくてゆっくり見て回ることができた。	感じなかった		9		機会があれば行きたい	特になし。	男	2004	静岡県	浜松市中央区	500万円以上 600万円未満	景品が当たる, 石川県のおすすめ観光スポットが見たい, なんとなく	とても満足	9	自然が豊かであり、海産物がおいしいが、少し遠く運転が疲れる。
能登エリア	海舟	2026/09/17	同意する	1泊	1泊	能登エリア （和倉温泉、七尾市、輪島市、珠洲市など）	富山県	夫婦2人	宿でのんびり過ごす	自家用車	自家用車			40,000円以上 50,000円未満	20,000円以上 30,000円未満	40,000円以上 50,000円未満	初めて	インターネット・アプリ, Instagram	選択なし/該当施設なし	富山市	選択なし／該当施設なし		40,000円以上 50,000円未満	とても満足	とてもゆっくり過ごせた	とても満足	ゆったり過ごす工夫があちこちにされている	感じなかった		10	温泉が気持ちよかったです	また行きたい（1年以内）	地のものを使った食事、食材だけでなく器も地のものが多いので魅力的	女	1976	兵庫県	宝塚市	600万円以上 700万円未満	景品が当たる	満足	10	道がわかりやすくて車旅にぴったりだから
能登エリア	道の駅織姫の里なかのと	2026/09/17	同意する	2泊	1泊	金沢エリア  （湯涌温泉、深谷温泉、犀川温泉など）	福井県	恋人	ドライブ・ツーリング	自家用車	自家用車			5,000円以上 10,000円未満	10,000円以上 20,000円未満	5,000円以上 10,000円未満	6～10回目	TV・ラジオ番組やCM	のとじま水族館		千里浜なぎさドライブウェイ		1,000円以上 3,000円未満	とても満足	いいものがあった	満足	行けてないところもある	感じなかった		10	きれいな景色がいい	また行きたい（1年以内）	美味しいものが集まった場所がほしい	男	2004	大阪府	堺市西区	100万円未満	景品が当たる	とても満足	9	ポケモンスタンプラリー
金沢エリア	金沢市老舗記念館	2026/09/17	同意する	2泊	2泊	金沢エリア  （湯涌温泉、深谷温泉、犀川温泉など）	石川県外には泊まらない	自分ひとり	地元の美味しいものを食べる, まちあるき、都市散策, 神社参拝	新幹線	徒歩			50,000円以上 100,000円未満	40,000円以上 50,000円未満	20,000円以上 30,000円未満	2～5回目	X(旧：Twitter), Instagram, 友人・知人	尾山神社		選択なし/該当施設なし	コーヒー処ノバール	1,000円未満	満足	スタッフの方が親切に声掛けしてくださった	満足	当時の建物に入れたり色々な道具を見られたのは良かったが、中屋彦十郎で作っていた（作っている）薬についての説明を期待していたのでそこは残念だった	感じなかった		8	概ねよかったし見どころもたくさんあったが、やはり薬関連の展示を増やしてほしい	また行きたい（1年以内）	地のものを食べたいが、飲酒をしなくても入れる定食屋のようなところがあるとありがたい	女	1983	東京都	目黒区	800万円以上 900万円未満	景品が当たる	満足	8	食べ物や街並み、神社などどれも大事にされていてよいが観光客が多すぎて不便な面もあったため
金沢エリア	変なホテル金沢　香林坊	2026/09/17	同意する	1泊	1泊	金沢エリア  （湯涌温泉、深谷温泉、犀川温泉など）	石川県外には泊まらない	自分ひとり	出張など仕事関係	新幹線	レンタカー	どちらでもない	仕事で必要な為	3,000円以上 5,000円未満	20,000円以上 30,000円未満	1,000円以上 3,000円未満	11回目以上	インターネット・アプリ, X(旧：Twitter), Instagram	選択なし/該当施設なし	鈴木大拙館	近江町市場		使わない	どちらでもない	受付以外変ではない	どちらでもない	可もなく不可もないビジネスホテル。お風呂とトイレがべつであればなお良かった	感じなかった		4	ヘアアイロンが無料で貸し出しされていると良かった	また行きたい（1年以内）	金沢駅のお土産があまりぱっとしないので、もう少し充実して欲しい	男	1991	愛知県	名古屋市東区	500万円以上 600万円未満	景品が当たる	どちらでもない	10	香林坊から金沢公園がとても綺麗。ご飯が美味しい。良い建築物が多い(金沢図書館、鈴木大拙館)
加賀エリア	小松空港	2026/09/17	同意する	1泊	1泊	金沢エリア  （湯涌温泉、深谷温泉、犀川温泉など）	石川県外には泊まらない	自分ひとり	出張など仕事関係	飛行機	在来線, 路線バス	満足	安い	10,000円以上 20,000円未満	30,000円以上 40,000円未満	5,000円以上 10,000円未満	11回目以上	インターネット・アプリ	選択なし/該当施設なし		選択なし／該当施設なし		使わない	どちらでもない		どちらでもない		感じなかった		5		また行きたい（1年以内）	海産物だけでなく、山や里の産物ももっとアピールして欲しい	男	1964	東京都	世田谷区	1,000万円以上 1,200万円未満	景品が当たる	どちらでもない	5	食事
加賀エリア	小松空港	2026/09/17	同意する	1泊	1泊	金沢エリア  （湯涌温泉、深谷温泉、犀川温泉など）	石川県外には泊まらない	自分ひとり	出張など仕事関係	飛行機	在来線, 路線バス	満足	安い	10,000円以上 20,000円未満	30,000円以上 40,000円未満	5,000円以上 10,000円未満	11回目以上	インターネット・アプリ	選択なし/該当施設なし		選択なし／該当施設なし		使わない	どちらでもない		どちらでもない		感じなかった		5		また行きたい（1年以内）	海産物以外の産物	男	1964	東京都	世田谷区	1,000万円以上 1,200万円未満	景品が当たる	満足	6	食事
加賀エリア	大江戸温泉物語Premium 山中グランドホテル	2026/09/17	同意する	1泊	1泊	加賀エリア （山代温泉、山中温泉、片山津温泉、粟津温泉、辰口温泉、加賀市、小松市など）	石川県外には泊まらない	自分ひとり	宿でのんびり過ごす, 温泉や露天風呂, 地元の美味しいものを食べる, ドライブ・ツーリング	自家用車	自家用車			10,000円以上 20,000円未満	3,000円以上 5,000円未満	3,000円以上 5,000円未満	初めて	施設のグループサイト	木場潟公園		選択なし／該当施設なし		10,000円以上 20,000円未満	とても満足	スタッフは少ないがきちんとされている	とても満足	想像していたよりお部屋もお風呂もよかった	感じなかった		10	他のどの大江戸よりカラオケルームの管理が厳しい	また行きたい（1年以内）	治部煮と金沢カレー、生麩が大好きです。	女	1965	富山県	富山市	400万円以上 500万円未満	景品が当たる, 宿泊先で時間があったから	満足	8	宿はおすすめできる。お湯は和倉の方が勝る
加賀エリア	トレインパーク白山	2026/09/17	同意する	3泊	2泊	金沢エリア  （湯涌温泉、深谷温泉、犀川温泉など）	福井県	小学生以下連れの家族	地元の美味しいものを食べる, 名所、旧跡の観光, テーマパーク（遊園地、動物園、博物館など）	新幹線	在来線	どちらでもない	シャトルバスに乗りたかったが、運休だったため。	5,000円以上 10,000円未満	20,000円以上 30,000円未満	5,000円以上 10,000円未満	初めて	インターネット・アプリ	選択なし/該当施設なし		選択なし／該当施設なし	兼六園、21世紀美術館、近江町市場	10,000円以上 20,000円未満	とても満足	新幹線を間近でみれたり、車両点検も見れたり、子供も遊ぶ場所があり、親がゆっくりできる時間もあったから。	とても満足	あっという間に見終わると思ったらかなり楽しめたから。	感じた	シャトルバスが動いてなかったこと。	10	トレインパーク白山に行ったことがわかるオリジナルのグッズがあってよかった✨新幹線グッズが豊富でよかった！	機会があれば行きたい	新鮮なお寿司や、カニなどの石川県ならではのグルメやお土産	女	1994	神奈川県	横浜市神奈川区	700万円以上 800万円未満	景品が当たる	とても満足	10	電車好きな子がいる家庭にはトレインパーク白山で子供がかなり楽しんでたことを伝えたいなと思った。
加賀エリア	トレインパーク白山	2026/09/17	同意する	3泊	2泊	金沢エリア  （湯涌温泉、深谷温泉、犀川温泉など）	福井県	小学生以下連れの家族	地元の美味しいものを食べる, 名所、旧跡の観光, テーマパーク（遊園地、動物園、博物館など）	新幹線	在来線	不満	シャトルバスが運行してなかったから。	5,000円以上 10,000円未満	30,000円以上 40,000円未満	10,000円以上 20,000円未満	初めて	インターネット・アプリ	選択なし/該当施設なし		選択なし／該当施設なし	兼六園、21世紀美術館、近江町市場	3,000円以上 5,000円未満	とても満足	かがやきが走るところや点検を間近で見れたり、体験できる施設や子供の遊び場まであったから。	とても満足	子供だけでなく大人まで楽しめたし、子供だけで遊んでくれる場所もあったので、少しゆったりできたのも良かった。	感じた	シャトルバスが運行してなかったこと。	10	電車グッズが豊富で、かつ、トレインパーク白山ならではのグッズがあったのはよかった！行ったことがわかる記念になるので思わず買ってしまいました！	機会があれば行きたい	石川県ならではの美味しい新鮮な海鮮や、カニや金箔ソフトなどのグルメやお土産など。	女	1994	神奈川県	横浜市神奈川区	800万円以上 900万円未満	景品が当たる	とても満足	10	新幹線に乗って来れるだけでなくて、昔のドクターイエローも見れたりと子供も大人も楽しめてたから、きっと他の電車好きな人もワクワク楽しめるだろうと思ったから。
加賀エリア	菜さい	2026/09/17	同意する	4泊以上	4泊以上	白山エリア （一里野温泉、白峰温泉、白山市など）	岐阜県	夫婦2人	温泉や露天風呂, 地元の美味しいものを食べる, 名所、旧跡の観光, まちあるき、都市散策, わんこと散策	自家用車	自家用車, 徒歩			10,000円以上 20,000円未満	10,000円以上 20,000円未満	5,000円以上 10,000円未満	初めて	インターネット・アプリ	選択なし/該当施設なし		選択なし／該当施設なし		1,000円以上 3,000円未満	どちらでもない	まだサービスを受けていないため	どちらでもない	定休日	感じた	朝のオープン時間が遅過ぎる	5		機会があれば行きたい	海鮮	男	1976	埼玉県	草加市	1,500万円以上	景品が当たる	満足	8	白峰温泉の街並みは今までに無い感じで新鮮だった。
加賀エリア	小松空港	2026/09/17	同意する	3泊	石川県内には宿泊しない	石川県内には宿泊しない	富山県	職場の同僚	出張など仕事関係	飛行機	レンタカー, 飛行機	満足	レンタカーは送迎に問題なし手続きもスムーズ。飛行機は便が少ないのが難点。	使わない	1,000円以上 3,000円未満	1,000円以上 3,000円未満	11回目以上	特になし	選択なし/該当施設なし	航空プラザ	選択なし／該当施設なし	なし	使わない	満足	レア機	満足	レア機	感じなかった		6		機会があれば行きたい	酒	男	1978	福岡県	福岡市	400万円以上 500万円未満	広告を見て	不満	6	
能登エリア	のとじま水族館	2026/09/17	同意する	1泊	1泊	金沢エリア  （湯涌温泉、深谷温泉、犀川温泉など）	石川県外には泊まらない	恋人	地元の美味しいものを食べる, 花見や紅葉などの自然鑑賞, 名所、旧跡の観光, まちあるき、都市散策, ドライブ・ツーリング	夜行バス	レンタカー	とても満足	安い！	5,000円以上 10,000円未満	10,000円以上 20,000円未満	10,000円以上 20,000円未満	初めて	タクシードライバーや地元の人	千里浜なぎさドライブウェイ		能登食祭市場		1,000円以上 3,000円未満	とても満足	イルカアシカショー、魚の数や施設の綺麗さなど満足でした！！	とても満足		感じなかった		10		また行きたい（1年以内）	今あるものをもっと掘り出したい！これは観光者の手腕が問われます	男	2006	東京都	日野市	400万円以上 500万円未満	景品が当たる	とても満足	10	最高でした。食事、人、景色！！
能登エリア	TAOYA和倉	2026/09/17	同意する	1泊	1泊	能登エリア （和倉温泉、七尾市、輪島市、珠洲市など）	石川県外には泊まらない	自分ひとり	宿でのんびり過ごす, 温泉や露天風呂, 地元の美味しいものを食べる, テーマパーク（遊園地、動物園、博物館など）	在来線, 夜行バス	在来線, 路線バス	満足	混んでいない。	10,000円以上 20,000円未満	5,000円以上 10,000円未満	5,000円以上 10,000円未満	初めて	インターネット・アプリ	のとじま水族館		選択なし／該当施設なし		使わない	とても満足		とても満足		感じなかった		10		機会があれば行きたい	海鮮が美味しかった！	女	1982	香川県	丸亀市	500万円以上 600万円未満	景品が当たる, 復興の応援に！	とても満足	10	人が優しかった。早く復興して欲しい。
能登エリア	休暇村能登千里浜	2026/09/17	同意する	2泊	2泊	能登エリア （和倉温泉、七尾市、輪島市、珠洲市など）	石川県外には泊まらない	自分ひとり	宿でのんびり過ごす, 温泉や露天風呂, 地元の美味しいものを食べる, 買い物、アウトレット, 復興支援	飛行機	ツアーバス	満足	特になし	50,000円以上 100,000円未満	使わない	20,000円以上 30,000円未満	2～5回目	新聞・雑誌・ガイドブック, インターネット・アプリ	輪島朝市	輪島塗のお店	道の駅のとじま		10,000円以上 20,000円未満	とても満足		不満	部屋の鍵	感じなかった		10		また行きたい（1年以内）	美味しい海産物、お酒	女	1962	埼玉県	草加市	400万円以上 500万円未満	なんとなく	とても満足	10	
能登エリア	道の駅とぎ海街道	2026/09/17	同意する	2泊	2泊	能登エリア （和倉温泉、七尾市、輪島市、珠洲市など）	石川県外には泊まらない	夫婦2人	温泉や露天風呂, 地元の美味しいものを食べる, 復興支援、ポケモン	飛行機	レンタカー	満足	自分のペースで好きな時に好きな時間が取れるので	50,000円以上 100,000円未満	40,000円以上 50,000円未満	20,000円以上 30,000円未満	初めて	観光パンフレット・ポスター, インターネット・アプリ, 宿泊ホテルのスタッフからの情報	選択なし/該当施設なし	能登空港	選択なし／該当施設なし	道の駅あなみず	5,000円以上 10,000円未満	満足	海鮮の食事が美味しかった	満足		感じなかった		10		機会があれば行きたい	ご年配の方が頑張って働かれているのに対し、若い方(女性)の仕事への姿勢の向き方がダメなように感じた。ただ言われたことだけを事務的にこなすばかりのように(私は)感じた。ここ地を少しでも知ってほしい…と語ってくだだるご年配の働かれる姿がとても印象的だった(あくまで私が接してスタッフさんだけで感じたことです)	男	1965	東京都	足立区	1,500万円以上	景品が当たる, 石川県のおすすめ観光スポットが見たい, 石川県の雑学を知りたい	満足	10	復興に向けてのみんなの取り組み方
能登エリア	いこいの村 能登半島	2026/09/17	同意する	4泊以上	4泊以上	能登エリア （和倉温泉、七尾市、輪島市、珠洲市など）	石川県外には泊まらない	自分ひとり	出張など仕事関係	自家用車	自家用車			10,000円以上 20,000円未満	10,000円以上 20,000円未満	50,000円以上 100,000円未満	11回目以上	インターネット・アプリ	のとじま水族館		道の駅のとじま		5,000円以上 10,000円未満	とても満足	特産品をお土産で買えた。	とても満足	癒された	感じなかった		7	特産品をもっと置いて欲しい。	また行きたい（1年以内）	魚が食べたい	男	1997	福井県	福井市	700万円以上 800万円未満	景品が当たる, ひゃくまんさんが好き, 石川県のおすすめ観光スポットが見たい	とても満足	7	たくさん釣れる
能登エリア	おくだや	2026/09/17	同意する	1泊	3泊	能登エリア （和倉温泉、七尾市、輪島市、珠洲市など）	石川県外には泊まらない	親子４人	宿でのんびり過ごす, 温泉や露天風呂, 地元の美味しいものを食べる, 名所、旧跡の観光	新幹線, 飛行機	レンタカー	満足	観光しながら自由に移動できた	40,000円以上 50,000円未満	30,000円以上 40,000円未満	20,000円以上 30,000円未満	初めて	インターネット・アプリ	千里浜なぎさドライブウェイ		選択なし／該当施設なし	金沢市内へ	50,000円以上 100,000円未満	とても満足	綺麗	とても満足	温泉が良かった	感じなかった		9		機会があれば行きたい	特になし	男	1968	東京都	東大和市	800万円以上 900万円未満	景品が当たる	とても満足	9	温泉と食事
金沢エリア	だるまや旅館	2026/09/18	同意する	1泊	1泊	金沢エリア  （湯涌温泉、深谷温泉、犀川温泉など）	石川県外には泊まらない	友人	葬儀	自家用車	自家用車			5,000円以上 10,000円未満	30,000円以上 40,000円未満	10,000円以上 20,000円未満	初めて	インターネット・アプリ	選択なし/該当施設なし	白馬村	選択なし/該当施設なし	道の駅	5,000円以上 10,000円未満	とても満足	対応が丁寧でした。	満足	リーズナブル	感じなかった		8	醤油麹が美味しい	機会があれば行きたい	なし	男	1961	東京都	稲城市	500万円以上 600万円未満	なんとなく	満足	9	人柄
金沢エリア	夢ミルク館（ホリ牧場）	2026/09/18	同意する	日帰り	1泊	加賀エリア （山代温泉、山中温泉、片山津温泉、粟津温泉、辰口温泉、加賀市、小松市など）	石川県外には泊まらない	小学生以下連れの家族	アウトドア（海水浴、釣り、登山など）	自家用車	自家用車			5,000円以上 10,000円未満	3,000円以上 5,000円未満	5,000円以上 10,000円未満	初めて	インターネット・アプリ	選択なし/該当施設なし	前はない	選択なし/該当施設なし	コストコ	1,000円未満	満足	子供が餌やり体験でき、アイスも美味しかった。	満足	古屋が涼しく避暑地としてまた来ようと思う。	感じなかった		8	短期滞在にはちょうどいい。	また行きたい（1年以内）	特になし	男	1993	石川県	金沢市	600万円以上 700万円未満	景品が当たる, なんとなく	満足	8	
金沢エリア	金沢中央観光案内所	2026/09/18	同意する	1泊	1泊	金沢エリア  （湯涌温泉、深谷温泉、犀川温泉など）	石川県外には泊まらない	自分ひとり	まちあるき、都市散策	在来線	徒歩, レンタサイクル	満足	レンタサイクルがきちんと整備されていてよかった。	5,000円以上 10,000円未満	5,000円以上 10,000円未満	10,000円以上 20,000円未満	2～5回目	X(旧：Twitter)	尾山神社		選択なし/該当施設なし	加賀友禅会館	1,000円未満	満足	休憩施設としても利用できる。	満足	同上。	感じなかった		8		また行きたい（1年以内）	特になし	男	1988	愛知県	名古屋市	500万円以上 600万円未満	なんとなく	満足	10	ラブライブ！蓮ノ空のスタンプラリー
金沢エリア	長町武家屋敷休憩館	2026/09/18	同意する	2泊	2泊	金沢エリア  （湯涌温泉、深谷温泉、犀川温泉など）	石川県外には泊まらない	友人	地元の美味しいものを食べる, 名所、旧跡の観光, まちあるき、都市散策	新幹線	路線バス, 徒歩			10,000円以上 20,000円未満	30,000円以上 40,000円未満	30,000円以上 40,000円未満	2～5回目	観光パンフレット・ポスター, インターネット・アプリ, X(旧：Twitter), Instagram, 観光協会等の案内所	選択なし/該当施設なし		ひがし茶屋街		使わない	とても満足	とても涼しい！落ち着いていて、スタッフの方が優しい。	満足	冷たい無料のお茶(給水器)があると、さらに嬉しい	感じなかった		10		また行きたい（1年以内）	海鮮丼など、美味しい魚介類や和菓子を楽しみたい。	女	1969	千葉県	船橋市	1,200万円以上 1,500万円未満	景品が当たる	とても満足	10	今まで兼六園や東茶屋は訪れたことがあったが、武家屋敷付近は初めて訪問した。とても趣きがあって、素晴らしい。 和菓子もたくさん買いました。
加賀エリア	河内じばさん	2026/09/18	同意する	日帰り	石川県内には宿泊しない	石川県内には宿泊しない	石川県外には泊まらない	職場の同僚	出張など仕事関係, 勤務地	県外から訪れていない（石川県内在住）	社用車	どちらでもない		使わない	1,000円以上 3,000円未満	使わない	初めて	新聞・雑誌・ガイドブック, インターネット・アプリ, 友人・知人	那谷寺		選択なし／該当施設なし	大日川ダム、白山頭首工	使わない	満足		満足		感じた	トイレ事情	6		石川県在住	インバウンド価格でない美味しい食事があれば勧められる。和倉温泉の復興が進めば一緒に行ける。	女	1983	石川県	津幡町	600万円以上 700万円未満	景品が当たる, 店舗で募集を見た	満足	7	
加賀エリア	山中温泉総湯（菊の湯）	2026/09/18	同意する	2泊	1泊	加賀エリア （山代温泉、山中温泉、片山津温泉、粟津温泉、辰口温泉、加賀市、小松市など）	福井県	自分ひとり	温泉や露天風呂, 地元の美味しいものを食べる	新幹線	宿の送迎	とても満足	ダイヤの設定に不満がなかった	20,000円以上 30,000円未満	5,000円以上 10,000円未満	30,000円以上 40,000円未満	初めて	観光パンフレット・ポスター, X(旧：Twitter)	選択なし/該当施設なし		選択なし／該当施設なし	金沢市内	1,000円未満	とても満足	温泉の質が良かった。	とても満足		感じなかった		10		機会があれば行きたい	ラブライブ！とのコラボをもっとアピールしてほしい	男	1986	山口県	周南市	500万円以上 600万円未満	景品が当たる, なんとなく	とても満足	10	温泉施設のサービスの良さ
加賀エリア	白山比咩神社	2026/09/18	同意する	2泊	2泊	金沢エリア  （湯涌温泉、深谷温泉、犀川温泉など）	福井県	夫婦2人	名所、旧跡の観光	旅行会社ツアーバス	旅行会社ツアーバス	満足	自分では来られないので	50,000円以上 100,000円未満	10,000円以上 20,000円未満	50,000円以上 100,000円未満	初めて	旅行ツアーに入っていた	選択なし/該当施設なし		選択なし／該当施設なし		使わない	満足	静か	満足	広々としている	感じなかった		8		また行きたい（1年以内）	特になし	女	1953	静岡県	浜松市	500万円以上 600万円未満	景品が当たる	満足	5	
加賀エリア	大江戸温泉物語Premium よしのや依緑園	2026/09/18	同意する	1泊	1泊	加賀エリア （山代温泉、山中温泉、片山津温泉、粟津温泉、辰口温泉、加賀市、小松市など）	石川県外には泊まらない	夫婦2人	宿でのんびり過ごす, 温泉や露天風呂, 地元の美味しいものを食べる, 花見や紅葉などの自然鑑賞, ドライブ・ツーリング	自家用車	自家用車			20,000円以上 30,000円未満	5,000円以上 10,000円未満	20,000円以上 30,000円未満	初めて	インターネット・アプリ	選択なし/該当施設なし		選択なし／該当施設なし		使わない	満足	ウエルカムドリンクの種類	不満	エアコンカビ臭が気になった	感じなかった		5	テラスでビールを頂けて気持ち良い。サウナ綺麗	また行きたい（1年以内）	山中温泉の川床、クオリティーをあげて下さい。そしたらリピートしたいです	女	1965	岐阜県	岐阜市	500万円以上 600万円未満	景品が当たる	満足	8	自然、食べ物
加賀エリア	大江戸温泉物語Premium よしのや依緑園	2026/09/18	同意する	1泊	1泊	加賀エリア （山代温泉、山中温泉、片山津温泉、粟津温泉、辰口温泉、加賀市、小松市など）	石川県外には泊まらない	夫婦2人	宿でのんびり過ごす, 温泉や露天風呂, ドライブ・ツーリング	自家用車	自家用車			10,000円以上 20,000円未満	20,000円以上 30,000円未満	10,000円以上 20,000円未満	初めて	インターネット・アプリ	選択なし/該当施設なし		選択なし／該当施設なし		3,000円以上 5,000円未満	どちらでもない	コスパ相応かな	満足	美味しい　お風呂	感じなかった		5	サウナ　テラス良い	また行きたい（1年以内）	甘味、九谷焼、	男	1964	岐阜県	岐阜市	500万円以上 600万円未満	景品が当たる	満足	9	ドライブ景色とグルメ
加賀エリア	トレインパーク白山	2026/09/18	同意する	日帰り	石川県内には宿泊しない	石川県内には宿泊しない	石川県外には泊まらない	小学生以下連れの家族	宿でのんびり過ごす	自家用車	自家用車	とても満足		1,000円以上 3,000円未満	1,000円以上 3,000円未満	1,000円以上 3,000円未満	初めて	観光連盟やDMOのHP	選択なし/該当施設なし		選択なし／該当施設なし		1,000円以上 3,000円未満	どちらでもない	スタッフの方のホスピタリティが足りない	どちらでもない		感じた	動線がよくわからない	4		機会があれば行きたい	子ども向け施設	女	1991	富山県	氷見市	500万円以上 600万円未満	景品が当たる	どちらでもない	5	
加賀エリア	辰口丘陵公園	2026/09/18	同意する	日帰り	石川県内には宿泊しない	石川県内には宿泊しない	岐阜県	恋人	宿でのんびり過ごす	自家用車	自家用車	とても満足	最高だった	5,000円以上 10,000円未満	5,000円以上 10,000円未満	1,000円以上 3,000円未満	2～5回目	スポーツ	木場潟公園		木場潟公園		3,000円以上 5,000円未満	とても満足	よかった	とても満足	よかった	感じた	よかった	9	ない	また行きたい（1年以内）	とくになし	男	2002	石川県	小松市	500万円以上 600万円未満	景品が当たる	とても満足	9	なし
加賀エリア	トレインパーク白山	2026/09/18	同意する	1泊	1泊	加賀エリア （山代温泉、山中温泉、片山津温泉、粟津温泉、辰口温泉、加賀市、小松市など）	福井県	夫婦2人	宿でのんびり過ごす, 温泉や露天風呂, 地元の美味しいものを食べる	自家用車	自家用車	とても満足	道路が、思った以上に良かった	1,000円以上 3,000円未満	3,000円以上 5,000円未満	1,000円以上 3,000円未満	2～5回目	観光展・物産展, 新聞・雑誌・ガイドブック	月うさぎの里		木場潟公園		1,000円以上 3,000円未満	満足	雰囲気落ち着いています	満足	思った以上綺麗	感じなかった		10	品数豊富	また行きたい（1年以内）	以前と比べると少し高くなった	男	1955	富山県	南砺市	300万円以上 400万円未満	景品が当たる	満足	10	温泉、食べ物
加賀エリア	いしかわ動物園	2026/09/18	同意する	2泊	2泊	加賀エリア （山代温泉、山中温泉、片山津温泉、粟津温泉、辰口温泉、加賀市、小松市など）	石川県外には泊まらない	小学生以下連れの家族	宿でのんびり過ごす, 温泉や露天風呂, 地元の美味しいものを食べる, テーマパーク（遊園地、動物園、博物館など）	自家用車	自家用車			20,000円以上 30,000円未満	10,000円以上 20,000円未満	10,000円以上 20,000円未満	2～5回目	インターネット・アプリ	選択なし/該当施設なし	手取フィッシュランド	選択なし／該当施設なし		1,000円以上 3,000円未満	どちらでもない	特に印象に残らなかった	どちらでもない	暑い	感じた	暑い	5	子供向け、安く済ませることができるのは良かった	機会があれば行きたい	肉と魚、伝統工芸品、地酒に特化した大型施設に立ち寄りたかった	男	1985	兵庫県	淡路市	800万円以上 900万円未満	景品が当たる	満足	8	ホテルが子供に特化して丸一日過ごすことができる
加賀エリア	那谷寺	2026/09/18	同意する	日帰り	1泊	加賀エリア （山代温泉、山中温泉、片山津温泉、粟津温泉、辰口温泉、加賀市、小松市など）	石川県外には泊まらない	親	友人・親戚を訪ねる	自家用車	自家用車			使わない	10,000円以上 20,000円未満	1,000円以上 3,000円未満	2～5回目	インターネット・アプリ, 友人・知人	選択なし/該当施設なし		選択なし／該当施設なし		1,000円未満	とても満足	千手観音の拝観でいらっしゃった宝物を調査している方に質問をしたら丁寧に説明していただいたので。	とても満足		感じなかった		10	那谷寺自体、申し分なく、広いので歩いた後に近くのお土産屋さんで飲食しながら休憩できるので、歩き疲れても休めるところが良いと思った。	また行きたい（1年以内）	特になし	女	1988	福井県	坂井市	900万円以上 1,000万円未満	景品が当たる	とても満足	10	
加賀エリア	小松空港	2026/09/18	同意する	1泊	1泊	加賀エリア （山代温泉、山中温泉、片山津温泉、粟津温泉、辰口温泉、加賀市、小松市など）	石川県外には泊まらない	中学生以上連れの家族	地元の美味しいものを食べる	飛行機	在来線, 路線バス	満足	バスが便利だった	10,000円以上 20,000円未満	50,000円以上 100,000円未満	20,000円以上 30,000円未満	2～5回目	インターネット・アプリ, Instagram, 友人・知人	石川県立航空プラザ	なし	月うさぎの里	なし	50,000円以上 100,000円未満	満足	もう少し飲食が安いといいです。	満足	清潔だった	感じなかった	なし	8	なし	機会があれば行きたい	夜の飲食を遅い時間までやってほしい	女	1964	静岡県	駿東郡清水町	1,500万円以上	景品が当たる	満足	8	朝の散歩
加賀エリア	小松空港	2026/09/18	同意する	1泊	1泊	加賀エリア （山代温泉、山中温泉、片山津温泉、粟津温泉、辰口温泉、加賀市、小松市など）	石川県外には泊まらない	中学生以上連れの家族	地元の美味しいものを食べる	飛行機	在来線, 路線バス	満足	バスが便利だった	10,000円以上 20,000円未満	50,000円以上 100,000円未満	20,000円以上 30,000円未満	2～5回目	インターネット・アプリ, Instagram, 友人・知人	石川県立航空プラザ	なし	月うさぎの里	なし	50,000円以上 100,000円未満	満足	もう少し飲食が安いといいです。	満足	清潔だった	感じなかった	なし	8	なし	機会があれば行きたい	夜の飲食を遅い時間までやってほしい	女	1964	静岡県	駿東郡清水町	1,500万円以上	景品が当たる	満足	8	朝の散歩
加賀エリア	ゆのくに天祥	2026/09/18	同意する	1泊	1泊	加賀エリア （山代温泉、山中温泉、片山津温泉、粟津温泉、辰口温泉、加賀市、小松市など）	石川県外には泊まらない	会社のOB会	宿でのんびり過ごす, 温泉や露天風呂, 地元の美味しいものを食べる	旅行会社ツアーバス	旅行会社ツアーバス	満足	高速道路で繋がっているから！	20,000円以上 30,000円未満	5,000円以上 10,000円未満	10,000円以上 20,000円未満	初めて	新聞・雑誌・ガイドブック, インターネット・アプリ	選択なし/該当施設なし	福井県の敦賀市の神宮から。	選択なし／該当施設なし	福井県の東尋坊	1,000円以上 3,000円未満	満足	お土産や食べ物が豊富。	満足	景色が良い！	感じた	坂がキツイ！	10	温泉卵作りや温泉饅頭、ゼリーやドリンクなど一階で様々無料サービスがある！	機会があれば行きたい	今回は９月に行ったが、冬に行って美味しい海鮮を食べたいです。	男	1957	静岡県	浜松市天龍川町	200万円以上 300万円未満	なんとなく	満足	9	ホテルのサービスや温泉。
能登エリア	道の駅織姫の里なかのと	2026/09/18	同意する	2泊	2泊	能登エリア （和倉温泉、七尾市、輪島市、珠洲市など）	石川県外には泊まらない	親	宿でのんびり過ごす, 温泉や露天風呂, 地元の美味しいものを食べる	飛行機	旅行会社ツアーバス	とても満足		20,000円以上 30,000円未満	20,000円以上 30,000円未満	10,000円以上 20,000円未満	初めて	Instagram	選択なし/該当施設なし		千里浜なぎさドライブウェイ	気多大社	1,000円以上 3,000円未満	とても満足	購入した弁当を食べる時にフードコートを利用したが、お店の方が快く味噌汁も提供してくれたため。	とても満足		感じなかった		8		また行きたい（1年以内）	海鮮、地酒など。トレッキングなどできる場所があるなら知りたい。	女	2001	東京都	杉並区	400万円以上 500万円未満	景品が当たる	とても満足	9	
能登エリア	のとじま水族館	2026/09/18	同意する	4泊以上	4泊以上	能登エリア （和倉温泉、七尾市、輪島市、珠洲市など）	長野県	小学生以下連れの家族	地元の美味しいものを食べる, 花見や紅葉などの自然鑑賞, 名所、旧跡の観光, お祭りやイベントへの参加・見物, アウトドア（海水浴、釣り、登山など）, 稲刈り	自家用車	自家用車			使わない	30,000円以上 40,000円未満	30,000円以上 40,000円未満	6～10回目	新聞・雑誌・ガイドブック, TV・ラジオ番組やCM, インターネット・アプリ	のとじま水族館		選択なし／該当施設なし	とぎの道の駅	5,000円以上 10,000円未満	とても満足		とても満足	トイレも綺麗だし、魚も前よりも充実してる。ジンベエザメが復活していた！	感じなかった		10	文具や生活品もあり、食べ物だけではないのでよかった。	また行きたい（1年以内）	もう少し、珠洲などの奥能登の復興を進めて、人が泊まれるようにしてほしい。トイレの整備なども早くしてほしい。そして、地域の食材、工芸などの物も増やしてほしい。	女	1975	東京都	品川区	500万円以上 600万円未満	景品が当たる, ひゃくまんさんが好き, 石川県の雑学を知りたい	満足	9	食事や自然がよいから。
能登エリア	のとじま水族館	2026/09/18	同意する	4泊以上	4泊以上	加賀エリア （山代温泉、山中温泉、片山津温泉、粟津温泉、辰口温泉、加賀市、小松市など）	石川県外には泊まらない	小学生以下連れの家族	温泉や露天風呂, 地元の美味しいものを食べる, スポーツ観戦や芸術鑑賞（コンサート等）	レンタカー, 新幹線	レンタカー	満足	それほど混んでいないから	100,000円以上	100,000円以上	100,000円以上	2～5回目	新聞・雑誌・ガイドブック, インターネット・アプリ	選択なし/該当施設なし	最初にここに来たから	選択なし／該当施設なし	加賀方面に移動するから	3,000円以上 5,000円未満	どちらでもない	ここ特有のものがない	満足	広すぎず狭すぎず子供連れにはちょうどよい	感じた	坂が多い	5	飲食が整っていなかった	機会があれば行きたい	海鮮	男	1978	埼玉県	入間市	1,000万円以上 1,200万円未満	景品が当たる	とても満足	4	のんびり出来る
能登エリア	海舟	2026/09/18	同意する	1泊	1泊	能登エリア （和倉温泉、七尾市、輪島市、珠洲市など）	石川県外には泊まらない	友人	宿でのんびり過ごす, 温泉や露天風呂, 地元の美味しいものを食べる, 買い物、アウトレット, まちあるき、都市散策, 震災の復興応援	新幹線, 在来線	自家用車			20,000円以上 30,000円未満	20,000円以上 30,000円未満	5,000円以上 10,000円未満	2～5回目	観光パンフレット・ポスター, インターネット・アプリ, 観光協会等の案内所, タクシードライバーや地元の人	選択なし/該当施設なし	能登ミルク	選択なし／該当施設なし	金沢観光	5,000円以上 10,000円未満	満足	アントレの品揃えな豊富さ	とても満足	目新しいものが沢山ある、地元に特化した商品の品揃えが充実している	感じなかった		10	地元の名物が手軽に味わえる	また行きたい（1年以内）	美味しい名物が沢山あり魅力的	女	1961	栃木県	足利市	700万円以上 800万円未満	景品が当たる, 石川県のおすすめ観光スポットが見たい	とても満足	10	居住地からちかい
能登エリア	海舟	2026/09/18	同意する	1泊	1泊	能登エリア （和倉温泉、七尾市、輪島市、珠洲市など）	石川県外には泊まらない	友人	宿でのんびり過ごす, 温泉や露天風呂, 地元の美味しいものを食べる, 買い物、アウトレット, まちあるき、都市散策, 震災の復興支援	新幹線, 在来線	自家用車			20,000円以上 30,000円未満	20,000円以上 30,000円未満	10,000円以上 20,000円未満	初めて	インターネット・アプリ, 友人・知人	選択なし/該当施設なし	能登ミルク	選択なし／該当施設なし	金沢観光	1,000円以上 3,000円未満	満足	地元の物が豊富	満足	地元の物が沢山ある	感じなかった		10	地元名物が味わえる	機会があれば行きたい	食べ物が豊富	女	1959	茨城県	茨城県	800万円以上 900万円未満	景品が当たる	満足	10	近い
金沢エリア	金沢中央観光案内所	2026/09/18	同意する	2泊	2泊	金沢エリア  （湯涌温泉、深谷温泉、犀川温泉など）	石川県外には泊まらない	恋人	地元の美味しいものを食べる, 名所、旧跡の観光, まちあるき、都市散策	新幹線	路線バス, 徒歩	どちらでもない	バス停がわかりにくい	30,000円以上 40,000円未満	1,000円以上 3,000円未満	20,000円以上 30,000円未満	初めて	観光展・物産展, インターネット・アプリ, Instagram, 観光協会等の案内所	金沢21世紀美術館		近江町市場		1,000円以上 3,000円未満	満足		満足	ご当地色が濃い	感じなかった		5		機会があれば行きたい	海鮮	女	1976	福島県	伊達市	800万円以上 900万円未満	景品が当たる	満足	8	何を食べても美味しい
金沢エリア	西茶屋資料館	2026/09/18	同意する	2泊	2泊	金沢エリア  （湯涌温泉、深谷温泉、犀川温泉など）	石川県外には泊まらない	恋人	地元の美味しいものを食べる, 名所、旧跡の観光, まちあるき、都市散策	飛行機	路線バス, 徒歩	とても満足	安定した運転でした	20,000円以上 30,000円未満	10,000円以上 20,000円未満	30,000円以上 40,000円未満	初めて	インターネット・アプリ, Googleマップで博物館を検索	ひがし茶屋街		金沢21世紀美術館		使わない	満足	茶屋の歴史や当時の部屋の様子を知ることができたから	とても満足	茶屋について理解することができたから	感じなかった		8		また行きたい（1年以内）	ひゃくまんさんがかわいくグッズを買いたくなってしまった。ご飯も美味しかった。次は金沢城の二の丸工事が完成したらまた見に行きたい。	女	2002	埼玉県	川口市	400万円以上 500万円未満	景品が当たる, ARでひゃくまんさんと写真が撮りたかった	とても満足	10	特に人が多すぎることもなく、ゆったりと気ままに観光できることが素晴らしかった、見るところも多いしご飯も美味しかった。また、街の中で座れる椅子が多いところもとても良く、休憩しながら観光できた。
金沢エリア	金沢駅	2026/09/18	同意する	1泊	石川県内には宿泊しない	石川県内には宿泊しない	富山県	自分ひとり	地元の美味しいものを食べる, 名所、旧跡の観光, まちあるき、都市散策	新幹線	在来線	満足		使わない	10,000円以上 20,000円未満	10,000円以上 20,000円未満	2～5回目	インターネット・アプリ	近江町市場		選択なし/該当施設なし	帰宅	10,000円以上 20,000円未満	満足		満足		感じた	オーバーツーリズムを体感した	8		機会があれば行きたい	加賀料理　温泉　社寺参拝	男	1964	東京都	港区	1,000万円以上 1,200万円未満	景品が当たる, 石川県のおすすめ観光スポットが見たい, 石川県の雑学を知りたい	満足	8	
金沢エリア	河北亭	2026/09/18	同意する	3泊	3泊	金沢エリア  （湯涌温泉、深谷温泉、犀川温泉など）	石川県外には泊まらない	夫婦2人	お祭りやイベントへの参加・見物	自家用車	自家用車, 旅行会社ツアーバス			50,000円以上 100,000円未満	40,000円以上 50,000円未満	10,000円以上 20,000円未満	初めて	インターネット・アプリ	金沢21世紀美術館		兼六園		50,000円以上 100,000円未満	満足	応対が優しい	満足	綺麗です	感じなかった		10		また行きたい（1年以内）	特になし	その他	1962	山口県	防府市	300万円以上 400万円未満	景品が当たる	満足	8	
金沢エリア	ガーデンホテル金沢	2026/09/18	同意する	2泊	2泊	金沢エリア  （湯涌温泉、深谷温泉、犀川温泉など）	石川県外には泊まらない	友人	地元の美味しいものを食べる, 名所、旧跡の観光, お祭りやイベントへの参加・見物	新幹線	タクシー	満足	親切	20,000円以上 30,000円未満	5,000円以上 10,000円未満	20,000円以上 30,000円未満	初めて	インターネット・アプリ	兼六園		ひがし茶屋街		3,000円以上 5,000円未満	満足	きれい	満足	きれい	感じなかった		8	兼六園の入場料が安くて驚いた。感謝。	機会があれば行きたい	海の幸、工芸品	女	1966	岩手県	奥州市	800万円以上 900万円未満	景品が当たる	とても満足	8	街全体の景観の良さ、親切さ
金沢エリア	KOKOHOTEL Premier 金沢香林坊	2026/09/18	同意する	3泊	2泊	金沢エリア  （湯涌温泉、深谷温泉、犀川温泉など）	大阪	夫婦2人	地元の美味しいものを食べる	自家用車	自家用車			10,000円以上 20,000円未満	10,000円以上 20,000円未満	10,000円以上 20,000円未満	初めて	新聞・雑誌・ガイドブック, インターネット・アプリ	選択なし/該当施設なし		選択なし/該当施設なし		使わない	満足		満足		感じなかった		8		また行きたい（1年以内）	美味しい料理とお酒があるもっと皆さんに来て欲しいと思います	女	1965	神奈川県	座間市	900万円以上 1,000万円未満	景品が当たる	満足	9	街が綺麗
加賀エリア	白山比咩神社	2026/09/18	同意する	2泊	2泊	金沢エリア  （湯涌温泉、深谷温泉、犀川温泉など）	石川県外には泊まらない	自分ひとり	地元の美味しいものを食べる, 神社参拝	新幹線, 在来線	在来線, 路線バス	満足	公共交通機関と徒歩でたどり着けた	50,000円以上 100,000円未満	20,000円以上 30,000円未満	40,000円以上 50,000円未満	初めて	インターネット・アプリ, X(旧：Twitter), Instagram	選択なし/該当施設なし		選択なし／該当施設なし	金劍宮	5,000円以上 10,000円未満	どちらでもない	ご祈祷受付の神職さんとあまり会話が通じなかった	満足	いい神社でした	感じた	トイレがあまり綺麗ではなく使いにくい	8	いい神社なので	また行きたい（1年以内）	特になし	女	1983	東京都	目黒区	800万円以上 900万円未満	景品が当たる	満足	8	食、神社、喫茶店など石川にしかないものがよい
加賀エリア	いしかわ動物園	2026/09/18	同意する	日帰り	石川県内には宿泊しない	石川県内には宿泊しない	能美市在住	自分ひとり	テーマパーク（遊園地、動物園、博物館など）	県外から訪れていない（石川県内在住）	自家用車			使わない	1,000円未満	1,000円未満	11回目以上	X(旧：Twitter)	選択なし/該当施設なし		選択なし／該当施設なし		1,000円未満	満足	カンガルーロード歩けたのが楽しかった	満足	トイレが各所にあり、休憩スペースもきちんと確保されている	感じなかった		9		石川県在住	海産物　輪島の朝市を復活して欲しい	女	1976	石川県	能美市	400万円以上 500万円未満	景品が当たる	満足	9	お寿司が美味しいし観光地も多い。
加賀エリア	白山比咩神社	2026/09/18	同意する	2泊	2泊	能登エリア （和倉温泉、七尾市、輪島市、珠洲市など）	石川県外には泊まらない	友人	名所、旧跡の観光, 能登島でイルカと泳ぐ	自家用車	自家用車			10,000円以上 20,000円未満	20,000円以上 30,000円未満	5,000円以上 10,000円未満	6～10回目	インターネット・アプリ, 友人・知人	選択なし/該当施設なし	なし	選択なし／該当施設なし	能登島	10,000円以上 20,000円未満	とても満足	美しいです。	とても満足	きらびやかでない。	感じなかった		10	特別なことはなくて良いと思います。	また行きたい（1年以内）	伝統工芸	女	1976	愛知県	名古屋市	300万円以上 400万円未満	景品が当たる	とても満足	10	能登島とイルカ。
加賀エリア	那谷寺	2026/09/18	同意する	1泊	1泊	加賀エリア （山代温泉、山中温泉、片山津温泉、粟津温泉、辰口温泉、加賀市、小松市など）	1泊だけなので	夫婦2人	宿でのんびり過ごす, 温泉や露天風呂, 名所、旧跡の観光	自家用車	自家用車			5,000円以上 10,000円未満	5,000円以上 10,000円未満	3,000円以上 5,000円未満	初めて	TV・ラジオ番組やCM, 観光パンフレット・ポスター	選択なし/該当施設なし		選択なし／該当施設なし		1,000円以上 3,000円未満	とても満足	風景が、とても、素晴らしかった。	とても満足	ちょうど、ご開帳の秘仏を観ることが、できたから。	感じなかった		8		機会があれば行きたい	とても、人の、あたたかみを感じる。	女	1959	三重県	四日市市	200万円以上 300万円未満	景品が当たる, 石川県のおすすめ観光スポットが見たい	とても満足	10	お寺の、風景が、とても、素晴らしかったから。
能登エリア	和倉温泉お祭り会館	2026/09/18	同意する	1泊	1泊	能登エリア （和倉温泉、七尾市、輪島市、珠洲市など）	石川県外には泊まらない	友人	宿でのんびり過ごす, 温泉や露天風呂, 地元の美味しいものを食べる, まちあるき、都市散策	新幹線, 在来線	自家用車	とても満足	自宅から電車の乗り換え数が少ない	20,000円以上 30,000円未満	20,000円以上 30,000円未満	3,000円以上 5,000円未満	2～5回目	観光パンフレット・ポスター, インターネット・アプリ, 観光協会等の案内所	選択なし/該当施設なし		選択なし／該当施設なし		使わない	どちらでもない		どちらでもない		感じなかった		10		機会があれば行きたい	地元の名産品の充実	女	1961	栃木県	足利市	700万円以上 800万円未満	景品が当たる	とても満足	10	グルメ
能登エリア	和倉温泉お祭り会館	2026/09/18	同意する	1泊	1泊	能登エリア （和倉温泉、七尾市、輪島市、珠洲市など）	石川県外には泊まらない	友人	宿でのんびり過ごす, まちあるき、都市散策	新幹線	在来線	とても満足	電車の移動がスムーズ	20,000円以上 30,000円未満	20,000円以上 30,000円未満	3,000円以上 5,000円未満	初めて	友人・知人	選択なし/該当施設なし		選択なし／該当施設なし		使わない	どちらでもない		どちらでもない		感じなかった		10		また行きたい（1年以内）	金沢おでん	女	1959	茨城県	筑西市	800万円以上 900万円未満	景品が当たる	とても満足	10	グルメ
能登エリア	花嫁のれん館	2026/09/18	同意する	2泊	2泊	能登エリア （和倉温泉、七尾市、輪島市、珠洲市など）	石川県外には泊まらない	職場の同僚	温泉や露天風呂, 地元の美味しいものを食べる, お祭りやイベントへの参加・見物	新幹線, 在来線	徒歩			10,000円以上 20,000円未満	10,000円以上 20,000円未満	20,000円以上 30,000円未満	初めて	新聞・雑誌・ガイドブック, 観光協会等の案内所	選択なし/該当施設なし		能登食祭市場	和倉温泉お祭り会館	1,000円未満	満足	花嫁のれんに関するお土産グッズは充実していた。	どちらでもない	見るべきものが限られる。花嫁のれんを入り口により広く文化や歴史、昔の暮らしが分かると良かった。	感じなかった		6	触れるのれんもほしい	機会があれば行きたい	新鮮な海産物と、それを使った食事。温泉。	男	1981	東京都	渋谷区	1,200万円以上 1,500万円未満	景品が当たる, ひゃくまんさんが好き	満足	7	古い文化、伝統
能登エリア	のと鉄道（通常）	2026/09/18	同意する	2泊	2泊	能登エリア （和倉温泉、七尾市、輪島市、珠洲市など）	石川県外には泊まらない	恋人	お祭り参加	在来線, 飛行機	在来線	満足	バス等のicカード等が利用できず少し不便に感じました	10,000円以上 20,000円未満	30,000円以上 40,000円未満	30,000円以上 40,000円未満	11回目以上	友人・知人	のとじま水族館		道の駅のとじま		3,000円以上 5,000円未満	とても満足	混んでいないのでノンストレスに観光をすることができる	とても満足	ここならではの魅力を感じることができる	感じなかった		10	東京からわずか1時間で来れる、リフレッシュできる、もっと広くにアピールの余地もあるのかと感じました。上からものを言うような形で申し訳ありません	また行きたい（1年以内）	お祭りも迫力があって楽しかったです！	男	2001	東京都	杉並区	300万円以上 400万円未満	景品が当たる	とても満足	10	のとじま水族館 自然を学びながらのんびり過ごすことができる！
能登エリア	Trip inn 能登空港	2026/09/18	同意する	1泊	1泊	能登エリア （和倉温泉、七尾市、輪島市、珠洲市など）	石川県外には泊まらない	自分ひとり	出張など仕事関係	飛行機	自家用車			5,000円以上 10,000円未満	30,000円以上 40,000円未満	20,000円以上 30,000円未満	初めて	インターネット・アプリ	選択なし/該当施設なし		選択なし／該当施設なし		10,000円以上 20,000円未満	満足	雰囲気も良く、金額も丁度良い	どちらでもない	山の中ということもあり虫が多く、施設内でとても気になった	感じた	前面道路が狭い	7		どちらともいえない	とくになし	男	1987	神奈川県	横浜市	700万円以上 800万円未満	景品が当たる	どちらでもない	5	旅館と飲食店（オモウマイ）
能登エリア	のと鉄道（通常）	2026/09/18	同意する	4泊以上	4泊以上	金沢エリア  （湯涌温泉、深谷温泉、犀川温泉など）	石川県外には泊まらない	自分ひとり	地元の美味しいものを食べる, 買い物、アウトレット, まちあるき、都市散策	飛行機	飛行機	どちらでもない	移動距離	40,000円以上 50,000円未満	10,000円以上 20,000円未満	100,000円以上	6～10回目	出張きっかけ	選択なし/該当施設なし	空港が窓口だから	選択なし／該当施設なし	金沢宿泊だから	1,000円未満	満足	移動手段を丁寧に教えて頂いた。	不満	ラウンジがない。	感じた	ラウンジがない。	3	ラウンジ設置求む。	また行きたい（1年以内）	古い街並みを何卒大切に。	男	1978	茨城県	水戸市	900万円以上 1,000万円未満	景品が当たる, 石川県の雑学を知りたい, 老婆心ながらの陳情	とても満足	10	街並み。ただし淘汰され気味で非常に心配。ぜひ今のうちに。
能登エリア	日本リザルツ神田塾	2026/09/18	同意する	4泊以上	4泊以上	能登エリア （和倉温泉、七尾市、輪島市、珠洲市など）	石川県外には泊まらない	団体旅行	地元の美味しいものを食べる, 名所、旧跡の観光, お祭りやイベントへの参加・見物, まちあるき、都市散策	レンタカー, 飛行機	レンタカー	とても満足	ドアtoドアで楽です	10,000円以上 20,000円未満	30,000円以上 40,000円未満	10,000円以上 20,000円未満	2～5回目	友人・知人	選択なし/該当施設なし	つくモール、恋路海岸	選択なし／該当施設なし		50,000円以上 100,000円未満	満足		どちらでもない		感じた	ネットが繋がらない	3		また行きたい（1年以内）	漁体験	男	2006	北海道	三鷹市	100万円未満	景品が当たる	満足	10	
能登エリア	日本リザルツ神田塾	2026/09/18	同意する	4泊以上	4泊以上	能登エリア （和倉温泉、七尾市、輪島市、珠洲市など）	石川県外には泊まらない	団体旅行	お祭りやイベントへの参加・見物	飛行機	レンタカー	とても満足		3,000円以上 5,000円未満	20,000円以上 30,000円未満	10,000円以上 20,000円未満	2～5回目	観光展・物産展, 友人・知人	選択なし/該当施設なし		選択なし／該当施設なし		1,000円以上 3,000円未満	とても満足	いつもお世話になってます。	とても満足		感じなかった		10		また行きたい（1年以内）	祭りの観覧と能登でしか買えない食材	男	1999	東京都	文京区	400万円以上 500万円未満	景品が当たる, 石川県のおすすめ観光スポットが見たい	とても満足	10	
能登エリア	のとじま水族館	2026/09/18	同意する	1泊	1泊	能登エリア （和倉温泉、七尾市、輪島市、珠洲市など）	石川県外には泊まらない	自分ひとり	地元の美味しいものを食べる, テーマパーク（遊園地、動物園、博物館など）, スポーツ観戦や芸術鑑賞（コンサート等）, ドライブ・ツーリング, 七尾市のゲームセンター	新幹線, 在来線	レンタルバイク	満足	公共交通機関が不便なのでレンタルバイクを借りた。レンタルバイクは快適だが価格が高い。	5,000円以上 10,000円未満	20,000円以上 30,000円未満	10,000円以上 20,000円未満	初めて	インターネット・アプリ	能登食祭市場		道の駅のとじま		1,000円以上 3,000円未満	とても満足	可愛いが値段はお手頃なピンバッチ等のお土産が買えた	満足	楽しかったが規模が少し小さいと感じた。	感じなかった	自家用車やバイクの手段が無い人にとっては訪れにくい印象。	9	飲食できる店は周りにあるので、お土産さえ充実していれば良いと思う。	また行きたい（1年以内）	ワイナリーがあれば行きたい。能登ワインも良いが公共交通機関が不便だと行けない。	男	1988	兵庫県	尼崎市	600万円以上 700万円未満	景品が当たる, アンケートの意見が少しでもフィードバックされると嬉しい。	満足	8	人混み・渋滞が少ない。ご飯(特に海鮮系)と地酒が美味しい。
能登エリア	いこいの村 能登半島	2026/09/18	同意する	1泊	1泊	能登エリア （和倉温泉、七尾市、輪島市、珠洲市など）	石川県外には泊まらない	夫婦2人	温泉や露天風呂, 地元の美味しいものを食べる, まちあるき、都市散策, 震災復興応援	自家用車	自家用車			10,000円以上 20,000円未満	使わない	10,000円以上 20,000円未満	初めて	インターネット・アプリ	選択なし/該当施設なし	和倉温泉界隈　飲食店	のとじま水族館		10,000円以上 20,000円未満	満足	接客丁寧	満足	古い施設だが、清掃しっかり。接客丁寧。	感じなかった		6		また行きたい（1年以内）	やっぱり海鮮！　でも近江町市場は高い！　観光客、インバウンド価格💢	男	1976	富山県	高岡市	600万円以上 700万円未満	景品が当たる, 石川県のおすすめ観光スポットが見たい	満足	8	寿司、海鮮 
能登エリア	のとじま水族館	2026/09/19	同意する	日帰り	石川県内には宿泊しない	石川県内には宿泊しない	石川県外には泊まらない	子供と妹	テーマパーク（遊園地、動物園、博物館など）	県外から訪れていない（石川県内在住）	自家用車			使わない	1,000円未満	3,000円以上 5,000円未満	6～10回目	TV・ラジオ番組やCM	選択なし/該当施設なし		選択なし／該当施設なし		10,000円以上 20,000円未満	とても満足	じんべいざめが嬉しかった	とても満足	じんべいざめが嬉しかった	感じた	売店のフードの終わる時間をもう少し長くして欲しい	10	売店のTシャツの種類また増やしてください　また買いに来ます	石川県在住	夕方以降の時間でも買える道の駅が欲しい	女	1974	石川県	金沢市	700万円以上 800万円未満	ひゃくまんさんが好き	とても満足	10	じんべいざめが見れる
金沢エリア	スーパーホテルPremier金沢駅東口	2026/09/19	同意する	3泊	3泊	金沢エリア  （湯涌温泉、深谷温泉、犀川温泉など）	石川県外には泊まらない	友人	その他スポーツ（ゴルフ、テニスなど）	自家用車	自家用車			50,000円以上 100,000円未満	30,000円以上 40,000円未満	30,000円以上 40,000円未満	初めて	観光展・物産展	選択なし/該当施設なし	スポーツイベント参加	近江町市場		10,000円以上 20,000円未満	とても満足	コストパフォーマンスの良さ	とても満足	とても快適に過ごせる　大浴場もよい	感じなかった		10		機会があれば行きたい	特になし	男	1975	秋田県	秋田市	800万円以上 900万円未満	景品が当たる	とても満足	10	街に活気があり観光スポットが充実してる
金沢エリア	金沢駅	2026/09/19	同意する	1泊	1泊	金沢エリア  （湯涌温泉、深谷温泉、犀川温泉など）	石川県外には泊まらない	夫婦2人	温泉や露天風呂, 地元の美味しいものを食べる, 名所、旧跡の観光	新幹線	在来線			20,000円以上 30,000円未満	3,000円以上 5,000円未満	20,000円以上 30,000円未満	初めて	インターネット・アプリ	金沢21世紀美術館		兼六園		20,000円以上 30,000円未満	とても満足	観光名所が素晴らしい	満足	案内所の場所がわかりやすい	感じなかった		8	観光に特化しておりよい	機会があれば行きたい	特になし	男	1981	東京都	新宿区	1,000万円以上 1,200万円未満	景品が当たる, ひゃくまんさんが好き	満足	8	金沢市内
金沢エリア	金沢駅	2026/09/19	同意する	1泊	1泊	金沢エリア  （湯涌温泉、深谷温泉、犀川温泉など）	石川県外には泊まらない	夫婦2人	宿でのんびり過ごす, 地元の美味しいものを食べる	新幹線	在来線, 徒歩	不満	新幹線が満席で座れず	30,000円以上 40,000円未満	30,000円以上 40,000円未満	30,000円以上 40,000円未満	初めて	新聞・雑誌・ガイドブック, 観光パンフレット・ポスター, インターネット・アプリ	選択なし/該当施設なし	駅でのアンケート回答のため	ひがし茶屋街		20,000円以上 30,000円未満	どちらでもない	お土産館は種類があり満足	満足	店員さんが親切、施設もきれい	感じなかった		8	お土産の豊富さ店内広くみやすい	機会があれば行きたい	特になし	女	1981	東京都	新宿区	300万円以上 400万円未満	景品が当たる, ひゃくまんさんが好き, 石川県のおすすめ観光スポットが見たい, 石川の美味しいものを満足いくまで食べたい	満足	8	観光地がたくさんあり街並みもきれい
金沢エリア	夢ミルク館（ホリ牧場）	2026/09/19	同意する	日帰り	石川県内には宿泊しない	石川県内には宿泊しない	石川県外には泊まらない	小学生以下連れの家族	まちあるき、都市散策	自家用車	自家用車	とても満足	十分なおむつ替えスペースと、イートインが空いていた。遊び場が併設されている。	使わない	使わない	使わない	2～5回目	友人・知人	選択なし/該当施設なし		選択なし/該当施設なし		使わない	とても満足	値段が手頃で、おいしかった。	とても満足	子連れにやさしい点	感じなかった	交通規制のため遠回りしたこと	10		また行きたい（1年以内）	自然が触れ合える遊び場、海産物、マリンスポーツ	女	1986	石川県	金沢市大桑	700万円以上 800万円未満	景品が当たる	とても満足	10	ソフトクリームと牛のふれあい
金沢エリア	石川県立歴史博物館	2026/09/19	同意する	1泊	1泊	金沢エリア  （湯涌温泉、深谷温泉、犀川温泉など）	石川県外には泊まらない	友人	名所、旧跡の観光, ドライブ・ツーリング, ライブ	在来線	自家用車, 在来線	満足	交通の便がいいから	5,000円以上 10,000円未満	3,000円以上 5,000円未満	5,000円以上 10,000円未満	2～5回目	インターネット・アプリ	選択なし/該当施設なし	片町	選択なし/該当施設なし	内灘	1,000円以上 3,000円未満	とても満足	接客が丁寧	とても満足	建物・施設が綺麗	感じなかった		9		また行きたい（1年以内）	ラーメン	女	1999	富山県	朝日町	200万円以上 300万円未満	景品が当たる	満足	9	
金沢エリア	香林坊地下駐車場	2026/09/19	同意する	日帰り	1泊	能登エリア （和倉温泉、七尾市、輪島市、珠洲市など）	石川県外には泊まらない	自分ひとり	宿でのんびり過ごす, 地元の美味しいものを食べる	自家用車	自家用車			3,000円以上 5,000円未満	3,000円以上 5,000円未満	5,000円以上 10,000円未満	11回目以上	友人・知人	近江町市場		選択なし/該当施設なし	デパート	20,000円以上 30,000円未満	満足	品揃えが豊富	満足	安心感ぎある	感じなかった		8		また行きたい（1年以内）	特になし	女	1969	石川県	輪島市	1,000万円以上 1,200万円未満	ひゃくまんさんが好き	とても満足	10	伝統工芸
加賀エリア	ポイントバケーション加賀山中	2026/09/19	同意する	4泊以上	1泊	加賀エリア （山代温泉、山中温泉、片山津温泉、粟津温泉、辰口温泉、加賀市、小松市など）	福島県	親	温泉や露天風呂	自家用車	自家用車			5,000円以上 10,000円未満	5,000円以上 10,000円未満	3,000円以上 5,000円未満	2～5回目	観光展・物産展	選択なし/該当施設なし	鼓門	選択なし／該当施設なし	石川県立図書館	使わない	とても満足	お風呂が良い	とても満足	ホテルの部屋が広い	感じなかった		7		機会があれば行きたい	ご当地の名産品をスーパーなどでもっと見たい	男	2005	東京都	荒川区	1,200万円以上 1,500万円未満	景品が当たる	とても満足	10	温泉が良い
加賀エリア	ポイントバケーション加賀山中	2026/09/19	同意する	4泊以上	1泊	加賀エリア （山代温泉、山中温泉、片山津温泉、粟津温泉、辰口温泉、加賀市、小松市など）	福島県	親	温泉や露天風呂	自家用車	自家用車	とても満足	高速インターから近い	10,000円以上 20,000円未満	1,000円以上 3,000円未満	3,000円以上 5,000円未満	初めて	インターネット・アプリ	選択なし/該当施設なし	夕方出発して直接宿に着いたから	選択なし／該当施設なし	金沢市	使わない	どちらでもない	買い物する予定がない	とても満足	施設が良い	感じなかった		10	お風呂が良かった	また行きたい（1年以内）	美味しい食事	男	1969	大阪府	豊中市	1,000万円以上 1,200万円未満	景品が当たる	とても満足	10	混雑が少ない
加賀エリア	いしかわ動物園	2026/09/19	同意する	2泊	石川県内には宿泊しない	石川県内には宿泊しない	富山県	小学生以下連れの家族	テーマパーク（遊園地、動物園、博物館など）	自家用車	自家用車			使わない	10,000円以上 20,000円未満	3,000円以上 5,000円未満	初めて	家族の紹介	選択なし/該当施設なし		選択なし／該当施設なし		10,000円以上 20,000円未満	とても満足	子供が楽しむのにちょうどいい規模感でした	とても満足	愛知県から初めて訪れましたが楽しかったです	感じなかった		9	子供向けのものが多く良かったです	また行きたい（1年以内）	子供が喜ぶキャラクターとのコラボ商品など	女	1992	愛知県	稲沢市	900万円以上 1,000万円未満	景品が当たる, ひゃくまんさんが好き	とても満足	10	
加賀エリア	いしかわ動物園	2026/09/19	同意する	2泊	石川県内には宿泊しない	石川県内には宿泊しない	富山県	小学生以下連れの家族	テーマパーク（遊園地、動物園、博物館など）	自家用車	自家用車			30,000円以上 40,000円未満	5,000円以上 10,000円未満	20,000円以上 30,000円未満	初めて	インターネット・アプリ	選択なし/該当施設なし		選択なし／該当施設なし		5,000円以上 10,000円未満	とても満足	アイスとかき氷があってよかった	とても満足	子供が楽しみやすい	感じた	自動販売機がもっとあるといい	10		また行きたい（1年以内）	特になし	女	1990	埼玉県	吉川市	600万円以上 700万円未満	景品が当たる	満足	8	暑すぎず寒すぎず
加賀エリア	月うさぎの里	2026/09/19	同意する	2泊	石川県内には宿泊しない	石川県内には宿泊しない	福井県	親	名所、旧跡の観光	自家用車	徒歩			50,000円以上 100,000円未満	10,000円以上 20,000円未満	5,000円以上 10,000円未満	2～5回目	観光展・物産展, 友人・知人	木場潟公園		選択なし／該当施設なし	福井	5,000円以上 10,000円未満	満足	お菓子が気に入った	とても満足	うさぎに癒された	感じなかった		8		機会があれば行きたい	飲食では美味しいものが沢山あり楽しめる	男	1997	長野県	千曲市	800万円以上 900万円未満	景品が当たる, なんとなく	満足	8	
加賀エリア	辰口丘陵公園	2026/09/19	同意する	日帰り	石川県内には宿泊しない	石川県内には宿泊しない	石川県外には泊まらない	孫	テーマパーク（遊園地、動物園、博物館など）	自家用車	自家用車			使わない	1,000円以上 3,000円未満	使わない	6～10回目	友人・知人	選択なし/該当施設なし		選択なし／該当施設なし		1,000円以上 3,000円未満	不満	芝生の状態がよくない	どちらでもない		感じなかった		10		機会があれば行きたい	なし	女	1962	石川県	白山市	300万円以上 400万円未満	景品が当たる	満足	5	
加賀エリア	小松空港	2026/09/19	同意する	3泊	石川県内には宿泊しない	石川県内には宿泊しない	北海道	小学生以下連れの家族	地元の美味しいものを食べる	自家用車	自家用車			使わない	使わない	使わない	6～10回目	新聞・雑誌・ガイドブック	選択なし/該当施設なし		選択なし／該当施設なし		100,000円以上	満足		とても満足	ベビーエリアがある	感じなかった		7		また行きたい（1年以内）	上質な温泉旅館	女	1995	福井県	鯖江市	900万円以上 1,000万円未満	景品が当たる	とても満足	8	
加賀エリア	小松空港	2026/09/19	同意する	3泊	石川県内には宿泊しない	石川県内には宿泊しない	北海道	小学生以下連れの家族	地元の美味しいものを食べる	自家用車	自家用車			20,000円以上 30,000円未満	1,000円以上 3,000円未満	使わない	2～5回目	観光展・物産展, 新聞・雑誌・ガイドブック	月うさぎの里		選択なし／該当施設なし		1,000円未満	とても満足		とても満足		感じなかった		10		また行きたい（1年以内）	テーマパークがあるとうれしい	男	1995	福井県	鯖江市	400万円以上 500万円未満	なんとなく	とても満足	10	食べ物
加賀エリア	月うさぎの里	2026/09/19	同意する	日帰り	石川県内には宿泊しない	石川県内には宿泊しない	石川県外には泊まらない	中学生以上連れの家族	地元の美味しいものを食べる, 名所、旧跡の観光	自家用車	自家用車			使わない	20,000円以上 30,000円未満	10,000円以上 20,000円未満	2～5回目	インターネット・アプリ	選択なし/該当施設なし	兼六園	月うさぎの里		20,000円以上 30,000円未満	満足	商品がとても可愛かった。売店の方の対応も良かった	満足	楽しかった	感じなかった		8		機会があれば行きたい	特になし	女	1984	愛知県	豊川市	100万円以上 200万円未満	景品が当たる, なんとなく	満足	9	都会すぎず落ち着いた雰囲気がとてもよい
加賀エリア	いしかわ動物園	2026/09/19	同意する	日帰り	石川県内には宿泊しない	石川県内には宿泊しない	福井県	小学生以下連れの家族	テーマパーク（遊園地、動物園、博物館など）	自家用車	自家用車			3,000円以上 5,000円未満	5,000円以上 10,000円未満	1,000円以上 3,000円未満	11回目以上	友人・知人	木場潟公園		選択なし／該当施設なし		使わない	とても満足	自然豊かで広々していて気持ちがいい	とても満足	レンタサイクルなど、楽しめてよい	感じなかった		10		また行きたい（1年以内）	自然を生かしたアクティビティが増えるとよい。沢登りや、アスレチックなど、すでにあるが、もっと増やしてほしい	女	1981	福井県	坂井市	600万円以上 700万円未満	景品が当たる, ひゃくまんさんが好き	とても満足	10	車で来たので、色々なところを巡りやすく、子供連れで楽しめるところが多いのでとても良かった
加賀エリア	いしかわ動物園	2026/09/19	同意する	1泊	1泊	加賀エリア （山代温泉、山中温泉、片山津温泉、粟津温泉、辰口温泉、加賀市、小松市など）	石川県外には泊まらない	夫婦2人	宿でのんびり過ごす, 温泉や露天風呂, 地元の美味しいものを食べる, テーマパーク（遊園地、動物園、博物館など）	自家用車	自家用車	とても満足	楽に移動できる	40,000円以上 50,000円未満	50,000円以上 100,000円未満	10,000円以上 20,000円未満	2～5回目	インターネット・アプリ	選択なし/該当施設なし		選択なし／該当施設なし		1,000円以上 3,000円未満	とても満足	動物がたくさんいてかわいい。展示も解説や関係図が載っていて工夫されている。	とても満足		感じなかった		10	バイカルアザラシのグッズがほしいです。	また行きたい（1年以内）	寿司。動物。	女	1990	愛知県	名古屋市	1,200万円以上 1,500万円未満	景品が当たる	とても満足	10	動物園がおもしろい。石川県のごはんがおいしい。
加賀エリア	片山津温泉　総湯	2026/09/19	同意する	日帰り	石川県内には宿泊しない	石川県内には宿泊しない	石川県外には泊まらない	夫婦2人	温泉や露天風呂, 地元の美味しいものを食べる, 買い物、アウトレット	自家用車	自家用車			使わない	5,000円以上 10,000円未満	1,000円以上 3,000円未満	初めて	インターネット・アプリ	選択なし/該当施設なし	加賀市のぶどう園、橋立	選択なし／該当施設なし	白山イオン	1,000円未満	満足	ロビースペースの景色がよい	とても満足	温泉があたたまる	感じなかった		9		また行きたい（1年以内）	新鮮な魚、和菓子	男	1970	富山県	砺波市	800万円以上 900万円未満	景品が当たる, なんとなく	とても満足	10	魚やぶどうがおいしい
加賀エリア	いしかわ動物園	2026/09/19	同意する	1泊	1泊	加賀エリア （山代温泉、山中温泉、片山津温泉、粟津温泉、辰口温泉、加賀市、小松市など）	石川県外には泊まらない	夫婦2人	宿でのんびり過ごす, テーマパーク（遊園地、動物園、博物館など）	自家用車	自家用車			40,000円以上 50,000円未満	50,000円以上 100,000円未満	10,000円以上 20,000円未満	2～5回目	観光連盟やDMOのHP	選択なし/該当施設なし		選択なし／該当施設なし	宿で調べて決める予定	3,000円以上 5,000円未満	とても満足	ステッカーがあってよかった。バイクに貼ります。	とても満足	動物がかわいいです。	感じなかった		10	飲食店が混んでいなくてよかった。フライドポテトが1階の売店にあるともっとよかった。	機会があれば行きたい	寿司と動物園に力をいれてほしいです。看板などが日焼けで古くなっていたので、変えた方がいいと思いました。	男	1990	愛知県	名古屋市	1,200万円以上 1,500万円未満	景品が当たる	とても満足	10	動物園が空いていて見やすかった。 高速のサービスエリアの数が少ないと思いました。
加賀エリア	ふれあい昆虫館	2026/09/19	同意する	日帰り	石川県内には宿泊しない	石川県内には宿泊しない	石川県外には泊まらない	小学生以下連れの家族	テーマパーク（遊園地、動物園、博物館など）, 買い物、アウトレット	自家用車	自家用車			使わない	1,000円以上 3,000円未満	1,000円以上 3,000円未満	2～5回目	友人・知人	選択なし/該当施設なし	もくゆうりん	選択なし／該当施設なし	帰宅	使わない	満足	カブトムシを触ることができた	満足	ちょうがキレイだった	感じた	授乳スペースなど施設の場所が分かりにくい	8		また行きたい（1年以内）	子どもと遊べるイベントがほしい	女	1986	富山県	富山市	900万円以上 1,000万円未満	景品が当たる	満足	10	
加賀エリア	いしかわ動物園	2026/09/19	同意する	日帰り	石川県内には宿泊しない	石川県内には宿泊しない	福井県	小学生以下連れの家族	買い物、アウトレット, お祭りやイベントへの参加・見物	自家用車	自家用車	満足	駐車場が広い	10,000円以上 20,000円未満	5,000円以上 10,000円未満	5,000円以上 10,000円未満	6～10回目	TV・ラジオ番組やCM, 観光パンフレット・ポスター, 観光連盟やDMOのHP, インターネット・アプリ, X(旧：Twitter), Instagram, Facebook	木場潟公園		石川県立航空プラザ		1,000円以上 3,000円未満	満足		とても満足	ちょうど良い広さ	感じた	体験スペースがもう少しほしい	9	飲食が少し残念	また行きたい（1年以内）	水産物の食べられるお店がもっと金沢港の近くにあって欲しい	男	1988	石川県	金沢市	600万円以上 700万円未満	景品が当たる, なんとなく	とても満足	9	海産物を食べてほしい（特に県産のもので。県外産ののどぐろではなく)
加賀エリア	法師旅館	2026/09/19	同意する	2泊	2泊	加賀エリア （山代温泉、山中温泉、片山津温泉、粟津温泉、辰口温泉、加賀市、小松市など）	石川県外には泊まらない	小学生以下連れの家族	宿でのんびり過ごす, 各種体験（手作り、果物狩りなど）, その他スポーツ（ゴルフ、テニスなど）	自家用車	自家用車			20,000円以上 30,000円未満	50,000円以上 100,000円未満	20,000円以上 30,000円未満	2～5回目	インターネット・アプリ	選択なし/該当施設なし	近江町市場	選択なし／該当施設なし		20,000円以上 30,000円未満	とても満足	ホスピタリティ	とても満足	施設の趣	感じなかった		10		また行きたい（1年以内）	道の駅	女	1987	京都府	京田辺市	1,500万円以上	景品が当たる	とても満足	10	
能登エリア	おくだや	2026/09/19	同意する	1泊	1泊	能登エリア （和倉温泉、七尾市、輪島市、珠洲市など）	石川県外には泊まらない	友人	地元の美味しいものを食べる	自家用車	自家用車			10,000円以上 20,000円未満	10,000円以上 20,000円未満	10,000円以上 20,000円未満	初めて	インターネット・アプリ	千里浜なぎさドライブウェイ		選択なし／該当施設なし	金沢駅	50,000円以上 100,000円未満	とても満足	とても綺麗だったから	とても満足	各部屋に源泉かけ流しの温泉があり好きタイミングで入ることができるから	感じなかった		10		また行きたい（1年以内）	現状の石川県にかなり満足しているため無し	男	1999	愛知県	知多市	1,000万円以上 1,200万円未満	景品が当たる	とても満足	10	ご飯が美味しいのと美しい自然を感じることができるから
能登エリア	のとじま水族館	2026/09/19	同意する	1泊	1泊	能登エリア （和倉温泉、七尾市、輪島市、珠洲市など）	石川県外には泊まらない	夫婦と義理の姉	地元の美味しいものを食べる, テーマパーク（遊園地、動物園、博物館など）, 買い物、アウトレット, ドライブ・ツーリング, 友人・親戚を訪ねる	自家用車	自家用車			5,000円以上 10,000円未満	5,000円以上 10,000円未満	5,000円以上 10,000円未満	2～5回目	インターネット・アプリ, 友人・知人	のとじま水族館		道の駅のとじま		1,000円以上 3,000円未満	とても満足	観賞内容やショーなどの見どころが充実している。	とても満足	施設内容が工夫されている。	感じなかった		9		また行きたい（1年以内）	特になし	男	1962	愛知県	名古屋市	200万円以上 300万円未満	景品が当たる	とても満足	9	食事、豊かな自然
能登エリア	のとじま水族館	2026/09/19	同意する	1泊	1泊	金沢エリア  （湯涌温泉、深谷温泉、犀川温泉など）	石川県外には泊まらない	家族旅行	名所、旧跡の観光	自家用車	自家用車			5,000円以上 10,000円未満	10,000円以上 20,000円未満	30,000円以上 40,000円未満	初めて	観光パンフレット・ポスター	選択なし/該当施設なし		能登食祭市場		1,000円以上 3,000円未満	満足	ジンベイザメが見れた	満足	館内がとても見やすくきれい	感じなかった	なし	10	ひがし茶屋街	機会があれば行きたい	特になし	女	1975	三重県	鈴鹿市	700万円以上 800万円未満	景品が当たる	満足	10	
能登エリア	のとじま水族館	2026/09/19	同意する	1泊	1泊	金沢エリア  （湯涌温泉、深谷温泉、犀川温泉など）	石川県外には泊まらない	親	名所、旧跡の観光, テーマパーク（遊園地、動物園、博物館など）	自家用車	自家用車			5,000円以上 10,000円未満	10,000円以上 20,000円未満	30,000円以上 40,000円未満	初めて	X(旧：Twitter), Instagram	選択なし/該当施設なし		選択なし／該当施設なし	金沢に行く	10,000円以上 20,000円未満	とても満足	ジンベイザメにもあえて良かったし、念願の水族館	とても満足	プロジェクションマッピングと水族館がコラボしててとても良かった	感じなかった		10		機会があれば行きたい	有名な金箔アイスとか食べてみたい	女	2000	三重県	鈴鹿市	300万円以上 400万円未満	景品が当たる	とても満足	10	
能登エリア	のとじま水族館	2026/09/19	同意する	2泊	2泊	金沢エリア  （湯涌温泉、深谷温泉、犀川温泉など）	石川県外には泊まらない	小学生以下連れの家族	地元の美味しいものを食べる, 名所、旧跡の観光, テーマパーク（遊園地、動物園、博物館など）, まちあるき、都市散策, 各種体験（手作り、果物狩りなど）	自家用車	自家用車			10,000円以上 20,000円未満	3,000円以上 5,000円未満	20,000円以上 30,000円未満	2～5回目	新聞・雑誌・ガイドブック	のとじま水族館		千里浜なぎさドライブウェイ		1,000円以上 3,000円未満	とても満足	のんびりお魚を見られてよかった	とても満足		感じなかった		8		機会があれば行きたい	この後和菓子体験、金箔体験を予定してます。石川でしか体験できないと思い楽しみにしています。	女	1983	岡山県	浅口市	900万円以上 1,000万円未満	なんとなく	満足	8	
能登エリア	のとじま水族館	2026/09/19	同意する	日帰り	石川県内には宿泊しない	石川県内には宿泊しない	石川県外には泊まらない	小学生以下連れの家族	テーマパーク（遊園地、動物園、博物館など）	自家用車	自家用車			使わない	使わない	5,000円以上 10,000円未満	11回目以上	インターネット・アプリ	選択なし/該当施設なし		選択なし／該当施設なし		5,000円以上 10,000円未満	とても満足	ジンベイザメが帰ってきた！	とても満足	ジンベイザメが帰ってきた！	感じなかった		10		また行きたい（1年以内）	どこでも食べれるお決まりのやつ	男	1988	石川県	金沢市	300万円以上 400万円未満	景品が当たる	とても満足	10	ジンベイザメが帰ってきた！
能登エリア	のとじま水族館	2026/09/19	同意する	日帰り	4泊以上	加賀エリア （山代温泉、山中温泉、片山津温泉、粟津温泉、辰口温泉、加賀市、小松市など）	石川県外には泊まらない	小学生以下連れの家族	地元の美味しいものを食べる, テーマパーク（遊園地、動物園、博物館など）, 友人・親戚を訪ねる	自家用車	自家用車			使わない	20,000円以上 30,000円未満	20,000円以上 30,000円未満	初めて	Instagram	選択なし/該当施設なし	福井県に観光していたため	選択なし／該当施設なし	海鮮料理を食べに行くため	3,000円以上 5,000円未満	とても満足	ジンベイザメを観れた。またふれあい水槽が良かった。	とても満足	同上	感じた	駐車場が少ないため、イベント時に足りなくなりそうです。	10	プロジェクションマッピングが最高でした。	また行きたい（1年以内）	加賀市の観光に資金を投じていただきたい。加賀温泉前が簡素な印象	男	1979	愛知県	名古屋市緑区	700万円以上 800万円未満	景品が当たる, 石川県のおすすめ観光スポットが見たい	とても満足	10	料理が美味しい。子供が遊べる施設が充実している。
能登エリア	のとじま水族館	2026/09/19	同意する	日帰り	石川県内には宿泊しない	石川県内には宿泊しない	石川県外には泊まらない	小学生以下連れの家族	のとじま水族館	自家用車	自家用車			使わない	1,000円以上 3,000円未満	3,000円以上 5,000円未満	2～5回目	友人・知人	選択なし/該当施設なし		選択なし／該当施設なし		3,000円以上 5,000円未満	とても満足	小さい子向けのスタンプラリーや質問があってよかった	とても満足	同文	感じなかった		10		また行きたい（1年以内）	お寿司が美味しい	女	1995	石川県	能美市	500万円以上 600万円未満	景品が当たる	とても満足	10	魚がいっぱいいてよかった
能登エリア	穴水駅	2026/09/19	同意する	4泊以上	石川県内には宿泊しない	石川県内には宿泊しない	岐阜県	自分ひとり	鉄印	新幹線, 在来線	在来線	とても満足	復興も進んで、いろいろな風景も見れたから。	使わない	5,000円以上 10,000円未満	5,000円以上 10,000円未満	11回目以上	インターネット・アプリ	選択なし/該当施設なし	ここが最初	選択なし／該当施設なし	金沢駅	5,000円以上 10,000円未満	とても満足	鉄印が購入できた。	とても満足		感じなかった		8		機会があれば行きたい	ノドグロ	男	1978	千葉県	船橋市	900万円以上 1,000万円未満	景品が当たる	とても満足	9	
能登エリア	道の駅「いおり」	2026/09/19	同意する	日帰り	石川県内には宿泊しない	石川県内には宿泊しない	石川県外には泊まらない	親	地元の美味しいものを食べる, 名所、旧跡の観光, まちあるき、都市散策, ドライブ・ツーリング	自家用車	自家用車			使わない	1,000円以上 3,000円未満	5,000円以上 10,000円未満	初めて	観光協会等の案内所	選択なし/該当施設なし	道の駅雨晴	千里浜なぎさドライブウェイ		1,000円未満	満足	能登半島産の商品が思っていたよりも少ないと感じました。	とても満足	満足した	感じなかった	ちょっとトイレが古すぎると思います	9	景色は格別ですが施設内で飲食できるともっと楽しいと思います。	機会があれば行きたい	旬の海産、特に寒ぶりを食べに来たいです。	男	1993	神奈川県	相模原市中央区	300万円以上 400万円未満	景品が当たる, 石川県のおすすめ観光スポットが見たい, なんとなく	とても満足	10	素晴らしい景色なのに交通量が少なくてドライブが快適です。関東周辺だとまずありません。
能登エリア	のとじま水族館	2026/09/19	同意する	3泊	3泊	能登エリア （和倉温泉、七尾市、輪島市、珠洲市など）	石川県外には泊まらない	自分ひとり	温泉や露天風呂, 地元の美味しいものを食べる, 災害ボランティア	自家用車	自家用車			10,000円以上 20,000円未満	10,000円以上 20,000円未満	10,000円以上 20,000円未満	2～5回目	インターネット・アプリ, X(旧：Twitter)	千里浜なぎさドライブウェイ		道の駅のとじま		1,000円以上 3,000円未満	とても満足	ジンベエザメを見ることができたり、震災から現在に至るまでの写真展示も良かったです。震災前に一度来たことがあるので、また来れてよかったです。	とても満足	ゆっくりと見ることができるからです。一番好きな水族館です。	感じなかった		10		また行きたい（1年以内）	お土産も豊富でお土産選びも楽しいです。	男	1991	三重県	伊勢市	400万円以上 500万円未満	景品が当たる	とても満足	10	石川県はグルメも名所も温泉もたくさんあるので旅行には最高だと思います。
能登エリア	のとじま水族館	2026/09/19	同意する	1泊	1泊	能登エリア （和倉温泉、七尾市、輪島市、珠洲市など）	石川県外には泊まらない	小学生以下連れの家族	温泉や露天風呂, テーマパーク（遊園地、動物園、博物館など）	自家用車	自家用車			40,000円以上 50,000円未満	5,000円以上 10,000円未満	10,000円以上 20,000円未満	初めて	インターネット・アプリ	選択なし/該当施設なし		のとじま水族館		5,000円以上 10,000円未満	満足	ジンベイザメが見れて良かった。	満足	イルカやアシカショーにおいて良く調教してあり、素晴らしかった。	感じなかった		8		機会があれば行きたい	特になし。	男	1957	富山県	富山市	600万円以上 700万円未満	景品が当たる	どちらでもない	7	
能登エリア	喜多家	2026/09/19	同意する	1泊	1泊	金沢エリア  （湯涌温泉、深谷温泉、犀川温泉など）	石川県外には泊まらない	恋人	地元の美味しいものを食べる, まちあるき、都市散策	自家用車	自家用車			10,000円以上 20,000円未満	3,000円以上 5,000円未満	30,000円以上 40,000円未満	初めて	インターネット・アプリ	千里浜なぎさドライブウェイ		選択なし／該当施設なし		1,000円未満	とても満足	入館料がとても安く、施設内を十分に回れて、資料館まであったのですごく満足しています。	とても満足	施設、生活の歴史について丁寧に教えてくださったので、とても満足しています。また機会があれば寄ってみたいと思います。	感じなかった		9		また行きたい（1年以内）	夜の街がさらに活発になれば良いと思う。また、文化的な観光地のほか、レジャー施設(大きな遊園地など)があれば、若い世代・親子世代をもっと誘客できるのではないかと思う。	男	1995	石川県	金沢市	1,000万円以上 1,200万円未満	景品が当たる	とても満足	10	場所:忍者寺　理由:庭園や城にあまり興味がなくても、造形(仕掛け造り)が誰でも楽しめる仕様になっていると思う。
能登エリア	のとじま水族館	2026/09/19	同意する	日帰り	石川県内には宿泊しない	石川県内には宿泊しない	石川県外には泊まらない	姉	地元の美味しいものを食べる, テーマパーク（遊園地、動物園、博物館など）	自家用車	自家用車			使わない	3,000円以上 5,000円未満	5,000円以上 10,000円未満	6～10回目	インターネット・アプリ, Instagram	千里浜なぎさドライブウェイ		千里浜なぎさドライブウェイ		5,000円以上 10,000円未満	満足	清潔でスタッフの対応も良い	満足		感じなかった		8		機会があれば行きたい	特になし	女	2000	岐阜県	養老郡養老町	500万円以上 600万円未満	景品が当たる, なんとなく	満足	8	
能登エリア	のとじま水族館	2026/09/19	同意する	日帰り	石川県内には宿泊しない	石川県内には宿泊しない	石川県外には泊まらない	中学生以上連れの家族	地元の美味しいものを食べる, テーマパーク（遊園地、動物園、博物館など）	自家用車	自家用車			10,000円以上 20,000円未満	5,000円以上 10,000円未満	10,000円以上 20,000円未満	6～10回目	Instagram	能登食祭市場		道の駅のとじま		1,000円以上 3,000円未満	とても満足	魚の回廊	とても満足		感じなかった		8		また行きたい（1年以内）	海鮮	女	1996	岐阜県	高山市	400万円以上 500万円未満	なんとなく	とても満足	5	
能登エリア	のとじま水族館	2026/09/19	同意する	3泊	1泊	金沢エリア  （湯涌温泉、深谷温泉、犀川温泉など）	岐阜県	自分ひとり	温泉や露天風呂, 地元の美味しいものを食べる, テーマパーク（遊園地、動物園、博物館など）, まちあるき、都市散策	自家用車	自家用車			10,000円以上 20,000円未満	使わない	10,000円以上 20,000円未満	2～5回目	観光展・物産展, 新聞・雑誌・ガイドブック, 観光パンフレット・ポスター, インターネット・アプリ	のとじま水族館	ガラスの美術館	千里浜なぎさドライブウェイ		1,000円以上 3,000円未満	とても満足	ジンベイザメが入ってきたばかりで非常にタイミンクがよく感動した	とても満足	過去にきたときはいい意味で昔懐かしい水族館だったが、久しぶりに来てリニューアルしているみたいで見ていて楽しかった。	感じなかった		8	ジンベイザメがまだとても小さいのでこれからが楽しみです	機会があれば行きたい	温泉がとても良いですね	男	1992	埼玉県	桶川市	400万円以上 500万円未満	景品が当たる	とても満足	8	和倉温泉温泉に行ったが地震の被害がまだ色濃くのこっていた。復興の意味合いでも、また、被害の凄さを目で見るためにも行ってほしい
能登エリア	のとじま水族館	2026/09/19	同意する	2泊	2泊	能登エリア （和倉温泉、七尾市、輪島市、珠洲市など）	石川県外には泊まらない	小学生以下連れの家族	地元の美味しいものを食べる, テーマパーク（遊園地、動物園、博物館など）, アウトドア（海水浴、釣り、登山など）, ドライブ・ツーリング	自家用車	自家用車			3,000円以上 5,000円未満	20,000円以上 30,000円未満	20,000円以上 30,000円未満	初めて	新聞・雑誌・ガイドブック, 観光パンフレット・ポスター, インターネット・アプリ	道の駅のとじま		千里浜なぎさドライブウェイ		1,000円以上 3,000円未満	満足	展示規模のバランスがいい	満足		感じた	駐車場から遠い	7		また行きたい（1年以内）	RVパークをもっと誘致して欲しい	男	1991	神奈川県	横浜市	1,500万円以上	景品が当たる	満足	7	
金沢エリア	安江金箔工芸館	2026/09/19	同意する	3泊	3泊	金沢エリア  （湯涌温泉、深谷温泉、犀川温泉など）	石川県外には泊まらない	自分ひとり	地元の美味しいものを食べる, 名所、旧跡の観光, テーマパーク（遊園地、動物園、博物館など）, まちあるき、都市散策	自家用車	自転車	満足	道が狭い	50,000円以上 100,000円未満	1,000円未満	40,000円以上 50,000円未満	初めて	新聞・雑誌・ガイドブック	ひがし茶屋街		兼六園		使わない	満足	説明がシンプルで分かりやすいところ。	満足	展示品がわかりやすい。	感じなかった		5		また行きたい（1年以内）	新鮮な魚、治安の良さ	男	1977	岐阜県	美濃市	800万円以上 900万円未満	景品が当たる, 石川県のおすすめ観光スポットが見たい	とても満足	10	食事　魚の新鮮さ
金沢エリア	ひがし茶屋休憩館	2026/09/19	同意する	3泊	2泊	能登エリア （和倉温泉、七尾市、輪島市、珠洲市など）	福井県	夫婦2人	温泉や露天風呂, 地元の美味しいものを食べる, 名所、旧跡の観光	自家用車	自家用車			10,000円以上 20,000円未満	20,000円以上 30,000円未満	30,000円以上 40,000円未満	2～5回目	観光展・物産展, 新聞・雑誌・ガイドブック, Instagram	兼六園		近江町市場		1,000円以上 3,000円未満	とても満足	おしゃれなカフェでお茶をすることができた	とても満足	綺麗な街並みでした	感じなかった		9	景観がとても綺麗でした。	機会があれば行きたい	能登牛がとても美味しかったです！！海鮮もお肉も美味しくて良かったです。	女	1992	東京都	練馬区	900万円以上 1,000万円未満	景品が当たる	とても満足	10	今回初めて能登まで行きましたが、応援したいと思いました。
金沢エリア	KKRホテル金沢	2026/09/19	同意する	1泊	1泊	金沢エリア  （湯涌温泉、深谷温泉、犀川温泉など）	石川県外には泊まらない	小学生以下連れの家族	温泉や露天風呂, 地元の美味しいものを食べる, まちあるき、都市散策, 各種体験（手作り、果物狩りなど）, 友人・親戚を訪ねる	新幹線	無料送迎バス	とても満足		50,000円以上 100,000円未満	20,000円以上 30,000円未満	20,000円以上 30,000円未満	初めて	会報誌のようなもの	選択なし/該当施設なし		選択なし/該当施設なし		50,000円以上 100,000円未満	とても満足		とても満足		感じなかった		10		また行きたい（1年以内）	伝統工芸の手作り体験	女	1983	東京都	渋谷区	700万円以上 800万円未満	景品が当たる	とても満足	10	手作り体験がどれも楽しかった
金沢エリア	金沢中央観光案内所	2026/09/19	同意する	2泊	2泊	白山エリア （一里野温泉、白峰温泉、白山市など）	石川県外には泊まらない	恋人	地元の美味しいものを食べる, 名所、旧跡の観光	新幹線	路線バス	満足	駅から近い	20,000円以上 30,000円未満	40,000円以上 50,000円未満	40,000円以上 50,000円未満	11回目以上	インターネット・アプリ, 友人・知人	金沢21世紀美術館		近江町市場		使わない	どちらでもない	特にない	満足	パンフレットがたくさんあった	感じなかった	特になし	0		また行きたい（1年以内）	特になし	男	1998	東京都	世田谷区	300万円以上 400万円未満	景品が当たる, ひゃくまんさんが好き	満足	5	
金沢エリア	金沢港クルーズターミナル	2026/09/19	同意する	3泊	3泊	金沢エリア  （湯涌温泉、深谷温泉、犀川温泉など）	石川県外には泊まらない	家族	その他スポーツ（ゴルフ、テニスなど）, 全国大会	自家用車	自家用車			100,000円以上	20,000円以上 30,000円未満	50,000円以上 100,000円未満	初めて	インターネット・アプリ, Instagram	選択なし/該当施設なし	のとじま水族館	ひがし茶屋街		10,000円以上 20,000円未満	満足	ロケーションとご飯の味	満足	上記と同じ	感じなかった		8	ディナー利用	また行きたい（1年以内）	もう少し、飲食店が子供利用下だと嬉しい	女	1983	奈良県	大和郡山市	1,000万円以上 1,200万円未満	景品が当たる	とても満足	8	どこも自然が多くすてき
金沢エリア	石川県政記念しいのき迎賓館	2026/09/19	同意する	1泊	1泊	金沢エリア  （湯涌温泉、深谷温泉、犀川温泉など）	石川県外には泊まらない	自分ひとり	名所、旧跡の観光	新幹線	徒歩			5,000円以上 10,000円未満	10,000円以上 20,000円未満	50,000円以上 100,000円未満	初めて	蓮ノ空スタンプラリー	近江町市場		ひがし茶屋街		使わない	どちらでもない	特に何もなかった為	どちらでもない	特に何もなかった為	感じなかった		5		また行きたい（1年以内）	金箔がもう少し安ければお土産に…	男	1998	大阪府	摂津市	200万円以上 300万円未満	なんとなく	とても満足	10	10にはしたが、蓮ノ空女学院スクールアイドルクラブが好きな人は是非!
金沢エリア	湯涌温泉総湯　白鷲の湯	2026/09/19	同意する	1泊	石川県内には宿泊しない	石川県内には宿泊しない	岐阜県	恋人	温泉や露天風呂, 地元の美味しいものを食べる, 名所、旧跡の観光	自家用車	自家用車			20,000円以上 30,000円未満	20,000円以上 30,000円未満	20,000円以上 30,000円未満	初めて	インターネット・アプリ	兼六園		選択なし/該当施設なし		1,000円未満	満足		満足		感じた	備品が少なく、不便でした	7		また行きたい（1年以内）	海鮮料理や食べ歩き料理、観光スポットや温泉です。	無回答	1980	東京都	目黒区	1,000万円以上 1,200万円未満	景品が当たる	満足	9	海鮮料理です
金沢エリア	金沢城公園	2026/09/19	同意する	3泊	3泊	加賀エリア （山代温泉、山中温泉、片山津温泉、粟津温泉、辰口温泉、加賀市、小松市など）	石川県外には泊まらない	友人	地元の美味しいものを食べる, 名所、旧跡の観光, まちあるき、都市散策	飛行機, リムジンバス	徒歩			50,000円以上 100,000円未満	30,000円以上 40,000円未満	30,000円以上 40,000円未満	初めて	新聞・雑誌・ガイドブック, 観光パンフレット・ポスター	兼六園		金沢21世紀美術館		使わない	どちらでもない	ライトアップされてる時の入り口が分かりにくかった。	満足		感じた	入り口の案内が不案内でなかなか入れなかった。	5		機会があれば行きたい	特になし	無回答	1968	北海道	札幌市	100万円未満	景品が当たる, ひゃくまんさんが好き	満足	7	
金沢エリア	金沢城公園	2026/09/19	同意する	3泊	3泊	加賀エリア （山代温泉、山中温泉、片山津温泉、粟津温泉、辰口温泉、加賀市、小松市など）	石川県外には泊まらない	友人	温泉や露天風呂, 地元の美味しいものを食べる, 名所、旧跡の観光, まちあるき、都市散策	飛行機	路線バス	満足	飛行機到着後にすぐバス停があり、待ち時間も少なかった	1,000円以上 3,000円未満	10,000円以上 20,000円未満	20,000円以上 30,000円未満	初めて	新聞・雑誌・ガイドブック, 観光パンフレット・ポスター, インターネット・アプリ	兼六園		金沢21世紀美術館		3,000円以上 5,000円未満	どちらでもない	施設がきれい。トイレもたくさんあって良い。案内表示がもう少したくさんあるとよい。道を間違えたら坂を上り下りするのが大変。	どちらでもない	上記と同じ	感じた	全体的には満足だが表示がもう少し欲しい。案内する人が所々にいても良い。	10	総合的には良い	機会があれば行きたい	特になし	女	1968	北海道	余市町	500万円以上 600万円未満	景品が当たる	満足	10	歴史、文化、食べ物、景色
金沢エリア	河北亭	2026/09/19	同意する	4泊以上	4泊以上	能登エリア （和倉温泉、七尾市、輪島市、珠洲市など）	石川県外には泊まらない	自分ひとり	地元の美味しいものを食べる, スポーツ観戦や芸術鑑賞（コンサート等）, その他スポーツ（ゴルフ、テニスなど）	自家用車	自家用車			10,000円以上 20,000円未満	5,000円以上 10,000円未満	10,000円以上 20,000円未満	初めて	インターネット・アプリ	選択なし/該当施設なし		選択なし/該当施設なし	七尾	10,000円以上 20,000円未満	満足	とても話しやすい方がお出迎えしてくださり、料理も美味しかったです。	満足	スタッフのみなさんがとてもフレンドリーで、過ごしやすかった！	感じなかった		8		また行きたい（1年以内）	特になし	女	1980	大阪府	柏原市	200万円以上 300万円未満	景品が当たる, ひゃくまんさんが好き, 石川県のおすすめ観光スポットが見たい, 石川県の雑学を知りたい	満足	8	料理
加賀エリア	いしかわ動物園	2026/09/19	同意する	2泊	2泊	金沢エリア  （湯涌温泉、深谷温泉、犀川温泉など）	石川県外には泊まらない	夫婦2人	友人・親戚を訪ねる	自家用車	自家用車			使わない	20,000円以上 30,000円未満	10,000円以上 20,000円未満	11回目以上	インターネット・アプリ, 友人・知人	選択なし/該当施設なし		選択なし／該当施設なし		3,000円以上 5,000円未満	満足	適度な運動	満足	人も多くない	感じなかった		8	土産ものは少ない。子供向けばかり。	また行きたい（1年以内）	酒が良い。	男	1968	大阪府	池田市	1,500万円以上	景品が当たる	満足	9	日本的
加賀エリア	ふれあい昆虫館	2026/09/19	同意する	日帰り	石川県内には宿泊しない	石川県内には宿泊しない	石川県外には泊まらない	小学生以下連れの家族	まちあるき、都市散策	県外から訪れていない（石川県内在住）	自家用車			使わない	1,000円以上 3,000円未満	1,000円未満	2～5回目	TV・ラジオ番組やCM	選択なし/該当施設なし	つるや	選択なし／該当施設なし	帰宅	1,000円未満	満足	低価格であるところ	満足	いろいろな昆虫を見たり知ることができるため	感じなかった		8	子供向けのおもちゃの昆虫があり興味を持った	石川県在住	海産物を中心に魅力的な食べ物や観光地が多くあり、県内外の人にいつでも楽しめると思います	男	1990	石川県	能美市	700万円以上 800万円未満	景品が当たる	満足	9	観光スポットがたくさんあり、どの年代でも楽しめる
加賀エリア	瑠璃光	2026/09/19	同意する	2泊	2泊	加賀エリア （山代温泉、山中温泉、片山津温泉、粟津温泉、辰口温泉、加賀市、小松市など）	京都	小学生以下連れの家族	温泉や露天風呂, 地元の美味しいものを食べる	自家用車	自家用車			10,000円以上 20,000円未満	10,000円以上 20,000円未満	3,000円以上 5,000円未満	初めて	インターネット・アプリ	選択なし/該当施設なし	恐竜博物館	日本自動車博物館		5,000円以上 10,000円未満	とても満足	ホスピタリティがありながらも高級感がある	とても満足	35周年のイベントもあり、老若男女楽しめる	感じなかった		10		また行きたい（1年以内）	子供が遊べる施設	女	1988	東京都	板橋区	1,500万円以上	景品が当たる	とても満足	10	美味しい食べ物やお土産や観光地が沢山ありまた来たい
加賀エリア	いしかわ動物園	2026/09/19	同意する	日帰り	石川県内には宿泊しない	石川県内には宿泊しない	日帰り	小学生以下連れの家族	地元の美味しいものを食べる, テーマパーク（遊園地、動物園、博物館など）	自家用車	自家用車			使わない	5,000円以上 10,000円未満	1,000円以上 3,000円未満	初めて	インターネット・アプリ, こども無料招待券	選択なし/該当施設なし	さとやまカフェ	選択なし／該当施設なし	帰宅	1,000円以上 3,000円未満	とても満足	動物が近い	とても満足	普段見れない動物にたくさん会えた	感じなかった		8		機会があれば行きたい	特になし	男	1984	富山県	高岡市	500万円以上 600万円未満	景品が当たる	満足	8	満足度が高い
加賀エリア	加賀国府ものがたり館	2026/09/19	同意する	日帰り	石川県内には宿泊しない	石川県内には宿泊しない	石川県外には泊まらない	中学生以上連れの家族	まちあるき、都市散策	県外から訪れていない（石川県内在住）	自家用車			使わない	10,000円以上 20,000円未満	1,000円未満	初めて	観光協会等の案内所	選択なし/該当施設なし	埋蔵文化財センター	木場潟公園		使わない	とても満足	とても親切に対応していただきました。	どちらでもない	もう少し見るもの（展示）があればよかったかな？	感じなかった		5	お土産や食事をする場所などあれば嬉しかったです。	石川県在住	特になし	男	1980	石川県	小松市	600万円以上 700万円未満	景品が当たる	満足	8	勾玉作り体験など楽しかったので
加賀エリア	いしかわ動物園	2026/09/19	同意する	日帰り	石川県内には宿泊しない	石川県内には宿泊しない	石川県外には泊まらない	小学生以下連れの家族	テーマパーク（遊園地、動物園、博物館など）	自家用車	自家用車	とても満足	動物と触れ合えて楽しかったから	5,000円以上 10,000円未満	10,000円以上 20,000円未満	3,000円以上 5,000円未満	11回目以上	観光展・物産展, 新聞・雑誌・ガイドブック, 観光パンフレット・ポスター, インターネット・アプリ	石川県立航空プラザ		石川県立航空プラザ		5,000円以上 10,000円未満	とても満足	親切に案内してくれたから	とても満足	子供達が喜んでくれたから	感じなかった		10		また行きたい（1年以内）	特になし	女	1994	富山県	富山市	200万円以上 300万円未満	景品が当たる	とても満足	10	動物園が楽しかったから
加賀エリア	いしかわ動物園	2026/09/19	同意する	日帰り	石川県内には宿泊しない	石川県内には宿泊しない	石川県外には泊まらない	小学生以下連れの家族	テーマパーク（遊園地、動物園、博物館など）	県外から訪れていない（石川県内在住）	自家用車			使わない	3,000円以上 5,000円未満	3,000円以上 5,000円未満	6～10回目	Instagram	選択なし/該当施設なし	いしかわ動物園	選択なし／該当施設なし		3,000円以上 5,000円未満	満足		とても満足	ホワイトタイガーが大迫力だ満足出来た！	感じなかった		10	飲食をもっと増やしてほしい	石川県在住	石川県はご飯がおいしくて良い	男	1976	石川県	能美市	500万円以上 600万円未満	景品が当たる	満足	10	楽しいから
加賀エリア	大江戸温泉物語Premium 山下家	2026/09/19	同意する	1泊	1泊	加賀エリア （山代温泉、山中温泉、片山津温泉、粟津温泉、辰口温泉、加賀市、小松市など）	石川県外には泊まらない	小学生以下連れの家族	宿でのんびり過ごす, 温泉や露天風呂, 名所、旧跡の観光	レンタカー	レンタカー	満足	不満がないから	10,000円以上 20,000円未満	1,000円以上 3,000円未満	10,000円以上 20,000円未満	初めて	友人・知人	選択なし/該当施設なし	金沢21世紀美術館	選択なし／該当施設なし	決まっていない	1,000円以上 3,000円未満	満足	不満がないから	満足	不満がないから	感じなかった		7		機会があれば行きたい	有名グルメ	男	2006	高知県	香南市	100万円未満	景品が当たる, なんとなく	満足	9	
加賀エリア	ゆのくに天祥	2026/09/19	同意する	1泊	3泊	金沢エリア  （湯涌温泉、深谷温泉、犀川温泉など）	石川県外には泊まらない	職場の同僚	宿でのんびり過ごす, 温泉や露天風呂, 名所、旧跡の観光, 各種体験（手作り、果物狩りなど）, 自動車博物館	飛行機	タクシー	とても満足	自動車博物館の方が親切に呼んでくれました。	100,000円以上	100,000円以上	50,000円以上 100,000円未満	初めて	社員旅行リクエスト	日本自動車博物館		選択なし／該当施設なし		100,000円以上	とても満足	食事、接客全てよし	とても満足	どのスタッフも親切	感じた	エレベーターが狭い　又は、遅い	10	飲み物がたかい	また行きたい（1年以内）	もう少し移動手段があればなおよい	男	1976	大分県	大分市	1,500万円以上	景品が当たる	とても満足	10	
加賀エリア	おびし荘	2026/09/19	同意する	1泊	3泊	金沢エリア  （湯涌温泉、深谷温泉、犀川温泉など）	石川県外には泊まらない	親	宿でのんびり過ごす, アウトドア（海水浴、釣り、登山など）	自家用車	自家用車	満足	駐車場が広い	20,000円以上 30,000円未満	10,000円以上 20,000円未満	5,000円以上 10,000円未満	初めて	観光連盟やDMOのHP	選択なし/該当施設なし	松井秀喜ミュージアム	石川県立航空プラザ		20,000円以上 30,000円未満	満足	お風呂が綺麗	どちらでもない	コインランドリーが欲しい	感じた	洗濯物	8	自販機を増やして欲しい	機会があれば行きたい	金沢カレー	男	1988	香川県	さぬき市	400万円以上 500万円未満	景品が当たる	満足	8	街の人が親切
加賀エリア	小松空港	2026/09/19	同意する	1泊	石川県内には宿泊しない	石川県内には宿泊しない	福井県	夫婦2人	移動の拠点	飛行機	路線バス	満足	快適だった	使わない	1,000円以上 3,000円未満	10,000円以上 20,000円未満	2～5回目	観光パンフレット・ポスター	選択なし/該当施設なし	福井駅	選択なし／該当施設なし	羽田空港	1,000円以上 3,000円未満	とても満足	小松うどんが美味しかった。お土産も豊富で買い忘れを買えた。	満足	きれいで快適だった。展望デッキの高台が気持ちよかった。	感じなかった	強いて言えば、展望デッキまでのエレベーターがあると嬉しい。	10	最終便でも利用できるように、もう少し飲食店の営業時間を長くしてほしい。	機会があれば行きたい	特になし。現状で満足しています。	女	1995	東京都	板橋区	300万円以上 400万円未満	景品が当たる	とても満足	10	小松うどん、能登牛がとても美味しかった。
加賀エリア	いしかわ動物園	2026/09/19	同意する	日帰り	石川県内には宿泊しない	石川県内には宿泊しない	石川県外には泊まらない	小学生以下連れの家族	テーマパーク（遊園地、動物園、博物館など）	自家用車	自家用車			10,000円以上 20,000円未満	1,000円以上 3,000円未満	1,000円以上 3,000円未満	初めて	観光パンフレット・ポスター, 友人・知人	選択なし/該当施設なし		選択なし／該当施設なし		1,000円以上 3,000円未満	満足	ナイトズーという、初めての経験ができた	満足	ストレスなく、楽しい時間を過ごせた	感じた	困ってはいないけれど、展示施設一つ一つがどれもトイレみたいに見えるのが気になった	7	レストラン食べたものが美味しかった。	機会があれば行きたい	小学生以下の子連れで楽しめる遊び場。ミニカーなどに乗れるような施設。治部煮が好きなので、食べられる場所があったらいいなぁ	女	1992	福井県	福井市	600万円以上 700万円未満	景品が当たる	満足	7	動物園の見応えがあって良かった。
加賀エリア	法師旅館	2026/09/20	同意する	2泊	2泊	加賀エリア （山代温泉、山中温泉、片山津温泉、粟津温泉、辰口温泉、加賀市、小松市など）	石川県外には泊まらない	中学生以上連れの家族	温泉や露天風呂, 名所、旧跡の観光	新幹線, 在来線	在来線, 路線バス	どちらでもない	運行本数が少ないこと。	50,000円以上 100,000円未満	10,000円以上 20,000円未満	5,000円以上 10,000円未満	2～5回目	新聞・雑誌・ガイドブック, インターネット・アプリ	月うさぎの里		ゆのくにの森		10,000円以上 20,000円未満	満足	客を大切にしようとする姿勢が見られる。	どちらでもない	フロントや食事の担当が外国の人で、説明が分かりにくい。質問しても的確な返答が帰って来ず、そのままになって何となく終わった。	感じた	外国の方の説明が分かりにくい。食事の内容の説明もほとんどなかった。ごゆっくりは何度も言ってもらったが‥	8	基本的には良いと思う。食事は前回は良かったが、今回は味付けが濃く、塩辛さが目立った。	また行きたい（1年以内）	キャンバスで回れるルートの近くにあるお店を、案内地図に沢山載せて、多くのお店に行けるよう広報してはどうでしょう。	男	1959	兵庫県	神戸市	1,500万円以上	景品が当たる	満足	8	粟津温泉。歴史を感じる。
能登エリア	のとじま水族館	2026/09/19	同意する	1泊	1泊	加賀エリア （山代温泉、山中温泉、片山津温泉、粟津温泉、辰口温泉、加賀市、小松市など）	石川県外には泊まらない	友人	テーマパーク（遊園地、動物園、博物館など）	県外から訪れていない（石川県内在住）	自家用車	とても満足	楽しかったから	10,000円以上 20,000円未満	3,000円以上 5,000円未満	使わない	初めて	Instagram	道の駅のとじま		選択なし／該当施設なし		10,000円以上 20,000円未満	とても満足	楽しめるのが多かった	とても満足	いろんなものがある	感じなかった		10		また行きたい（1年以内）	特になし	男	2004	石川県	小松市	100万円未満	景品が当たる	とても満足	10	
能登エリア	コテージ　ハーベスト	2026/09/19	同意する	2泊	2泊	能登エリア （和倉温泉、七尾市、輪島市、珠洲市など）	石川県外には泊まらない	中学生以上連れの家族	宿でのんびり過ごす, 地元の美味しいものを食べる, 花見や紅葉などの自然鑑賞, 名所、旧跡の観光, テーマパーク（遊園地、動物園、博物館など）	自家用車	自家用車			20,000円以上 30,000円未満	3,000円以上 5,000円未満	10,000円以上 20,000円未満	初めて	インターネット・アプリ	千里浜なぎさドライブウェイ		のとじま水族館		20,000円以上 30,000円未満	とても満足	インテリアがアンティークで揃っていて素敵	とても満足	綺麗で設備が整っている	感じなかった		10	食事は自炊です。街が近くて買い物が便利。	また行きたい（1年以内）	家族とのんびりできるため、コテージ が好きです。各地にコテージを増やしてほしい。	女	1966	富山県	滑川市	900万円以上 1,000万円未満	景品が当たる	とても満足	10	海が近い。景色が綺麗。のんびりできる。観光スポットがある。能登半島がいい。何度も訪れています。
能登エリア	和倉温泉はまづる	2026/09/19	同意する	1泊	1泊	能登エリア （和倉温泉、七尾市、輪島市、珠洲市など）	石川県外には泊まらない	小学生以下連れの家族	宿でのんびり過ごす	自家用車	自家用車			5,000円以上 10,000円未満	3,000円以上 5,000円未満	1,000円以上 3,000円未満	初めて	インターネット・アプリ	選択なし/該当施設なし	のと里山空港	のとじま水族館		5,000円以上 10,000円未満	とても満足	じんべえさめが戻ってきて嬉しかった	とても満足		感じなかった		9		また行きたい（1年以内）	とくになし	女	1982	石川県	金沢市	700万円以上 800万円未満	景品が当たる	満足	8	
能登エリア	民宿つるや	2026/09/19	同意する	1泊	1泊	能登エリア （和倉温泉、七尾市、輪島市、珠洲市など）	石川県外には泊まらない	夫婦2人	地元の美味しいものを食べる, 名所、旧跡の観光, ドライブ・ツーリング	自家用車	自家用車			20,000円以上 30,000円未満	5,000円以上 10,000円未満	10,000円以上 20,000円未満	初めて	インターネット・アプリ	千里浜なぎさドライブウェイ		道の駅のとじま		3,000円以上 5,000円未満	満足		満足	親切、清潔、食事	感じなかった		8	夕食が豪華	また行きたい（1年以内）	美味しい物や場所をどんどん発信してほしい	男	1967	福井県	福井市	1,500万円以上	景品が当たる	満足	8	復興も進んでいるし、応援したい気持ち
能登エリア	のとじま水族館	2026/09/19	同意する	日帰り	石川県内には宿泊しない	石川県内には宿泊しない	石川県外には泊まらない	小学生以下連れの家族	地元の美味しいものを食べる, テーマパーク（遊園地、動物園、博物館など）	自家用車	自家用車			使わない	1,000円以上 3,000円未満	10,000円以上 20,000円未満	初めて	観光パンフレット・ポスター	のとじま水族館		選択なし／該当施設なし	帰宅	1,000円以上 3,000円未満	とても満足	何を食べても美味しかった	とても満足	楽しかった	感じなかった		10		石川県在住	特になし	女	1990	石川県	白山市	800万円以上 900万円未満	なんとなく	とても満足	10	
能登エリア	海舟	2026/09/19	同意する	1泊	1泊	能登エリア （和倉温泉、七尾市、輪島市、珠洲市など）	石川県外には泊まらない	小学生以下連れの家族	宿でのんびり過ごす, 温泉や露天風呂, 地元の美味しいものを食べる, テーマパーク（遊園地、動物園、博物館など）	自家用車	自家用車			40,000円以上 50,000円未満	1,000円以上 3,000円未満	10,000円以上 20,000円未満	初めて	TV・ラジオ番組やCM, ブログ	のとじま水族館		選択なし／該当施設なし	ポケモン足湯	1,000円未満	とても満足	ウェルカムドリンクが美味しかった	とても満足	とても綺麗で、温泉が良かったです	感じなかった		10	お土産コーナーにもっと消費を置いてほしい	機会があれば行きたい	特になし	女	1988	富山県	富山市	1,000万円以上 1,200万円未満	景品が当たる, 動く３Dひゃくまんさんを見たい, 石川県のおすすめ観光スポットが見たい	とても満足	10	温泉が気持ち良かった
能登エリア	日置ハウス	2026/09/19	同意する	3泊	3泊	能登エリア （和倉温泉、七尾市、輪島市、珠洲市など）	石川県外には泊まらない	自分ひとり	出張など仕事関係	自家用車	自家用車			10,000円以上 20,000円未満	10,000円以上 20,000円未満	5,000円以上 10,000円未満	6～10回目	インターネット・アプリ, 友人・知人	選択なし/該当施設なし		選択なし／該当施設なし	ラクーナ羽咋	5,000円以上 10,000円未満	満足	リーズナブルで快適に過ごせる	満足	リーズナブルで快適に過ごせる	感じなかった		9		また行きたい（1年以内）	能登で早くいろんな施設で泊まれるようになることを待っています	男	1978	岐阜県	岐阜市	600万円以上 700万円未満	景品が当たる	満足	7	
能登エリア	ラブロ恋路	2026/09/19	同意する	4泊以上	2泊	能登エリア （和倉温泉、七尾市、輪島市、珠洲市など）	富山県	親	温泉や露天風呂, まちあるき、都市散策	飛行機	レンタカー	とても満足	自由気ままに時間も場所も選ぶことができたから。	10,000円以上 20,000円未満	3,000円以上 5,000円未満	5,000円以上 10,000円未満	初めて	新聞・雑誌・ガイドブック, TV・ラジオ番組やCM	選択なし/該当施設なし		千里浜なぎさドライブウェイ		3,000円以上 5,000円未満	満足		満足		感じなかった		7		また行きたい（1年以内）	海鮮丼をもっと気軽に食べたいと思っています。重め丼ものではなく、ハーフサイズの500-600円価格帯であれば、需要はあるのではと思います。	女	1986	神奈川県	厚木市	1,000万円以上 1,200万円未満	景品が当たる	とても満足	8	なぎさドライブウェイ。本当に波打ち際まで走れて、どの人も皆笑顔で大変楽しかった。
金沢エリア	金沢港クルーズターミナル	2026/09/20	同意する	日帰り	石川県内には宿泊しない	石川県内には宿泊しない	石川県外には泊まらない	小学生以下連れの家族	まちあるき、都市散策	自家用車	自家用車			使わない	1,000円未満	1,000円未満	11回目以上	X(旧：Twitter)	兼六園		ひがし茶屋街		1,000円未満	満足	きれいでした	とても満足	きれいです！	感じなかった		10		石川県在住	子供遊ばせれる場所	男	1992	石川県	金沢市	400万円以上 500万円未満	景品が当たる	とても満足	10	街並みがきれい
金沢エリア	西茶屋資料館	2026/09/20	同意する	4泊以上	2泊	金沢エリア  （湯涌温泉、深谷温泉、犀川温泉など）	京都、広島、松本他	団体旅行	地元の美味しいものを食べる, 名所、旧跡の観光, まちあるき、都市散策	新幹線	徒歩			5,000円以上 10,000円未満	20,000円以上 30,000円未満	5,000円以上 10,000円未満	6～10回目	観光パンフレット・ポスター, 観光協会等の案内所	選択なし/該当施設なし	忍者寺	兼六園		1,000円未満	とても満足	無料で見学させていただき、受付のボランティアの方にも親切にしていただきました。芸者さんのお話などお伺いいたしました。	とても満足	コンパクトだが、お茶屋さんの様子がわかる。上記のように受付の方も親切	感じなかった		10	西茶屋街にきたついでにお茶屋さんの内部を見ることができるのでとても良い。他獅子などの展示もあり、日本の文化に触れることができる。	また行きたい（1年以内）	九谷焼が大好きなので、毎回何か購入させていただいております。招き猫など。	無回答	1974	長野県	飯山市	200万円以上 300万円未満	ひゃくまんさんが好き, ARでひゃくまんさんと写真が撮りたかった, 動く３Dひゃくまんさんを見たい, 石川県の雑学を知りたい	とても満足	9	近江町マーケット、でも少し混み過ぎてきてる感があるので勧めるか迷うところもある。
金沢エリア	石川県立美術館	2026/09/20	同意する	2泊	2泊	白山エリア （一里野温泉、白峰温泉、白山市など）	石川県外には泊まらない	自分ひとり	地元の美味しいものを食べる, 花見や紅葉などの自然鑑賞, 名所、旧跡の観光, 友人・親戚を訪ねる	新幹線	路線バス	満足	特に不自由はなかった	使わない	3,000円以上 5,000円未満	10,000円以上 20,000円未満	初めて	Googleマップを見ていて見つけた	選択なし/該当施設なし	早朝だったため	選択なし/該当施設なし	シルバーウィークで混んでいるから	5,000円以上 10,000円未満	満足	特に不満はない	満足	涼しい	感じなかった		8		機会があれば行きたい	海鮮	女	1997	東京都	世田谷区	300万円以上 400万円未満	景品が当たる	満足	9	
金沢エリア	ガーデンホテル金沢	2026/09/20	同意する	2泊	2泊	金沢エリア  （湯涌温泉、深谷温泉、犀川温泉など）	石川県外には泊まらない	恋人	地元の美味しいものを食べる, 名所、旧跡の観光, まちあるき、都市散策	新幹線	徒歩			20,000円以上 30,000円未満	20,000円以上 30,000円未満	30,000円以上 40,000円未満	初めて	X(旧：Twitter), Instagram	近江町市場		金沢21世紀美術館		1,000円未満	とても満足	駅から近い	とても満足	駅から近くて従業員がすてき	感じなかった		10		また行きたい（1年以内）	海鮮、日本酒、おいしかったです。モデルコースがほしい	女	2003	神奈川県	藤沢市	300万円以上 400万円未満	景品が当たる, 動く３Dひゃくまんさんを見たい, 石川県のおすすめ観光スポットが見たい	とても満足	10	ご飯おいしくて楽しくて最高
金沢エリア	ガーデンホテル金沢	2026/09/20	同意する	2泊	2泊	金沢エリア  （湯涌温泉、深谷温泉、犀川温泉など）	石川県外には泊まらない	恋人	地元の美味しいものを食べる, 名所、旧跡の観光	新幹線	新幹線	満足		30,000円以上 40,000円未満	20,000円以上 30,000円未満	30,000円以上 40,000円未満	初めて	Instagram	近江町市場		兼六園		5,000円以上 10,000円未満	とても満足	美味しかったから	満足	エネルギッシュだった	感じなかった		8	食べれる机も所々あって良かった	機会があれば行きたい	　特になし	男	2003	東京都	板橋区	200万円以上 300万円未満	石川県のおすすめ観光スポットが見たい	とても満足	8	近江市場
金沢エリア	金沢中央観光案内所	2026/09/20	同意する	4泊以上	4泊以上	金沢エリア  （湯涌温泉、深谷温泉、犀川温泉など）	石川県外には泊まらない	夫婦2人	お祭りやイベントへの参加・見物	新幹線	路線バス	満足	バスがすぐ来た	10,000円以上 20,000円未満	5,000円以上 10,000円未満	20,000円以上 30,000円未満	2～5回目	新聞・雑誌・ガイドブック	尾山神社	白川郷	ひがし茶屋街		使わない	不満	具体的なお店を紹介されなかった	満足	情報が得られた	感じた	具体的なお店を紹介されなかった	8	自由に使えてよかったです	また行きたい（1年以内）	美味しいお店がいろいろあり、楽しかった。	女	1967	東京都	渋谷区	700万円以上 800万円未満	景品が当たる	とても満足	9	人が親切
加賀エリア	加賀の宿宝生亭	2026/09/20	同意する	3泊	3泊	加賀エリア （山代温泉、山中温泉、片山津温泉、粟津温泉、辰口温泉、加賀市、小松市など）	石川県外には泊まらない	親	温泉や露天風呂, 友人・親戚を訪ねる	新幹線	自家用車			30,000円以上 40,000円未満	5,000円以上 10,000円未満	30,000円以上 40,000円未満	2～5回目	家族	選択なし/該当施設なし		選択なし／該当施設なし		40,000円以上 50,000円未満	とても満足	温泉が綺麗であり、料理やお酒も美味しい。	とても満足	食事時のホスピタリティが素晴らしい	感じなかった		10		また行きたい（1年以内）	特に無し	男	1995	東京都	練馬区	600万円以上 700万円未満	景品が当たる	とても満足	9	温泉と接客のクオリティが高い。
加賀エリア	ゆのくに天祥	2026/09/20	同意する	1泊	1泊	加賀エリア （山代温泉、山中温泉、片山津温泉、粟津温泉、辰口温泉、加賀市、小松市など）	近畿中国	小学生以下連れの家族	宿でのんびり過ごす, 温泉や露天風呂, 地元の美味しいものを食べる	自家用車	自家用車	満足	近畿圏からなので、特段の感想はないですが、市街地から近く、困った時にありがたいのだろうと感じた	100,000円以上	10,000円以上 20,000円未満	5,000円以上 10,000円未満	初めて	インターネット・アプリ	選択なし/該当施設なし	越前松島水族館	選択なし／該当施設なし	武生中央公園、JAファーマーズマーケット	5,000円以上 10,000円未満	満足	水族館は生き物と距離が近く、子供の知育にもよかった	満足		感じなかった	九谷の湯？の入り口の匂いが気になったくらいです	8		また行きたい（1年以内）	海の幸	男	1995	滋賀県	草津市	1,500万円以上	景品が当たる	満足	8	ゆのくに天祥
加賀エリア	大江戸温泉物語Premium 山中グランドホテル	2026/09/20	同意する	1泊	1泊	石川県内には宿泊しない	石川県外には泊まらない	夫婦2人	宿でのんびり過ごす, 温泉や露天風呂, 地元の美味しいものを食べる	自家用車	自家用車			100,000円以上	100,000円以上	100,000円以上	初めて	インターネット・アプリ	選択なし/該当施設なし		選択なし／該当施設なし		50,000円以上 100,000円未満	とても不満		とても不満		感じた	このリノベホテル…アカンなぁ	9		また行きたい（1年以内）	インクルーシブだが、食事がまずい	男	1962	石川県	小松市	1,500万円以上	景品が当たる	どちらでもない	10	
加賀エリア	白山比咩神社	2026/09/20	同意する	2泊	2泊	加賀エリア （山代温泉、山中温泉、片山津温泉、粟津温泉、辰口温泉、加賀市、小松市など）	石川県外には泊まらない	恋人	温泉や露天風呂, 地元の美味しいものを食べる, 名所、旧跡の観光	自家用車	自家用車			100,000円以上	100,000円以上	20,000円以上 30,000円未満	2～5回目	新聞・雑誌・ガイドブック	選択なし/該当施設なし	兼六園	選択なし／該当施設なし	千里浜ドライブウェイ	1,000円未満	満足		とても満足		感じなかった		10		また行きたい（1年以内）	美味しい海鮮	男	1998	和歌山県	和歌山市	800万円以上 900万円未満	景品が当たる, 石川県のおすすめ観光スポットが見たい	とても満足	10	食べ物が美味しい
加賀エリア	いしかわ動物園	2026/09/20	同意する	1泊	1泊	金沢エリア  （湯涌温泉、深谷温泉、犀川温泉など）	石川県外には泊まらない	小学生以下連れの家族	地元の美味しいものを食べる, テーマパーク（遊園地、動物園、博物館など）, 各種体験（手作り、果物狩りなど）	自家用車	自家用車			30,000円以上 40,000円未満	5,000円以上 10,000円未満	1,000円以上 3,000円未満	初めて	Instagram	選択なし/該当施設なし	石川観光物産館	選択なし／該当施設なし	21世紀美術館	3,000円以上 5,000円未満	満足	レクチャーホールでカルタができたので子どもがとても楽しんでいた	満足	清潔感もあり、自然も楽しめてよかった	感じなかった		8	軽食を食べましたが、想像通りの味で美味しかったです	機会があれば行きたい	海鮮は有名かと思いますが、物価高、インバウンド価格か非常に、高く感じました。もう少しお手頃価格になると家族層も楽しめると思います。	女	1988	岐阜県	岐阜市	700万円以上 800万円未満	景品が当たる	満足	8	和菓子の作る体験はぜひおすすめしたい 10年ほど前にきたことがあったので、子どもがしてみたいと言い体験できてよかった
加賀エリア	いしかわ動物園	2026/09/20	同意する	日帰り	1泊	加賀エリア （山代温泉、山中温泉、片山津温泉、粟津温泉、辰口温泉、加賀市、小松市など）	石川県外には泊まらない	小学生以下連れの家族	宿でのんびり過ごす, テーマパーク（遊園地、動物園、博物館など）, 買い物、アウトレット	自家用車	自家用車	とても満足	楽しい	10,000円以上 20,000円未満	3,000円以上 5,000円未満	5,000円以上 10,000円未満	6～10回目	観光展・物産展, Instagram	月うさぎの里		選択なし／該当施設なし		1,000円以上 3,000円未満	とても満足	なし	どちらでもない	良い	感じなかった	ゆし	8		機会があれば行きたい	なし	女	1995	石川県	津幡町	800万円以上 900万円未満	景品が当たる	満足	8	
加賀エリア	トレインパーク白山	2026/09/20	同意する	2泊	2泊	能登エリア （和倉温泉、七尾市、輪島市、珠洲市など）	石川県外には泊まらない	小学生以下連れの家族	宿でのんびり過ごす, 温泉や露天風呂, 名所、旧跡の観光, テーマパーク（遊園地、動物園、博物館など）, まちあるき、都市散策	新幹線, 在来線	自家用車			50,000円以上 100,000円未満	10,000円以上 20,000円未満	5,000円以上 10,000円未満	初めて	インターネット・アプリ, Instagram	選択なし/該当施設なし	兼六園	選択なし／該当施設なし	和倉温泉ポケモン足湯	1,000円未満	とても満足	制服を着て写真を撮れた。かがやきを近くで見れて楽しそうだった	満足	施設自体は満足だけど、道中看板がなくて場所が判りづらかった	感じなかった		10		機会があれば行きたい	トラディショナルなものから新しいものまで入り交じっていて楽しかった	女	1991	東京都	墨田区	1,500万円以上	景品が当たる, ひゃくまんさんが好き, 動く３Dひゃくまんさんを見たい, 石川県のおすすめ観光スポットが見たい	満足	10	車がなくても金沢駅周辺は楽しめる
加賀エリア	トレインパーク白山	2026/09/20	同意する	2泊	1泊	金沢エリア  （湯涌温泉、深谷温泉、犀川温泉など）	福井県	小学生以下連れの家族	地元の美味しいものを食べる	自家用車	自家用車			10,000円以上 20,000円未満	10,000円以上 20,000円未満	5,000円以上 10,000円未満	初めて	Instagram	選択なし/該当施設なし		選択なし／該当施設なし		使わない	とても満足	子どもがたくさん身体を動かせて遊べた。	とても満足		感じなかった		10		機会があれば行きたい	特になし	女	1988	埼玉県	上尾市	600万円以上 700万円未満	景品が当たる	とても満足	10	
加賀エリア	いしかわ動物園	2026/09/20	同意する	日帰り	石川県内には宿泊しない	石川県内には宿泊しない	自宅	小学生以下連れの家族	テーマパーク（遊園地、動物園、博物館など）	自家用車	自家用車	とても満足		使わない	5,000円以上 10,000円未満	1,000円以上 3,000円未満	2～5回目	新聞・雑誌・ガイドブック	選択なし/該当施設なし		木場潟公園		3,000円以上 5,000円未満	とても満足	動物の種類が多かった	とても満足	小さい子を連れてきやすい	感じなかった		10	ご飯が美味しかった	また行きたい（1年以内）	特になし	女	1995	石川県	かほく市	400万円以上 500万円未満	景品が当たる	とても満足	10	石川のご飯が美味しい
加賀エリア	白山恐竜パーク白峰	2026/09/20	同意する	1泊	1泊	加賀エリア （山代温泉、山中温泉、片山津温泉、粟津温泉、辰口温泉、加賀市、小松市など）	石川県外には泊まらない	小学生以下連れの家族	友人・親戚を訪ねる	自家用車	自家用車			20,000円以上 30,000円未満	10,000円以上 20,000円未満	10,000円以上 20,000円未満	6～10回目	観光連盟やDMOのHP, インターネット・アプリ	石川県立航空プラザ		選択なし／該当施設なし		1,000円以上 3,000円未満	満足		とても満足	お金もかからずいっぱい遊べる	感じなかった		7		機会があれば行きたい	特になし	男	1988	滋賀県	草津市	500万円以上 600万円未満	景品が当たる	満足	7	
加賀エリア	白山恐竜パーク白峰	2026/09/20	同意する	1泊	1泊	加賀エリア （山代温泉、山中温泉、片山津温泉、粟津温泉、辰口温泉、加賀市、小松市など）	石川県外には泊まらない	小学生以下連れの家族	宿でのんびり過ごす, 温泉や露天風呂, テーマパーク（遊園地、動物園、博物館など）, 友人・親戚を訪ねる	自家用車	自家用車			10,000円以上 20,000円未満	10,000円以上 20,000円未満	5,000円以上 10,000円未満	初めて	Instagram	月うさぎの里		石川県立航空プラザ		1,000円以上 3,000円未満	満足	恐竜好きの子どもと来て、化石を掘ったり、恐竜の事を学べて楽しめました。公園が遊具禁止になっていたのがもったいなかったけど、また来たいです。受付の方が優しく丁寧で、化石の所もいろいろ教えてくださったのも良かった。	満足		感じた	ご飯あれば嬉しい。あと、遊具は直してもらえたら嬉しいです。	8	クレープアイスが美味しかった。	また行きたい（1年以内）	特になし	女	1986	滋賀県	草津市	300万円以上 400万円未満	景品が当たる	とても満足	10	
加賀エリア	那谷寺	2026/09/20	同意する	日帰り	石川県内には宿泊しない	石川県内には宿泊しない	石川県外には泊まらない	友人	那谷寺での秘仏公開	自家用車	自家用車			3,000円以上 5,000円未満	3,000円以上 5,000円未満	10,000円以上 20,000円未満	2～5回目	X(旧：Twitter), Instagram, Facebook	那谷寺		那谷寺		1,000円以上 3,000円未満	満足	説明など親切にして頂けた	とても満足		感じなかった		5		機会があれば行きたい	特になし。	女	1965	愛知県	名古屋市	500万円以上 600万円未満	景品が当たる	満足	5	
加賀エリア	那谷寺	2026/09/20	同意する	1泊	1泊	金沢エリア  （湯涌温泉、深谷温泉、犀川温泉など）	石川県外には泊まらない	中学生以上連れの家族	地元の美味しいものを食べる, 名所、旧跡の観光, まちあるき、都市散策	自家用車	自家用車			50,000円以上 100,000円未満	40,000円以上 50,000円未満	10,000円以上 20,000円未満	初めて	インターネット・アプリ	選択なし/該当施設なし		選択なし／該当施設なし		3,000円以上 5,000円未満	とても満足	奇岩遊仙境	とても満足		感じなかった		10	おそばが美味しかったです	また行きたい（1年以内）	海鮮	男	2006	京都府	京都	1,500万円以上	ARでひゃくまんさんと写真が撮りたかった, 動く３Dひゃくまんさんを見たい, 石川県のおすすめ観光スポットが見たい, 石川県の雑学を知りたい	とても満足	10	地震から遠のいていたが、食べ物も観光も最高でした。石川県立図書館、那谷寺
加賀エリア	トレインパーク白山	2026/09/20	同意する	2泊	1泊	金沢エリア  （湯涌温泉、深谷温泉、犀川温泉など）	石川県外には泊まらない	小学生以下連れの家族	地元の美味しいものを食べる, テーマパーク（遊園地、動物園、博物館など）	新幹線	徒歩			40,000円以上 50,000円未満	30,000円以上 40,000円未満	3,000円以上 5,000円未満	初めて	観光パンフレット・ポスター, 観光連盟やDMOのHP, インターネット・アプリ	選択なし/該当施設なし	小松のもり	選択なし／該当施設なし		5,000円以上 10,000円未満	とても満足	空いていた	とても満足	新幹線の時刻表があり新幹線かちゃんと見れること	感じた	バスが不便	7		機会があれば行きたい	とくになし	女	1986	神奈川県	川崎市宮前区	1,000万円以上 1,200万円未満	景品が当たる	満足	8	うどんが美味しかった
加賀エリア	那谷寺	2026/09/20	同意する	3泊	3泊	加賀エリア （山代温泉、山中温泉、片山津温泉、粟津温泉、辰口温泉、加賀市、小松市など）	石川県外には泊まらない	小学生以下連れの家族	温泉や露天風呂, 地元の美味しいものを食べる, 名所、旧跡の観光, テーマパーク（遊園地、動物園、博物館など）, 釣り	自家用車	自家用車	とても満足	子連れには車が最適です	使わない	5,000円以上 10,000円未満	1,000円以上 3,000円未満	初めて	Googleマップ	選択なし/該当施設なし	小松駅	石川県立航空プラザ		1,000円未満	とても満足	窟が	とても満足	御開帳の時期であり、とても近くでご本尊様を拝顔てきました。庭園も手入れが行き届いていて、苔も綺麗で、価値のあるお寺でした。	感じなかった	仕方ないですけど、ハチが飛んでいました	5	門前のお店でソフトクリームを食べました。	機会があれば行きたい	美味しいお魚	女	1983	滋賀県	吹田市	1,000万円以上 1,200万円未満	景品が当たる, なんとなく	とても満足	8	自然が綺麗でした。デトックス効果絶大でしたれ
加賀エリア	大江戸温泉物語Premium よしのや依緑園	2026/09/20	同意する	1泊	1泊	加賀エリア （山代温泉、山中温泉、片山津温泉、粟津温泉、辰口温泉、加賀市、小松市など）	石川県外には泊まらない	夫婦2人	宿でのんびり過ごす, 温泉や露天風呂, 地元の美味しいものを食べる	自家用車	自家用車			10,000円以上 20,000円未満	3,000円以上 5,000円未満	使わない	初めて	インターネット・アプリ	選択なし/該当施設なし		選択なし／該当施設なし	白山比咩神社	1,000円未満	どちらでもない	ほかの神社と同じ感じだった	どちらでもない	建物は立派でしたが、やはり普通の神社だった	感じなかった		3	お守りをかった	機会があれば行きたい	海の幸をもっと食べたいと思った	男	1971	福井県	福井市	600万円以上 700万円未満	景品が当たる, 石川県のおすすめ観光スポットが見たい	満足	8	温泉が綺麗で気持ちがよかった。 食べ物が美味しかった。
能登エリア	能登漁火ユースホステル	2026/09/20	同意する	1泊	3泊	金沢エリア  （湯涌温泉、深谷温泉、犀川温泉など）	福井県	夫婦2人	名所、旧跡の観光, お祭りやイベントへの参加・見物, ドライブ・ツーリング	自家用車	自家用車			40,000円以上 50,000円未満	10,000円以上 20,000円未満	10,000円以上 20,000円未満	初めて	インターネット・アプリ, X(旧：Twitter), Instagram	禄剛崎灯台		選択なし／該当施設なし	氷見場外市場	3,000円以上 5,000円未満	不満	情報通りだった。	満足	情報通りだった。	感じた	ベッドではなかった。	8		また行きたい（1年以内）	特に無し	男	1956	大阪府	交野市	300万円以上 400万円未満	景品が当たる	満足	9	キリコ祭り
能登エリア	灯りの宿　まつだ荘	2026/09/20	同意する	1泊	2泊	能登エリア （和倉温泉、七尾市、輪島市、珠洲市など）	石川県外には泊まらない	友人	アウトドア（海水浴、釣り、登山など）	自家用車	自家用車			20,000円以上 30,000円未満	10,000円以上 20,000円未満	20,000円以上 30,000円未満	初めて	友人・知人	選択なし/該当施設なし	地磯	選択なし／該当施設なし	地磯	5,000円以上 10,000円未満	とても満足	清潔感と快適度	とても満足	清潔感と快適度	感じなかった		9		また行きたい（1年以内）	特になし	男	1990	京都府	京都市	1,500万円以上	なんとなく	とても満足	8	珠洲市の人の持つ優しい雰囲気と災害の傷跡
能登エリア	民宿はまなす	2026/09/20	同意する	2泊	2泊	能登エリア （和倉温泉、七尾市、輪島市、珠洲市など）	石川県外には泊まらない	自分ひとり	復興支援	自家用車	自家用車			10,000円以上 20,000円未満	10,000円以上 20,000円未満	使わない	初めて	友人・知人	千里浜なぎさドライブウェイ		選択なし／該当施設なし	和倉温泉	使わない	とても満足	女将さんの人柄が、素晴らしい	とても満足	アットホーム	感じなかった		9	宿泊して、人の繋がりを感じた	機会があれば行きたい	近江市場の、観光化してるのが寂しい	男	1960	京都府	京都市	400万円以上 500万円未満	景品が当たる	どちらでもない	4	
能登エリア	民宿はまなす	2026/09/20	同意する	2泊	2泊	能登エリア （和倉温泉、七尾市、輪島市、珠洲市など）	石川県外には泊まらない	自分ひとり	復興支援	自家用車	自家用車	とても満足		10,000円以上 20,000円未満	1,000円以上 3,000円未満	5,000円以上 10,000円未満	初めて	友人・知人	のとじま水族館		千里浜なぎさドライブウェイ		使わない	とても満足	女将さんの人柄	とても満足	人の出会いがある	感じなかった		10		また行きたい（1年以内）	お米	男	1960	京都府	京都市	400万円以上 500万円未満	景品が当たる	どちらでもない	5	能登半島の自然
能登エリア	民宿はまなす	2026/09/20	同意する	1泊	1泊	能登エリア （和倉温泉、七尾市、輪島市、珠洲市など）	富山県	夫婦2人	まちあるき、都市散策, ドライブ・ツーリング	自家用車	自家用車			20,000円以上 30,000円未満	1,000円以上 3,000円未満	3,000円以上 5,000円未満	初めて	X(旧：Twitter)	千里浜なぎさドライブウェイ		選択なし／該当施設なし	近江町市場	20,000円以上 30,000円未満	とても満足	色々な食べ物が美味しかった。	とても満足	女将さんの人柄から、施設に反映	感じなかった		8	満腹になりました。	機会があれば行きたい	特になし	男	1969	滋賀県	大津市	600万円以上 700万円未満	景品が当たる	満足	8	地域の皆さんの頑張り
能登エリア	Trip inn 能登空港	2026/09/20	同意する	1泊	1泊	能登エリア （和倉温泉、七尾市、輪島市、珠洲市など）	石川県外には泊まらない	夫婦2人	まちあるき、都市散策	県外から訪れていない（石川県内在住）	自家用車			10,000円以上 20,000円未満	1,000円以上 3,000円未満	5,000円以上 10,000円未満	初めて	インターネット・アプリ	千里浜なぎさドライブウェイ	ポケモン・ウィズ・ユー空港	選択なし／該当施設なし	見附島	10,000円以上 20,000円未満	満足	風情がありゆったり過ごせたから	どちらでもない	入口に目印がなく見つけにくかった。	感じなかった		8		石川県在住	能登の地のもの、ウォーターアクティビティ	男	1989	石川県	野々市市	800万円以上 900万円未満	景品が当たる, 石川県の雑学を知りたい	とても満足	9	能登ポケモン巡り、見どころがたくさんあり賑わっているから
能登エリア	能登島家族旅行村 Weランド	2026/09/20	同意する	1泊	1泊	能登エリア （和倉温泉、七尾市、輪島市、珠洲市など）	石川県外には泊まらない	家族３人	道の駅めぐり	自家用車	自家用車			10,000円以上 20,000円未満	3,000円以上 5,000円未満	5,000円以上 10,000円未満	11回目以上	新聞・雑誌・ガイドブック, 観光パンフレット・ポスター, インターネット・アプリ	能登食祭市場		のとじま水族館		5,000円以上 10,000円未満	とても満足	大人でも楽しめる場所でした	とても満足	生き物の種類も多くお土産も良かった	感じなかった		10	今道の駅の切符を集めています　水族館の切符もあると嬉しいナァー	また行きたい（1年以内）	とくにありません	女	1985	富山県	富山市	200万円以上 300万円未満	景品が当たる	とても満足	10	石川はいい所がいっぱいあるので紹介したい
能登エリア	和倉温泉お祭り会館	2026/09/20	同意する	4泊以上	2泊	能登エリア （和倉温泉、七尾市、輪島市、珠洲市など）	富山県	夫婦2人	地元の美味しいものを食べる, まちあるき、都市散策	自家用車	自家用車			5,000円以上 10,000円未満	10,000円以上 20,000円未満	5,000円以上 10,000円未満	初めて	インターネット・アプリ	能登食祭市場		輪島朝市		1,000円未満	どちらでもない		どちらでもない		感じた	開館時間が遅い	5		どちらともいえない	観光	男	1990	大分県	大分市	900万円以上 1,000万円未満	景品が当たる	満足	6	
能登エリア	和倉温泉お祭り会館	2026/09/20	同意する	4泊以上	2泊	金沢エリア  （湯涌温泉、深谷温泉、犀川温泉など）	福井県	夫婦2人	地元の美味しいものを食べる, 名所、旧跡の観光	自家用車	自家用車			使わない	20,000円以上 30,000円未満	10,000円以上 20,000円未満	初めて	観光パンフレット・ポスター, インターネット・アプリ, Instagram	道の駅のとじま		能登食祭市場		使わない	満足	きれいだった	満足	特になし	感じた	開店時間が遅い、ポケモンスタンプラリーのため	5		機会があれば行きたい	特になし	女	1995	大分県	大分市	800万円以上 900万円未満	景品が当たる	とても満足	8	
能登エリア	Calm Side	2026/09/20	同意する	1泊	1泊	能登エリア （和倉温泉、七尾市、輪島市、珠洲市など）	石川県外には泊まらない	自分の家族、妹家族	宿でのんびり過ごす, 名所、旧跡の観光	自家用車	自家用車			10,000円以上 20,000円未満	3,000円以上 5,000円未満	3,000円以上 5,000円未満	2～5回目	友人・知人	選択なし/該当施設なし	カームサイドを目的に来た	選択なし／該当施設なし	神社仏閣	5,000円以上 10,000円未満	とても満足	とても綺麗	とても満足	夕日、景色	感じなかった		10	能登島入口のどんたくがいい	また行きたい（1年以内）	特になし	男	1970	富山県	南砺市	1,000万円以上 1,200万円未満	景品が当たる	とても満足	10	能登島の景色
能登エリア	Calm Side	2026/09/20	同意する	1泊	1泊	能登エリア （和倉温泉、七尾市、輪島市、珠洲市など）	富山県	中学生以上連れの家族	宿でのんびり過ごす	自家用車	自家用車			50,000円以上 100,000円未満	5,000円以上 10,000円未満	5,000円以上 10,000円未満	初めて	友人・知人	選択なし/該当施設なし		選択なし／該当施設なし		10,000円以上 20,000円未満	とても満足	海が静か	とても満足	設備がよい	感じなかった		10		機会があれば行きたい	特になし	男	1975	愛知県	豊川市	700万円以上 800万円未満	景品が当たる	満足	2	設備が良い
能登エリア	のとじま水族館	2026/09/20	同意する	3泊	2泊	金沢エリア  （湯涌温泉、深谷温泉、犀川温泉など）	岐阜	夫婦2人	地元の美味しいものを食べる	自家用車	自家用車			30,000円以上 40,000円未満	20,000円以上 30,000円未満	20,000円以上 30,000円未満	2～5回目	インターネット・アプリ, Instagram	のとじま水族館		能登食祭市場		20,000円以上 30,000円未満	満足	色々と見てまわれて種類もおいいので	満足	久々に来て楽しかった。	感じた	前日に予定を確認したのに当日に時間が変わってたから	8		機会があれば行きたい	特になし	男	1974	埼玉県	所沢市	700万円以上 800万円未満	なんとなく	満足	7	のとじま水族館
能登エリア	Calm Side	2026/09/20	同意する	1泊	1泊	能登エリア （和倉温泉、七尾市、輪島市、珠洲市など）	富山県	中学生以上連れの家族	宿でのんびり過ごす, ドライブ・ツーリング	自家用車	自家用車	とても満足		5,000円以上 10,000円未満	5,000円以上 10,000円未満	5,000円以上 10,000円未満	初めて	友人・知人	選択なし/該当施設なし		選択なし／該当施設なし		5,000円以上 10,000円未満	とても満足	海が綺麗	とても満足	設備が最新	感じなかった		4		機会があれば行きたい	特になし	女	1973	愛知県	豊川市	400万円以上 500万円未満	景品が当たる	とても満足	2	海が綺麗
能登エリア	Calm Side	2026/09/20	同意する	1泊	1泊	能登エリア （和倉温泉、七尾市、輪島市、珠洲市など）	富山県	中学生以上連れの家族	宿でのんびり過ごす, ドライブ・ツーリング, 友人・親戚を訪ねる	自家用車	自家用車			50,000円以上 100,000円未満	5,000円以上 10,000円未満	5,000円以上 10,000円未満	11回目以上	インターネット・アプリ	選択なし/該当施設なし		選択なし／該当施設なし	伊夜比咩神社	1,000円未満	とても満足		とても満足	景色が綺麗	感じなかった	自然豊かで虫が多かった	10		また行きたい（1年以内）	特になし	男	2000	兵庫県	尼崎市	300万円以上 400万円未満	ひゃくまんさんが好き, 動く３Dひゃくまんさんを見たい	とても満足	10	
能登エリア	のとじま水族館	2026/09/20	同意する	3泊	2泊	金沢エリア  （湯涌温泉、深谷温泉、犀川温泉など）	岐阜県	夫婦2人	地元の美味しいものを食べる, 名所、旧跡の観光	自家用車	自家用車			10,000円以上 20,000円未満	20,000円以上 30,000円未満	30,000円以上 40,000円未満	2～5回目	インターネット・アプリ	千里浜なぎさドライブウェイ		選択なし／該当施設なし	世界一長いベンチ	1,000円以上 3,000円未満	満足	ジンベイザメのチケット	とても満足	ジンベイザメに会えた	感じた	開演時間が早まったことがネットになかった	10	ジンベイにちなんだお土産があったら、後で買います	機会があれば行きたい	特になし	女	1973	埼玉県	所沢市	800万円以上 900万円未満	景品が当たる	とても満足	10	千里浜なぎさドライブウェイ
能登エリア	のとじま水族館	2026/09/20	同意する	日帰り	石川県内には宿泊しない	石川県内には宿泊しない	日帰りなので泊まらない	自分ひとり	温泉や露天風呂, 地元の美味しいものを食べる, テーマパーク（遊園地、動物園、博物館など）, 買い物、アウトレット, まちあるき、都市散策	県外から訪れていない（石川県内在住）	自家用車			使わない	1,000円以上 3,000円未満	5,000円以上 10,000円未満	2～5回目	X(旧：Twitter)	選択なし/該当施設なし		道の駅のとじま		1,000円以上 3,000円未満	満足		とても満足	動物を見て沢山癒された	感じなかった		8		石川県在住	石川県は魅力がたくさんあるのでどんどん国内外、全国に広めていきたい	女	1986	石川県	白山市	400万円以上 500万円未満	景品が当たる	とても満足	10	能登は何食べても美味しい
能登エリア	和倉温泉お祭り会館	2026/09/20	同意する	1泊	1泊	能登エリア （和倉温泉、七尾市、輪島市、珠洲市など）	石川県外には泊まらない	夫婦2人	宿でのんびり過ごす	自家用車	自家用車			5,000円以上 10,000円未満	10,000円以上 20,000円未満	5,000円以上 10,000円未満	2～5回目	インターネット・アプリ	のとじま水族館		道の駅のとじま		3,000円以上 5,000円未満	とても満足	私好みの商品を買うことができたからです。	とても満足	商品がたくさん置かれており、見て回るだけでも楽しめたからです。	感じなかった		10	妻と2人で、のんびり、楽しい時間を過ごすことができました。ありがとうございました。	また行きたい（1年以内）	私は大分出身なので、普段食べられないようなものをぜひ食べたいです。	男	1995	大分県	大分市	600万円以上 700万円未満	景品が当たる	とても満足	10	一度被災しましたが、やはり素敵な場所だからです。妻と2人で、ゆっくりと過ごすことができました。
能登エリア	のとじま水族館	2026/09/20	同意する	3泊	3泊	加賀エリア （山代温泉、山中温泉、片山津温泉、粟津温泉、辰口温泉、加賀市、小松市など）	石川県外には泊まらない	小学生以下連れの家族	温泉や露天風呂, 地元の美味しいものを食べる, アウトドア（海水浴、釣り、登山など）	自家用車	自家用車			20,000円以上 30,000円未満	20,000円以上 30,000円未満	20,000円以上 30,000円未満	6～10回目	インターネット・アプリ	千里浜なぎさドライブウェイ		能登食祭市場		5,000円以上 10,000円未満	満足	クイズやスタンプラリー等子供達も楽しめた	とても満足	同上	感じなかった	なし	10	オリジナルがもっとあると良い	機会があれば行きたい	特に無し	男	1978	長野県	長野市	1,200万円以上 1,500万円未満	景品が当たる, 石川県のおすすめ観光スポットが見たい	満足	9	のとじま水族館
能登エリア	道の駅桜峠	2026/09/20	同意する	4泊以上	2泊	能登エリア （和倉温泉、七尾市、輪島市、珠洲市など）	富山県	夫婦2人	地元の美味しいものを食べる, 名所、旧跡の観光, ドライブ・ツーリング	自家用車	自家用車	満足	お土産などの持ち物を運びながら移動でき、休みたいときに車内で休めるので	100,000円以上	40,000円以上 50,000円未満	50,000円以上 100,000円未満	初めて	観光パンフレット・ポスター	千里浜なぎさドライブウェイ		のとじま水族館		1,000円未満	とても満足	ソフトクリームの量を食べきれないので減らして欲しいと無理なお願いに対応してくれ良かった	どちらでもない	トイレが仮設だったので使わなかったから	感じなかった		9	ソフトクリーム美味しかった！	機会があれば行きたい	千里浜なぎさドライブウェイ最高に気持ちいいドライブができるし写真映えスポットです	女	1976	新潟県	佐渡市	700万円以上 800万円未満	景品が当たる	とても満足	9	能登の温泉がとても良かった
能登エリア	のとじま水族館	2026/09/20	同意する	1泊	1泊	能登エリア （和倉温泉、七尾市、輪島市、珠洲市など）	石川県外には泊まらない	小学生以下連れの家族	アウトドア（海水浴、釣り、登山など）	自家用車	自家用車			10,000円以上 20,000円未満	5,000円以上 10,000円未満	5,000円以上 10,000円未満	初めて	友人・知人	のとじま水族館		選択なし／該当施設なし		5,000円以上 10,000円未満	とても満足	楽しかった	とても満足	楽しかったから	感じなかった		10		機会があれば行きたい	特になし、復興頑張ってください	男	1990	長野県	松本市	500万円以上 600万円未満	なんとなく	とても満足	10	海が綺麗で楽しかった為
能登エリア	のとじま水族館	2026/09/20	同意する	4泊以上	4泊以上	白山エリア （一里野温泉、白峰温泉、白山市など）	石川県外には泊まらない	小学生以下連れの家族	地元の美味しいものを食べる, 買い物、アウトレット, 友人・親戚を訪ねる	自家用車	自家用車			10,000円以上 20,000円未満	5,000円以上 10,000円未満	5,000円以上 10,000円未満	2～5回目	Instagram	選択なし/該当施設なし		千里浜なぎさドライブウェイ		5,000円以上 10,000円未満	満足	ジンベエザメが公開されていた。	満足	子どもと回りやすかった	感じなかった		8	イルカショーが可愛かったです。	また行きたい（1年以内）	自然も買い物も楽しくできて満足	女	1986	高知県	南国市	300万円以上 400万円未満	景品が当たる, ひゃくまんさんが好き	とても満足	10	美味しい食べ物
能登エリア	のとじま水族館	2026/09/20	同意する	日帰り	石川県内には宿泊しない	石川県内には宿泊しない	石川県外には泊まらない	小学生以下連れの家族	テーマパーク（遊園地、動物園、博物館など）	県外から訪れていない（石川県内在住）	自家用車	満足	駐車場から遠い	10,000円以上 20,000円未満	1,000円以上 3,000円未満	3,000円以上 5,000円未満	2～5回目	Instagram	のとじま水族館		選択なし／該当施設なし		3,000円以上 5,000円未満	満足		満足		感じた	トイレが古くて不衛生に感じた	7		機会があれば行きたい	のとじま水族館の室内の飲食店を増やして欲しい	女	1994	石川県	かほく市	800万円以上 900万円未満	景品が当たる	満足	9	
能登エリア	のとじま水族館	2026/09/20	同意する	日帰り	石川県内には宿泊しない	石川県内には宿泊しない	岐阜県	自分ひとり	テーマパーク（遊園地、動物園、博物館など）	自家用車	自家用車			1,000円未満	3,000円以上 5,000円未満	1,000円以上 3,000円未満	初めて	TV・ラジオ番組やCM, 観光連盟やDMOのHP, X(旧：Twitter), Instagram	能登食祭市場		千里浜なぎさドライブウェイ		3,000円以上 5,000円未満	不満	種類が少ない。インスタ映えするものが欲しい	不満	サインが分かりにくい。現在地がわからなくなる	感じた	施設に高低があり場内道路の坂がキツい	6	食べる物　種類が少ない。　ここでしか食べれない物や入手出来ないお土産を置いてはどうか？	機会があれば行きたい	オリジナルの物がほしい。体験でも飲食でも	男	1968	石川県	金沢市	400万円以上 500万円未満	景品が当たる	どちらでもない	7	ジンベエザメは必見
能登エリア	道の駅すずなり	2026/09/20	同意する	1泊	1泊	金沢エリア  （湯涌温泉、深谷温泉、犀川温泉など）	石川県外には泊まらない	中学生以上連れの家族	名所、旧跡の観光, 買い物、アウトレット	飛行機	旅行会社ツアーバス			10,000円以上 20,000円未満	30,000円以上 40,000円未満	50,000円以上 100,000円未満	初めて	新聞・雑誌・ガイドブック	選択なし/該当施設なし		千里浜なぎさドライブウェイ		3,000円以上 5,000円未満	満足		満足		感じなかった		8		また行きたい（1年以内）	海産物、工芸品	女	1964	東京都	杉並区	300万円以上 400万円未満	景品が当たる	とても満足	10	食べものが美味しい 
能登エリア	道の駅すずなり	2026/09/20	同意する	1泊	1泊	金沢エリア  （湯涌温泉、深谷温泉、犀川温泉など）	石川県外には泊まらない	親	地元の美味しいものを食べる, 名所、旧跡の観光	飛行機	旅行会社ツアーバス	満足	安全運転で快適だった	10,000円以上 20,000円未満	10,000円以上 20,000円未満	5,000円以上 10,000円未満	2～5回目	TV・ラジオ番組やCM, Instagram	選択なし/該当施設なし		千里浜なぎさドライブウェイ		1,000円以上 3,000円未満	満足	ご飯がおいしかった	満足	ご飯が美味しく、地元のお土産が買えた	感じなかった	特になし	10		また行きたい（1年以内）	海鮮以外の美味しい地元の食べ物が知りたい	女	1999	東京都	杉並区	600万円以上 700万円未満	景品が当たる, なんとなく	満足	10	食べ物が美味しい
能登エリア	のとじま水族館	2026/09/20	同意する	日帰り	石川県内には宿泊しない	石川県内には宿泊しない	関東	小学生以下連れの家族	テーマパーク（遊園地、動物園、博物館など）	県外から訪れていない（石川県内在住）	自家用車	満足	のと里山海道が対面2車線	使わない	50,000円以上 100,000円未満	5,000円以上 10,000円未満	11回目以上	インターネット・アプリ	のとじま水族館		道の駅のとじま		5,000円以上 10,000円未満	とても満足	ジンベイザメがきたか、	とても満足	特にぬし	感じなかった	特になし	10	特にぬし	また行きたい（1年以内）	牡蠣を食べたい	男	1989	石川県	金沢市	700万円以上 800万円未満	景品が当たる	満足	10	時になし
能登エリア	のとじま水族館	2026/09/20	同意する	3泊	3泊	加賀エリア （山代温泉、山中温泉、片山津温泉、粟津温泉、辰口温泉、加賀市、小松市など）	石川県外には泊まらない	親	地元の美味しいものを食べる, 名所、旧跡の観光, テーマパーク（遊園地、動物園、博物館など）, ドライブ・ツーリング, 友人・親戚を訪ねる	新幹線, 在来線	レンタカー	満足		使わない	10,000円以上 20,000円未満	20,000円以上 30,000円未満	2～5回目	インターネット・アプリ, 友人・知人, Googleマップ	千里浜なぎさドライブウェイ		選択なし／該当施設なし		1,000円以上 3,000円未満	満足		満足		感じた	施設内の道幅が狭く、混雑時に不便を感じた。	7		また行きたい（1年以内）	お刺身、お風呂、寺社仏閣	女	2000	奈良県	葛城市	500万円以上 600万円未満	景品が当たる	とても満足	10	
能登エリア	のとじま水族館	2026/09/20	同意する	3泊	3泊	加賀エリア （山代温泉、山中温泉、片山津温泉、粟津温泉、辰口温泉、加賀市、小松市など）	石川県外には泊まらない	中学生以上連れの家族	温泉や露天風呂, 地元の美味しいものを食べる, 名所、旧跡の観光, ドライブ・ツーリング	新幹線, 在来線	レンタカー	満足	地元のレンタカーなので、運転で疲れない	使わない	3,000円以上 5,000円未満	40,000円以上 50,000円未満	初めて	インターネット・アプリ, 友人・知人	選択なし/該当施設なし	お寺や神社にこれから行く	選択なし／該当施設なし	お寺や神社	5,000円以上 10,000円未満	満足	涼しいところが沢山ある	満足	楽しい、	感じなかった		10		また行きたい（1年以内）	海が見られるドライブ	女	1969	奈良県	葛城市	1,500万円以上	景品が当たる	満足	10	
能登エリア	コスモアイル羽咋	2026/09/20	同意する	2泊	1泊	金沢エリア  （湯涌温泉、深谷温泉、犀川温泉など）	富山県	小学生以下連れの家族	温泉や露天風呂, 地元の美味しいものを食べる, 名所、旧跡の観光, テーマパーク（遊園地、動物園、博物館など）, まちあるき、都市散策, ドライブ・ツーリング	自家用車	自家用車			5,000円以上 10,000円未満	5,000円以上 10,000円未満	5,000円以上 10,000円未満	初めて	インターネット・アプリ, X(旧：Twitter)	千里浜なぎさドライブウェイ		禄剛崎灯台		1,000円未満	とても満足	なぞときが楽しかった	とても満足		感じなかった		10		また行きたい（1年以内）	海産物	男	1983	大阪府	吹田市	600万円以上 700万円未満	景品が当たる, なんとなく	とても満足	10	
能登エリア	のとじま水族館	2026/09/20	同意する	日帰り	石川県内には宿泊しない	石川県内には宿泊しない	石川県外には泊まらない	小学生以下連れの家族	地元の美味しいものを食べる, テーマパーク（遊園地、動物園、博物館など）, 友人・親戚を訪ねる	自家用車	自家用車			10,000円以上 20,000円未満	3,000円以上 5,000円未満	10,000円以上 20,000円未満	6～10回目	インターネット・アプリ	選択なし/該当施設なし		選択なし／該当施設なし	和倉温泉街	3,000円以上 5,000円未満	とても満足	食べ歩きが楽しい	とても満足		感じなかった		10	日帰り温泉や食べ歩きができて楽しい旅行になった。	また行きたい（1年以内）	特になし	女	1985	富山県	富山市	500万円以上 600万円未満	景品が当たる	とても満足	10	日帰り温泉もあるので、遊んで温泉に入って帰れるところ。充実した1日になる。
能登エリア	のとじま水族館	2026/09/20	同意する	日帰り	石川県内には宿泊しない	石川県内には宿泊しない	石川県外には泊まらない	小学生以下連れの家族	テーマパーク（遊園地、動物園、博物館など）	自家用車	自家用車			使わない	10,000円以上 20,000円未満	10,000円以上 20,000円未満	初めて	インターネット・アプリ	選択なし/該当施設なし	直接きたため	道の駅のとじま		5,000円以上 10,000円未満	とても満足	展示が面白かった	とても満足	イルカトレーニングを見れて面白かった	感じなかった	トイレの場所が分かりづらいときがあった	8	ハズレなしくじの場所を増やして欲しい	機会があれば行きたい	特になし	女	1988	新潟県	西蒲区	500万円以上 600万円未満	景品が当たる	満足	6	新潟からは時間がかかりすぎる…
能登エリア	のとじま水族館	2026/09/20	同意する	2泊	1泊	金沢エリア  （湯涌温泉、深谷温泉、犀川温泉など）	新潟	中学生以上連れの家族	お祭りやイベントへの参加・見物, まちあるき、都市散策	自家用車	自家用車			10,000円以上 20,000円未満	20,000円以上 30,000円未満	50,000円以上 100,000円未満	初めて	新聞・雑誌・ガイドブック	選択なし/該当施設なし	金沢の宿泊施設	能登食祭市場		5,000円以上 10,000円未満	とても満足	ペンギンの散歩可愛かった💕	満足	ジンベイザメがいなかったのが残念でした	感じなかった		8	お土産コーナーみやすかった	また行きたい（1年以内）	車でほぼ一周したのですが途中にもう少しちょっと寄れるような施設があれば良いと思いました。	女	1971	埼玉県	上尾市	1,000万円以上 1,200万円未満	なんとなく	満足	8	復興に向けてがんばっているのをとても感じられました
能登エリア	のとじま水族館	2026/09/20	同意する	日帰り	石川県内には宿泊しない	石川県内には宿泊しない	石川県外には泊まらない	中学生以上連れの家族	テーマパーク（遊園地、動物園、博物館など）	自家用車	自家用車			使わない	30,000円以上 40,000円未満	10,000円以上 20,000円未満	2～5回目	インターネット・アプリ	選択なし/該当施設なし		選択なし／該当施設なし	金沢	5,000円以上 10,000円未満	満足	ジンベイザメが見れた	満足		感じなかった		8	混雑時の整理がもう少し整っていたら良いと思う	機会があれば行きたい	特になし	女	1973	新潟県	新発田市	500万円以上 600万円未満	景品が当たる	満足	7	
能登エリア	道の駅織姫の里なかのと	2026/09/20	同意する	1泊	1泊	加賀エリア （山代温泉、山中温泉、片山津温泉、粟津温泉、辰口温泉、加賀市、小松市など）	石川県外には泊まらない	夫婦2人	宿でのんびり過ごす, 地元の美味しいものを食べる	自家用車	自家用車	とても満足	ゆっくり過ごすことができました。	20,000円以上 30,000円未満	20,000円以上 30,000円未満	20,000円以上 30,000円未満	11回目以上	新聞・雑誌・ガイドブック, Instagram	千里浜なぎさドライブウェイ		千里浜なぎさドライブウェイ		10,000円以上 20,000円未満	とても満足	天候も良く、渚を走ることができました。	とても満足	いつ来ても気持ちが良いです。	感じなかった		8		また行きたい（1年以内）	満足てます。	女	1968	石川県	金沢市	1,000万円以上 1,200万円未満	景品が当たる, ひゃくまんさんが好き	とても満足	10	日本で唯一の砂浜を走ることができる体験
能登エリア	自家焙煎喫茶 中央茶廊	2026/09/20	同意する	日帰り	石川県内には宿泊しない	石川県内には宿泊しない	石川県外には泊まらない	中学生以上連れの家族	地元の美味しいものを食べる, 花見や紅葉などの自然鑑賞	自家用車	自家用車			使わない	1,000円以上 3,000円未満	5,000円以上 10,000円未満	初めて	インターネット・アプリ, 友人・知人	のとじま水族館		能登食祭市場		1,000円以上 3,000円未満	満足	提供も早く、美味しかった	満足	お店の雰囲気がとても良い	感じなかった		8		また行きたい（1年以内）	特になし	女	1973	石川県	七尾市 南ヶ丘町	900万円以上 1,000万円未満	景品が当たる	満足	8	
能登エリア	のとじま水族館	2026/09/20	同意する	4泊以上	石川県内には宿泊しない	石川県内には宿泊しない	富山県	小学生以下連れの家族	テーマパーク（遊園地、動物園、博物館など）	自家用車	自家用車	とても満足	地震以来はじめての能登へ来ました	使わない	5,000円以上 10,000円未満	10,000円以上 20,000円未満	2～5回目	インターネット・アプリ	選択なし/該当施設なし	ここのみ	道の駅のとじま		5,000円以上 10,000円未満	満足	まあまあの料金の為	満足	まあまあの料金	感じなかった		10	まるのみジンベイザメのくじ　子供達が一人づつ欲しがるのてもう少し安い設定だったらありがたいです	また行きたい（1年以内）	特になし	女	1963	富山県	魚津市	100万円以上 200万円未満	景品が当たる	満足	10	能登だけてはなく金沢市内もオススメしたい
能登エリア	のとじま水族館	2026/09/20	同意する	3泊	2泊	金沢エリア  （湯涌温泉、深谷温泉、犀川温泉など）	富山県	中学生以上連れの家族	地元の美味しいものを食べる, テーマパーク（遊園地、動物園、博物館など）	自家用車	在来線	満足	道が走りやすかった	使わない	20,000円以上 30,000円未満	50,000円以上 100,000円未満	初めて	インターネット・アプリ	選択なし/該当施設なし		千里浜なぎさドライブウェイ		1,000円以上 3,000円未満	とても満足	ジンベイザメが戻ってきたこと	満足	解説が分かりやすくて良かった	感じなかった		10		また行きたい（1年以内）	能登半島の道の復興を発信してほしい。ジャンピングスポットまだまだ多すぎ	男	1970	岩手県	雫石町	1,000万円以上 1,200万円未満	景品が当たる	とても満足	10	
能登エリア	のと里山空港	2026/09/20	同意する	日帰り	石川県内には宿泊しない	石川県内には宿泊しない	石川県外には泊まらない	小学生以下連れの家族	テーマパーク（遊園地、動物園、博物館など）	自家用車	自家用車			使わない	3,000円以上 5,000円未満	10,000円以上 20,000円未満	2～5回目	インターネット・アプリ, Instagram	のとじま水族館		選択なし／該当施設なし		3,000円以上 5,000円未満	とても満足	復興が進んで良かった	とても満足		感じなかった		10		また行きたい（1年以内）	特になし	男	1983	富山県	高岡市	400万円以上 500万円未満	景品が当たる, ひゃくまんさんが好き, 石川県の雑学を知りたい	とても満足	8	
能登エリア	のとじま水族館	2026/09/20	同意する	日帰り	石川県内には宿泊しない	石川県内には宿泊しない	石川県外には泊まらない	中学生以上連れの家族	テーマパーク（遊園地、動物園、博物館など）	自家用車	自家用車, 徒歩			使わない	1,000円未満	1,000円以上 3,000円未満	2～5回目	Instagram, 友人・知人, 家族	選択なし/該当施設なし	ない(最初に訪れた場所)	選択なし／該当施設なし	ガラス美術館	1,000円以上 3,000円未満	満足	体力的な問題	とても満足	元気そうなジンベエザメを見ることができたので	感じた	目的の飲食店がネットでは営業日となっていたのに、着いてみたらそれなりの期間休業しているようだった	10		また行きたい（1年以内）	伝統産業	女	1978	富山県	射水市	700万円以上 800万円未満	景品が当たる, なんとなく	満足	8	
能登エリア	海舟	2026/09/20	同意する	3泊	3泊	能登エリア （和倉温泉、七尾市、輪島市、珠洲市など）	石川県外には泊まらない	夫婦2人	温泉や露天風呂, 地元の美味しいものを食べる	新幹線, 在来線	レンタカー			50,000円以上 100,000円未満	20,000円以上 30,000円未満	20,000円以上 30,000円未満	初めて	観光連盟やDMOのHP, Instagram	のとじま水族館		選択なし／該当施設なし	能登空港	10,000円以上 20,000円未満	満足	ご飯が美味しく、宿もとても素敵だった。	満足	温泉がとても良かった	感じなかった		9	能登や石川県の食べ物が疲れたお料理がとてもおいしかった。	また行きたい（1年以内）	特になし	女	1993	大阪府	淀川区	1,200万円以上 1,500万円未満	景品が当たる	とても満足	9	
金沢エリア	金沢中央観光案内所	2026/09/20	同意する	1泊	1泊	金沢エリア  （湯涌温泉、深谷温泉、犀川温泉など）	石川県外には泊まらない	中学生以上連れの家族	地元の美味しいものを食べる, まちあるき、都市散策	新幹線	徒歩	満足	時間通りにつく	20,000円以上 30,000円未満	10,000円以上 20,000円未満	20,000円以上 30,000円未満	初めて	インターネット・アプリ	ひがし茶屋街		近江町市場		使わない	満足	トイレがきれい	満足	スタッフが丁寧	感じなかった		8		機会があれば行きたい	アクティビティ	女	1969	奈良県	香芝市	500万円以上 600万円未満	景品が当たる	満足	8	
金沢エリア	スーパーホテルPremier金沢駅東口	2026/09/20	同意する	4泊以上	2泊	金沢エリア  （湯涌温泉、深谷温泉、犀川温泉など）	福井県	中学生以上連れの家族	地元の美味しいものを食べる, 名所、旧跡の観光, 買い物、アウトレット	新幹線	タクシー	満足	すぐ乗れる	50,000円以上 100,000円未満	40,000円以上 50,000円未満	50,000円以上 100,000円未満	初めて	新聞・雑誌・ガイドブック	ひがし茶屋街		兼六園		3,000円以上 5,000円未満	とても満足	接客	満足		感じなかった		10		機会があれば行きたい	なし	女	1965	山形県	高畠町	400万円以上 500万円未満	石川県のおすすめ観光スポットが見たい	満足	10	
金沢エリア	石川県立歴史博物館	2026/09/20	同意する	4泊以上	4泊以上	金沢エリア  （湯涌温泉、深谷温泉、犀川温泉など）	石川県外には泊まらない	夫婦2人	温泉や露天風呂, 地元の美味しいものを食べる, 名所、旧跡の観光, まちあるき、都市散策, ドライブ・ツーリング	自家用車, 高速バス	自家用車			50,000円以上 100,000円未満	10,000円以上 20,000円未満	30,000円以上 40,000円未満	2～5回目	観光パンフレット・ポスター, 観光連盟やDMOのHP, インターネット・アプリ, Instagram	選択なし/該当施設なし		金沢21世紀美術館		1,000円未満	満足		とても満足		感じた	駐車場係	7		また行きたい（1年以内）	お手軽なグルメ	男	1970	愛知県	名古屋	1,000万円以上 1,200万円未満	景品が当たる	満足	9	
金沢エリア	石川県立美術館	2026/09/20	同意する	日帰り	石川県内には宿泊しない	石川県内には宿泊しない	石川県外には泊まらない	親	地元の美味しいものを食べる, 買い物、アウトレット	自家用車	自家用車			使わない	1,000円未満	10,000円以上 20,000円未満	6～10回目	新聞・雑誌・ガイドブック	金沢21世紀美術館		選択なし/該当施設なし		1,000円以上 3,000円未満	とても満足	ケーキがとてもおいしかった	満足		感じなかった		10	カフェが綺麗でおいしい、展示物も綺麗で入館料も手頃で大変良い	また行きたい（1年以内）	おいしいものがとにかく多いので、ご飯やカフェをいつも楽しみにしています。多すぎて一度では食べきれません。また綺麗なものも多くどこに行っても満足です。期間イベントなども多く飽きません。	女	1993	大阪府	吹田市	600万円以上 700万円未満	景品が当たる, ひゃくまんさんが好き	とても満足	10	
金沢エリア	金沢中央観光案内所	2026/09/20	同意する	3泊	石川県内には宿泊しない	石川県内には宿泊しない	富山県	夫婦2人	名所、旧跡の観光, アウトドア（海水浴、釣り、登山など）, まちあるき、都市散策	新幹線	路線バス	満足	一日乗り放題	40,000円以上 50,000円未満	30,000円以上 40,000円未満	20,000円以上 30,000円未満	初めて	観光展・物産展, インターネット・アプリ, 観光協会等の案内所, タクシードライバーや地元の人	尾山神社		近江町市場		3,000円以上 5,000円未満	満足	休憩に丁度いい	満足	休憩に丁度いい	感じなかった		8		また行きたい（1年以内）	特になし	男	1969	千葉県	船橋市	1,000万円以上 1,200万円未満	景品が当たる	とても満足	10	金沢城
金沢エリア	金沢中央観光案内所	2026/09/20	同意する	日帰り	石川県内には宿泊しない	石川県内には宿泊しない	富山県	夫婦2人	地元の美味しいものを食べる, 名所、旧跡の観光, まちあるき、都市散策	新幹線	路線バス	満足	駅のバス乗り場がわかりにくかった。右回り、左回りがよくわからず長い列ができていた。	3,000円以上 5,000円未満	10,000円以上 20,000円未満	10,000円以上 20,000円未満	2～5回目	観光展・物産展, 新聞・雑誌・ガイドブック, 観光パンフレット・ポスター	尾山神社		近江町市場		1,000円以上 3,000円未満	満足	施設そのものが良かった	満足		感じなかった		10		また行きたい（1年以内）	特になし	女	1968	千葉県	船橋市	900万円以上 1,000万円未満	景品が当たる, ひゃくまんさんが好き, 石川県の雑学を知りたい	とても満足	10	見どころがたくさん詰まっている 特に私は金沢城が気に入っている
金沢エリア	石川県立歴史博物館	2026/09/20	同意する	日帰り	石川県内には宿泊しない	石川県内には宿泊しない	日帰り	中学生以上連れの家族	まちあるき、都市散策	自家用車	路線バス	とても満足	本数が多い　フリー切符がある	使わない	3,000円以上 5,000円未満	20,000円以上 30,000円未満	2～5回目	インターネット・アプリ	近江町市場		選択なし/該当施設なし	金沢駅	3,000円以上 5,000円未満	とても満足	見応えがある	満足	施設が良い	感じなかった	特にありません	8	いろいろあって楽しい	また行きたい（1年以内）	美味し物が沢山あり　楽しい	男	1966	富山県	富山市	700万円以上 800万円未満	景品が当たる	とても満足	8	美味しい食べ物
金沢エリア	金沢駅	2026/09/20	同意する	日帰り	石川県内には宿泊しない	石川県内には宿泊しない	富山県	小学生以下連れの家族	地元の美味しいものを食べる, 名所、旧跡の観光, アウトドア（海水浴、釣り、登山など）, マンホールカード	自家用車	徒歩	不満	近江町市場からのバスがすぐわからず歩いてきた	5,000円以上 10,000円未満	5,000円以上 10,000円未満	3,000円以上 5,000円未満	2～5回目	新聞・雑誌・ガイドブック, インターネット・アプリ	近江町市場		選択なし/該当施設なし	まいもん寿司	3,000円以上 5,000円未満	満足		満足		感じなかった		6		機会があれば行きたい	特になし	女	1975	長野県	諏訪市	800万円以上 900万円未満	景品が当たる, ひゃくまんさんが好き	満足	7	雰囲気良い
金沢エリア	石川県立図書館	2026/09/20	同意する	1泊	1泊	金沢エリア  （湯涌温泉、深谷温泉、犀川温泉など）	石川県外には泊まらない	自分ひとり	石川県立図書館を訪れる	新幹線	路線バス	とても満足	歩き疲れることなく、金沢駅から直接来れたこと	5,000円以上 10,000円未満	30,000円以上 40,000円未満	20,000円以上 30,000円未満	2～5回目	新聞・雑誌・ガイドブック, インターネット・アプリ	金沢21世紀美術館		選択なし/該当施設なし	ここを最後に帰路につきます	3,000円以上 5,000円未満	とても満足	スタッフの対応も良いし、なにより清潔感が有る	とても満足	清潔感	感じなかった		10	自分の気持ちを満たせる過ごし方が出来る	また行きたい（1年以内）	現状に非常に満足しています	女	1968	兵庫県	神戸市	200万円以上 300万円未満	景品が当たる, ひゃくまんさんが好き	とても満足	10	忙しい日常にかき消されていたワクワクする気持ちを取り戻せる
金沢エリア	金沢マンテンホテル駅前	2026/09/20	同意する	2泊	2泊	金沢エリア  （湯涌温泉、深谷温泉、犀川温泉など）	石川県外には泊まらない	夫婦2人	地元の美味しいものを食べる, 名所、旧跡の観光, 買い物、アウトレット	新幹線	徒歩			10,000円以上 20,000円未満	20,000円以上 30,000円未満	20,000円以上 30,000円未満	初めて	インターネット・アプリ	選択なし/該当施設なし		兼六園		10,000円以上 20,000円未満	満足		満足		感じなかった		8		機会があれば行きたい	海産物などはもちろん、スイーツも豊富で、胃が足りないくらいだった。	女	1985	東京都	新宿区	700万円以上 800万円未満	景品が当たる	とても満足	10	ショップの人など地元の人がとても温かく、色々お話できたのがとても楽しかった。
金沢エリア	だるまや旅館	2026/09/20	同意する	1泊	1泊	能登エリア （和倉温泉、七尾市、輪島市、珠洲市など）	石川県外には泊まらない	小学生以下連れの家族	温泉や露天風呂, 地元の美味しいものを食べる	自家用車, 新幹線	自家用車, 在来線			20,000円以上 30,000円未満	20,000円以上 30,000円未満	10,000円以上 20,000円未満	11回目以上	観光展・物産展, 新聞・雑誌・ガイドブック, X(旧：Twitter)	兼六園		金沢21世紀美術館		5,000円以上 10,000円未満	とても満足	お風呂が、良かった	とても満足	女将さんが優しかった	感じた	温度調整が難しかった	10	立地も良かった	また行きたい（1年以内）	おすし	女	1985	埼玉県	深谷市	500万円以上 600万円未満	景品が当たる	とても満足	10	景色がきれい
加賀エリア	日本自動車博物館	2026/09/20	同意する	3泊	3泊	加賀エリア （山代温泉、山中温泉、片山津温泉、粟津温泉、辰口温泉、加賀市、小松市など）	石川県外には泊まらない	小学生以下連れの家族	宿でのんびり過ごす, 温泉や露天風呂, テーマパーク（遊園地、動物園、博物館など）	自家用車	自家用車			100,000円以上	50,000円以上 100,000円未満	10,000円以上 20,000円未満	初めて	Instagram	選択なし/該当施設なし		ゆのくにの森		50,000円以上 100,000円未満	満足		とても満足	自分の産まれ年の車があったので	感じなかった	来やすかった	10	限定があるといいなと思った	また行きたい（1年以内）	のどぐろさいこー	女	1984	大阪府	大阪市中央区	1,000万円以上 1,200万円未満	景品が当たる	とても満足	10	いい場所がいっぱいあった
加賀エリア	トレインパーク白山	2026/09/20	同意する	2泊	1泊	金沢エリア  （湯涌温泉、深谷温泉、犀川温泉など）	岐阜県	小学生以下連れの家族	地元の美味しいものを食べる, テーマパーク（遊園地、動物園、博物館など）	自家用車	自家用車			30,000円以上 40,000円未満	10,000円以上 20,000円未満	3,000円以上 5,000円未満	初めて	インターネット・アプリ	選択なし/該当施設なし		選択なし／該当施設なし	雨晴海岸	1,000円以上 3,000円未満	とても満足	品揃えが豊富	とても満足	施設の混み具合、お土産の品揃えなどちょうどいいから	感じなかった		10		機会があれば行きたい	渓流釣り	男	1978	大阪府	此花区	600万円以上 700万円未満	景品が当たる	とても満足	10	自然豊かと感じたから
加賀エリア	ポイントバケーション加賀山中	2026/09/20	同意する	4泊以上	3泊	加賀エリア （山代温泉、山中温泉、片山津温泉、粟津温泉、辰口温泉、加賀市、小松市など）	岐阜県	夫婦2人	宿でのんびり過ごす, 温泉や露天風呂, 地元の美味しいものを食べる	自家用車	自家用車			10,000円以上 20,000円未満	20,000円以上 30,000円未満	1,000円以上 3,000円未満	初めて	リロバケーションの会員である為	選択なし/該当施設なし		選択なし／該当施設なし	まだ決めてない	10,000円以上 20,000円未満	とても満足	露天風呂が良い	とても満足	接客が良い　温泉が良い	感じた	道が狭く不便	10		機会があれば行きたい	ケイタリング　部屋での食事	女	1958	東京都	三鷹市	700万円以上 800万円未満	景品が当たる	とても満足	10	温泉の良さ
加賀エリア	サイエンスヒルズこまつ ひととものづくり科学館	2026/09/20	同意する	日帰り	石川県内には宿泊しない	石川県内には宿泊しない	石川県外には泊まらない	自分ひとり	テーマパーク（遊園地、動物園、博物館など）	県外から訪れていない（石川県内在住）	自家用車			使わない	5,000円以上 10,000円未満	1,000円未満	2～5回目	インターネット・アプリ, 友人・知人	選択なし/該当施設なし	金沢古民家	選択なし／該当施設なし	帰宅するため	3,000円以上 5,000円未満	満足	3Dスタジオが楽しい	満足	常に興味深いイベントが行われている	感じた	Wi-Fiが弱く、接続できる場所を探して歩き回りました	8		機会があれば行きたい	ここでしか買えない、ここでしか体験できないというものが魅力になると思います	女	1975	石川県	金沢市	1,000万円以上 1,200万円未満	景品が当たる	満足	7	3D映像も楽しいしSORAＱで遊べたのが最高でした
加賀エリア	瑠璃光	2026/09/20	同意する	2泊	2泊	加賀エリア （山代温泉、山中温泉、片山津温泉、粟津温泉、辰口温泉、加賀市、小松市など）	石川県外には泊まらない	恋人	宿でのんびり過ごす, 温泉や露天風呂, 地元の美味しいものを食べる, 名所、旧跡の観光, まちあるき、都市散策	レンタカー, 飛行機	レンタカー	とても満足	地元に町並みが似ていて運転しやすかった！	50,000円以上 100,000円未満	10,000円以上 20,000円未満	10,000円以上 20,000円未満	初めて	インターネット・アプリ	選択なし/該当施設なし		選択なし／該当施設なし	兼六園	3,000円以上 5,000円未満	満足	売店のおばあさんがフレンドリーでとても可愛い。	満足	子供が多く共有スペースでは少しうるさく感じた。	感じなかった		10	お土産は種類が多く、また特産を扱ったお土産が多くて選び甲斐があった。	機会があれば行きたい	能登牛を使用した料理	男	1990	北海道	帯広市	400万円以上 500万円未満	景品が当たる	満足	7	温泉と兼六園
加賀エリア	瑠璃光	2026/09/20	同意する	1泊	2泊	金沢エリア  （湯涌温泉、深谷温泉、犀川温泉など）	石川県外には泊まらない	恋人	宿でのんびり過ごす, 温泉や露天風呂, 地元の美味しいものを食べる, 名所、旧跡の観光, 買い物、アウトレット	レンタカー, 飛行機	レンタカー	満足	空港からレンタカー近く、移動しやすかった。	50,000円以上 100,000円未満	20,000円以上 30,000円未満	10,000円以上 20,000円未満	初めて	インターネット・アプリ, Instagram, YouTube	選択なし/該当施設なし		選択なし／該当施設なし	兼六園、金沢城公園	5,000円以上 10,000円未満	とても満足	スタンプラリーがとても楽しく、この後に入る温泉や料理も楽しみです、すぱくろくんの存在がとても気に入りました。	とても満足	売店のおばさんがとても親近感があり、温かみのある接客で良かったです。	感じなかった		10	すぱくろくんのタオルをぜひ作ってください。	また行きたい（1年以内）	すぱくろくんグッズがもっとあればいいなと思います。あと、スタンプラリーは面白かったのでまたやってほしいです。	女	1989	北海道	帯広市	400万円以上 500万円未満	景品が当たる, 石川県のおすすめ観光スポットが見たい	とても満足	10	温泉旅館の良さや、美味しい食べ物に観光スポットも見所があるのでいいなと感じました。
加賀エリア	小松空港	2026/09/20	同意する	2泊	2泊	金沢エリア  （湯涌温泉、深谷温泉、犀川温泉など）	石川県外には泊まらない	マスターズ出場のためチームメイト	その他スポーツ（ゴルフ、テニスなど）	飛行機	路線バス	どちらでもない	乗り物はいいが、全てSuicaが使えなかったことが残念	30,000円以上 40,000円未満	40,000円以上 50,000円未満	5,000円以上 10,000円未満	初めて	友人・知人	選択なし/該当施設なし	兼六園	選択なし／該当施設なし	帰宅	10,000円以上 20,000円未満	不満	アナフェスタがない	不満	AnaFESTAを期待してお土産を買わないできたけどなかった	感じた	搭乗手続き後の充電設備	3	機内に持ち込める食べ物などもう少し売っておいてほしい。	また行きたい（1年以内）	金箔のソフトクリームが素晴らしい！	女	1974	千葉県	船橋市	1,500万円以上	景品が当たる	満足	10	とても素敵な観光地。行きたいところがたくさん会った。
加賀エリア	ゆ湯の宿白山菖蒲亭	2026/09/20	同意する	2泊	2泊	加賀エリア （山代温泉、山中温泉、片山津温泉、粟津温泉、辰口温泉、加賀市、小松市など）	石川県外には泊まらない	小学生以下連れの家族	宿でのんびり過ごす, 温泉や露天風呂, 地元の美味しいものを食べる, ドライブ・ツーリング	自家用車	自家用車			40,000円以上 50,000円未満	30,000円以上 40,000円未満	10,000円以上 20,000円未満	2～5回目	インターネット・アプリ, Instagram	月うさぎの里		ゆのくにの森		40,000円以上 50,000円未満	満足	ラウンジに子どもの飲み物や本が置いてあるとより良かった	満足	施設内が静かでゆっくり過ごせた	感じた	チェックインがすぐに大浴場に行ったが、ティッシュが切れていて少し困った	9		機会があれば行きたい	子どもが楽しめるアクティビティが増えたら嬉しい	女	1994	埼玉県	川口市	900万円以上 1,000万円未満	景品が当たる, 石川県のおすすめ観光スポットが見たい	とても満足	10	かほっくるが子どもがたくさん遊べてよかった
加賀エリア	ポイントバケーション加賀山中	2026/09/20	同意する	1泊	1泊	加賀エリア （山代温泉、山中温泉、片山津温泉、粟津温泉、辰口温泉、加賀市、小松市など）	石川県外には泊まらない	中学生以上連れの家族	宿でのんびり過ごす, 温泉や露天風呂, 地元の美味しいものを食べる, 名所、旧跡の観光	自家用車	自家用車			20,000円以上 30,000円未満	10,000円以上 20,000円未満	5,000円以上 10,000円未満	2～5回目	インターネット・アプリ	選択なし/該当施設なし	東茶屋街	選択なし／該当施設なし	山中温泉街	5,000円以上 10,000円未満	とても満足	清掃がいい届いており、センスの良い施設だった	とても満足	温泉も気持ちよく、静かで温泉街に行くにもちょうどいい場所にあった	感じなかった		10		また行きたい（1年以内）	新鮮で他にはない海鮮料理	女	1971	滋賀県	甲賀市甲南町	900万円以上 1,000万円未満	景品が当たる, 石川県のおすすめ観光スポットが見たい	とても満足	10	街並み　日本らしさ
加賀エリア	ポイントバケーション加賀山中	2026/09/20	同意する	3泊	3泊	加賀エリア （山代温泉、山中温泉、片山津温泉、粟津温泉、辰口温泉、加賀市、小松市など）	石川県外には泊まらない	夫婦2人	温泉や露天風呂, 地元の美味しいものを食べる, ウィスキー蒸留所訪問	飛行機	レンタカー	満足	用途には過不足ないがレンタカーが古い	40,000円以上 50,000円未満	10,000円以上 20,000円未満	50,000円以上 100,000円未満	初めて	会員制施設	選択なし/該当施設なし	三郎丸蒸留所	選択なし／該当施設なし	永平寺	5,000円以上 10,000円未満	とても満足	不満点が全く無いので	とても満足	同上	感じなかった		9		また行きたい（1年以内）	特になし	男	1968	神奈川県	横浜市	1,200万円以上 1,500万円未満	景品が当たる, ひゃくまんさんが好き	とても満足	10	食事が美味しい、見どころがコンパクトにまとまっている。
加賀エリア	ポイントバケーション加賀山中温泉	2026/09/20	同意する	3泊	3泊	加賀エリア （山代温泉、山中温泉、片山津温泉、粟津温泉、辰口温泉、加賀市、小松市など）	石川県外には泊まらない	夫婦2人	温泉や露天風呂, 地元の美味しいものを食べる	飛行機	レンタカー	とても満足	不満点がないため	30,000円以上 40,000円未満	10,000円以上 20,000円未満	50,000円以上 100,000円未満	初めて	インターネット・アプリ	選択なし/該当施設なし	三郎丸蒸留所	選択なし／該当施設なし	永平寺	5,000円以上 10,000円未満	とても満足	不満点がないので。	とても満足	不満点がないので	感じなかった		10		また行きたい（1年以内）	特になし	男	1968	神奈川県	横浜市	1,200万円以上 1,500万円未満	景品が当たる, ひゃくまんさんが好き	とても満足	10	食事が美味しい
加賀エリア	いしかわ動物園	2026/09/20	同意する	1泊	石川県内には宿泊しない	石川県内には宿泊しない	石川県外には泊まらない	夫婦2人	地元の美味しいものを食べる	自家用車	自家用車			10,000円以上 20,000円未満	10,000円以上 20,000円未満	10,000円以上 20,000円未満	2～5回目	Instagram	選択なし/該当施設なし		選択なし／該当施設なし		1,000円以上 3,000円未満	とても満足	動物たちが思っていたより近くで見れたから！	とても満足	ネコ科の動物たちがたくさんいて嬉しかった！	感じなかった		8		また行きたい（1年以内）	お寿司！！	女	1986	岡山県	赤磐市	900万円以上 1,000万円未満	景品が当たる	とても満足	9	お寿司がおいしい！
加賀エリア	ゆのくに天祥	2026/09/20	同意する	1泊	1泊	加賀エリア （山代温泉、山中温泉、片山津温泉、粟津温泉、辰口温泉、加賀市、小松市など）	石川県外には泊まらない	中学生以上連れの家族	宿でのんびり過ごす, 温泉や露天風呂	自家用車	自家用車			40,000円以上 50,000円未満	10,000円以上 20,000円未満	10,000円以上 20,000円未満	初めて	インターネット・アプリ	ゆのくにの森	色々楽しめそう	選択なし／該当施設なし		5,000円以上 10,000円未満	満足	良かった	満足		感じなかった		9		機会があれば行きたい	特になし	男	1963	大阪府	大阪市	900万円以上 1,000万円未満	景品が当たる	満足	9	
加賀エリア	いしかわ動物園	2026/09/20	同意する	4泊以上	4泊以上	加賀エリア （山代温泉、山中温泉、片山津温泉、粟津温泉、辰口温泉、加賀市、小松市など）	石川県外には泊まらない	小学生以下連れの家族	友人・親戚を訪ねる	新幹線	自家用車	とても満足		使わない	40,000円以上 50,000円未満	50,000円以上 100,000円未満	6～10回目	観光連盟やDMOのHP	那谷寺		選択なし／該当施設なし		1,000円以上 3,000円未満	とても満足		とても満足	ナイトズーの開催日が多いのが嬉しい	感じなかった		10	ホワイトタイガーの迫力のある餌やりに子どもも大喜びでした	また行きたい（1年以内）	新鮮な魚、繊細な菓子、大自然の中での体験型アクティビティ	女	1994	埼玉県	戸田市	800万円以上 900万円未満	景品が当たる	とても満足	10	関東で出来ない体験ができるから
加賀エリア	いしかわ動物園	2026/09/20	同意する	日帰り	石川県内には宿泊しない	石川県内には宿泊しない	地元人	小学生以下連れの家族	久しぶりのナイトズーに来ました	県外から訪れていない（石川県内在住）	自家用車			使わない	1,000円以上 3,000円未満	1,000円未満	11回目以上	友人・知人	選択なし/該当施設なし		選択なし／該当施設なし		1,000円以上 3,000円未満	満足	チョコもちも楽しみにしてきた	満足	動物が多いし、ゆっくり見れる	感じた	ナイトズーなど特別な時は飲食スペースを増やして欲しい	9		石川県在住	和菓子とお茶スペースがあるといい	女	1983	石川県	野々市市	200万円以上 300万円未満	景品が当たる	とても満足	10	
加賀エリア	ゆのくに天祥	2026/09/20	同意する	3泊	1泊	加賀エリア （山代温泉、山中温泉、片山津温泉、粟津温泉、辰口温泉、加賀市、小松市など）	富山県	親	宿でのんびり過ごす, 温泉や露天風呂, 地元の美味しいものを食べる, 名所、旧跡の観光, 買い物、アウトレット	自家用車	自家用車			30,000円以上 40,000円未満	3,000円以上 5,000円未満	10,000円以上 20,000円未満	2～5回目	観光パンフレット・ポスター, 観光連盟やDMOのHP, インターネット・アプリ, 友人・知人, 観光協会等の案内所	選択なし/該当施設なし	白山比咩神社　金劔宮	選択なし／該当施設なし	海	1,000円以上 3,000円未満	とても満足	楽しめたから	とても満足	おもてなしが丁寧でした！	感じなかった		10	無料サービスが多くて楽しめたし、温泉もとても良かったです！	また行きたい（1年以内）	特にないです。	女	1976	長野県	小布施町	400万円以上 500万円未満	景品が当たる, ひゃくまんさんが好き, ARでひゃくまんさんと写真が撮りたかった, 動く３Dひゃくまんさんを見たい, 石川県のおすすめ観光スポットが見たい, 石川県の雑学を知りたい	とても満足	10	ゆったりのんびりできる所だった。
加賀エリア	サイエンスヒルズこまつ ひととものづくり科学館	2026/09/20	同意する	日帰り	石川県内には宿泊しない	石川県内には宿泊しない	石川県外には泊まらない	小学生以下連れの家族	お祭りやイベントへの参加・見物	県外から訪れていない（石川県内在住）	自家用車			使わない	使わない	使わない	6～10回目	観光パンフレット・ポスター	選択なし/該当施設なし		選択なし／該当施設なし		1,000円以上 3,000円未満	とても満足	無料エリアでも楽しめる	とても満足	施設がおしゃれで清潔	感じた	座ってするゲームの近くに送風機が置かれていて、長時間風が当たって寒かった	8		石川県在住	伝統的な部分も残しつつ、現代のモダンや建物や飲食も楽しめる	女	1979	石川県	金沢市	500万円以上 600万円未満	景品が当たる	とても満足	10	
加賀エリア	加賀の宿宝生亭	2026/09/20	同意する	4泊以上	2泊	加賀エリア （山代温泉、山中温泉、片山津温泉、粟津温泉、辰口温泉、加賀市、小松市など）	福井県	小学生以下連れの家族	名所、旧跡の観光, テーマパーク（遊園地、動物園、博物館など）, 各種体験（手作り、果物狩りなど）	レンタカー, 新幹線	レンタカー			30,000円以上 40,000円未満	50,000円以上 100,000円未満	20,000円以上 30,000円未満	初めて	インターネット・アプリ	選択なし/該当施設なし	シバマサワールド	月うさぎの里		20,000円以上 30,000円未満	満足	風呂上がりのサービス	満足	宅配の箱が120より小さいのも必要	感じた	トイレが少ない	8	料理が出てくるのがやや遅い	機会があれば行きたい	海の幸	女	1956	広島県	福山市	1,500万円以上	石川県のおすすめ観光スポットが見たい	満足	9	町の人があたたかい
加賀エリア	いしかわ動物園	2026/09/21	同意する	1泊	1泊	加賀エリア （山代温泉、山中温泉、片山津温泉、粟津温泉、辰口温泉、加賀市、小松市など）	石川県外には泊まらない	中学生以上連れの家族	温泉や露天風呂, 名所、旧跡の観光, ドライブ・ツーリング	自家用車	自家用車			3,000円以上 5,000円未満	5,000円以上 10,000円未満	10,000円以上 20,000円未満	初めて	インターネット・アプリ	選択なし/該当施設なし		選択なし／該当施設なし	こまつの杜	3,000円以上 5,000円未満	満足	ポップがステキだったから	満足	動物たちがよく動いていました、よく見れた	感じなかった		9	お土産の種類はもう少し多くてもいいかも	機会があれば行きたい	特になし	女	1971	愛知県	小牧市	900万円以上 1,000万円未満	景品が当たる	満足	9	
能登エリア	のとじま水族館	2026/09/20	同意する	日帰り	石川県内には宿泊しない	石川県内には宿泊しない	富山県	夫婦2人	テーマパーク（遊園地、動物園、博物館など）	自家用車	自家用車			3,000円以上 5,000円未満	1,000円以上 3,000円未満	3,000円以上 5,000円未満	11回目以上	X(旧：Twitter)	のとじま水族館		道の駅のとじま		1,000円以上 3,000円未満	とても満足	ジンベエザメが来た	とても満足	ジンベエザメが来た	感じなかった		10	ジンベエザメのクッキーアイス食べたかった	また行きたい（1年以内）	ジンベエザメが来たのでもっとアピールしてほしい	女	1999	富山県	富山市	400万円以上 500万円未満	景品が当たる	とても満足	10	ジンベエザメ
能登エリア	道の駅輪島	2026/09/20	同意する	2泊	2泊	金沢エリア  （湯涌温泉、深谷温泉、犀川温泉など）	石川県外には泊まらない	恋人	温泉や露天風呂, 地元の美味しいものを食べる	レンタカー, 新幹線	レンタカー	とても満足	まさに求めていた道の駅でした。	30,000円以上 40,000円未満	10,000円以上 20,000円未満	20,000円以上 30,000円未満	初めて	X(旧：Twitter), Instagram	千里浜なぎさドライブウェイ		選択なし／該当施設なし		1,000円未満	とても満足	美味しい塩チョコでした	とても満足	理想の道の駅でした	感じなかった		10		また行きたい（1年以内）	特になし	男	1996	千葉県	流山市	500万円以上 600万円未満	景品が当たる	とても満足	10	
能登エリア	コスモアイル羽咋	2026/09/20	同意する	3泊	3泊	白山エリア （一里野温泉、白峰温泉、白山市など）	石川県外には泊まらない	小学生以下連れの家族	名所、旧跡の観光, テーマパーク（遊園地、動物園、博物館など）	自家用車	自家用車	満足		20,000円以上 30,000円未満	5,000円以上 10,000円未満	50,000円以上 100,000円未満	6～10回目	インターネット・アプリ	のとじま水族館	のと里山空港	選択なし／該当施設なし		5,000円以上 10,000円未満	満足	UFO好き	とても満足	想像以上に良かった	感じなかった		10	もっとお土産欲しい	また行きたい（1年以内）	やっぱり魚、ナスそうめん	女	1980	埼玉県	さいたま市	600万円以上 700万円未満	ひゃくまんさんが好き, 石川県のおすすめ観光スポットが見たい	満足	9	コスモアイル羽咋良かった！
能登エリア	おくだや	2026/09/20	同意する	1泊	2泊	金沢エリア  （湯涌温泉、深谷温泉、犀川温泉など）	石川県外には泊まらない	夫婦2人	温泉や露天風呂	レンタカー, 飛行機	レンタカー	とても満足	勝手が効くから	100,000円以上	30,000円以上 40,000円未満	40,000円以上 50,000円未満	2～5回目	インターネット・アプリ	選択なし/該当施設なし	直接きたから	道の駅のとじま		10,000円以上 20,000円未満	とても満足	対応が良い	とても満足	お湯と人	感じなかった		8	来るまでの道中が長いのが　私たち地域に住んですものの不便ですが　それは仕方ないこと。	どちらともいえない	特に無し	女	1955	沖縄県	中頭郡	1,500万円以上	景品が当たる	とても満足	8	
能登エリア	能登食祭市場	2026/09/20	同意する	日帰り	石川県内には宿泊しない	石川県内には宿泊しない	石川県外には泊まらない	小学生以下連れの家族	買い物、アウトレット	県内です	自家用車			10,000円以上 20,000円未満	10,000円以上 20,000円未満	10,000円以上 20,000円未満	初めて	ぶらりと	のとじま水族館		選択なし／該当施設なし		10,000円以上 20,000円未満	満足	フードコートが美味しかった	満足		感じなかった		10		また行きたい（1年以内）	特になし	男	1988	石川県	金沢市	1,000万円以上 1,200万円未満	景品が当たる	とても満足	10	
能登エリア	和倉温泉-総湯-	2026/09/20	同意する	1泊	1泊	能登エリア （和倉温泉、七尾市、輪島市、珠洲市など）	石川県外には泊まらない	小学生以下連れの家族	温泉や露天風呂, 地元の美味しいものを食べる, テーマパーク（遊園地、動物園、博物館など）, まちあるき、都市散策	自家用車	自家用車			30,000円以上 40,000円未満	5,000円以上 10,000円未満	30,000円以上 40,000円未満	6～10回目	新聞・雑誌・ガイドブック, インターネット・アプリ, Instagram	のとじま水族館		能登食祭市場		10,000円以上 20,000円未満	とても満足	食べ物が新鮮でどれも美味しかった	とても満足	どれも新鮮なモノばかりだった。	感じた	駐車場が少なく待ったから	10		また行きたい（1年以内）	京都のように、「和」のものがたくさんあったらいいなと思います。「着物」「お茶」など。	女	1979	富山県	高岡市	100万円以上 200万円未満	景品が当たる, 石川県のおすすめ観光スポットが見たい, 石川県の雑学を知りたい	とても満足	10	石川は食物も美味しいし観光もできる。何度泊まっても満足！！普段から大好きです！
能登エリア	田舎の宿 いろり庵	2026/09/20	同意する	2泊	2泊	能登エリア （和倉温泉、七尾市、輪島市、珠洲市など）	石川県外には泊まらない	夫婦と犬	地元の美味しいものを食べる, まちあるき、都市散策	自家用車	自家用車			10,000円以上 20,000円未満	10,000円以上 20,000円未満	10,000円以上 20,000円未満	初めて	インターネット・アプリ	選択なし/該当施設なし		選択なし／該当施設なし		10,000円以上 20,000円未満	とても満足	古民家の雰囲気が素敵	とても満足	施設が綺麗で和室でもベッド。静か	感じなかった		10	公共の温泉にも近くて利用しました	また行きたい（1年以内）	海鮮、街並み	女	1970	愛知県	日進市	1,200万円以上 1,500万円未満	景品が当たる	とても満足	9	食べ物、復興のお手伝いになれば
能登エリア	のと里山空港	2026/09/20	同意する	4泊以上	3泊	金沢エリア  （湯涌温泉、深谷温泉、犀川温泉など）	福井県	夫婦2人	地元の美味しいものを食べる, 名所、旧跡の観光, まちあるき、都市散策	自家用車	自家用車	満足	自由に時間が使える	40,000円以上 50,000円未満	30,000円以上 40,000円未満	20,000円以上 30,000円未満	2～5回目	観光展・物産展, インターネット・アプリ	千里浜なぎさドライブウェイ		輪島朝市		3,000円以上 5,000円未満	満足	輪島塗買いました	満足		感じなかった		8		機会があれば行きたい	特になし	男	1968	千葉県	千葉市美浜区	1,000万円以上 1,200万円未満	景品が当たる	とても満足	8	
能登エリア	のと里山空港	2026/09/20	同意する	2泊	1泊	能登エリア （和倉温泉、七尾市、輪島市、珠洲市など）	富山県	中学生以上連れの家族	温泉や露天風呂, 地元の美味しいものを食べる, 名所、旧跡の観光, お祭りやイベントへの参加・見物	県外から訪れていない（石川県内在住）	自家用車	満足	道路工事が多く、交通渋滞を引き起こしていた。	10,000円以上 20,000円未満	10,000円以上 20,000円未満	10,000円以上 20,000円未満	2～5回目	観光パンフレット・ポスター, インターネット・アプリ	選択なし/該当施設なし	道の駅すずなり	能登食祭市場		3,000円以上 5,000円未満	満足	良いおみやげが買えた。	満足	イベント（ポケモン）に参加できた。	感じなかった		10		また行きたい（1年以内）	特になし	男	1967	石川県	加賀市	300万円以上 400万円未満	景品が当たる, 石川県のおすすめ観光スポットが見たい	とても満足	10	景色、食事、お土産、人柄
能登エリア	民宿はまなす	2026/09/20	同意する	4泊以上	4泊以上	能登エリア （和倉温泉、七尾市、輪島市、珠洲市など）	石川県外には泊まらない	自分ひとり	災害ボランティアに参加	自家用車	自家用車			20,000円以上 30,000円未満	1,000円以上 3,000円未満	5,000円以上 10,000円未満	6～10回目	インターネット・アプリ, Facebook	千里浜なぎさドライブウェイ		選択なし／該当施設なし	観光目的ではないのて	使わない	どちらでもない		どちらでもない		感じなかった		8		また行きたい（1年以内）	特になし	男	1960	兵庫県	多可郡多可町	500万円以上 600万円未満	景品が当たる, 石川県のおすすめ観光スポットが見たい	満足	7	自然が豊富、人が温かい
能登エリア	料理旅館 大社庵	2026/09/20	同意する	2泊	2泊	金沢エリア  （湯涌温泉、深谷温泉、犀川温泉など）	石川県外には泊まらない	夫婦2人	アウトドア（海水浴、釣り、登山など）	自家用車	自家用車			40,000円以上 50,000円未満	10,000円以上 20,000円未満	5,000円以上 10,000円未満	6～10回目	インターネット・アプリ	千里浜なぎさドライブウェイ		千里浜なぎさドライブウェイ		1,000円以上 3,000円未満	とても満足	他にない！	とても満足	整備されている	感じなかった		10		また行きたい（1年以内）	キス釣り最高！	男	1978	神奈川県	横浜	700万円以上 800万円未満	景品が当たる	とても満足	10	キスが沢山釣れる！
能登エリア	PEACE ライダーズマリンベース	2026/09/20	同意する	4泊以上	4泊以上	能登エリア （和倉温泉、七尾市、輪島市、珠洲市など）	石川県外には泊まらない	友人	地元の美味しいものを食べる, 名所、旧跡の観光, アウトドア（海水浴、釣り、登山など）, ドライブ・ツーリング	自家用車	自家用車			3,000円以上 5,000円未満	20,000円以上 30,000円未満	30,000円以上 40,000円未満	初めて	友人・知人	選択なし/該当施設なし		輪島朝市		5,000円以上 10,000円未満	満足	試食が良かった	満足		感じなかった		7		機会があれば行きたい	道がまだまだ凸凹で早く復旧する事を願ってます。	男	1964	千葉県	鎌ケ谷市	700万円以上 800万円未満	景品が当たる	とても満足	8	景色等
能登エリア	民宿 寅さん	2026/09/20	同意する	3泊	3泊	能登エリア （和倉温泉、七尾市、輪島市、珠洲市など）	福井県	友人	災害支援	レンタカー	レンタカー	とても満足	民宿の対応がとても優しかったからです　	5,000円以上 10,000円未満	40,000円以上 50,000円未満	10,000円以上 20,000円未満	6～10回目	Instagram	選択なし/該当施設なし	災害支援だからです　	選択なし／該当施設なし	災害支援です。あくまでも	5,000円以上 10,000円未満	とても満足	海も綺麗だし、部屋も綺麗だからです	とても満足	気がきく	感じなかった		6		どちらともいえない	特になし	男	1959	鳥取県	鳥取市	700万円以上 800万円未満	石川県のおすすめ観光スポットが見たい	どちらでもない	8	自然が豊かだから
能登エリア	民宿 寅さん	2026/09/20	同意する	3泊	3泊	能登エリア （和倉温泉、七尾市、輪島市、珠洲市など）	石川県外には泊まらない	友人	ボランティア	レンタカー, 新幹線	レンタカー	どちらでもない	レンタカーなので、いつもと変わらない	40,000円以上 50,000円未満	20,000円以上 30,000円未満	20,000円以上 30,000円未満	初めて	民宿間の紹介	選択なし/該当施設なし	災害ボランティアなので観光はしていない	選択なし／該当施設なし	災害支援だからです	5,000円以上 10,000円未満	満足	親切です。	どちらでもない	個室だったから。	感じなかった		6	自然が豊かでした。	また行きたい（1年以内）	魚が美味しかったです	女	1973	熊本県	熊本市	700万円以上 800万円未満	勧められて	満足	9	人がいい 
能登エリア	料理旅館 大社庵	2026/09/20	同意する	2泊	2泊	能登エリア （和倉温泉、七尾市、輪島市、珠洲市など）	石川県外には泊まらない	夫婦2人	アウトドア（海水浴、釣り、登山など）	自家用車	自家用車			20,000円以上 30,000円未満	10,000円以上 20,000円未満	10,000円以上 20,000円未満	6～10回目	インターネット・アプリ	千里浜なぎさドライブウェイ		千里浜なぎさドライブウェイ		使わない	どちらでもない		とても満足	良く整備されている	感じなかった		10	釣り	また行きたい（1年以内）	キス釣り	男	1978	神奈川県	横浜	700万円以上 800万円未満	景品が当たる	とても満足	10	キスが沢山釣れる
能登エリア	料理旅館 大社庵	2026/09/20	同意する	2泊	2泊	能登エリア （和倉温泉、七尾市、輪島市、珠洲市など）	石川県外には泊まらない	夫婦2人	アウトドア（海水浴、釣り、登山など）	自家用車	自家用車			20,000円以上 30,000円未満	使わない	10,000円以上 20,000円未満	初めて	インターネット・アプリ	千里浜なぎさドライブウェイ		選択なし／該当施設なし	近くの海岸	10,000円以上 20,000円未満	とても満足	接客がとても良い。食事が美味しい。	とても満足	悪い所が見つからない。細かい気配りがある。	感じなかった		10	とても美味しかった	また行きたい（1年以内）	今のまま、自然を残してほしい	女	1963	神奈川県	横浜市	1,000万円以上 1,200万円未満	景品が当たる, 石川県の雑学を知りたい	とても満足	10	道も人も景色も食べ物も、とても良い
能登エリア	兜ガーデンファーム	2026/09/20	同意する	1泊	3泊	能登エリア （和倉温泉、七尾市、輪島市、珠洲市など）	岐阜県	小学生以下連れの家族	地元の美味しいものを食べる, 友人・親戚を訪ねる	自家用車	自家用車			10,000円以上 20,000円未満	10,000円以上 20,000円未満	30,000円以上 40,000円未満	11回目以上	Instagram, Googleマップ	選択なし/該当施設なし	ラクーナ羽咋	のとじま水族館		5,000円以上 10,000円未満	満足	適宜対応していただけました。	満足		感じなかった		10		また行きたい（1年以内）	東海地方にはないとても素晴らしい文化があって、大好きです。もっともっと美味しいものや、素晴らしい景色を広めたいです！	女	1988	岐阜県	岐阜市	800万円以上 900万円未満	景品が当たる	満足	10	
能登エリア	民宿 寅さん	2026/09/20	同意する	1泊	3泊	能登エリア （和倉温泉、七尾市、輪島市、珠洲市など）	石川県外には泊まらない	職場の同僚	出張など仕事関係, 	レンタカー, 新幹線	レンタカー	満足	手頃なサイズ	5,000円以上 10,000円未満	50,000円以上 100,000円未満	30,000円以上 40,000円未満	6～10回目	Instagram	選択なし/該当施設なし	大乗寺	選択なし／該当施設なし	ケロンの小さな村	1,000円未満	とても満足	手作り感満載、米粉を使っている	とても満足	村全体がおとぎの国のよう	感じなかった		10	スタッフの親切、子どもの遊びや自然体験ができる	また行きたい（1年以内）	新鮮な魚を使った料理店、安価な美味しい土日に入れる寿司屋を増やして欲しい。	無回答	1954	埼玉県	見沼区	400万円以上 500万円未満	景品が当たる	満足	10	文化自然がよい。人が親切
能登エリア	民宿 寅さん	2026/09/20	同意する	2泊	2泊	能登エリア （和倉温泉、七尾市、輪島市、珠洲市など）	石川県外には泊まらない	家族	宿でのんびり過ごす, 地元の美味しいものを食べる, 名所、旧跡の観光, お祭りやイベントへの参加・見物, まちあるき、都市散策	自家用車	自家用車		ゆっくりできたから。	20,000円以上 30,000円未満	20,000円以上 30,000円未満	50,000円以上 100,000円未満	11回目以上	TV・ラジオ番組やCM, インターネット・アプリ, 友人・知人	能登食祭市場		のとじま水族館		20,000円以上 30,000円未満	とても満足	ゆっくりするから。	とても満足	ゆっくりするから。	感じなかった	ない	10		また行きたい（1年以内）	特になし	女	1958	三重県	いなべ市	200万円以上 300万円未満	景品が当たる	とても満足	10	施設
能登エリア	民宿 寅さん	2026/09/20	同意する	3泊	3泊	能登エリア （和倉温泉、七尾市、輪島市、珠洲市など）	石川県外には泊まらない	友人	宿でのんびり過ごす, 地元の美味しいものを食べる, 名所、旧跡の観光	自家用車	自家用車			10,000円以上 20,000円未満	20,000円以上 30,000円未満	50,000円以上 100,000円未満	初めて	インターネット・アプリ	千里浜なぎさドライブウェイ		のとじま水族館		10,000円以上 20,000円未満	とても満足	スタッフの方がとても親切で、気持ちよく利用したいです。	とても満足	清潔感があり、サービスもスムーズだったのでまた利用したいです。	感じなかった		10	お刺身が新鮮でとても美味しかったです。	また行きたい（1年以内）	気軽に立ち寄れる飲食店やカフェと、日常使いしやすいお土産がもっと充実してほしいです。	女	2004	愛知県	桑名市	500万円以上 600万円未満	景品が当たる	とても満足	10	「千里浜なぎさドライブウェイ」です。日本で唯一、車で波打ち際を走ることができる場所と聞いて訪れましたが、窓を開けて潮風を感じながら走るドライブは想像以上の爽快感でした。車から降りてすぐ目の前に広がる日本海の美しさも含め、車好きの方や家族連れにぜひ薦めたい絶景です。
能登エリア	のとじま水族館	2026/09/20	同意する	3泊	3泊	能登エリア （和倉温泉、七尾市、輪島市、珠洲市など）	石川県外には泊まらない	小学生以下連れの家族	地元の美味しいものを食べる, 買い物、アウトレット	自家用車	自家用車			使わない	20,000円以上 30,000円未満	20,000円以上 30,000円未満	2～5回目	観光協会等の案内所	選択なし/該当施設なし		選択なし／該当施設なし		5,000円以上 10,000円未満	満足	ショーや展示に満足しました	満足	ポケモンのスタンプも楽しかった	感じなかった		10		また行きたい（1年以内）	特になし	女	1989	徳島県	松茂町	900万円以上 1,000万円未満	景品が当たる	満足	8	のとじま水族館はなかなか水族館でも満足感が高いものだと感じました
能登エリア	ペンション il Pino	2026/09/20	同意する	2泊	2泊	能登エリア （和倉温泉、七尾市、輪島市、珠洲市など）	石川県外には泊まらない	友人	地元の美味しいものを食べる, 名所、旧跡の観光, 復興支援もかねて	高速バス	路線バス	満足		5,000円以上 10,000円未満	3,000円以上 5,000円未満	20,000円以上 30,000円未満	初めて	インターネット・アプリ	のとじま水族館		選択なし／該当施設なし	和倉温泉お祭り会館	5,000円以上 10,000円未満	とても満足	オーナーの方が優しく、話していて楽しかったです	とても満足	部屋もきれいで、設備が整っていた	感じなかった		10	空が晴れていると綺麗な星空が見えるとのこと	また行きたい（1年以内）	既にあるかもしれないですが、能登島での自転車等の貸し出しがあったらいいなと思いました	男	2003	埼玉県	三郷市	500万円以上 600万円未満	景品が当たる, 石川県のおすすめ観光スポットが見たい	とても満足	10	近江町市場もペンションのオーナーの方も、優しい人が多い印象
能登エリア	のとじま水族館	2026/09/20	同意する	2泊	石川県内には宿泊しない	石川県内には宿泊しない	お友達の家	友達家族	テーマパーク（遊園地、動物園、博物館など）	自家用車	自家用車			5,000円以上 10,000円未満	使わない	5,000円以上 10,000円未満	2～5回目	インターネット・アプリ, 友人・知人	のとじま水族館		のとじま水族館		5,000円以上 10,000円未満	満足	イルカショーもとても楽しめました。色々な種類のお土産があったり子供が喜びそうなお土産も充実していて良かったです。	満足	数少ないジンベイザメにあえて良かったです	感じなかった		7		機会があれば行きたい	特になし	女	1994	愛知県	名古屋市天白区	700万円以上 800万円未満	景品が当たる	満足	7	のとじま水族館をすすめたいです。
能登エリア	道の駅織姫の里なかのと	2026/09/20	同意する	日帰り	石川県内には宿泊しない	石川県内には宿泊しない	石川県外には泊まらない	小学生以下連れの家族	地元の美味しいものを食べる, テーマパーク（遊園地、動物園、博物館など）, 買い物、アウトレット	自家用車	自家用車	満足	車が楽で便利	使わない	1,000円以上 3,000円未満	20,000円以上 30,000円未満	2～5回目	インターネット・アプリ, X(旧：Twitter)	のとじま水族館		能登食祭市場		10,000円以上 20,000円未満	とても満足		満足	揃えがよい	感じなかった		8	良かった	機会があれば行きたい	美味しいもの	女	1981	富山県	富山市	500万円以上 600万円未満	景品が当たる	満足	8	ジンベエザメ
能登エリア	道の駅織姫の里なかのと	2026/09/20	同意する	日帰り	石川県内には宿泊しない	石川県内には宿泊しない	石川県外には泊まらない	小学生以下連れの家族	テーマパーク（遊園地、動物園、博物館など）, 買い物、アウトレット	自家用車	自家用車			使わない	使わない	20,000円以上 30,000円未満	2～5回目	X(旧：Twitter)	のとじま水族館		能登食祭市場		10,000円以上 20,000円未満	満足	地元の酒が買えた	満足	地元の酒が買えた	感じなかった		8		また行きたい（1年以内）	地元食材を食べる	男	1982	富山県	富山市	700万円以上 800万円未満	景品が当たる	満足	8	のとじま水族館で再びジンベエザメが見られる
能登エリア	道の駅織姫の里なかのと	2026/09/20	同意する	日帰り	石川県内には宿泊しない	石川県内には宿泊しない	石川県外には泊まらない	小学生以下連れの家族	地元の美味しいものを食べる, テーマパーク（遊園地、動物園、博物館など）, 買い物、アウトレット	自家用車	自家用車			使わない	1,000円以上 3,000円未満	20,000円以上 30,000円未満	2～5回目	インターネット・アプリ, X(旧：Twitter)	のとじま水族館		能登食祭市場		10,000円以上 20,000円未満	満足	買い物に満足した	満足	良かった	感じなかった		8		機会があれば行きたい	美味しいもの	女	1981	富山県	富山市	500万円以上 600万円未満	景品が当たる	満足	8	
能登エリア	のとじま水族館	2026/09/20	同意する	2泊	2泊	金沢エリア  （湯涌温泉、深谷温泉、犀川温泉など）	石川県外には泊まらない	夫婦2人	名所、旧跡の観光, テーマパーク（遊園地、動物園、博物館など）	新幹線	レンタカー	満足	渋滞にぶつからなかったから	50,000円以上 100,000円未満	50,000円以上 100,000円未満	30,000円以上 40,000円未満	初めて	インターネット・アプリ	選択なし/該当施設なし	水族館が目的地だった	選択なし／該当施設なし	七尾城に向かったから	3,000円以上 5,000円未満	満足	ジンベイザメとカワウソが可愛かったし、お魚もたくさん見れたから	満足	カワウソさんが起きているところも見れたら嬉しかった	感じなかった		9	リアル写真を使ったグッズが欲しかったです	機会があれば行きたい	観光地化されていない価格の食事が食べられるお店の探し方を知りたいです	女	1969	千葉県	千葉市	800万円以上 900万円未満	景品が当たる	満足	8	水族館のタイ軍団とイワシ軍団が両方とも見れたから
能登エリア	和倉温泉観光案内所	2026/09/20	同意する	4泊以上	4泊以上	能登エリア （和倉温泉、七尾市、輪島市、珠洲市など）	富山県	夫婦2人	アウトドア（海水浴、釣り、登山など）	自家用車	自家用車			使わない	3,000円以上 5,000円未満	20,000円以上 30,000円未満	初めて	観光パンフレット・ポスター, インターネット・アプリ, X(旧：Twitter), Instagram	選択なし/該当施設なし		能登食祭市場		20,000円以上 30,000円未満	どちらでもない		どちらでもない		感じなかった		5		また行きたい（1年以内）	釣りができる場所が分かるサイトとかがあると嬉しいです。環境保全のため駐車場とかは有料にしてもいいと思います！	女	1983	愛知県	名古屋市	1,000万円以上 1,200万円未満	景品が当たる	満足	7	コンパクトに集約されているので、意外とまわりやすい！
能登エリア	のとじま水族館	2026/09/20	同意する	3泊	3泊	金沢エリア  （湯涌温泉、深谷温泉、犀川温泉など）	石川県外には泊まらない	夫婦2人	名所、旧跡の観光, まちあるき、都市散策, 出張など仕事関係	新幹線	レンタカー	どちらでもない	のと里山海道が若干混んでいたから	3,000円以上 5,000円未満	40,000円以上 50,000円未満	10,000円以上 20,000円未満	初めて	友人・知人	選択なし/該当施設なし	最初に訪れた場所	選択なし／該当施設なし	七尾城址公園	1,000円以上 3,000円未満	満足	思ったよりも水族館が充実していた	満足	これからも頑張ってもらいたい	感じなかった		8		機会があれば行きたい	シーカヤックがやりたい	男	1971	千葉県	千葉市美浜区	800万円以上 900万円未満	景品が当たる	どちらでもない	6	水族館 のんびりできるから
金沢エリア	河北亭	2026/09/21	同意する	2泊	2泊	金沢エリア  （湯涌温泉、深谷温泉、犀川温泉など）	石川県外には泊まらない	夫婦2人	応援したかったから	自家用車	自家用車			50,000円以上 100,000円未満	20,000円以上 30,000円未満	20,000円以上 30,000円未満	2～5回目	新聞・雑誌・ガイドブック, インターネット・アプリ	金沢21世紀美術館		ひがし茶屋街		5,000円以上 10,000円未満	満足	料理が良かった	どちらでもない	普通	感じなかった		4		また行きたい（1年以内）	復興を願っています	女	1965	大阪府	大阪府寝屋川市	1,200万円以上 1,500万円未満	景品が当たる	満足	8	
金沢エリア	だるま屋旅館	2026/09/21	同意する	4泊以上	4泊以上	金沢エリア  （湯涌温泉、深谷温泉、犀川温泉など）	石川県外には泊まらない	団体旅行	出張など仕事関係	レンタカー, 新幹線	レンタカー	とても満足	金沢駅近くに安いレンタカー屋があったため。	10,000円以上 20,000円未満	30,000円以上 40,000円未満	20,000円以上 30,000円未満	初めて	友人・知人, タクシードライバーや地元の人	近江町市場		ひがし茶屋街		5,000円以上 10,000円未満	とても満足	伝統的な建築の街並みが残されており、飲食も食べ歩きはできないもののその分店内でゆっくりと堪能できるものが多くてよかった。京都と似た風情を感じることができるが、連休中でも人が多すぎず快適だった。、	満足	お風呂が小さかった。シャンプー、ボディソープが補充されていなかった。	感じた	バッタがたくさん館内にいた	8	発酵食品を使い、健康に配慮した食事が出て大変嬉しかった。女将さん手作りの醤油麹も購入して満足。	また行きたい（1年以内）	鮮魚、ガスエビ、民芸品、いしり、お酒、すしべん、輪島朝市	女	2002	茨城県	つくば市	300万円以上 400万円未満	景品が当たる, 石川県のおすすめ観光スポットが見たい, 石川県の雑学を知りたい, 	とても満足	10	津幡のよつかどの祭り。多くの若い人が積極的に地域の祭りを担っている様子を見て、非常に感動した。他地域で、若い人がここまで主体的に担っている祭りはほとんどないと思う。大変貴重な祭りなので、皆に見てもらい応援する人を増やしたい。
金沢エリア	金沢港クルーズターミナル	2026/09/21	同意する	日帰り	石川県内には宿泊しない	石川県内には宿泊しない	富山県	中学生以上連れの家族	宿でのんびり過ごす, 地元の美味しいものを食べる	自家用車	自家用車			使わない	1,000円未満	5,000円以上 10,000円未満	11回目以上	インターネット・アプリ, 友人・知人	近江町市場		ひがし茶屋街		3,000円以上 5,000円未満	満足	料理が美味しかった	満足	眺めが良かった	感じなかった		8		また行きたい（1年以内）	特になし	男	1971	富山県	小矢部市	400万円以上 500万円未満	景品が当たる, ひゃくまんさんが好き	満足	9	
金沢エリア	銭がめ	2026/09/21	同意する	2泊	1泊	金沢エリア  （湯涌温泉、深谷温泉、犀川温泉など）	福井県	恋人	温泉や露天風呂, 地元の美味しいものを食べる, テーマパーク（遊園地、動物園、博物館など）, まちあるき、都市散策	自家用車, 飛行機	自家用車			20,000円以上 30,000円未満	5,000円以上 10,000円未満	20,000円以上 30,000円未満	初めて	インターネット・アプリ, Instagram, 友人・知人	近江町市場		兼六園		20,000円以上 30,000円未満	とても満足	料理が美味しかった。温泉が気持ちよかった。宿が口コミでは施設が古い、汚いなどの記載も見られ不安だったが、全くそのようなものを感じさせず気持ちよく過ごせた。	とても満足	楽しい落語も聞かせてくれた	感じた	飲み物を買う売店や自動販売機がない	9	夕食は牡丹鍋コースを選んだがどれも美味しかった。特に、デザートのシャーベットが笹の葉エキスから作ったものらしく、あの葉っぱがこんなに美味しくなるのかと感動した。	機会があれば行きたい	飲食は美味しい海鮮、お土産はきんつばを代表とした和のお菓子、アクティビティは兼六園のような風情を楽しめるところ	女	1996	北海道	苫小牧市	500万円以上 600万円未満	景品が当たる	とても満足	10	食べ物が美味しい、主要な観光施設がそれぞれ近い、どこも風情がよく楽しい
金沢エリア	西田幾多郎記念館	2026/09/21	同意する	3泊	1泊	金沢エリア  （湯涌温泉、深谷温泉、犀川温泉など）	富山県	夫婦2人	地元の美味しいものを食べる, 名所、旧跡の観光, アウトドア（海水浴、釣り、登山など）, まちあるき、都市散策	レンタカー, 新幹線	レンタカー	満足	交通がスムーズだった。	10,000円以上 20,000円未満	10,000円以上 20,000円未満	5,000円以上 10,000円未満	初めて	インターネット・アプリ	選択なし/該当施設なし	千里浜	金沢21世紀美術館		1,000円未満	とても満足	安価、展示内容が濃密だった。	とても満足	静かでゆっくり過ごせた。	感じなかった	なし	9	飲食物が安価だった。	機会があれば行きたい	美味しい魚、お酒	男	1993	神奈川県	川崎市中原区	1,000万円以上 1,200万円未満	景品が当たる	満足	9	料理が美味しかった
金沢エリア	石川県観光物産館	2026/09/21	同意する	2泊	1泊	金沢エリア  （湯涌温泉、深谷温泉、犀川温泉など）	石川県外には泊まらない	団体旅行	その他スポーツ（ゴルフ、テニスなど）	新幹線	自家用車	満足	アクセスが非常によい	20,000円以上 30,000円未満	30,000円以上 40,000円未満	20,000円以上 30,000円未満	初めて	観光展・物産展	兼六園	金沢城	選択なし/該当施設なし	帰宅	5,000円以上 10,000円未満	満足	きれい	満足	きれい	感じなかった	特になし	10	観光地が集約されててよかった！	また行きたい（1年以内）	すごくきれいで観光しやすく満足です！	男	1982	新潟県	阿賀野市	600万円以上 700万円未満	景品が当たる	とても満足	10	施設が観光地化されていて非常に満足
金沢エリア	ホテルマイステイズプレミア金沢	2026/09/21	同意する	2泊	2泊	加賀エリア （山代温泉、山中温泉、片山津温泉、粟津温泉、辰口温泉、加賀市、小松市など）	石川県外には泊まらない	親	宿でのんびり過ごす, 温泉や露天風呂, 地元の美味しいものを食べる	レンタカー	レンタカー, 路線バス	どちらでもない		50,000円以上 100,000円未満	5,000円以上 10,000円未満	20,000円以上 30,000円未満	初めて	観光協会等の案内所	兼六園		近江町市場		10,000円以上 20,000円未満	とても満足		とても満足		感じた	タクシー	8		機会があれば行きたい	小松空港からのリムジンバスの台数を多くしてほしい	女	1972	熊本県	熊本市	400万円以上 500万円未満	景品が当たる	とても満足	8	
金沢エリア	石川県立歴史博物館	2026/09/21	同意する	3泊	3泊	金沢エリア  （湯涌温泉、深谷温泉、犀川温泉など）	石川県外には泊まらない	小学生以下連れの家族	地元の美味しいものを食べる, 名所、旧跡の観光, まちあるき、都市散策, 各種体験（手作り、果物狩りなど）	新幹線	路線バス, 徒歩	不満	ICカードが使えない点、金沢駅含めバス停でどの路線がいつ来るのか非常に分かりづらい点	100,000円以上	50,000円以上 100,000円未満	50,000円以上 100,000円未満	初めて	新聞・雑誌・ガイドブック, インターネット・アプリ, X(旧：Twitter)	金沢21世紀美術館		選択なし/該当施設なし	ランチ	1,000円未満	どちらでもない	これから観光	どちらでもない		感じなかった		7		機会があれば行きたい	海に関連する見学や体験	男	1985	東京都	豊島区	1,500万円以上	景品が当たる, なんとなく	満足	8	
金沢エリア	道の駅「高松」	2026/09/21	同意する	2泊	1泊	能登エリア （和倉温泉、七尾市、輪島市、珠洲市など）	福井県	小学生以下連れの家族	温泉や露天風呂, 地元の美味しいものを食べる, テーマパーク（遊園地、動物園、博物館など）, まちあるき、都市散策	自家用車, 新幹線	自家用車			100,000円以上	30,000円以上 40,000円未満	5,000円以上 10,000円未満	2～5回目	TV・ラジオ番組やCM, インターネット・アプリ	選択なし/該当施設なし		近江町市場		1,000円未満	満足	テーブルを綺麗に拭いてくれた	満足	足湯がある	感じなかった		8	食事の種類がもっとあるといい	また行きたい（1年以内）	現状で満足	男	1960	神奈川県	茅ヶ崎市	1,000万円以上 1,200万円未満	景品が当たる	とても満足	9	温泉と海産物
加賀エリア	小松空港	2026/09/21	同意する	3泊	石川県内には宿泊しない	石川県内には宿泊しない	東京	夫婦2人	石川県在住	自家用車	自家用車			使わない	1,000円未満	1,000円未満	6～10回目	移動に利用	選択なし/該当施設なし		選択なし／該当施設なし		1,000円以上 3,000円未満	どちらでもない	移動に利用してるのみだから	どちらでもない	移動に利用してるのみだから	感じなかった	特になし	8	あまり空港内の施設を利用したことがないので、少し早めにきて利用してみたい	石川県在住	金箔キラキラゴージャスなもの	女	1976	石川県	能美市	400万円以上 500万円未満	景品が当たる	満足	9	海産物の美味しさ
加賀エリア	白山比咩神社	2026/09/21	同意する	日帰り	石川県内には宿泊しない	石川県内には宿泊しない	石川県外には泊まらない	夫婦2人	地元の美味しいものを食べる	自家用車	自家用車			使わない	10,000円以上 20,000円未満	1,000円以上 3,000円未満	初めて	Instagram	選択なし/該当施設なし		選択なし／該当施設なし	金剱宮	1,000円以上 3,000円未満	とても満足	素晴らしいお宮	とても満足		感じなかった		9		また行きたい（1年以内）	近江町市場は良い	男	1974	富山県	魚津	900万円以上 1,000万円未満	景品が当たる	満足	10	
加賀エリア	白山比咩神社	2026/09/21	同意する	1泊	1泊	白山エリア （一里野温泉、白峰温泉、白山市など）	石川県外には泊まらない	友人	アウトドア（海水浴、釣り、登山など）	自家用車	自家用車			1,000円以上 3,000円未満	10,000円以上 20,000円未満	3,000円以上 5,000円未満	2～5回目	インターネット・アプリ, X(旧：Twitter), Instagram	選択なし/該当施設なし	白峰温泉	選択なし／該当施設なし	市場	1,000円以上 3,000円未満	とても満足	美しかった	どちらでもない	満席でした	感じた	食事ができなかった	5		また行きたい（1年以内）	海産物をいただける道の駅を探しました。	女	1976	静岡県	焼津市	400万円以上 500万円未満	景品が当たる	満足	8	白山素晴らしかったです
加賀エリア	トレインパーク白山	2026/09/21	同意する	1泊	1泊	金沢エリア  （湯涌温泉、深谷温泉、犀川温泉など）	石川県外には泊まらない	妻と子供と祖父母	地元の美味しいものを食べる, テーマパーク（遊園地、動物園、博物館など）, まちあるき、都市散策	新幹線, 在来線	タクシー, 在来線	とても満足	タクシーの運転手の方が非常に親切で好感を持った。また地元の名物等も教えていただき、夕食に訪れるお店の参考になった。	20,000円以上 30,000円未満	30,000円以上 40,000円未満	40,000円以上 50,000円未満	初めて	インターネット・アプリ, X(旧：Twitter), Instagram, プラレールのDVD	選択なし/該当施設なし		選択なし／該当施設なし	金沢21世紀美術館	1,000円以上 3,000円未満	どちらでもない	美術館に訪れるのは初めてでしたが、何か感じるものがあり訪れて良かった。ただ、人が多いかつ、工事中のものが多く全てを楽しめなかったため当該評価。	どちらでもない	美術館に訪れるのは初めてでしたが、何か感じるものがあり訪れて良かった。ただ、人が多いかつ、工事中のものが多く全てを楽しめなかったため当該評価。	感じなかった		8		機会があれば行きたい	基本的にバスが移動手段となるため、若者には少し行きづらく感じる。	男	1997	大阪府	堺市	800万円以上 900万円未満	景品が当たる	とても満足	8	地元の食べ物をおすすめしたい。
加賀エリア	航空プラザ	2026/09/21	同意する	日帰り	石川県内には宿泊しない	石川県内には宿泊しない	石川県外には泊まらない	小学生以下連れの家族	まちあるき、都市散策	県外から訪れていない（石川県内在住）	自家用車			使わない	1,000円以上 3,000円未満	1,000円未満	初めて	インターネット・アプリ	月うさぎの里		選択なし／該当施設なし	帰宅	1,000円未満	とても満足	子供が非常に楽しんでいた	とても満足	子供が非常に楽しんでいた	感じなかった		8		石川県在住	特になし	男	1986	石川県	野々市市	800万円以上 900万円未満	景品が当たる, なんとなく	満足	7	航空プラザ　見たことない飛行機がたくさんある 無料でかなり楽しめる
加賀エリア	白峰温泉総湯	2026/09/21	同意する	2泊	2泊	金沢エリア  （湯涌温泉、深谷温泉、犀川温泉など）	石川県外には泊まらない	自分ひとり	温泉や露天風呂, アウトドア（海水浴、釣り、登山など）	自家用車	自家用車		石川県最高！温泉と食べ物が美味しい	1,000円以上 3,000円未満	5,000円以上 10,000円未満	使わない	初めて	インターネット・アプリ	木場潟公園	白山登山	選択なし／該当施設なし	白山に登山です	5,000円以上 10,000円未満	とても満足	みんなとても親切	とても満足	温泉の質がいい	感じなかった		10		また行きたい（1年以内）	海鮮を食べたい	男	1973	大阪府	東大阪市	800万円以上 900万円未満	景品が当たる	とても満足	10	温泉最高・自然がいっぱい
加賀エリア	いしかわ動物園	2026/09/21	同意する	日帰り	石川県内には宿泊しない	石川県内には宿泊しない	石川県外には泊まらない	小学生以下連れの家族	地元の美味しいものを食べる	自家用車	自家用車			使わない	5,000円以上 10,000円未満	1,000円未満	2～5回目	インターネット・アプリ	選択なし/該当施設なし		選択なし／該当施設なし		5,000円以上 10,000円未満	とても満足		とても満足		感じなかった		10		また行きたい（1年以内）	美味しいものがいっぱいあります。特に近江町で魚を買って食べるのが大好きです。魚	女	1961	石川県	本町	100万円未満	景品が当たる	とても満足	10	動物園がとても清潔で見応えがある
加賀エリア	小松空港	2026/09/21	同意する	日帰り	石川県内には宿泊しない	石川県内には宿泊しない	石川県外には泊まらない	小学生以下連れの家族	空港	自家用車	自家用車	とても満足	移動が楽	使わない	使わない	使わない	11回目以上	新聞・雑誌・ガイドブック, インターネット・アプリ	選択なし/該当施設なし		選択なし／該当施設なし		使わない	満足	赤ちゃんステーションがある	満足	駐車場が広い	感じなかった		7		機会があれば行きたい	ポケモンとの全県エリア規模のコラボ	男	1986	富山県	滑川市	900万円以上 1,000万円未満	景品が当たる	満足	8	空港が高速道路から近い
加賀エリア	加賀フルーツランド	2026/09/21	同意する	日帰り	石川県内には宿泊しない	石川県内には宿泊しない	石川県外には泊まらない	友人	地元の美味しいものを食べる	自家用車	自家用車	どちらでもない	近いので気が向いたら	使わない	5,000円以上 10,000円未満	使わない	初めて	観光展・物産展	選択なし/該当施設なし	一つ目	選択なし／該当施設なし	予定なし	1,000円以上 3,000円未満	どちらでもない	良いとも悪いとも感じなかった	どちらでもない	普通	感じなかった		5	予約なしでバーベキューしたかった	機会があれば行きたい	特になし	男	1978	富山県	高岡市	300万円以上 400万円未満	景品が当たる	どちらでもない	5	悪くはないが響くモノもなかった
加賀エリア	那谷寺	2026/09/21	同意する	1泊	1泊	白山エリア （一里野温泉、白峰温泉、白山市など）	石川県外には泊まらない	恋人	宿でのんびり過ごす, 地元の美味しいものを食べる, 花見や紅葉などの自然鑑賞	自家用車	自家用車	とても満足	自然を満喫でき、美味しいご飯も食べれたから	40,000円以上 50,000円未満	10,000円以上 20,000円未満	10,000円以上 20,000円未満	2～5回目	インターネット・アプリ, Instagram, 友人・知人	ゆのくにの森		選択なし／該当施設なし		1,000円以上 3,000円未満	とても満足	しんせつだった	とても満足	綺麗だった	感じなかった		8		機会があれば行きたい	特になし	男	1999	福井県	福井市	800万円以上 900万円未満	景品が当たる, 石川県のおすすめ観光スポットが見たい, 石川県の雑学を知りたい	とても満足	8	
加賀エリア	日本自動車博物館	2026/09/21	同意する	4泊以上	4泊以上	白山エリア （一里野温泉、白峰温泉、白山市など）	石川県外には泊まらない	小学生以下連れの家族	地元の美味しいものを食べる, 買い物、アウトレット, お祭りやイベントへの参加・見物, スポーツ観戦や芸術鑑賞（コンサート等）	自家用車	自家用車	とても満足	こんなにたくさんの車を見たことがなかったから。	10,000円以上 20,000円未満	10,000円以上 20,000円未満	10,000円以上 20,000円未満	初めて	YouTube	石川県立航空プラザ		選択なし／該当施設なし		1,000円以上 3,000円未満	とても満足	あまり自動車に興味がないが、珍しいものがたくさんで目を引かれた。	とても満足	まわりやすかった。	感じなかった		9		また行きたい（1年以内）	お寿司が食べたい。	女	1986	高知県	南国市	500万円以上 600万円未満	景品が当たる, ひゃくまんさんが好き	とても満足	9	
加賀エリア	那谷寺	2026/09/21	同意する	1泊	1泊	加賀エリア （山代温泉、山中温泉、片山津温泉、粟津温泉、辰口温泉、加賀市、小松市など）	富山県	中学生以上連れの家族	温泉や露天風呂, 地元の美味しいものを食べる, 名所、旧跡の観光	自家用車	自家用車	とても満足	石川県で新しい発見がありました。	10,000円以上 20,000円未満	10,000円以上 20,000円未満	使わない	2～5回目	インターネット・アプリ	ゆのくにの森		選択なし／該当施設なし		3,000円以上 5,000円未満	とても満足	店員さんの明るい笑顔	とても満足	古い施設ながら清潔感がある。	感じなかった		10	今のままで良いと思います。	また行きたい（1年以内）	郷土料理をランチで提供してくれるお店。カフェを増やして欲しい。	男	1963	東京都	葛飾区	500万円以上 600万円未満	ひゃくまんさんが好き, ARでひゃくまんさんと写真が撮りたかった, 石川県の雑学を知りたい	とても満足	10	歴史を感じられる事を伝えたいです。
加賀エリア	いしかわ動物園	2026/09/21	同意する	日帰り	石川県内には宿泊しない	石川県内には宿泊しない	石川県外には泊まらない	小学生以下連れの家族	ドライブ・ツーリング	自家用車	自家用車	満足	近隣の為	使わない	5,000円以上 10,000円未満	1,000円以上 3,000円未満	2～5回目	観光展・物産展	選択なし/該当施設なし		選択なし／該当施設なし		1,000円以上 3,000円未満	満足	雨天時も室内が至る所ある為	満足	いろんな動物が見れる為	感じなかった		9		また行きたい（1年以内）	特になし	女	1989	福井県	福井市	600万円以上 700万円未満	景品が当たる	満足	9	
加賀エリア	白山市観光連盟（鶴来支所）	2026/09/21	同意する	日帰り	石川県内には宿泊しない	石川県内には宿泊しない	石川県外には泊まらない	夫婦2人	地元の美味しいものを食べる, 花見や紅葉などの自然鑑賞, 買い物、アウトレット	自家用車	自家用車			使わない	1,000円以上 3,000円未満	使わない	初めて	友人・知人	選択なし/該当施設なし	石川県が地元です。この土地のグルメを食べに来ました。	選択なし／該当施設なし	そのまま自宅に帰るからです。	1,000円未満	満足	野菜が買えるのがとても嬉しかった。	満足	落ち着いた雰囲気で眠たくなりました。	感じなかった		5		石川県在住	子供向けの安い室内遊び場を沢山増やして欲しいです。	女	1994	石川県	野々市市	1,000万円以上 1,200万円未満	景品が当たる, ひゃくまんさんが好き	とても満足	10	小さい頃から住んでいる大好きな地元だから。
加賀エリア	小松空港	2026/09/21	同意する	日帰り	石川県内には宿泊しない	石川県内には宿泊しない	富山県	友人	その他スポーツ（ゴルフ、テニスなど）	自家用車	自家用車			使わない	5,000円以上 10,000円未満	3,000円以上 5,000円未満	初めて	友人・知人	石川県立航空プラザ		ゆのくにの森		3,000円以上 5,000円未満	とても満足	いろんな体験が出来て満足	満足		感じなかった		7		機会があれば行きたい	特になし	女	1959	富山県	富山市	400万円以上 500万円未満	景品が当たる	満足	8	
加賀エリア	加賀伝統工芸村　ゆのくにの森	2026/09/21	同意する	1泊	1泊	加賀エリア （山代温泉、山中温泉、片山津温泉、粟津温泉、辰口温泉、加賀市、小松市など）	石川県外には泊まらない	親	温泉や露天風呂	自家用車	自家用車	とても満足		40,000円以上 50,000円未満	20,000円以上 30,000円未満	3,000円以上 5,000円未満	初めて	インターネット・アプリ	選択なし/該当施設なし		選択なし／該当施設なし		10,000円以上 20,000円未満	とても満足	楽しかった	とても満足	わかりやすかった	感じなかった		10	ソフトクリームが美味しかった。金のお土産がたくさんあってよかった	機会があれば行きたい	ひゃくまんさんとスパクローのグッズを推すべき	女	2003	愛知県	長久手市	200万円以上 300万円未満	景品が当たる	とても満足	10	
能登エリア	＜INAKA Backpacker House Station 2＞	2026/09/21	同意する	1泊	1泊	能登エリア （和倉温泉、七尾市、輪島市、珠洲市など）	石川県外には泊まらない	夫婦2人	キャンピングカー(バンライフ)、車中泊体験	自家用車	自家用車			5,000円以上 10,000円未満	10,000円以上 20,000円未満	10,000円以上 20,000円未満	初めて	CARSTAY	選択なし/該当施設なし		のとじま水族館		5,000円以上 10,000円未満	とても満足	オーナーがいろんなお話をして下さった。	とても満足	今回の旅の相談な質問に事前、当日に助言頂きました。	感じなかった		9	バンライフの魅力と新たな可能性を体験を通じて感じることが出来た。	また行きたい（1年以内）	能登の魅力と霊山としての白山の魅力	男	1971	富山県	富山市	1,000万円以上 1,200万円未満	景品が当たる	とても満足	9	能登応援、震災の現状、手付かずの原風景
能登エリア	民宿志賀	2026/09/21	同意する	1泊	1泊	能登エリア （和倉温泉、七尾市、輪島市、珠洲市など）	福井県	小学生以下連れの家族	地元の美味しいものを食べる, 名所、旧跡の観光, テーマパーク（遊園地、動物園、博物館など）, まちあるき、都市散策, ドライブ・ツーリング	自家用車	自家用車			3,000円以上 5,000円未満	30,000円以上 40,000円未満	10,000円以上 20,000円未満	2～5回目	インターネット・アプリ	千里浜なぎさドライブウェイ		選択なし／該当施設なし	近江町市場、NHKの72時間で出た図書館	10,000円以上 20,000円未満	とても満足	美味しい魚介類	とても満足	特徴的な作りの図書館に感動した	感じなかった		10	兼六園周辺の駐車場が少ない印象	また行きたい（1年以内）	次は珠洲市、輪島に行ってみたい	男	1982	香川県	高松市	800万円以上 900万円未満	景品が当たる, 石川県のおすすめ観光スポットが見たい, 石川県の雑学を知りたい	とても満足	10	美味しい魚介類と、素晴らしい景色
能登エリア	のとじま水族館	2026/09/21	同意する	日帰り	石川県内には宿泊しない	石川県内には宿泊しない	石川県外には泊まらない	親	テーマパーク（遊園地、動物園、博物館など）	県外から訪れていない（石川県内在住）	自家用車			使わない	使わない	1,000円以上 3,000円未満	2～5回目	TV・ラジオ番組やCM	選択なし/該当施設なし		選択なし／該当施設なし		1,000円以上 3,000円未満	とても満足	ジンベエザメを見られたから。	とても満足	水槽が大きくて迫力があったから。	感じなかった		8		石川県在住	特になし	女	2001	富山県	富山市	300万円以上 400万円未満	景品が当たる, なんとなく	満足	8	
能登エリア	のとのわ	2026/09/21	同意する	3泊	2泊	能登エリア （和倉温泉、七尾市、輪島市、珠洲市など）	富山県	夫婦2人	地元の美味しいものを食べる, 名所、旧跡の観光, 買い物、アウトレット, まちあるき、都市散策	自家用車	自家用車			20,000円以上 30,000円未満	10,000円以上 20,000円未満	10,000円以上 20,000円未満	初めて	インターネット・アプリ	輪島朝市		選択なし／該当施設なし	イカキング	5,000円以上 10,000円未満	とても満足	初めて行く場所なので新鮮な体験だった	とても満足	地元の人と触れ合えたから	感じなかった		10		機会があれば行きたい	このままでいてほしい	男	1972	宮城県	仙台市	500万円以上 600万円未満	景品が当たる	とても満足	10	魚の美味しさ
能登エリア	漁師のペンション ハトヤ	2026/09/21	同意する	2泊	2泊	能登エリア （和倉温泉、七尾市、輪島市、珠洲市など）	石川県外には泊まらない	団体旅行	アウトドア（海水浴、釣り、登山など）, 友人・親戚を訪ねる	自家用車	自家用車			40,000円以上 50,000円未満	使わない	10,000円以上 20,000円未満	6～10回目	インターネット・アプリ, 観光協会等の案内所	選択なし/該当施設なし	能登空港	選択なし／該当施設なし	ケロンの小さな村	1,000円以上 3,000円未満	とても満足	料理が美味しい	とても満足	自由	感じた	トイレが部屋にない。　お風呂が男女共用。	9	以前のような料理のグレードになってほしい。	また行きたい（1年以内）	特になし	男	1984	東京都	西東京市	600万円以上 700万円未満	景品が当たる	満足	7	自然豊かなところ、料理が美味しい！
能登エリア	のとじま水族館	2026/09/21	同意する	日帰り	石川県内には宿泊しない	石川県内には宿泊しない	富山県	親	テーマパーク（遊園地、動物園、博物館など）	自家用車	自家用車			使わない	1,000円以上 3,000円未満	5,000円以上 10,000円未満	6～10回目	TV・ラジオ番組やCM, インターネット・アプリ	選択なし/該当施設なし		道の駅のとじま		1,000円以上 3,000円未満	とても満足	ジンベイザメが見れた、クイズ、スタンプラリーがあった	とても満足	楽しかった！	感じなかった		10		また行きたい（1年以内）	自然と伝統	男	2000	富山県	氷見市	300万円以上 400万円未満	景品が当たる	とても満足	10	
能登エリア	のとじま水族館	2026/09/21	同意する	4泊以上	石川県内には宿泊しない	石川県内には宿泊しない	富山県	中学生以上連れの家族	地元の美味しいものを食べる, テーマパーク（遊園地、動物園、博物館など）, 買い物、アウトレット	自家用車	自家用車			使わない	1,000円未満	3,000円以上 5,000円未満	11回目以上	TV・ラジオ番組やCM, 観光連盟やDMOのHP	のとじま水族館		能登食祭市場		1,000円以上 3,000円未満	とても満足		とても満足	ジンベイザメが久々に戻ってきて迫力ある姿を見ることができたから	感じなかった		8		また行きたい（1年以内）	ご当地グルメももっと教えてほしい	女	1993	東京都	豊島区	300万円以上 400万円未満	景品が当たる, 石川県のおすすめ観光スポットが見たい	満足	10	
能登エリア	体験交流施設 ラブロ恋路	2026/09/21	同意する	2泊	2泊	能登エリア （和倉温泉、七尾市、輪島市、珠洲市など）	石川県外には泊まらない	小学生以下連れの家族	地元の美味しいものを食べる, テーマパーク（遊園地、動物園、博物館など）	自家用車	自家用車	満足	自家用車は好きな所にいけるから	5,000円以上 10,000円未満	5,000円以上 10,000円未満	3,000円以上 5,000円未満	2～5回目	友人・知人	選択なし/該当施設なし	ポケモン空港	千里浜なぎさドライブウェイ		40,000円以上 50,000円未満	満足	食事のボリュームかよく満足した	満足	お風呂も落ち着いてはいることができた	感じなかった		8		また行きたい（1年以内）	特になし	女	1987	大阪府	堺市西区堀上緑町	600万円以上 700万円未満	景品が当たる	とても満足	10	食事がおいしい
能登エリア	出張輪島朝市 inワイプラザ輪島店	2026/09/21	同意する	1泊	1泊	能登エリア （和倉温泉、七尾市、輪島市、珠洲市など）	石川県外には泊まらない	小学生以下連れの家族	花見や紅葉などの自然鑑賞, 名所、旧跡の観光	自家用車	自家用車			30,000円以上 40,000円未満	使わない	50,000円以上 100,000円未満	2～5回目	観光パンフレット・ポスター, X(旧：Twitter), Instagram	選択なし/該当施設なし	ポケモン空港	選択なし／該当施設なし	トレインパーク	3,000円以上 5,000円未満	とても満足	いろいろある	とても満足	楽しい	感じなかった		10	よかった	また行きたい（1年以内）	美味しい海鮮丼が食べたい。情報が欲しい	女	1988	兵庫県	神戸市	600万円以上 700万円未満	景品が当たる	とても満足	10	ポケモン空港、海
能登エリア	のとじま水族館	2026/09/21	同意する	日帰り	石川県内には宿泊しない	石川県内には宿泊しない	富山県	恋人	名所、旧跡の観光	自家用車	自家用車	とても満足		5,000円以上 10,000円未満	3,000円以上 5,000円未満	5,000円以上 10,000円未満	2～5回目	X(旧：Twitter)	選択なし/該当施設なし		道の駅のとじま		3,000円以上 5,000円未満	とても満足	復興して嬉しい	とても満足	ジンベエがまた見られたから	感じなかった		10		また行きたい（1年以内）	特になし	男	1980	神奈川県	神奈川区	500万円以上 600万円未満	景品が当たる	とても満足	10	楽しいよ
能登エリア	のとじま水族館	2026/09/21	同意する	日帰り	石川県内には宿泊しない	石川県内には宿泊しない	岐阜県	夫婦2人	温泉や露天風呂, 地元の美味しいものを食べる, テーマパーク（遊園地、動物園、博物館など）	自家用車	自家用車			使わない	5,000円以上 10,000円未満	20,000円以上 30,000円未満	初めて	Instagram, 友人・知人	選択なし/該当施設なし		能登食祭市場		3,000円以上 5,000円未満	とても満足	妻がとても楽しんでいたから。	とても満足	魚が近くで見れたこと	感じなかった		10		また行きたい（1年以内）	お肉も海鮮もとても美味しくいただけた。	男	2001	岐阜県	大垣市	1,500万円以上	景品が当たる	とても満足	10	自然豊かな感じがよかった。
能登エリア	のとじま水族館	2026/09/21	同意する	2泊	2泊	能登エリア （和倉温泉、七尾市、輪島市、珠洲市など）	石川県外には泊まらない	夫婦2人	道の駅巡り	自家用車	自家用車			5,000円以上 10,000円未満	5,000円以上 10,000円未満	10,000円以上 20,000円未満	2～5回目	観光パンフレット・ポスター, インターネット・アプリ	選択なし/該当施設なし		道の駅のとじま		3,000円以上 5,000円未満	とても満足	ジンベエザメを見れるところは珍しい。触れ合えるのも楽しかった。	とても満足	アクセスも悪くないし、楽しかった	感じなかった		10		また行きたい（1年以内）	特になし	男	1998	新潟県	見附市	600万円以上 700万円未満	景品が当たる, 石川県の雑学を知りたい	とても満足	10	景色がきれいなところが多い。金沢以外にも素敵な観光地がたくさんあった。
能登エリア	のとじま水族館	2026/09/21	同意する	2泊	1泊	能登エリア （和倉温泉、七尾市、輪島市、珠洲市など）	富山県	小学生以下連れの家族	宿でのんびり過ごす, 温泉や露天風呂, まちあるき、都市散策, スキー・スノボ・マリンスポーツ	自家用車	自家用車			20,000円以上 30,000円未満	使わない	20,000円以上 30,000円未満	2～5回目	インターネット・アプリ	選択なし/該当施設なし	自宅から直接	道の駅のとじま	和倉温泉	5,000円以上 10,000円未満	満足	ジンベイザメが見られた。webチケットでスムーズに入館できた	満足	ジンベイザメが見られた	感じなかった		8	ショウが多くて楽しかった。お土産も種類が多かった	機会があれば行きたい	家族で楽しめるツアーやセット企画、コースのおすすめをもっと紹介してほしい（季節別に）	女	1972	新潟県	上越市	1,000万円以上 1,200万円未満	景品が当たる, 石川県のおすすめ観光スポットが見たい, 石川県の雑学を知りたい	満足	9	魚が美味しい
能登エリア	のと鉄道（通常）	2026/09/21	同意する	2泊	2泊	能登エリア （和倉温泉、七尾市、輪島市、珠洲市など）	石川県外には泊まらない	親	友人・親戚を訪ねる	飛行機	タクシー, 路線バス			10,000円以上 20,000円未満	5,000円以上 10,000円未満	5,000円以上 10,000円未満	6～10回目	Instagram	選択なし/該当施設なし		選択なし／該当施設なし	和倉温泉	3,000円以上 5,000円未満	不満	電車の本数が少なく、乗り合わせが悪い点。	満足	ポケモンラッピング電車などは楽しいが、ラッピング電車が動いておらず、展示の時間でもなくみれなかったため。	感じた	時刻がわかりずらく、電光掲示板などがない。	7		また行きたい（1年以内）	特になし	女	2002	神奈川県	横浜市戸塚区	600万円以上 700万円未満	景品が当たる	満足	8	ポケモン好きには良いと思う
能登エリア	のとのわ	2026/09/21	同意する	1泊	2泊	能登エリア （和倉温泉、七尾市、輪島市、珠洲市など）	富山県	夫婦2人	宿でのんびり過ごす	自家用車	自家用車			30,000円以上 40,000円未満	30,000円以上 40,000円未満	20,000円以上 30,000円未満	初めて	インターネット・アプリ, Instagram	道の駅のとじま	飛行場	輪島朝市		30,000円以上 40,000円未満	とても満足	建物、室内の家具、住設など興味があって、また能登の応援も込めてまいりました。自分の仕事、住居に参考になるとても素敵な施設でした。	とても満足	上記同様	感じなかった		8	い心地よく、とても癒される施設でした。また来たいです。	機会があれば行きたい	自然が素晴らしいです、その景色を見ながら過ごせる時間たけで十分です、癒しの時間に価値があります、時間かけてきましたが、本当に来てよかったです、心の充電して帰ります。	女	1969	愛知県	名古屋市	1,000万円以上 1,200万円未満	今から帰ります、とても満足な、素敵な時間を過ごせました、それをお伝えしたかった、ただそれだけです。	とても満足	8	宿泊施設は重要視しておりまして、人に聞かれた時
能登エリア	道の駅とぎ海街道	2026/09/21	同意する	3泊	1泊	能登エリア （和倉温泉、七尾市、輪島市、珠洲市など）	富山県	夫婦2人	地元の美味しいものを食べる, 花見や紅葉などの自然鑑賞, 名所、旧跡の観光, まちあるき、都市散策, ドライブ・ツーリング	自家用車	自家用車			使わない	20,000円以上 30,000円未満	20,000円以上 30,000円未満	2～5回目	インターネット・アプリ, Instagram, Google map	禄剛崎灯台	ゴジラ岩、白米千枚田	千里浜なぎさドライブウェイ	金沢町散策	1,000円以上 3,000円未満	とても満足	定食の値段が安い、人が優しかった。	とても満足	トイレも含め清潔である	感じなかった		9	飲食提供が9時半ということを明記して欲しかったです。お腹空きました（ ;  ; ）	機会があれば行きたい	名産品が何かわかりづらい、わかりやすくPRして欲しい	男	1999	千葉県	千葉市	800万円以上 900万円未満	景品が当たる	とても満足	9	石川県の大きさを知らない人が多いから、実際に感じて欲しい。
能登エリア	のとじま水族館	2026/09/21	同意する	2泊	1泊	金沢エリア  （湯涌温泉、深谷温泉、犀川温泉など）	富山県	小学生以下連れの家族	テーマパーク（遊園地、動物園、博物館など）	自家用車	自家用車			10,000円以上 20,000円未満	5,000円以上 10,000円未満	10,000円以上 20,000円未満	初めて	YouTube、chat GPT	のとじま水族館		選択なし／該当施設なし	ひがし茶屋、近江町市場	3,000円以上 5,000円未満	満足	もう少し、明るい照明でジンベエザメを見たかったです。	とても満足	お魚の展示の工夫が良かったです。	感じなかった		10	ジンベエザメのぬいぐるみの色で、グレーも欲しかったです。	機会があれば行きたい	のとじま水族館周辺で、海鮮を食べれるところがあったら嬉しかったです。	女	1979	宮城県	富谷市	800万円以上 900万円未満	景品が当たる	とても満足	10	
能登エリア	のとじま水族館	2026/09/21	同意する	日帰り	石川県内には宿泊しない	石川県内には宿泊しない	石川県外には泊まらない	自分ひとり	テーマパーク（遊園地、動物園、博物館など）	県外から訪れていない（石川県内在住）	自家用車			使わない	1,000円未満	3,000円以上 5,000円未満	11回目以上	X(旧：Twitter)	選択なし/該当施設なし		能登食祭市場		1,000円以上 3,000円未満	とても満足	いつも楽しませてもらっています	とても満足	前回より展示が増え、震災前に戻った気がするから	感じなかった		10		石川県在住	様々な企業でのコラボ商品など	男	1999	石川県	白山市	600万円以上 700万円未満	景品が当たる	とても満足	10	
能登エリア	のとじま水族館	2026/09/21	同意する	1泊	石川県内には宿泊しない	石川県内には宿泊しない	富山県	中学生以上連れの家族	地元の美味しいものを食べる, テーマパーク（遊園地、動物園、博物館など）, 金沢の大学に通っている子供を、群馬県から送りがてらの観光	自家用車	自家用車			10,000円以上 20,000円未満	10,000円以上 20,000円未満	10,000円以上 20,000円未満	初めて	インターネット・アプリ	のとじま水族館		選択なし／該当施設なし		1,000円以上 3,000円未満	とても満足	ジンベイザメが見られて良かったです。	とても満足		感じなかった		10		また行きたい（1年以内）	中田屋のきんつばを買いたいです。	女	1971	群馬県	伊勢崎市	1,500万円以上	景品が当たる	とても満足	10	食事がおいしかったから。
能登エリア	のとじま水族館	2026/09/21	同意する	日帰り	石川県内には宿泊しない	石川県内には宿泊しない	石川県外には泊まらない	夫婦2人	テーマパーク（遊園地、動物園、博物館など）	県外から訪れていない（石川県内在住）	自家用車	どちらでもない	片道2時間は少し大変	使わない	1,000円未満	3,000円以上 5,000円未満	2～5回目	Instagram	選択なし/該当施設なし		選択なし／該当施設なし		5,000円以上 10,000円未満	満足		とても満足	水槽の上から見れるのがいい	感じなかった		10		機会があれば行きたい	特になし	男	1994	石川県	白山市	400万円以上 500万円未満	景品が当たる	とても満足	10	水槽の上から見れるのがいい
能登エリア	のとじま水族館	2026/09/21	同意する	4泊以上	4泊以上	金沢エリア  （湯涌温泉、深谷温泉、犀川温泉など）	石川県外には泊まらない	小学生以下連れの家族	地元の美味しいものを食べる	自家用車	自家用車			100,000円以上	30,000円以上 40,000円未満	50,000円以上 100,000円未満	初めて	インターネット・アプリ, Instagram	選択なし/該当施設なし		道の駅のとじま		5,000円以上 10,000円未満	とても満足	見やすかった	とても満足	こどもが楽しそうに見れた	感じなかった		7		また行きたい（1年以内）	何度も訪れるには観光名所が少ない	女	1981	静岡県	静岡市葵区	1,500万円以上	景品が当たる	とても満足	10	食べ物が美味しい
能登エリア	道の駅「すず塩田村」	2026/09/21	同意する	日帰り	石川県内には宿泊しない	石川県内には宿泊しない	石川県外には泊まらない	親	地元の美味しいものを食べる, 名所、旧跡の観光, 買い物、アウトレット, ポケモンスタンプラリー	自家用車	自家用車			使わない	30,000円以上 40,000円未満	10,000円以上 20,000円未満	6～10回目	インターネット・アプリ, X(旧：Twitter)	選択なし/該当施設なし		選択なし／該当施設なし	道の駅輪島	1,000円以上 3,000円未満	とても満足	ソフトクリームがおいしかったです。甘さの後に塩でさっぱりするのが斬新でした。	とても満足		感じなかった		9		また行きたい（1年以内）	石川県の独自の工芸文化、食文化に触れたいです。	無回答	2007	東京都	あきる野市	300万円以上 400万円未満	景品が当たる	とても満足	10	
能登エリア	のとじま水族館	2026/09/21	同意する	日帰り	石川県内には宿泊しない	石川県内には宿泊しない	北陸は宿泊無し	夫婦2人	テーマパーク（遊園地、動物園、博物館など）, まちあるき、都市散策	自家用車	自家用車			10,000円以上 20,000円未満	3,000円以上 5,000円未満	10,000円以上 20,000円未満	2～5回目	ジンベイザメを見たくなった	千里浜なぎさドライブウェイ		能登食祭市場		5,000円以上 10,000円未満	どちらでもない		満足		感じた	食事が園外	5		機会があれば行きたい	特になし	男	1967	福井県	坂井市	800万円以上 900万円未満	なんとなく	満足	6	
能登エリア	神子の里	2026/09/21	同意する	2泊	2泊	能登エリア （和倉温泉、七尾市、輪島市、珠洲市など）	石川県外には泊まらない	家族	地元の美味しいものを食べる, 買い物、アウトレット	自家用車	自家用車			3,000円以上 5,000円未満	10,000円以上 20,000円未満	30,000円以上 40,000円未満	6～10回目	友人・知人	選択なし/該当施設なし	瑞龍寺	選択なし／該当施設なし		3,000円以上 5,000円未満	とても満足	おにぎりが美味しい	とても満足	スタッフが親切	感じなかった		3	神子原酢を買った	また行きたい（1年以内）	特になし	女	1963	大阪府	東大阪市	200万円以上 300万円未満	景品が当たる	とても満足	3	
能登エリア	びっくり	2026/09/21	同意する	4泊以上	4泊以上	能登エリア （和倉温泉、七尾市、輪島市、珠洲市など）	石川県外には泊まらない	自分ひとり	友人・親戚を訪ねる	飛行機	自家用車	とても満足	美味しい昼食をいただきました。	使わない	40,000円以上 50,000円未満	50,000円以上 100,000円未満	11回目以上	友人・知人	能登食祭市場		千里浜なぎさドライブウェイ		5,000円以上 10,000円未満	とても満足		とても満足	食事が最高でした	感じなかった		9		また行きたい（1年以内）	飲食やお土産について特筆するものはありませんが、早く復興してほしいです。道はデコボコ、建物も壊れたまま建っているものがちらほらあり、懸念です。	女	1979	東京都	港区	800万円以上 900万円未満	石川県のおすすめ観光スポットが見たい, 石川県の雑学を知りたい	とても満足	9	
能登エリア	神子の里	2026/09/21	同意する	2泊	2泊	能登エリア （和倉温泉、七尾市、輪島市、珠洲市など）	石川県外には泊まらない	中学生以上連れの家族	友人・親戚を訪ねる	自家用車	自家用車			使わない	使わない	20,000円以上 30,000円未満	初めて	友人・知人	千里浜なぎさドライブウェイ		選択なし／該当施設なし	瑞龍寺	20,000円以上 30,000円未満	とても満足	おにぎりが美味しかった	とても満足		感じなかった		2		また行きたい（1年以内）	なし	男	1961	大阪府	東大阪市	100万円以上 200万円未満	景品が当たる	とても満足	3	
能登エリア	神子の里	2026/09/21	同意する	日帰り	石川県内には宿泊しない	石川県内には宿泊しない	石川県外には泊まらない	中学生以上連れの家族	地元の美味しいものを食べる	自家用車	自家用車	満足	気分が良い	使わない	1,000円以上 3,000円未満	1,000円以上 3,000円未満	2～5回目	インターネット・アプリ	千里浜なぎさドライブウェイ		千里浜なぎさドライブウェイ		3,000円以上 5,000円未満	満足	景色	満足	景色	感じなかった		7		また行きたい（1年以内）	アトラクション	男	1979	富山県	射水市	500万円以上 600万円未満	景品が当たる, なんとなく	満足	7	水がうまい
能登エリア	のとじま水族館	2026/09/21	同意する	1泊	石川県内には宿泊しない	石川県内には宿泊しない	富山県	小学生以下連れの家族	アウトドア（海水浴、釣り、登山など）	自家用車	自家用車	満足		使わない	1,000円以上 3,000円未満	5,000円以上 10,000円未満	初めて	インターネット・アプリ	選択なし/該当施設なし		選択なし／該当施設なし		使わない	どちらでもない		どちらでもない		感じなかった		5		また行きたい（1年以内）	鮮魚。次は釣りをしたい。捌いて食べられる場所があればなお嬉しい	女	1983	長野県	東筑摩郡朝日村	400万円以上 500万円未満	石川県の雑学を知りたい	満足	10	のとじま水族館が楽しかった。ジンベエザメに感動した。
能登エリア	のとじま水族館	2026/09/21	同意する	日帰り	石川県内には宿泊しない	白山エリア （一里野温泉、白峰温泉、白山市など）	石川県外には泊まらない	恋人	テーマパーク（遊園地、動物園、博物館など）	自家用車	自家用車	とても満足		3,000円以上 5,000円未満	1,000円以上 3,000円未満	3,000円以上 5,000円未満	2～5回目	観光パンフレット・ポスター	のとじま水族館		道の駅のとじま		3,000円以上 5,000円未満	満足	楽しかったから	満足		感じなかった		7		機会があれば行きたい	特になし	女	1998	石川県	白山市	300万円以上 400万円未満	景品が当たる	満足	8	
能登エリア	のとじま水族館	2026/09/21	同意する	日帰り	石川県内には宿泊しない	石川県内には宿泊しない	石川県外には泊まらない	小学生以下連れの家族	テーマパーク（遊園地、動物園、博物館など）	自家用車	自家用車	とても満足	長かったが楽しかった	使わない	5,000円以上 10,000円未満	1,000円以上 3,000円未満	初めて	観光展・物産展, インターネット・アプリ	のとじま水族館		選択なし／該当施設なし		5,000円以上 10,000円未満	とても満足	ジンベイザメが見れて嬉しい	とても満足	大きくて楽しかったです	感じなかった		10		また行きたい（1年以内）	特になし	女	1989	愛知県	豊川市	900万円以上 1,000万円未満	景品が当たる	とても満足	10	
能登エリア	自家焙煎喫茶 中央茶廊	2026/09/21	同意する	日帰り	石川県内には宿泊しない	能登エリア （和倉温泉、七尾市、輪島市、珠洲市など）	石川県外には泊まらない	恋人	友人・親戚を訪ねる	自家用車	レンタカー			使わない	5,000円以上 10,000円未満	20,000円以上 30,000円未満	11回目以上	友人・知人	選択なし/該当施設なし	ご飯処一歩	のとじま水族館		1,000円以上 3,000円未満	満足		とても満足	美味しかった	感じなかった	特になし	9	おいしい	石川県在住	並ばない美味しい魚介のお店	男	2001	石川県	能美市	300万円以上 400万円未満	なんとなく	とても満足	10	
能登エリア	のとじま水族館	2026/09/21	同意する	日帰り	石川県内には宿泊しない	石川県内には宿泊しない	石川県外には泊まらない	小学生以下連れの家族	友人・親戚を訪ねる	自家用車	自家用車			使わない	1,000円未満	1,000円以上 3,000円未満	6～10回目	TV・ラジオ番組やCM	選択なし/該当施設なし	里山海道	選択なし／該当施設なし	実家	1,000円以上 3,000円未満	満足	お土産	満足	久しぶりにジンベイザメが見れて良かったです	感じた	祝日のため人が多く、チケット売り場で並びました。雨が降ってきたので、もっと屋根があればいいなと思います。	7		また行きたい（1年以内）	ポケモンのイベントがいろいろあり、楽しいですね。七尾市以南でも取り入れて欲しいです。大人気のちいかわともコラボして欲しい	男	1974	石川県	白山市	1,000万円以上 1,200万円未満	景品が当たる, ひゃくまんさんが好き, 動く３Dひゃくまんさんを見たい	満足	7	水族館
能登エリア	のと里山空港	2026/09/21	同意する	2泊	2泊	能登エリア （和倉温泉、七尾市、輪島市、珠洲市など）	石川県外には泊まらない	ボランティア	お祭りやイベントへの参加・見物, 各種体験（手作り、果物狩りなど）	旅行会社ツアーバス	自家用車, 旅行会社ツアーバス	どちらでもない	バスに乗ってきたため。	5,000円以上 10,000円未満	5,000円以上 10,000円未満	3,000円以上 5,000円未満	初めて	観光パンフレット・ポスター	選択なし/該当施設なし	県境SA	能登食祭市場		3,000円以上 5,000円未満	満足		満足	地域産品がたくさん	感じなかった		8		機会があれば行きたい	日本海を波を見る	女	1985	静岡県	浜松市	300万円以上 400万円未満	景品が当たる, 石川県のおすすめ観光スポットが見たい, 石川県の雑学を知りたい, なんとなく	満足	9	雪のふる地域のため。
金沢エリア	石川県政記念しいのき迎賓館	2026/09/21	同意する	1泊	1泊	金沢エリア  （湯涌温泉、深谷温泉、犀川温泉など）	石川県外には泊まらない	夫婦2人	名所、旧跡の観光, まちあるき、都市散策	自家用車	自家用車, 徒歩			10,000円以上 20,000円未満	20,000円以上 30,000円未満	20,000円以上 30,000円未満	初めて	観光パンフレット・ポスター	選択なし/該当施設なし	武家屋敷	金沢21世紀美術館		使わない	どちらでもない	休んだだけ	どちらでもない	休んだだけ	感じなかった		5		機会があれば行きたい	特になし	男	1967	茨城県	水戸市	700万円以上 800万円未満	景品が当たる	満足	7	観光地が近いからまわりやすい
金沢エリア	トリフィートホテル&ポッド金沢百万石通	2026/09/21	同意する	1泊	1泊	金沢エリア  （湯涌温泉、深谷温泉、犀川温泉など）	石川県外には泊まらない	中学生以上連れの家族	地元の美味しいものを食べる, 名所、旧跡の観光	自家用車	自家用車	満足	歩いて回れる	50,000円以上 100,000円未満	3,000円以上 5,000円未満	50,000円以上 100,000円未満	2～5回目	観光展・物産展, 新聞・雑誌・ガイドブック, X(旧：Twitter), Instagram	近江町市場		ひがし茶屋街		20,000円以上 30,000円未満	満足	素泊まりのみのため無駄がない	満足		感じなかった		7		機会があれば行きたい	特になし	男	1991	福井県	福井市	300万円以上 400万円未満	景品が当たる	満足	8	食べ物
金沢エリア	金沢中央観光案内所	2026/09/21	同意する	1泊	1泊	金沢エリア  （湯涌温泉、深谷温泉、犀川温泉など）	石川県外には泊まらない	夫婦2人	地元の美味しいものを食べる, 名所、旧跡の観光, まちあるき、都市散策	新幹線, 在来線	在来線, 路線バス	どちらでもない	普通に満足	使わない	30,000円以上 40,000円未満	10,000円以上 20,000円未満	初めて	観光パンフレット・ポスター	金沢21世紀美術館		ひがし茶屋街		使わない	どちらでもない	普通に満足	どちらでもない	普通に満足	感じなかった		6		機会があれば行きたい	特になし	女	1996	大阪府	大阪市	900万円以上 1,000万円未満	景品が当たる	満足	7	
金沢エリア	石川県立歴史博物館	2026/09/21	同意する	2泊	2泊	白山エリア （一里野温泉、白峰温泉、白山市など）	石川県外には泊まらない	中学生以上連れの家族	友人・親戚を訪ねる	自家用車	自家用車			使わない	使わない	20,000円以上 30,000円未満	初めて	インターネット・アプリ	選択なし/該当施設なし		選択なし/該当施設なし		1,000円未満	満足		満足	施設内が綺麗	感じなかった		8		また行きたい（1年以内）	特になし	女	1972	神奈川県	横須賀市	1,000万円以上 1,200万円未満	景品が当たる	満足	10	
金沢エリア	兼六駐車場	2026/09/21	同意する	2泊	2泊	加賀エリア （山代温泉、山中温泉、片山津温泉、粟津温泉、辰口温泉、加賀市、小松市など）	石川県外には泊まらない	夫婦2人	温泉や露天風呂, 名所、旧跡の観光	自家用車	自家用車			40,000円以上 50,000円未満	30,000円以上 40,000円未満	50,000円以上 100,000円未満	2～5回目	新聞・雑誌・ガイドブック, インターネット・アプリ	ひがし茶屋街		兼六園		50,000円以上 100,000円未満	満足	便利スムーズな対応	満足	広くて便利	感じなかった		8	便利なところ	機会があれば行きたい	観光しやすかった。	男	1951	京都府	京都市	400万円以上 500万円未満	景品が当たる	満足	8	見どころが多い
金沢エリア	兼六駐車場	2026/09/21	同意する	2泊	石川県内には宿泊しない	石川県内には宿泊しない	富山県	夫婦と子供の3人	地元の美味しいものを食べる, 名所、旧跡の観光	自家用車	自家用車			50,000円以上 100,000円未満	30,000円以上 40,000円未満	40,000円以上 50,000円未満	初めて	新聞・雑誌・ガイドブック, 観光パンフレット・ポスター, インターネット・アプリ	ひがし茶屋街		近江町市場		10,000円以上 20,000円未満	満足	とてもてぎわがよかった。	満足	想像どおりほぼたのしめた。	感じなかった		8		機会があれば行きたい	いまのままでよい。	女	1954	京都府	京都市	400万円以上 500万円未満	景品が当たる	満足	8	食事は全て満足でした。
金沢エリア	兼六駐車場	2026/09/21	同意する	1泊	1泊	金沢エリア  （湯涌温泉、深谷温泉、犀川温泉など）	石川県外には泊まらない	恋人	地元の美味しいものを食べる, 名所、旧跡の観光	自家用車	自家用車			5,000円以上 10,000円未満	5,000円以上 10,000円未満	10,000円以上 20,000円未満	初めて	Instagram, 友人・知人	ひがし茶屋街		金沢21世紀美術館		3,000円以上 5,000円未満	とても満足	接客が丁寧でした	とても満足	施設が綺麗でした	感じなかった		10		機会があれば行きたい	海鮮	女	2001	静岡県	浜松市中央区	400万円以上 500万円未満	景品が当たる	とても満足	10	着付け体験は貴重な経験でした。レトロな街並みがフォト映えしました
金沢エリア	河北亭	2026/09/21	同意する	1泊	1泊	金沢エリア  （湯涌温泉、深谷温泉、犀川温泉など）	石川県外には泊まらない	小学生以下連れの家族	宿でのんびり過ごす, 地元の美味しいものを食べる, 名所、旧跡の観光	自家用車	自家用車			50,000円以上 100,000円未満	10,000円以上 20,000円未満	20,000円以上 30,000円未満	初めて	インターネット・アプリ	ひがし茶屋街		選択なし/該当施設なし	海	1,000円以上 3,000円未満	とても満足	部屋が広い	とても満足		感じた	コンビニがない。	7	ごはんがとても美味しかったです。	機会があれば行きたい	歴史史跡巡り	男	1982	東京都	三鷹市	1,200万円以上 1,500万円未満	景品が当たる, ひゃくまんさんが好き	満足	7	海鮮料理
金沢エリア	兼六駐車場	2026/09/21	同意する	3泊	3泊	金沢エリア  （湯涌温泉、深谷温泉、犀川温泉など）	石川県外には泊まらない	スポーツマスターズ	その他スポーツ（ゴルフ、テニスなど）	自家用車	自家用車			40,000円以上 50,000円未満	10,000円以上 20,000円未満	30,000円以上 40,000円未満	初めて	新聞・雑誌・ガイドブック	近江町市場		金沢21世紀美術館		5,000円以上 10,000円未満	満足	石川県特有のお土産	満足	施設が綺麗	感じなかった		8	子供用のお土産が無いのが残念	また行きたい（1年以内）	特に無し	無回答	1974	静岡県	焼津市	1,000万円以上 1,200万円未満	景品が当たる	満足	10	近江市場や東茶屋街の雰囲気と忍者寺、金沢城下
金沢エリア	金沢駅	2026/09/21	同意する	2泊	1泊	金沢エリア  （湯涌温泉、深谷温泉、犀川温泉など）	富山県	夫婦2人	地元の美味しいものを食べる, 名所、旧跡の観光, まちあるき、都市散策	新幹線, 在来線	徒歩			10,000円以上 20,000円未満	40,000円以上 50,000円未満	20,000円以上 30,000円未満	初めて	インターネット・アプリ, Instagram	ひがし茶屋街		選択なし/該当施設なし		5,000円以上 10,000円未満	とても満足	観光客に優しいところ	とても満足	快適に過ごせました！	感じなかった		10	観光客たまにごった返しているにも関わらず快適でした！	また行きたい（1年以内）	東茶屋街の近隣に宅急便のセンターがあると大変助かります（雨のなか東茶屋街とヤマト運輸の近江町市場店まで往復する羽目に）	男	1973	栃木県	宇都宮市	1,200万円以上 1,500万円未満	景品が当たる, ひゃくまんさんが好き, ARでひゃくまんさんと写真が撮りたかった, 動く３Dひゃくまんさんを見たい, 石川県のおすすめ観光スポットが見たい	とても満足	10	お麩サイコー！！
金沢エリア	ひがし茶屋休憩館	2026/09/21	同意する	日帰り	石川県内には宿泊しない	石川県内には宿泊しない	石川県外には泊まらない	夫婦2人	地元の美味しいものを食べる, 名所、旧跡の観光, テーマパーク（遊園地、動物園、博物館など）	在来線, 旅行会社ツアーバス	路線バス	満足	乗車時間は長いが、早く着いたから。	使わない	10,000円以上 20,000円未満	50,000円以上 100,000円未満	初めて	新聞・雑誌・ガイドブック, インターネット・アプリ	近江町市場		金沢21世紀美術館		1,000円以上 3,000円未満	満足		満足		感じなかった		6		機会があれば行きたい	お寿司がとても美味しかった。ただ回転寿司屋さんがかなり混んでて入れないのが難点だった。	女	1994	愛知県	名古屋市	700万円以上 800万円未満	景品が当たる, ひゃくまんさんが好き, 石川県のおすすめ観光スポットが見たい	満足	7	ご飯が美味しい！
加賀エリア	ふれあい昆虫館	2026/09/21	同意する	2泊	2泊	能登エリア （和倉温泉、七尾市、輪島市、珠洲市など）	石川県外には泊まらない	夫婦2人	友人・親戚を訪ねる	自家用車	自家用車	満足	ナビですぐわかった	10,000円以上 20,000円未満	30,000円以上 40,000円未満	10,000円以上 20,000円未満	2～5回目	友人・知人	ゆのくにの森		選択なし／該当施設なし	親戚の家に向かうため	1,000円未満	とても満足	とても、貴重な体験ができた	とても満足	とても、貴重な体験ができた	感じなかった		10		機会があれば行きたい	特になし	女	1976	愛知県	名古屋市北区	200万円以上 300万円未満	景品が当たる	満足	8	昆虫ふれあい館
加賀エリア	白峰温泉総湯	2026/09/21	同意する	4泊以上	3泊	金沢エリア  （湯涌温泉、深谷温泉、犀川温泉など）	滋賀県	中学生以上連れの家族	スポーツ観戦や芸術鑑賞（コンサート等）, アウトドア（海水浴、釣り、登山など）, 絵画	自家用車	自家用車			3,000円以上 5,000円未満	10,000円以上 20,000円未満	20,000円以上 30,000円未満	初めて	Gemini	選択なし/該当施設なし	石川県立美術館	選択なし／該当施設なし	白山	1,000円以上 3,000円未満	とても満足	スタッフの対応が良かった	満足	料金が手頃で入浴に必要なものが備わっている	感じた	ロッカーが3段になって下と上の段が使いにくい	7		機会があれば行きたい	リーズナブルに美味しい海鮮が食べれる場所	女	1977	大阪府	泉佐野市	1,000万円以上 1,200万円未満	景品が当たる	とても満足	8	目的地の間にスーパーや道の駅が充実していて車で出かけやすい。
加賀エリア	小松空港	2026/09/21	同意する	2泊	2泊	金沢エリア  （湯涌温泉、深谷温泉、犀川温泉など）	石川県外には泊まらない	兄妹	温泉や露天風呂, 地元の美味しいものを食べる, 名所、旧跡の観光	飛行機	レンタカー	とても満足		50,000円以上 100,000円未満	10,000円以上 20,000円未満	10,000円以上 20,000円未満	初めて	インターネット・アプリ	石川県立航空プラザ		選択なし／該当施設なし		1,000円以上 3,000円未満	満足		満足		感じなかった		8		機会があれば行きたい	能登牛	女	1970	熊本県	荒尾市東屋形	900万円以上 1,000万円未満	景品が当たる	とても満足	10	料理
加賀エリア	道の駅「こまつ木場潟」	2026/09/21	同意する	2泊	1泊	白山エリア （一里野温泉、白峰温泉、白山市など）	富山県	夫婦2人	温泉や露天風呂, 地元の美味しいものを食べる, 買い物、アウトレット	自家用車	自家用車			使わない	5,000円以上 10,000円未満	1,000円以上 3,000円未満	2～5回目	インターネット・アプリ	選択なし/該当施設なし	道の駅越前たけふ	選択なし／該当施設なし	三草二木	1,000円未満	満足	地のものが買える	どちらでもない	普通の道の駅	感じなかった	なし	8	たくさん地のものにふれたい	また行きたい（1年以内）	その地域でのことがしたい	男	1970	愛知県	稲沢市	1,200万円以上 1,500万円未満	景品が当たる, 石川県のおすすめ観光スポットが見たい, 石川県の雑学を知りたい	満足	9	魚がおいしい
加賀エリア	道の駅めぐみ白山	2026/09/21	同意する	日帰り	石川県内には宿泊しない	石川県内には宿泊しない	地元で、実家から	両親と甥っ子	地元の美味しいものを食べる, 名所、旧跡の観光, テーマパーク（遊園地、動物園、博物館など）, お祭りやイベントへの参加・見物	県外から訪れていない（石川県内在住）	自家用車			使わない	10,000円以上 20,000円未満	1,000円以上 3,000円未満	2～5回目	観光展・物産展, 新聞・雑誌・ガイドブック, 観光パンフレット・ポスター	選択なし/該当施設なし	トレインパーク白山	選択なし／該当施設なし		1,000円以上 3,000円未満	満足	物は買ってないから	満足	物は特に買ってない	感じなかった		8		石川県在住	海鮮安く食べたい	男	1999	石川県	金沢市	600万円以上 700万円未満	景品が当たる, 石川県のおすすめ観光スポットが見たい	満足	8	食べ物美味しいから
加賀エリア	小松空港	2026/09/21	同意する	3泊	3泊	加賀エリア （山代温泉、山中温泉、片山津温泉、粟津温泉、辰口温泉、加賀市、小松市など）	石川県外には泊まらない	マスターズのチームメイト	その他スポーツ（ゴルフ、テニスなど）	レンタカー, 飛行機	レンタカー		石川県の皆さんはとても親切な方が多くて、有難かったです。	20,000円以上 30,000円未満	10,000円以上 20,000円未満	1,000円以上 3,000円未満	初めて	インターネット・アプリ	選択なし/該当施設なし	百万石リゾートレーン	選択なし／該当施設なし	特になし	3,000円以上 5,000円未満	満足	お土産屋さんの価格が全体的に高いと思う	満足		感じなかった		2	バラまき出来るようなお土産品をもう少し多く取り扱って欲しいと思う	どちらともいえない	お土産品は全体的に高すぎる。バラまき出来るような品が少ないので、買う気が失せてしまう。	女	1973	福岡県	福岡市	700万円以上 800万円未満	景品が当たる, なんとなく	とても満足	2	ホテルの温泉が良かった
加賀エリア	大江戸温泉物語Premium 山下家	2026/09/21	同意する	2泊	2泊	加賀エリア （山代温泉、山中温泉、片山津温泉、粟津温泉、辰口温泉、加賀市、小松市など）	石川県外には泊まらない	中学生以上連れの家族	温泉や露天風呂, 地元の美味しいものを食べる, 花見や紅葉などの自然鑑賞	レンタカー, 飛行機	レンタカー			50,000円以上 100,000円未満	30,000円以上 40,000円未満	50,000円以上 100,000円未満	初めて	インターネット・アプリ	選択なし/該当施設なし	石川図書館	選択なし／該当施設なし	白川郷	20,000円以上 30,000円未満	満足	食事が美味しい	満足	無料で楽しめる施設がたくさんあった	感じた	部屋で使うタオルがなかった	9		機会があれば行きたい	特になし	女	1979	沖縄県	中頭郡読谷村	1,000万円以上 1,200万円未満	景品が当たる	満足	8	石川ロードが綺麗だった
加賀エリア	いしかわ動物園	2026/09/21	同意する	日帰り	石川県内には宿泊しない	石川県内には宿泊しない	石川県外には泊まらない	小学生以下連れの家族	テーマパーク（遊園地、動物園、博物館など）	自家用車	自家用車			使わない	1,000円以上 3,000円未満	使わない	2～5回目	観光パンフレット・ポスター	石川県立航空プラザ		選択なし／該当施設なし		1,000円以上 3,000円未満	とても満足	ナイトズーが面白い	とても満足	コスパが良い	感じなかった		10		また行きたい（1年以内）	特に無し	男	1966	富山県	富山市	600万円以上 700万円未満	景品が当たる	とても満足	10	
加賀エリア	加賀の宿宝生亭	2026/09/21	同意する	1泊	1泊	加賀エリア （山代温泉、山中温泉、片山津温泉、粟津温泉、辰口温泉、加賀市、小松市など）	石川県外には泊まらない	小学生以下連れの家族	宿でのんびり過ごす, 地元の美味しいものを食べる	自家用車	自家用車	とても満足	自由	50,000円以上 100,000円未満	10,000円以上 20,000円未満	10,000円以上 20,000円未満	初めて	インターネット・アプリ	選択なし/該当施設なし	寿司屋	日本自動車博物館		1,000円以上 3,000円未満	どちらでもない		どちらでもない		感じなかった		1		あまり行きたいと思わない	海鮮	男	1995	大阪府	守口市	700万円以上 800万円未満	なんとなく	どちらでもない	1	富山福井の方がいい
加賀エリア	加賀の宿宝生亭	2026/09/21	同意する	1泊	1泊	加賀エリア （山代温泉、山中温泉、片山津温泉、粟津温泉、辰口温泉、加賀市、小松市など）	石川県外には泊まらない	小学生以下連れの家族	宿でのんびり過ごす, 温泉や露天風呂, 地元の美味しいものを食べる	自家用車	自家用車			40,000円以上 50,000円未満	10,000円以上 20,000円未満	40,000円以上 50,000円未満	初めて	インターネット・アプリ	選択なし/該当施設なし		選択なし／該当施設なし	越前松島水族館	40,000円以上 50,000円未満	不満	食事提供が遅い。記念日宿泊であったが、楽しめなかった。高級旅館の感じでイマイチすぎた。	不満	上記参照	感じた	記念日のケーキの食事場所の制限、配膳の遅さ、色々と放置されすぎて困った	1	飲み物があること、子連れにいいことはおすすめポイント	機会があれば行きたい	美味しいご飯	女	1996	大阪府	高槻	500万円以上 600万円未満	景品が当たる	どちらでもない	6	
加賀エリア	おびし荘	2026/09/21	同意する	2泊	2泊	加賀エリア （山代温泉、山中温泉、片山津温泉、粟津温泉、辰口温泉、加賀市、小松市など）	石川県外には泊まらない	夫婦2人	こまつ全日本鉄人レース	自家用車	自家用車			10,000円以上 20,000円未満	5,000円以上 10,000円未満	5,000円以上 10,000円未満	初めて	友人・知人	選択なし/該当施設なし	勧進帳ものがたり館	石川県立航空プラザ		1,000円未満	満足		とても満足	勧進帳も航空プラザもどちらも興味深く勉強になりました	感じなかった		10	航空プラザには孫を連れて来て遊ばせたいです	また行きたい（1年以内）	こまつ木場潟道の駅は、新鮮な野菜がいっぱいでたくさんお買物ができました	女	1957	愛知県	清須市	400万円以上 500万円未満	景品が当たる	満足	10	歌舞伎好きな人には安宅の関はぜひ薦めたい し、孫たちには暑さや雨降りでも安心して遊べる航空プラザを薦めたい 
加賀エリア	日本自動車博物館	2026/09/22	同意する	日帰り	石川県内には宿泊しない	石川県内には宿泊しない	石川県外には泊まらない	夫婦2人	テーマパーク（遊園地、動物園、博物館など）	自家用車	自家用車			30,000円以上 40,000円未満	10,000円以上 20,000円未満	10,000円以上 20,000円未満	2～5回目	TV・ラジオ番組やCM	選択なし/該当施設なし		選択なし／該当施設なし	小松の社	20,000円以上 30,000円未満	満足	満足したから	満足	満足したから	感じなかった	世界のトイレの便器の蓋が重かった	9	昔のが沢山あった	また行きたい（1年以内）	海鮮	女	1980	大阪府	大阪市西区	100万円未満	景品が当たる	満足	9	食べ物
能登エリア	のとじま水族館	2026/09/21	同意する	3泊	3泊	金沢エリア  （湯涌温泉、深谷温泉、犀川温泉など）	石川県外には泊まらない	夫婦2人	マスターズ大会に参加したついでに観光	自家用車	自家用車			20,000円以上 30,000円未満	20,000円以上 30,000円未満	20,000円以上 30,000円未満	初めて	インターネット・アプリ, Facebook	選択なし/該当施設なし	兼六園、金沢城、手取川ダム	選択なし／該当施設なし	帰宅します。	1,000円以上 3,000円未満	とても満足	水族館の展示が綺麗で、見やすい。イベントもありかなり良かったです。	とても満足	スタンプラリーなどがあって楽しめた。	感じなかった		7	特にないです	機会があれば行きたい	外国人の多さに驚きました。お土産が何が良いのかがわからなかった。	男	1972	埼玉県	さいたま市	900万円以上 1,000万円未満	景品が当たる, なんとなく	とても満足	7	加賀百万石の金沢市、古い街並みなど
能登エリア	コスモアイル羽咋	2026/09/21	同意する	2泊	2泊	白山エリア （一里野温泉、白峰温泉、白山市など）	石川県外には泊まらない	親	宿でのんびり過ごす, 地元の美味しいものを食べる, 名所、旧跡の観光	自家用車	自家用車			40,000円以上 50,000円未満	5,000円以上 10,000円未満	5,000円以上 10,000円未満	初めて	インターネット・アプリ	選択なし/該当施設なし		選択なし／該当施設なし	宿泊施設	1,000円未満	満足	宇宙人面白かった。	満足		感じなかった		7		また行きたい（1年以内）	金沢おでん	女	1995	兵庫県	加古川市	1,200万円以上 1,500万円未満	景品が当たる	満足	8	
能登エリア	コスモアイル羽咋	2026/09/21	同意する	2泊	2泊	白山エリア （一里野温泉、白峰温泉、白山市など）	石川県外には泊まらない	中学生以上連れの家族	宿でのんびり過ごす, まちあるき、都市散策	自家用車	自家用車			50,000円以上 100,000円未満	5,000円以上 10,000円未満	10,000円以上 20,000円未満	初めて	インターネット・アプリ	千里浜なぎさドライブウェイ		道の駅のとじま		10,000円以上 20,000円未満	満足	宇宙かがくかんははじめてで感動した	とても満足	実際に見たのははじめて	感じなかった		7	宇宙食に興味あった	機会があれば行きたい	楽しみ	女	1963	兵庫県	加古川市	300万円以上 400万円未満	景品が当たる	満足	8	砂浜はここちよかった
能登エリア	休暇村能登千里浜	2026/09/21	同意する	2泊	1泊	能登エリア （和倉温泉、七尾市、輪島市、珠洲市など）	滋賀県	親	宿でのんびり過ごす, 温泉や露天風呂, 地元の美味しいものを食べる	自家用車	自家用車			20,000円以上 30,000円未満	10,000円以上 20,000円未満	3,000円以上 5,000円未満	2～5回目	新聞・雑誌・ガイドブック, インターネット・アプリ, X(旧：Twitter)	千里浜なぎさドライブウェイ		千里浜なぎさドライブウェイ	休暇村千里浜	3,000円以上 5,000円未満	とても満足		とても満足	キレイな施設でしっかりしており満足しています。	感じなかった		9	おいしく、お風呂もよかったです	また行きたい（1年以内）	海の幸	男	1974	岐阜県	多治見市	600万円以上 700万円未満	景品が当たる, 石川県のおすすめ観光スポットが見たい	とても満足	10	食が満足です何食べてもおいしいです。海の幸がいいですね。
能登エリア	海舟	2026/09/21	同意する	1泊	1泊	能登エリア （和倉温泉、七尾市、輪島市、珠洲市など）	石川県外には泊まらない	夫婦2人	宿でのんびり過ごす, 温泉や露天風呂, 地元の美味しいものを食べる, ドライブ・ツーリング	自家用車	自家用車			50,000円以上 100,000円未満	5,000円以上 10,000円未満	20,000円以上 30,000円未満	初めて	インターネット・アプリ	選択なし/該当施設なし		道の駅のとじま		3,000円以上 5,000円未満	不満	雰囲気が暗い	不満	買い物が楽しくなかった	感じなかった		7	食事は美味しかった	機会があれば行きたい	鶏野菜をもう少し推してもいい	男	1971	富山県	黒部市	1,500万円以上	なんとなく	満足	7	知名度、復興支援
能登エリア	のとじま水族館	2026/09/21	同意する	3泊	2泊	能登エリア （和倉温泉、七尾市、輪島市、珠洲市など）	富山県	小学生以下連れの家族	温泉や露天風呂, 地元の美味しいものを食べる, テーマパーク（遊園地、動物園、博物館など）	自家用車	自家用車			使わない	1,000円以上 3,000円未満	10,000円以上 20,000円未満	初めて	TV・ラジオ番組やCM, インターネット・アプリ	のとじま水族館		選択なし／該当施設なし		3,000円以上 5,000円未満	とても満足	ショップでのグッズ、お菓子の値段が良心的に感じた。	とても満足	ジンベイザメが戻ってきてくれてうれしい！イルカとアシカのショーも感動した。	感じた	混んでいたのもあって、順路が分かずらく逆走してしまった。	10	ジンベイザメのぬいぐるみのくじ引きは結構な数の当たり(一等、二等)が入っているんだなと感じるくらい、ベルが鳴っていたのでやってみようと思った。シルバーウィークということもあり混んでいたので仕方ないが、ショップの列に並ぶ人の数がすごく商品が見にくかった。スタッフの人数にもよるが蛇行方式などに整列させてもらえればいいのではないか。	また行きたい（1年以内）	特になし	女	1995	愛知県	豊橋市	200万円以上 300万円未満	景品が当たる	とても満足	10	魚が美味しい
能登エリア	のとじま水族館	2026/09/21	同意する	2泊	2泊	能登エリア （和倉温泉、七尾市、輪島市、珠洲市など）	石川県外には泊まらない	中学生以上連れの家族	温泉や露天風呂, 地元の美味しいものを食べる, テーマパーク（遊園地、動物園、博物館など）	レンタカー, 飛行機	レンタカー	満足	海沿い道路はほぼ信号もなく、素晴らしいドライブができた。	20,000円以上 30,000円未満	40,000円以上 50,000円未満	30,000円以上 40,000円未満	2～5回目	新聞・雑誌・ガイドブック, インターネット・アプリ, 観光協会等の案内所	千里浜なぎさドライブウェイ		のとじま水族館		5,000円以上 10,000円未満	満足	欲しかったものが購入できたし、食事もよかった。	とても満足	思ったより、展示スペースも多く、じんべいザメも見れてよかった。	感じなかった		8	ガチャガチャがあちこちに置いてあり、時代を感じた。	機会があれば行きたい	特になし	女	1963	福岡県	久留米市	600万円以上 700万円未満	なんとなく	とても満足	10	日本海の眺めと温泉地の気持ちよさ
能登エリア	のとじま水族館	2026/09/21	同意する	日帰り	石川県内には宿泊しない	石川県内には宿泊しない	石川県外には泊まらない	小学生以下連れの家族	テーマパーク（遊園地、動物園、博物館など）	県外から訪れていない（石川県内在住）	自家用車			3,000円以上 5,000円未満	3,000円以上 5,000円未満	5,000円以上 10,000円未満	2～5回目	インターネット・アプリ, Instagram	選択なし/該当施設なし		能登食祭市場		1,000円以上 3,000円未満	とても満足	能登特有のお土産等がありよかった	満足	授乳室もありよかった	感じなかった		9	能登産の海産物が多く、すぐに食べられるのが魅力的だと思った	石川県在住	特になし	女	1994	石川県	中能登町	700万円以上 800万円未満	景品が当たる	とても満足	10	海鮮系が美味しい
能登エリア	のとじま水族館	2026/09/21	同意する	日帰り	1泊	能登エリア （和倉温泉、七尾市、輪島市、珠洲市など）	石川県外には泊まらない	小学生以下連れの家族	地元の美味しいものを食べる, テーマパーク（遊園地、動物園、博物館など）	自家用車	自家用車	とても満足	ドライブが楽しかった	1,000円未満	5,000円以上 10,000円未満	10,000円以上 20,000円未満	2～5回目	新聞・雑誌・ガイドブック, インターネット・アプリ	のとじま水族館		千里浜なぎさドライブウェイ		5,000円以上 10,000円未満	満足	子供達かわ楽しそうにしていたから	満足		感じなかった		9		また行きたい（1年以内）	天気を気にせずに、子供達が遊べる施設	女	1997	富山県	魚津市	600万円以上 700万円未満	景品が当たる, 石川県のおすすめ観光スポットが見たい	満足	9	
能登エリア	和倉温泉-総湯-	2026/09/21	同意する	3泊	3泊	能登エリア （和倉温泉、七尾市、輪島市、珠洲市など）	石川県外には泊まらない	夫婦2人と友人(能登在住)１名	温泉や露天風呂, 地元の美味しいものを食べる, 名所、旧跡の観光, まちあるき、都市散策, 能登復興応援	新幹線, 飛行機	レンタカー	とても満足		50,000円以上 100,000円未満	40,000円以上 50,000円未満	40,000円以上 50,000円未満	初めて	友人・知人	選択なし/該当施設なし	塩田	選択なし／該当施設なし		1,000円未満	とても満足	お風呂の温度がちょうど良い。休憩所が良い。	満足	同上	感じた	女性のドライヤーが3個は少なすぎる。駐車場少ない	9		機会があれば行きたい	金沢駅に、もう少しお土産ショップがあると良い	女	1959	東京都	葛飾区	400万円以上 500万円未満	景品が当たる	とても満足	10	海鮮が美味しい
能登エリア	PEACE ライダーズマリンベース	2026/09/21	同意する	1泊	1泊	能登エリア （和倉温泉、七尾市、輪島市、珠洲市など）	石川県外には泊まらない	自分ひとり	地元の美味しいものを食べる, ドライブ・ツーリング, 友人・親戚を訪ねる	自家用車	自家用車			5,000円以上 10,000円未満	10,000円以上 20,000円未満	5,000円以上 10,000円未満	2～5回目	インターネット・アプリ	選択なし/該当施設なし	ボランティア	選択なし／該当施設なし		10,000円以上 20,000円未満	とても満足	施設環境、美味しい料理	とても満足		感じなかった		10		また行きたい（1年以内）	奥能登地域の宿泊施設の拡充	女	1994	奈良県	生駒市	400万円以上 500万円未満	なんとなく	とても満足	10	
能登エリア	漁師のペンション ハトヤ	2026/09/21	同意する	2泊	2泊	能登エリア （和倉温泉、七尾市、輪島市、珠洲市など）	石川県外には泊まらない	団体旅行	アウトドア（海水浴、釣り、登山など）, 各種体験（手作り、果物狩りなど）, 友人・親戚を訪ねる	自家用車	自家用車			40,000円以上 50,000円未満	10,000円以上 20,000円未満	5,000円以上 10,000円未満	6～10回目	インターネット・アプリ, 観光協会等の案内所	選択なし/該当施設なし	能登空港	選択なし／該当施設なし	ケロンの小さな村	3,000円以上 5,000円未満	とても満足	自然豊か、ピザ体験	満足	自然豊か、手作り遊具	感じなかった		7	ピザが美味しかったです。　遊具も楽しかったです。	また行きたい（1年以内）	特になし	男	1984	東京都	西東京市	700万円以上 800万円未満	景品が当たる	とても満足	7	釣りが出来るスポットをみつけた。
能登エリア	花ごよみ	2026/09/21	同意する	3泊	1泊	能登エリア （和倉温泉、七尾市、輪島市、珠洲市など）	岐阜、富山	恋人	温泉や露天風呂, 地元の美味しいものを食べる, テーマパーク（遊園地、動物園、博物館など）	自家用車	自家用車			10,000円以上 20,000円未満	30,000円以上 40,000円未満	10,000円以上 20,000円未満	初めて	インターネット・アプリ	のとじま水族館		選択なし／該当施設なし		10,000円以上 20,000円未満	満足	源泉が熱すぎるがぬるめて入ったらいつまでもポカポカしていた。青森出身の中居さんが気さくだった。お料理が沢山出過ぎて散歩しないと寝られない程だった。、	満足		感じなかった		8	ご飯が出過ぎてどんなにお腹が空いていても食べきれない	機会があれば行きたい	のどくろの塩焼きがおいしい	女	1983	栃木県	那須塩原市	700万円以上 800万円未満	景品が当たる, なんとなく	満足	8	のとじま水族館のジンベイザメ
能登エリア	民宿 寅さん	2026/09/21	同意する	2泊	2泊	能登エリア （和倉温泉、七尾市、輪島市、珠洲市など）	石川県外には泊まらない	中学生以上連れの家族	ドライブ・ツーリング	自家用車	自家用車			5,000円以上 10,000円未満	10,000円以上 20,000円未満	20,000円以上 30,000円未満	初めて	インターネット・アプリ	千里浜なぎさドライブウェイ		選択なし／該当施設なし	ツール・ド・能登	10,000円以上 20,000円未満	とても満足	料理がとても美味しいし、女将さんがとても温かかったから。	とても満足	料理がとても美味しいし、女将さんがとても温かかったから。	感じなかった		10		機会があれば行きたい	特になし	男	2004	埼玉県	北本市	700万円以上 800万円未満	景品が当たる	とても満足	10	ツール・ド・能登を通して石川県の災害復興に貢献できることや石川県の様々な場所を通ることで良いところをたくさん見ることができたりするので他の人に勧めたいです。
能登エリア	民宿 寅さん	2026/09/21	同意する	2泊	2泊	能登エリア （和倉温泉、七尾市、輪島市、珠洲市など）	石川県外には泊まらない	中学生以上連れの家族	地元の美味しいものを食べる, 名所、旧跡の観光, お祭りやイベントへの参加・見物	自家用車	自家用車	とても満足	家族で能登に来られ、家族で美味しいご飯を食べられたたからです。	10,000円以上 20,000円未満	5,000円以上 10,000円未満	10,000円以上 20,000円未満	2～5回目	観光パンフレット・ポスター, インターネット・アプリ, 友人・知人	千里浜なぎさドライブウェイ		選択なし／該当施設なし	ツールド能登の能登コース	10,000円以上 20,000円未満	とても満足	能登の復興支援も含めて参加できること。大変な日々が続いていらっしゃる方も沢山いるのに、声援を送ってくださる。	とても満足	なんといってもご飯が美味しい。宿の方が親切。	感じなかった		10	寅さんのご飯が美味しい。	機会があれば行きたい	宝達を巡りましたが、観光の繋がりがあるとよいと思いました。それぞれの名所が別々に紹介されている印象を受けました。	女	1970	埼玉県	北本市	600万円以上 700万円未満	景品が当たる	とても満足	10	みんなで復興に向けて頑張っている。
能登エリア	民宿 寅さん	2026/09/21	同意する	2泊	2泊	能登エリア （和倉温泉、七尾市、輪島市、珠洲市など）	石川県外には泊まらない	家族(親、兄弟)	まちあるき、都市散策, ドライブ・ツーリング	自家用車	自家用車			10,000円以上 20,000円未満	10,000円以上 20,000円未満	10,000円以上 20,000円未満	2～5回目	インターネット・アプリ	千里浜なぎさドライブウェイ		選択なし／該当施設なし	見付島周辺	10,000円以上 20,000円未満	とても満足	どれも美味しかったです。特に、ノドグロとマグロのお刺身が美味しかったです。	とても満足	スタッフの方が、丁寧に親切に迎えてくださいました。	感じなかった		10		また行きたい（1年以内）	非現実的な体験(自然に触れる、文化財に訪れる等)	女	2002	埼玉県	埼玉県	800万円以上 900万円未満	景品が当たる	とても満足	10	
能登エリア	民宿 寅さん	2026/09/21	同意する	2泊	2泊	能登エリア （和倉温泉、七尾市、輪島市、珠洲市など）	石川県外には泊まらない	中学生以上連れの家族	ドライブ・ツーリング	自家用車	自家用車			10,000円以上 20,000円未満	10,000円以上 20,000円未満	20,000円以上 30,000円未満	初めて	インターネット・アプリ	千里浜なぎさドライブウェイ		選択なし／該当施設なし	ツール・ド・能登	10,000円以上 20,000円未満	とても満足	料理がとても美味しいし、女将さんがとても温かかったから。	とても満足	料理がとても美味しいし、女将さんがとても温かかったから。	感じなかった		10		機会があれば行きたい	特になし	男	2004	埼玉県	北本市	700万円以上 800万円未満	景品が当たる	とても満足	10	ツール・ド・能登を通して石川県の様々な良いところを実際に見ることができるだけでなく、石川県の災害復興に貢献できるから。
能登エリア	和倉温泉-総湯-	2026/09/21	同意する	2泊	2泊	金沢エリア  （湯涌温泉、深谷温泉、犀川温泉など）	石川県外には泊まらない	中学生以上連れの家族	温泉や露天風呂, 地元の美味しいものを食べる, 名所、旧跡の観光, テーマパーク（遊園地、動物園、博物館など）	新幹線	レンタカー	とても満足	時間を気にせず、自由にあちこちに行ける	使わない	30,000円以上 40,000円未満	20,000円以上 30,000円未満	初めて	インターネット・アプリ	のとじま水族館		選択なし／該当施設なし	小松の工芸村	1,000円未満	とても満足	清潔で広くて快適だった	とても満足	とても清潔	感じなかった		10	簡単な食事処が併設されていたらよかった	また行きたい（1年以内）	飲食店も閉まるのが早すぎるので、もう少し遅くまで食べられるところがほしい	女	1978	埼玉県	越谷市	1,200万円以上 1,500万円未満	景品が当たる	とても満足	10	温泉がたくさんある、景色がきれい、魚が美味しい
能登エリア	民宿 寅さん	2026/09/21	同意する	2泊	2泊	能登エリア （和倉温泉、七尾市、輪島市、珠洲市など）	石川県外には泊まらない	中学生以上連れの家族	名所、旧跡の観光, その他スポーツ（ゴルフ、テニスなど）, ドライブ・ツーリング	自家用車	自家用車			50,000円以上 100,000円未満	5,000円以上 10,000円未満	20,000円以上 30,000円未満	2～5回目	観光展・物産展, インターネット・アプリ	千里浜なぎさドライブウェイ		道の駅のとじま		20,000円以上 30,000円未満	満足	欲しい品を手に入れることができる	満足	食事が美味しかった	感じた	エレベーターがあったら助かります｡	8		機会があれば行きたい	石川県の特産品や物産品の紹介や購買が手軽にできるとありがたいですね｡	男	1958	埼玉県	北本市	600万円以上 700万円未満	景品が当たる	満足	8	重要文化財の喜多家の歴史的価値
能登エリア	のとじま水族館	2026/09/21	同意する	4泊以上	4泊以上	能登エリア （和倉温泉、七尾市、輪島市、珠洲市など）	石川県外には泊まらない	小学生以下連れの家族	地元の美味しいものを食べる, お祭りやイベントへの参加・見物, 友人・親戚を訪ねる	自家用車	自家用車			10,000円以上 20,000円未満	1,000円以上 3,000円未満	3,000円以上 5,000円未満	2～5回目	Instagram, 友人・知人	選択なし/該当施設なし	城端SA	選択なし／該当施設なし	道の駅のと里山、シ・オン	1,000円以上 3,000円未満	とても満足	新たなジンベイザメを迎えて、特集やキャンペーンで盛り上がっていたのでより楽しめた	とても満足	ハロウィンの装飾が可愛かった	感じた	トイレが少し古くて、手洗い場も少し不衛生にみえた	10	限定クッキーは、シェフ作成じゃなくてもいいのでもう少し数が多いと嬉しい	また行きたい（1年以内）	石川県のお肉を手軽に食べたい	女	1985	岐阜県	瑞浪市	700万円以上 800万円未満	景品が当たる, 石川県のおすすめ観光スポットが見たい	とても満足	10	のとじま水族館、日本に4か所しかないジンベイザメを見られる場所だから
能登エリア	おくだや	2026/09/21	同意する	1泊	1泊	能登エリア （和倉温泉、七尾市、輪島市、珠洲市など）	石川県外には泊まらない	恋人	宿でのんびり過ごす, 温泉や露天風呂, 地元の美味しいものを食べる, 名所、旧跡の観光	自家用車	自家用車			20,000円以上 30,000円未満	3,000円以上 5,000円未満	10,000円以上 20,000円未満	初めて	インターネット・アプリ	選択なし/該当施設なし	近江市場、東茶屋街	選択なし／該当施設なし	21世紀美術館、わくらポケモン足湯	使わない	とても満足	部屋の露天風呂や施設全体がとてもキレイで満足	とても満足	チェックイン時間に遅れてしまったが、丁寧な対応でとても助かったから。	感じなかった		10		また行きたい（1年以内）	混雑すると体験できない施設や入ることができないお店があると感じた。	男	2004	愛知県	岩倉市	800万円以上 900万円未満	景品が当たる, なんとなく	満足	8	食べ物が美味しかった
能登エリア	おくだや	2026/09/21	同意する	1泊	1泊	能登エリア （和倉温泉、七尾市、輪島市、珠洲市など）	石川県外には泊まらない	恋人	温泉や露天風呂, 地元の美味しいものを食べる, 名所、旧跡の観光, まちあるき、都市散策	自家用車	自家用車			20,000円以上 30,000円未満	3,000円以上 5,000円未満	10,000円以上 20,000円未満	初めて	インターネット・アプリ, Instagram	選択なし/該当施設なし	金沢	選択なし／該当施設なし	金沢	使わない	とても満足	接客がとても良かった！	とても満足		感じなかった		10		また行きたい（1年以内）	特になし	女	2004	愛知県	岩倉市	900万円以上 1,000万円未満	景品が当たる	とても満足	10	
能登エリア	いこいの村 能登半島	2026/09/21	同意する	4泊以上	1泊	能登エリア （和倉温泉、七尾市、輪島市、珠洲市など）	富山県	小学生以下連れの家族	宿でのんびり過ごす, 地元の美味しいものを食べる	レンタカー, 新幹線	レンタカー	とても満足	行きたい施設にも行けるので	20,000円以上 30,000円未満	30,000円以上 40,000円未満	20,000円以上 30,000円未満	初めて	インターネット・アプリ	選択なし/該当施設なし	能登空港	能登食祭市場		3,000円以上 5,000円未満	とても満足	お腹いっぱいでゆっくり過ごした	とても満足	サービスがよい	感じなかった	なし	10	お風呂の床畳がサイコーです	また行きたい（1年以内）	食べ物は美味しい	男	1976	東京都	世田谷区	1,000万円以上 1,200万円未満	景品が当たる	とても満足	10	ポケモン
能登エリア	民宿 寅さん	2026/09/21	同意する	2泊	2泊	能登エリア （和倉温泉、七尾市、輪島市、珠洲市など）	石川県外には泊まらない	中学生以上連れの家族	地元の美味しいものを食べる, 名所、旧跡の観光, お祭りやイベントへの参加・見物, ドライブ・ツーリング	自家用車	自家用車	とても満足	家族で旅行に来られて、みんなで美味しいものを食べられたことです。	10,000円以上 20,000円未満	3,000円以上 5,000円未満	10,000円以上 20,000円未満	2～5回目	観光パンフレット・ポスター, インターネット・アプリ, 友人・知人	選択なし/該当施設なし	喜多家	選択なし／該当施設なし	ツールド能登の能登コース	10,000円以上 20,000円未満	とても満足	能登の景色の中を現地の人々と関わりながら、復興支援も兼ねて、参加できることです。	とても満足	寅さんはなんといってもご飯が美味しい。宿の方が親切です。	感じなかった		10	すみません。懸賞を申し込みはぐったのでもう一度アンケートにこたえてしまいました。	機会があれば行きたい	小さな町でも見どころをしっかり紹介したらどうかなと思います。宝達にしても、色々な見どころがあるのですが、１つ１つ知るような印象を受けます。町と町の道もかかる時間などの情報もあると計画の見通しが立つなと思いました。	女	1970	埼玉県	北本市	600万円以上 700万円未満	景品が当たる	とても満足	10	能登の方々との触れ合いが良かったことと、宿のご飯がとても美味しかったことです。
能登エリア	九右衛門ゲストハウス	2026/09/21	同意する	3泊	2泊	能登エリア （和倉温泉、七尾市、輪島市、珠洲市など）	福井県	自分ひとり	宿でのんびり過ごす, 名所、旧跡の観光, ドライブ・ツーリング, 地震の影響と地震後の復興状況が自分の目で見てみたかった	自家用車	自家用車			10,000円以上 20,000円未満	30,000円以上 40,000円未満	20,000円以上 30,000円未満	初めて	booking.com	禄剛崎灯台		選択なし／該当施設なし	須須神社	5,000円以上 10,000円未満	満足	可もなく不可もなく	満足	想定通り	感じなかった		5		機会があれば行きたい	飲食店数が少なく感じました。道の駅のレストランも終わる時間が早く食事する機会を逃してコンビニになってしまった	男	1963	京都府	久御山町	700万円以上 800万円未満	景品が当たる, がんばれ能登	どちらでもない	6	海岸線のドライブ  景色が良かった
能登エリア	のとじま水族館	2026/09/21	同意する	日帰り	石川県内には宿泊しない	石川県内には宿泊しない	日帰り	小学生以下連れの家族	テーマパーク（遊園地、動物園、博物館など）	自家用車	自家用車	とても満足		使わない	1,000円以上 3,000円未満	10,000円以上 20,000円未満	2～5回目	Instagram	選択なし/該当施設なし		能登食祭市場		10,000円以上 20,000円未満	とても満足		とても満足		感じた	おむつ交換できる場所がもう少しあればいいかも	10		また行きたい（1年以内）	特になし	女	1995	富山県	魚津市	1,000万円以上 1,200万円未満	景品が当たる	とても満足	10	
能登エリア	いこいの村 能登半島	2026/09/21	同意する	2泊	2泊	能登エリア （和倉温泉、七尾市、輪島市、珠洲市など）	石川県外には泊まらない	小学生以下連れの家族	地元の美味しいものを食べる, 名所、旧跡の観光, テーマパーク（遊園地、動物園、博物館など）	自家用車	自家用車			100,000円以上	10,000円以上 20,000円未満	30,000円以上 40,000円未満	初めて	インターネット・アプリ	千里浜なぎさドライブウェイ		のとじま水族館		10,000円以上 20,000円未満	とても満足	BBQのお肉がとてもおいしかった。大浴場が畳敷きで子連れにはありがたかった。食事もお風呂も混みすぎずゆったり過ごせた。	とても満足		感じた	電気自動車の充電スポットがないこと。	8	お肉がとてもおいしかった。	機会があれば行きたい	今度はカニの時期に来てたくさん食べたい。	女	1995	愛知県	知多市	800万円以上 900万円未満	景品が当たる	とても満足	10	食べ物が美味しい。
金沢エリア	KOKOHOTEL Premier 金沢香林坊	2026/09/22	同意する	2泊	1泊	金沢エリア  （湯涌温泉、深谷温泉、犀川温泉など）	福井県	恋人	地元の美味しいものを食べる, 名所、旧跡の観光, まちあるき、都市散策	自家用車	自家用車			10,000円以上 20,000円未満	5,000円以上 10,000円未満	10,000円以上 20,000円未満	初めて	インターネット・アプリ	尾山神社		近江町市場		10,000円以上 20,000円未満	満足	お部屋が広い	満足	清潔感がある	感じなかった		10		機会があれば行きたい	特になし	女	1993	京都府	京都市	1,000万円以上 1,200万円未満	なんとなく	満足	10	バスの本数も多く、町散策がしやすい
金沢エリア	KOKOHOTEL Premier 金沢香林坊	2026/09/22	同意する	2泊	2泊	金沢エリア  （湯涌温泉、深谷温泉、犀川温泉など）	石川県外には泊まらない	恋人	地元の美味しいものを食べる, 名所、旧跡の観光, まちあるき、都市散策	新幹線	路線バス	どちらでもない	バスの一日乗車券にお得感を感じなかった。3日間フリー乗車みたいな券があればよかった。1日フリー乗車券を買ったが、割引になる施設が少なすぎるし、団体割引しかないのはいかがなものかと。団体はだいたい何でも割引きくでしょう。個人が来やすいサービスがないと。	30,000円以上 40,000円未満	3,000円以上 5,000円未満	10,000円以上 20,000円未満	初めて	インターネット・アプリ	兼六園		金沢21世紀美術館		使わない	満足	接客、サービスに特に不備を感じなかった	満足	不備を感じなかったので	感じなかった		6		どちらともいえない	海鮮ものを食べたくて金沢に来ました。観光地価格で、美味しかったけど量が少なくて残念だった。魚がし食堂は良かったけど、川端鮮魚店はお得感は感じなくて残念でした。もりもり寿司片町店は、17時オープンなのに18時には整理券が配り終わってて夕食の予定が崩れて残念でした。案内所含め、街の人は素晴らしかったです。	女	1991	東京都	江戸川区	900万円以上 1,000万円未満	景品が当たる, 石川県のおすすめ観光スポットが見たい, 石川県の雑学を知りたい	どちらでもない	6	
金沢エリア	西茶屋資料館	2026/09/22	同意する	1泊	1泊	金沢エリア  （湯涌温泉、深谷温泉、犀川温泉など）	石川県外には泊まらない	中学生以上連れの家族	地元の美味しいものを食べる, 名所、旧跡の観光	新幹線, 在来線	路線バス	とても満足	バスが頻繁に来る	5,000円以上 10,000円未満	10,000円以上 20,000円未満	5,000円以上 10,000円未満	初めて	新聞・雑誌・ガイドブック, インターネット・アプリ	兼六園	金沢城公園	金沢21世紀美術館		使わない	とても満足	金沢傘の説明	とても満足	静かで良かった	感じなかった		5		機会があれば行きたい	特になし	女	1979	埼玉県	蓮田市	200万円以上 300万円未満	アンケートが好き	とても満足	10	見どころがたくさん
金沢エリア	石川県立歴史博物館	2026/09/22	同意する	日帰り	石川県内には宿泊しない	石川県内には宿泊しない	石川県外には泊まらない	中学生以上連れの家族	まちあるき、都市散策	県外から訪れていない（石川県内在住）	自家用車			使わない	1,000円未満	1,000円以上 3,000円未満	11回目以上	Instagram	選択なし/該当施設なし		選択なし/該当施設なし		1,000円以上 3,000円未満	とても満足		とても満足	施設が綺麗なのと、ほっとサロンで飲食できるのもありがたいです	感じなかった		10		石川県在住	特になし	女	1959	石川県	金沢市	400万円以上 500万円未満	なんとなく	満足	10	コンパクトに観光施設を周れる。食べ物が美味しい。
金沢エリア	屋内木育施設 もりのひみつきち	2026/09/22	同意する	日帰り	石川県内には宿泊しない	石川県内には宿泊しない	石川県外には泊まらない	小学生以下連れの家族	テーマパーク（遊園地、動物園、博物館など）	県外から訪れていない（石川県内在住）	自家用車			使わない	1,000円未満	1,000円以上 3,000円未満	2～5回目	友人・知人	選択なし/該当施設なし		選択なし/該当施設なし	帰る	1,000円以上 3,000円未満	とても満足	子供が遊べるから	とても満足	きれいでWi-Fiも使える	感じた	道が分かりにくい	8		石川県在住	子供に優しい場所、車椅子で行けるところを希望しますします	女	1982	石川県	金沢市	400万円以上 500万円未満	景品が当たる	満足	7	
金沢エリア	金沢中央観光案内所	2026/09/22	同意する	2泊	2泊	能登エリア （和倉温泉、七尾市、輪島市、珠洲市など）	石川県外には泊まらない	夫婦2人	地元の美味しいものを食べる, 名所、旧跡の観光	自家用車	徒歩			20,000円以上 30,000円未満	5,000円以上 10,000円未満	20,000円以上 30,000円未満	初めて	インターネット・アプリ, 観光協会等の案内所	近江町市場		尾山神社		1,000円以上 3,000円未満	満足	暑かったので涼む目的で入ったけど、いろいろな情報があって満足しました。	満足	工芸品があって、見たことがないものもあって、良かった。	感じなかった		8	もう少し座ることができる場所があっても良いかと思いました。	また行きたい（1年以内）	発酵食品の文化	女	1976	東京都	渋谷区	1,000万円以上 1,200万円未満	景品が当たる, ひゃくまんさんが好き	とても満足	10	能登の現状の把握ができた。 早く復興をして欲しいと願ってます。
金沢エリア	健民スポレクプラザ	2026/09/22	同意する	2泊	2泊	金沢エリア  （湯涌温泉、深谷温泉、犀川温泉など）	石川県外には泊まらない	自分ひとり	地元の美味しいものを食べる, 花見や紅葉などの自然鑑賞, 名所、旧跡の観光, まちあるき、都市散策, 聖地巡礼(ラブライブ蓮ノ空女学院スクールアイドルクラブ)	新幹線	レンタサイクル	とても満足	街並みを見ながら道中で普段見られない景色を見られた	10,000円以上 20,000円未満	10,000円以上 20,000円未満	30,000円以上 40,000円未満	初めて	観光展・物産展, X(旧：Twitter), 蓮ノ空	兼六園		選択なし/該当施設なし	からくり記念館	使わない	とても満足	案内が丁寧	とても満足		感じなかった	ない	8		また行きたい（1年以内）	海鮮は食べたのだが能登牛を食べられなかったのが残念…次回はちゃんと予約して行こうと思います	男	2000	埼玉県	草加市	300万円以上 400万円未満	景品が当たる, ひゃくまんさんが好き, 石川県のおすすめ観光スポットが見たい, 石川県の雑学を知りたい	とても満足	10	食べ物も街も普段の生活からは新鮮でとてもワクワクするものが多かった
金沢エリア	金沢中央観光案内所	2026/09/22	同意する	3泊	2泊	金沢エリア  （湯涌温泉、深谷温泉、犀川温泉など）	岐阜県	中学生以上連れの家族	地元の美味しいものを食べる, 名所、旧跡の観光, テーマパーク（遊園地、動物園、博物館など）, まちあるき、都市散策, ドライブ・ツーリング	自家用車	自家用車			20,000円以上 30,000円未満	10,000円以上 20,000円未満	10,000円以上 20,000円未満	初めて	インターネット・アプリ	選択なし/該当施設なし	足軽資料館	尾山神社		使わない	満足	広々として居心地のいい空間だった。	とても満足		感じなかった		7		機会があれば行きたい	特になし	女	1981	神奈川県	相模原市	700万円以上 800万円未満	ひゃくまんさんが好き	とても満足	10	
加賀エリア	小松空港	2026/09/22	同意する	1泊	石川県内には宿泊しない	石川県内には宿泊しない	福井県	自分ひとり	友人・親戚を訪ねる	在来線	自家用車	とても満足		使わない	使わない	使わない	2～5回目	友人・知人	選択なし/該当施設なし		選択なし／該当施設なし		使わない	どちらでもない		とても満足	保安検査がスムーズだった	感じなかった		10		石川県在住	美術館や博物館の充実	女	2004	東京都	八王子市	100万円未満	なんとなく	とても満足	10	
加賀エリア	トレインパーク白山	2026/09/22	同意する	2泊	石川県内には宿泊しない	白山エリア （一里野温泉、白峰温泉、白山市など）	富山県	夫婦2人	温泉や露天風呂, 地元の美味しいものを食べる, 買い物、アウトレット	自家用車	自家用車			使わない	5,000円以上 10,000円未満	3,000円以上 5,000円未満	初めて	めぐみ白山	選択なし/該当施設なし	めぐみ白山	選択なし／該当施設なし	しらやまさん	1,000円以上 3,000円未満	満足	新幹線の遅れを教えてくれた	満足	新幹線の迫力	感じなかった	特にない	8	自由に水分がとれるとよい	また行きたい（1年以内）	特にない	男	1970	愛知県	稲沢市	1,200万円以上 1,500万円未満	景品が当たる, 石川県のおすすめ観光スポットが見たい, 石川県の雑学を知りたい	満足	9	食事がおいしい
加賀エリア	山中温泉総湯（菊の湯）	2026/09/22	同意する	日帰り	石川県内には宿泊しない	石川県内には宿泊しない	岐阜県	自分ひとり	温泉や露天風呂	自家用車	自家用車	とても満足	温泉がいいのと深いから良い	1,000円未満	1,000円未満	1,000円未満	11回目以上	インターネット・アプリ	那谷寺		選択なし／該当施設なし	帰宅	使わない	どちらでもない	お風呂入る目的	どちらでもない	お風呂目的	感じなかった	なし	5	なし	機会があれば行きたい	特になし	男	1972	福井県	坂井市	800万円以上 900万円未満	石川県のおすすめ観光スポットが見たい	満足	5	温泉がいい
加賀エリア	白山比咩神社	2026/09/22	同意する	日帰り	石川県内には宿泊しない	石川県内には宿泊しない	日帰り	中学生以上連れの家族	白山比咩神社で車祓い	自家用車	自家用車			使わない	5,000円以上 10,000円未満	使わない	2～5回目	Instagram	選択なし/該当施設なし	綿ヶ滝	選択なし／該当施設なし	莵橋神社	5,000円以上 10,000円未満	とても満足	気がいい	とても満足	ゆっくりできる	感じなかった		10		また行きたい（1年以内）	ゆっくりできる施設	女	1969	福井県	吉田郡	300万円以上 400万円未満	景品が当たる	満足	8	神社参拝
加賀エリア	小松空港	2026/09/22	同意する	3泊	石川県内には宿泊しない	加賀エリア （山代温泉、山中温泉、片山津温泉、粟津温泉、辰口温泉、加賀市、小松市など）	福井県	小学生以下連れの家族	地元の美味しいものを食べる, テーマパーク（遊園地、動物園、博物館など）, 友人・親戚を訪ねる	新幹線, 飛行機	路線バス	とても満足	福井駅からスムーズにアクセスできた	3,000円以上 5,000円未満	20,000円以上 30,000円未満	20,000円以上 30,000円未満	2～5回目	インターネット・アプリ	選択なし/該当施設なし	越前松島水族館・ホラッセ	選択なし／該当施設なし		3,000円以上 5,000円未満	満足	こじんまりしてるけど必要なものは揃いお土産も買えた	満足	動く恐竜・キッズスペースあるのもありがたい	感じなかった		8	時間があればうどんも食べたかった！	機会があれば行きたい	足湯とか気軽に入れる場所が増えると嬉しい	女	1978	群馬県	前橋市	200万円以上 300万円未満	景品が当たる	とても満足	9	グルメが充実している・子連れで楽しい場所が多い
加賀エリア	小松空港	2026/09/22	同意する	2泊	1泊	金沢エリア  （湯涌温泉、深谷温泉、犀川温泉など）	富山県	夫婦2人	地元の美味しいものを食べる, 名所、旧跡の観光	飛行機	高速バス	満足	金額もお手頃で楽だから	10,000円以上 20,000円未満	40,000円以上 50,000円未満	50,000円以上 100,000円未満	2～5回目	観光パンフレット・ポスター, インターネット・アプリ, Instagram	選択なし/該当施設なし	近江市場	選択なし／該当施設なし	自宅に帰る	1,000円以上 3,000円未満	満足	お土産が充実してる	満足	コンパクトで良い	感じなかった		9	金沢駅で売り切れだったあんころもちが買えて嬉しかったです	機会があれば行きたい	海鮮、昔ながらの歴史を感じる体験	女	1995	北海道	札幌市清田区	1,000万円以上 1,200万円未満	景品が当たる, なんとなく, アンケートに回答するのが好きだから	とても満足	10	街全体がコンパクトにまとまっていて、観光しやすい。ご飯が美味しい．
加賀エリア	道の駅めぐみ白山	2026/09/22	同意する	2泊	1泊	白山エリア （一里野温泉、白峰温泉、白山市など）	富山県	夫婦2人	温泉や露天風呂, 地元の美味しいものを食べる, 買い物、アウトレット	自家用車	自家用車			使わない	5,000円以上 10,000円未満	1,000円以上 3,000円未満	2～5回目	以前の記憶	選択なし/該当施設なし	トレインパーク白山	選択なし／該当施設なし	しらやまさん	3,000円以上 5,000円未満	満足	地酒	満足	きれい	感じなかった	なし	9		また行きたい（1年以内）	特になし	男	1970	愛知県	稲沢市	1,200万円以上 1,500万円未満	景品が当たる, 石川県のおすすめ観光スポットが見たい, 石川県の雑学を知りたい	満足	9	食事
加賀エリア	河内じばさん	2026/09/22	同意する	1泊	石川県内には宿泊しない	石川県内には宿泊しない	富山県	夫婦2人	地元の美味しいものを食べる, 名所、旧跡の観光, ドライブ・ツーリング	自家用車	自家用車	満足	名所に即行ける	使わない	5,000円以上 10,000円未満	5,000円以上 10,000円未満	初めて	行き当たりばったり	選択なし/該当施設なし	白川スーパー林道	選択なし／該当施設なし	富山	1,000円以上 3,000円未満	とても満足	接客が良く、美味しい	とても満足	綺麗	感じなかった		10	お米、豆腐が美味しい	また行きたい（1年以内）	蟹	男	1971	愛知県	東海市荒尾町	700万円以上 800万円未満	景品が当たる	満足	10	白山神社
加賀エリア	河内じばさん	2026/09/22	同意する	1泊	石川県内には宿泊しない	石川県内には宿泊しない	富山県	夫婦2人	温泉や露天風呂, 地元の美味しいものを食べる	自家用車	自家用車			1,000円以上 3,000円未満	1,000円以上 3,000円未満	1,000円以上 3,000円未満	初めて	観光展・物産展	選択なし/該当施設なし	白さんホワイトロード手取り渓谷	那谷寺		1,000円未満	満足	癒された	満足	癒された	感じなかった		8	ゆっくりできた	また行きたい（1年以内）	まだ海の方に行っていなので行って美味しいかいせが食べたい	女	1971	愛知県	東海市	900万円以上 1,000万円未満	景品が当たる	満足	8	美味しい蕎麦がある
加賀エリア	小松空港	2026/09/22	同意する	2泊	2泊	金沢エリア  （湯涌温泉、深谷温泉、犀川温泉など）	石川県外には泊まらない	夫婦2人	温泉や露天風呂, 地元の美味しいものを食べる, 名所、旧跡の観光, 買い物、アウトレット	飛行機	レンタカー	とても満足	運転しやすい	100,000円以上	100,000円以上	1,000円未満	初めて	新聞・雑誌・ガイドブック, インターネット・アプリ	選択なし/該当施設なし	道の駅	選択なし／該当施設なし	最後	1,000円以上 3,000円未満	満足	焼きいなりが美味しかった	満足	混んでいない	感じなかった		10	食べ物がどれも美味しかった	機会があれば行きたい	特になし	女	1973	大分県	竹田市	800万円以上 900万円未満	景品が当たる	とても満足	10	素敵な場所だから
加賀エリア	道の駅しらやまさん	2026/09/22	同意する	日帰り	石川県内には宿泊しない	石川県内には宿泊しない	石川県外には泊まらない	恋人	地元の美味しいものを食べる, 花見や紅葉などの自然鑑賞, ドライブ・ツーリング	県外から訪れていない（石川県内在住）	自家用車			使わない	3,000円以上 5,000円未満	1,000円未満	初めて	観光協会等の案内所	那谷寺		選択なし／該当施設なし	ホワイトロード	使わない	満足	自然が多く癒されます	満足	静かで木の香りがいい	感じなかった		7		また行きたい（1年以内）	特にありません	男	1964	石川県	金沢市	400万円以上 500万円未満	景品が当たる	満足	10	ごはんが美味しい
加賀エリア	白山比咩神社	2026/09/22	同意する	2泊	1泊	白山エリア （一里野温泉、白峰温泉、白山市など）	富山県	夫婦2人	温泉や露天風呂, 地元の美味しいものを食べる, 買い物、アウトレット	自家用車	自家用車			使わない	3,000円以上 5,000円未満	1,000円以上 3,000円未満	初めて	インターネット・アプリ	選択なし/該当施設なし	道の駅めぐみ白山	選択なし／該当施設なし	道の駅しらやまさん	1,000円未満	どちらでもない	神社なので	満足	おごそか	感じなかった		9		また行きたい（1年以内）	特になし	男	1970	愛知県	稲沢市	1,200万円以上 1,500万円未満	景品が当たる, 石川県のおすすめ観光スポットが見たい, 石川県の雑学を知りたい	満足	9	食事
加賀エリア	河内じばさん	2026/09/22	同意する	1泊	1泊	加賀エリア （山代温泉、山中温泉、片山津温泉、粟津温泉、辰口温泉、加賀市、小松市など）	石川県外には泊まらない	親	温泉や露天風呂, まちあるき、都市散策	県外から訪れていない（石川県内在住）	自家用車			20,000円以上 30,000円未満	3,000円以上 5,000円未満	3,000円以上 5,000円未満	6～10回目	観光展・物産展, 友人・知人	選択なし/該当施設なし		選択なし／該当施設なし	山中温泉	1,000円以上 3,000円未満	とても満足	料理が美味しいから	満足	窓から見える景色が綺麗だから	感じなかった		7		石川県在住	特になし	男	2010	石川県	かほく市	400万円以上 500万円未満	なんとなく	満足	8	
加賀エリア	月うさぎの里	2026/09/22	同意する	日帰り	石川県内には宿泊しない	石川県内には宿泊しない	日帰りだから	小学生以下連れの家族	月うさぎの里と市内観光	自家用車	自家用車			使わない	10,000円以上 20,000円未満	5,000円以上 10,000円未満	初めて	インターネット・アプリ	月うさぎの里		選択なし／該当施設なし		1,000円以上 3,000円未満	どちらでもない	駐車場の警備問題	どちらでもない		感じた	駐車場の警備問題	0		機会があれば行きたい	なし	女	1968	富山県	魚津	600万円以上 700万円未満	景品が当たる	どちらでもない	5	
加賀エリア	辰口丘陵公園	2026/09/22	同意する	4泊以上	4泊以上	白山エリア （一里野温泉、白峰温泉、白山市など）	石川県外には泊まらない	小学生以下連れの家族	地元の美味しいものを食べる, 名所、旧跡の観光, まちあるき、都市散策	自家用車	自家用車	とても満足	ゆっくり来れるから	5,000円以上 10,000円未満	10,000円以上 20,000円未満	5,000円以上 10,000円未満	6～10回目	友人・知人, 昔来たことがある	選択なし/該当施設なし	いしかわ動物園	選択なし／該当施設なし		使わない	とても満足	きのこがたくさん生えていた	とても満足	ゆっくりお弁当が食べられた	感じなかった		10	家族でのんびり過ごすことができまひた。	また行きたい（1年以内）	地元の美味しいものがたくさんあるので、どんどん勧めていきたい。	女	1986	高知県	南国市	600万円以上 700万円未満	景品が当たる, ひゃくまんさんが好き	とても満足	9	たくさん遊ぶところがある
加賀エリア	河内じばさん	2026/09/22	同意する	1泊	1泊	加賀エリア （山代温泉、山中温泉、片山津温泉、粟津温泉、辰口温泉、加賀市、小松市など）	石川県外には泊まらない	中学生以上連れの家族	宿でのんびり過ごす, 温泉や露天風呂, 地元の美味しいものを食べる	自家用車	自家用車			20,000円以上 30,000円未満	10,000円以上 20,000円未満	3,000円以上 5,000円未満	2～5回目	インターネット・アプリ	那谷寺		選択なし／該当施設なし	吉祥山中	20,000円以上 30,000円未満	とても満足		満足		感じなかった	ドリンクサービス	6		また行きたい（1年以内）	魚介	男	1968	石川県	かほく市	500万円以上 600万円未満	景品が当たる	とても満足	8	食事
加賀エリア	加賀フルーツランド	2026/09/22	同意する	1泊	4泊以上	加賀エリア （山代温泉、山中温泉、片山津温泉、粟津温泉、辰口温泉、加賀市、小松市など）	石川県外には泊まらない	小学生以下連れの家族	宿でのんびり過ごす, 地元の美味しいものを食べる	自家用車	自家用車			20,000円以上 30,000円未満	20,000円以上 30,000円未満	10,000円以上 20,000円未満	2～5回目	Instagram	月うさぎの里		ゆのくにの森		1,000円未満	とても満足	赤ちゃんの駅があって、子連れでも行きやすかった	とても満足	駐車場も広くて子供が思いっきり遊べた	感じなかった		10	フォロワーはアイスを無料でもらえた。濃厚で美味しかった。次はパフェを食べてみたい	また行きたい（1年以内）	特産物や自然を感じられる所に行きたいし、子供にも触れさせたいと思いながら旅行計画を立てています。	女	1990	石川県	小松市	300万円以上 400万円未満	景品が当たる, ひゃくまんさんが好き, 石川県のおすすめ観光スポットが見たい, 石川県の雑学を知りたい	とても満足	10	どこに行っても食べ物がおいしく、人も親切で楽しめた。子連れは車での移動をおすすめ。
加賀エリア	ダイヤモンド片山津温泉ソサエティ	2026/09/22	同意する	1泊	1泊	加賀エリア （山代温泉、山中温泉、片山津温泉、粟津温泉、辰口温泉、加賀市、小松市など）	石川県外には泊まらない	小学生以下連れの家族	宿でのんびり過ごす, 温泉や露天風呂, 地元の美味しいものを食べる, テーマパーク（遊園地、動物園、博物館など）	自家用車	自家用車			10,000円以上 20,000円未満	20,000円以上 30,000円未満	10,000円以上 20,000円未満	初めて	観光パンフレット・ポスター, 観光連盟やDMOのHP, インターネット・アプリ, X(旧：Twitter), Instagram	選択なし/該当施設なし		選択なし／該当施設なし	加賀市立中央公園	使わない	どちらでもない	商品などは無かった	とても満足	広い芝生におとぎの国も良かった！	感じた	広すぎて山の中で迷子になりそうだった	8		また行きたい（1年以内）	海鮮(寿司)がとても美味しかった！11	女	1990	愛知県	名古屋市瑞穂区	700万円以上 800万円未満	景品が当たる	とても満足	9	海鮮が美味しかった！
加賀エリア	中ノ峠物産販売所	2026/09/22	同意する	1泊	1泊	加賀エリア （山代温泉、山中温泉、片山津温泉、粟津温泉、辰口温泉、加賀市、小松市など）	福井県	夫婦2人	温泉や露天風呂	自家用車	自家用車	満足	Googleとおりにいけた	1,000円未満	5,000円以上 10,000円未満	5,000円以上 10,000円未満	11回目以上	インターネット・アプリ, X(旧：Twitter), Instagram, Facebook	選択なし/該当施設なし	昔行った	選択なし／該当施設なし	昔行った	1,000円以上 3,000円未満	満足	美味しい	満足	美味しい	感じなかった		7		どちらともいえない	食べるとこ混んでる	男	1964	愛知県	小牧市	900万円以上 1,000万円未満	景品が当たる	満足	7	
加賀エリア	小松空港	2026/09/22	同意する	2泊	1泊	金沢エリア  （湯涌温泉、深谷温泉、犀川温泉など）	岐阜県	夫婦2人	温泉や露天風呂, 地元の美味しいものを食べる, 名所、旧跡の観光, まちあるき、都市散策	飛行機	旅行会社ツアーバス	満足	迷わずに済むし、荷物も載せておけるから。	1,000円以上 3,000円未満	20,000円以上 30,000円未満	10,000円以上 20,000円未満	初めて	新聞・雑誌・ガイドブック, 観光パンフレット・ポスター, インターネット・アプリ	那谷寺		ゆのくにの森		1,000円以上 3,000円未満	満足		満足		感じなかった		8		また行きたい（1年以内）	美味しい海鮮ものが多くとても満足でした。伝統文化を体験したあとのお菓子(和菓子)なども含めたツアーがタイミング合えば参加したかった。	女	1970	沖縄県	南城市	500万円以上 600万円未満	協力したかった	満足	9	食と伝統文化
加賀エリア	萬松園あいうえおの杜	2026/09/22	同意する	1泊	1泊	加賀エリア （山代温泉、山中温泉、片山津温泉、粟津温泉、辰口温泉、加賀市、小松市など）	石川県外には泊まらない	小学生以下連れの家族	宿でのんびり過ごす, 温泉や露天風呂, 地元の美味しいものを食べる	自家用車, 県外から訪れていない（石川県内在住）	自家用車			10,000円以上 20,000円未満	10,000円以上 20,000円未満	1,000円以上 3,000円未満	2～5回目	新聞・雑誌・ガイドブック, 観光パンフレット・ポスター, Instagram, 友人・知人	木場潟公園		選択なし／該当施設なし		使わない	満足	無料で、室内外どちらでも遊べるから。自然も多いから。	満足		感じなかった		8		石川県在住	特になし	女	1989	石川県	内灘町	300万円以上 400万円未満	景品が当たる	満足	8	
加賀エリア	河内じばさん	2026/09/22	同意する	日帰り	石川県内には宿泊しない	石川県内には宿泊しない	石川県外には泊まらない	親	まちあるき、都市散策	県外から訪れていない（石川県内在住）	自家用車			使わない	5,000円以上 10,000円未満	使わない	初めて	友人・知人	選択なし/該当施設なし		選択なし／該当施設なし	実家	5,000円以上 10,000円未満	満足	美味しかったから　	満足	美味しかったから　ただ、エアコンが効き過ぎて寒かった	感じなかった		9	種類が豊富で良いと思った	石川県在住	特になし	男	1974	石川県	金沢市	300万円以上 400万円未満	景品が当たる	満足	10	
加賀エリア	道の駅瀬女	2026/09/22	同意する	1泊	石川県内には宿泊しない	石川県内には宿泊しない	富山県	夫婦2人	地元の美味しいものを食べる, 買い物、アウトレット, 道の駅巡り	自家用車	自家用車			10,000円以上 20,000円未満	10,000円以上 20,000円未満	10,000円以上 20,000円未満	初めて	インターネット・アプリ	選択なし/該当施設なし		選択なし／該当施設なし	道の駅	1,000円未満	満足	とちパフェがおいしかった	満足		感じた	カフェ席に座っているほかのお客さんが大声で話しており休憩できなかった	5		機会があれば行きたい	ご当地ソフトクリームやジェラートが増えて欲しい	女	2000	大阪府	大阪市東淀川区	700万円以上 800万円未満	景品が当たる, なんとなく	満足	6	道の駅にご当地ソフトクリームがたくさんかる
加賀エリア	トレインパーク白山	2026/09/22	同意する	1泊	石川県内には宿泊しない	石川県内には宿泊しない	富山県	夫婦2人	地元の美味しいものを食べる, テーマパーク（遊園地、動物園、博物館など）, 買い物、アウトレット	在来線	在来線	満足	前向きの座席で快適で良かった。　	使わない	3,000円以上 5,000円未満	3,000円以上 5,000円未満	2～5回目	新聞・雑誌・ガイドブック	選択なし/該当施設なし		選択なし／該当施設なし	なし	3,000円以上 5,000円未満	満足	展示が充実していた	満足	子供も大人も楽しめる	感じなかった		5	いろんなグッズがあって良かった	機会があれば行きたい	なし	女	1978	大阪府	河内長野市	100万円以上 200万円未満	景品が当たる	満足	5	
能登エリア	民宿　美来里	2026/09/22	同意する	1泊	1泊	能登エリア （和倉温泉、七尾市、輪島市、珠洲市など）	石川県外には泊まらない	自分ひとり	出張など仕事関係	自家用車	自家用車			5,000円以上 10,000円未満	1,000円未満	3,000円以上 5,000円未満	11回目以上	インターネット・アプリ	選択なし/該当施設なし	織姫の里	選択なし／該当施設なし	和倉　足湯	1,000円未満	どちらでもない	商品やサービスはない	とても満足	綺麗に整備されてる	感じなかった	なし	6	せっかくポケモンとコラボしてるので、ポケモングッズを販売したらいいと思う	また行きたい（1年以内）	能登に宿泊施設が増えたらいいです	女	1975	石川県	河北郡	700万円以上 800万円未満	景品が当たる	とても満足	10	頑張ってる能登に行ってほしい
能登エリア	能登島家族旅行村 Weランド	2026/09/22	同意する	1泊	1泊	能登エリア （和倉温泉、七尾市、輪島市、珠洲市など）	富山県	小学生以下連れの家族	スポーツ観戦や芸術鑑賞（コンサート等）, アウトドア（海水浴、釣り、登山など）	自家用車	自家用車			10,000円以上 20,000円未満	5,000円以上 10,000円未満	5,000円以上 10,000円未満	6～10回目	友人・知人	のとじま水族館		能登食祭市場		5,000円以上 10,000円未満	満足	自然が豊	満足	清潔	感じなかった		10		石川県在住	つり	男	1976	石川県	金沢市	300万円以上 400万円未満	景品が当たる	どちらでもない	10	
能登エリア	民宿 寅さん	2026/09/22	同意する	2泊	2泊	能登エリア （和倉温泉、七尾市、輪島市、珠洲市など）	石川県外には泊まらない	小学生以下連れの家族	地元の美味しいものを食べる, 震災後の町の様子を見に来た	自家用車	自家用車			10,000円以上 20,000円未満	10,000円以上 20,000円未満	10,000円以上 20,000円未満	初めて	インターネット・アプリ	千里浜なぎさドライブウェイ		のとじま水族館		5,000円以上 10,000円未満	とても満足		とても満足	食事が美味しく、館内が清潔。また人柄が大変良い	感じなかった		10		また行きたい（1年以内）	朝市が復活したら、是非とも訪れたい	女	1982	大阪府	枚方市	800万円以上 900万円未満	石川県のおすすめ観光スポットが見たい	とても満足	10	
能登エリア	民宿 寅さん	2026/09/22	同意する	2泊	2泊	能登エリア （和倉温泉、七尾市、輪島市、珠洲市など）	石川県外には泊まらない	小学生以下連れの家族	地元の美味しいものを食べる, テーマパーク（遊園地、動物園、博物館など）	自家用車	自家用車			5,000円以上 10,000円未満	5,000円以上 10,000円未満	3,000円以上 5,000円未満	初めて	観光連盟やDMOのHP	千里浜なぎさドライブウェイ		道の駅のとじま		5,000円以上 10,000円未満	とても満足	清潔　食事が美味しい　オーナーのホスピタリーが高い	とても満足		感じた	災害時の避難	5		また行きたい（1年以内）	海鮮　輪島漆器　食器	男	1982	大阪府	枚方市	800万円以上 900万円未満	景品が当たる	満足	9	復興を兼ねて
能登エリア	漆と大人の隠れ宿 お宿たなか	2026/09/22	同意する	1泊	1泊	能登エリア （和倉温泉、七尾市、輪島市、珠洲市など）	石川県外には泊まらない	恋人	宿でのんびり過ごす, 温泉や露天風呂, 地元の美味しいものを食べる, 花見や紅葉などの自然鑑賞, 名所、旧跡の観光, お祭りやイベントへの参加・見物	レンタカー, 飛行機	レンタカー	とても満足	駐車場に余裕がある	20,000円以上 30,000円未満	20,000円以上 30,000円未満	5,000円以上 10,000円未満	初めて	インターネット・アプリ	選択なし/該当施設なし	ポケモン空港	禄剛崎灯台		使わない	満足	部屋が良い	満足	静かな雰囲気がとても良い	感じた	トイレと洗面台が同じ場所にあること	8		また行きたい（1年以内）	特になし	男	1992	東京都	江戸川区	600万円以上 700万円未満	景品が当たる	とても満足	9	
能登エリア	ゲストハウス黒島	2026/09/22	同意する	1泊	2泊	金沢エリア  （湯涌温泉、深谷温泉、犀川温泉など）	富山県	夫婦2人	地元の美味しいものを食べる, 名所、旧跡の観光, テーマパーク（遊園地、動物園、博物館など）, まちあるき、都市散策	自家用車	自家用車			30,000円以上 40,000円未満	5,000円以上 10,000円未満	30,000円以上 40,000円未満	2～5回目	観光展・物産展, X(旧：Twitter), Instagram, 友人・知人	選択なし/該当施設なし	21世紀の森美術館、兼六園	千里浜なぎさドライブウェイ		1,000円未満	とても満足	そこまで混んでおらず自由度が高かった。	とても満足	地元の方がとても温かく、歓迎してくれる	感じなかった		10	大事な人に教えてあげたいです	また行きたい（1年以内）	能登にサウナ施設を立ち上げたい	女	1993	東京都	世田谷区	1,200万円以上 1,500万円未満	景品が当たる	とても満足	10	コミセン門前base、味が素晴らしく美味しかった。美味しすぎて味噌を購入した。それだけではなく、スタッフみんなが明るく、笑顔が絶えない。しかし周りがプレハブで、色々考えさせられるところも、能登と向き合うきっかけになるところが良い。
能登エリア	民宿 蓮華	2026/09/22	同意する	1泊	1泊	能登エリア （和倉温泉、七尾市、輪島市、珠洲市など）	石川県外には泊まらない	中学生以上連れの家族	友人・親戚を訪ねる	飛行機	レンタカー	満足	車は自由に動ける	10,000円以上 20,000円未満	20,000円以上 30,000円未満	20,000円以上 30,000円未満	2～5回目	インターネット・アプリ, 友人・知人	のとじま水族館		輪島朝市		5,000円以上 10,000円未満	満足	親切丁寧でした！	とても満足		感じなかった		10	料理がとても、おいしかったです！	また行きたい（1年以内）	復興願っています	女	1967	埼玉県	和光市	700万円以上 800万円未満	石川県のおすすめ観光スポットが見たい	とても満足	10	復興
能登エリア	いこいの村能登半島	2026/09/22	同意する	4泊以上	1泊	能登エリア （和倉温泉、七尾市、輪島市、珠洲市など）	富山県	小学生以下連れの家族	温泉や露天風呂, テーマパーク（遊園地、動物園、博物館など）, 能登空港などポケモンめぐり	レンタカー, 新幹線	レンタカー	満足		20,000円以上 30,000円未満	1,000円以上 3,000円未満	5,000円以上 10,000円未満	初めて	インターネット・アプリ	選択なし/該当施設なし	能登空港、穴水駅	能登食祭市場	ポケモン足湯	1,000円未満	満足	お風呂、料理	満足		感じた	Wi-Fiがつながらない	7	個室での夕食が良かった	機会があれば行きたい	地元の料理がたべたい。	女	1976	東京都	世田谷区	900万円以上 1,000万円未満	景品が当たる	満足	8	
能登エリア	Trip inn 能登空港	2026/09/22	同意する	2泊	2泊	能登エリア （和倉温泉、七尾市、輪島市、珠洲市など）	石川県外には泊まらない	小学生以下連れの家族	地元の美味しいものを食べる, まちあるき、都市散策	県外から訪れていない（石川県内在住）	自家用車			5,000円以上 10,000円未満	5,000円以上 10,000円未満	10,000円以上 20,000円未満	初めて	インターネット・アプリ	選択なし/該当施設なし	ポケモン空港	輪島朝市		30,000円以上 40,000円未満	満足	宿の方がいい方だった。施設は古いので音がかなり聞こえるが、事前の一言があったので大丈夫だった。ただ部屋のWi-Fiが弱かった	満足	同上	感じた	部屋のWi-Fiが弱かった	7	共通スペースのお茶コーナーが良かった	石川県在住	海の幸、地元の食材	女	1985	石川県	金沢市	500万円以上 600万円未満	景品が当たる	とても満足	8	どこも人が優しかった
能登エリア	のと鉄道（通常）	2026/09/22	同意する	2泊	2泊	能登エリア （和倉温泉、七尾市、輪島市、珠洲市など）	石川県外には泊まらない	中学生以上連れの家族	友人・親戚を訪ねる	新幹線, 在来線	自家用車			20,000円以上 30,000円未満	40,000円以上 50,000円未満	20,000円以上 30,000円未満	11回目以上	インターネット・アプリ	選択なし/該当施設なし	道の駅　赤神	選択なし／該当施設なし		3,000円以上 5,000円未満	とても満足		満足	鉄道があると便利でわかりやすい	感じなかった		8		また行きたい（1年以内）	関西からだと乗り換えが多すぎるので、能登への直行の飛行機か、和倉への直通列車が欲しい	男	1983	兵庫県	神戸市	1,500万円以上	景品が当たる	満足	8	
能登エリア	ペンション＆カフェクルーズ	2026/09/22	同意する	4泊以上	2泊	能登エリア （和倉温泉、七尾市、輪島市、珠洲市など）	富山県	夫婦2人	温泉や露天風呂, 地元の美味しいものを食べる, 名所、旧跡の観光, 買い物、アウトレット, まちあるき、都市散策	自家用車	自家用車			50,000円以上 100,000円未満	10,000円以上 20,000円未満	50,000円以上 100,000円未満	6～10回目	観光展・物産展, 新聞・雑誌・ガイドブック, 観光パンフレット・ポスター, 観光連盟やDMOのHP	千里浜なぎさドライブウェイ		輪島朝市		5,000円以上 10,000円未満	満足		満足	皆さんが頑張っている	感じなかった		10		また行きたい（1年以内）	特に無し	男	1959	茨城県	守谷市	800万円以上 900万円未満	景品が当たる	とても満足	10	食事全般
能登エリア	のとじま水族館	2026/09/22	同意する	日帰り	石川県内には宿泊しない	石川県内には宿泊しない	福井県	中学生以上連れの家族	ドライブ・ツーリング	自家用車	自家用車			使わない	5,000円以上 10,000円未満	10,000円以上 20,000円未満	11回目以上	新聞・雑誌・ガイドブック, インターネット・アプリ	能登食祭市場		選択なし／該当施設なし	能登空港	10,000円以上 20,000円未満	満足	コンパクトでよい	満足	交通手段がもっとあれば	感じなかった		8	定期的に、アレンジしてもらいたい。	機会があれば行きたい	特になし	男	1965	石川県	金沢市	1,000万円以上 1,200万円未満	景品が当たる, ひゃくまんさんが好き, 石川県の雑学を知りたい	満足	8	自然と遊び
能登エリア	鵜川ハーバービュー	2026/09/22	同意する	2泊	2泊	能登エリア （和倉温泉、七尾市、輪島市、珠洲市など）	石川県外には泊まらない	夫婦2人	温泉や露天風呂, 地元の美味しいものを食べる, ポケモン	飛行機	レンタカー	とても満足		50,000円以上 100,000円未満	50,000円以上 100,000円未満	30,000円以上 40,000円未満	初めて	インターネット・アプリ	選択なし/該当施設なし	ふらっと輪島、千枚田、やなぎだ植物公園、道の駅すずなり	のとじま水族館		10,000円以上 20,000円未満	とても満足		とても満足		感じた	アクセスがあま（良くない	8		機会があれば行きたい	特になし	女	1997	神奈川県	川崎市	1,500万円以上	景品が当たる	とても満足	8	
能登エリア	真脇ポーレポーレ	2026/09/22	同意する	3泊	3泊	能登エリア （和倉温泉、七尾市、輪島市、珠洲市など）	石川県外には泊まらない	小学生以下連れの家族	温泉や露天風呂, 花見や紅葉などの自然鑑賞, 買い物、アウトレット, ポケモンめぐり	飛行機	レンタカー	満足		20,000円以上 30,000円未満	5,000円以上 10,000円未満	10,000円以上 20,000円未満	2～5回目	インターネット・アプリ	のとじま水族館		選択なし／該当施設なし		5,000円以上 10,000円未満	満足		満足		感じた	風呂場に髪の毛がたくさん落ちており、清掃しようと思ったが清掃道具が見つからなかった。(粘着テーブやクイックルワイパーの棒のみ隅にあるようだった)	8	脱衣場の髪の毛以外はとても清潔なように思いました。(クーラーの水滴はかなり落ちていましたが、タオルが敷いてありました、)芝生がせいびされており景色がとても良かった。縄文ポケモンとコラボすることで子供世代を呼び込めるのではと思います。また、能登のアイスなどあったので、それらをおしゃれにアピールすることで若者世代を呼び込めるかと思います。今能登のアイスがあるのがとても良いと思いました	機会があれば行きたい	クルマが運転できなくともゆっくり旅ができるようになるとよい	女	1977	東京都	世田谷区	600万円以上 700万円未満	景品が当たる	満足	8	食べ物が美味しい。
能登エリア	のとじま水族館	2026/09/22	同意する	4泊以上	4泊以上	金沢エリア  （湯涌温泉、深谷温泉、犀川温泉など）	石川県外には泊まらない	自分ひとり	地元の美味しいものを食べる, 友人・親戚を訪ねる	在来線	自家用車			使わない	10,000円以上 20,000円未満	10,000円以上 20,000円未満	6～10回目	インターネット・アプリ	選択なし/該当施設なし		選択なし／該当施設なし		1,000円以上 3,000円未満	とても満足	館内がまわりやすかった。	とても満足	ジンベエザメが見れた	感じなかった		10	ペンギンの散歩がかわいい	また行きたい（1年以内）	魚と自然	女	2000	愛知県	名古屋市中村区	300万円以上 400万円未満	景品が当たる	とても満足	10	寿司
能登エリア	のとじま水族館	2026/09/22	同意する	日帰り	4泊以上	加賀エリア （山代温泉、山中温泉、片山津温泉、粟津温泉、辰口温泉、加賀市、小松市など）	岐阜県	小学生以下連れの家族	テーマパーク（遊園地、動物園、博物館など）	自家用車	自家用車	満足	道の駅などが充実しており、見所がたくさんあった。	10,000円以上 20,000円未満	3,000円以上 5,000円未満	5,000円以上 10,000円未満	2～5回目	新聞・雑誌・ガイドブック, 友人・知人, タクシードライバーや地元の人	のとじま水族館		能登食祭市場		5,000円以上 10,000円未満	とても満足	イルカのショーや、さかなクンのイベントが楽しめたから	とても満足	イルカのショーやさかなクンのイベントが楽しかった	感じなかった		10		また行きたい（1年以内）	特になし	男	1982	富山県	富山市	600万円以上 700万円未満	景品が当たる, 石川県のおすすめ観光スポットが見たい	満足	10	能登島水族館は、魚など見る場所も多く、施設自体がとてめ綺麗で、清潔だったから
能登エリア	のとじま水族館	2026/09/22	同意する	日帰り	石川県内には宿泊しない	石川県内には宿泊しない	石川県外には泊まらない	小学生以下連れの家族	テーマパーク（遊園地、動物園、博物館など）	自家用車	自家用車			使わない	使わない	5,000円以上 10,000円未満	2～5回目	Instagram	能登食祭市場		選択なし／該当施設なし		1,000円以上 3,000円未満	とても満足	ジンベイザメが見られたから	満足		感じなかった		8		また行きたい（1年以内）	特になし	女	1979	富山県	富山市	400万円以上 500万円未満	景品が当たる	満足	8	水族館のジンベイザメとさかなクンのイベント
能登エリア	和倉温泉観光案内所	2026/09/22	同意する	2泊	2泊	能登エリア （和倉温泉、七尾市、輪島市、珠洲市など）	石川県外には泊まらない	夫婦2人	温泉や露天風呂, 地元の美味しいものを食べる, まちあるき、都市散策	自家用車	自家用車	満足	高速が走りやすい	40,000円以上 50,000円未満	3,000円以上 5,000円未満	3,000円以上 5,000円未満	初めて	インターネット・アプリ	選択なし/該当施設なし	片山津温泉	選択なし／該当施設なし	千枚田	使わない	満足	地図をいただけた	満足		感じなかった		7		機会があれば行きたい	半島の高速道路整備	男	1973	大阪府	和泉	800万円以上 900万円未満	景品が当たる	満足	7	
能登エリア	漁師のペンション ハトヤ	2026/09/22	同意する	2泊	2泊	能登エリア （和倉温泉、七尾市、輪島市、珠洲市など）	石川県外には泊まらない	小学生以下連れの家族	地元の美味しいものを食べる, 名所、旧跡の観光, アウトドア（海水浴、釣り、登山など）, まちあるき、都市散策, 友人・親戚を訪ねる	自家用車	自家用車			10,000円以上 20,000円未満	20,000円以上 30,000円未満	30,000円以上 40,000円未満	11回目以上	インターネット・アプリ	輪島朝市	ケロンの小さな村	選択なし／該当施設なし	千枚田	1,000円未満	不満	お店のオープン時間まで待っていたのに、えがらまんじゅうソフトが材料が届いてないとのことで食べれなかったのが残念	満足	自分の畑の状況を見れたから	感じた	復興中なので仕方ない	8	1日でも早い復興を願って以前のような活気あるお店に戻ってほしい	また行きたい（1年以内）	海の幸が美味しいけど、まだ以前のように宿でも食べれないから残念で仕方ない	女	1980	東京都	西東京市	900万円以上 1,000万円未満	景品が当たる, 石川県のおすすめ観光スポットが見たい, 石川県の雑学を知りたい	満足	10	ポケモン好きなら能登空港
能登エリア	和倉温泉観光案内所	2026/09/22	同意する	2泊	2泊	能登エリア （和倉温泉、七尾市、輪島市、珠洲市など）	石川県外には泊まらない	夫婦2人	わくたまくん	自家用車	自家用車			10,000円以上 20,000円未満	3,000円以上 5,000円未満	3,000円以上 5,000円未満	2～5回目	インターネット・アプリ	選択なし/該当施設なし	わくたまパーク	輪島朝市		使わない	どちらでもない	少しわかりにくいところがあった	どちらでもない		感じた	読みにくいところがあった	6		機会があれば行きたい	キャラクター	女	1972	大阪府	和泉市	700万円以上 800万円未満	景品が当たる	満足	6	
能登エリア	のとじま水族館	2026/09/22	同意する	日帰り	石川県内には宿泊しない	石川県内には宿泊しない	石川県外には泊まらない	小学生以下連れの家族	テーマパーク（遊園地、動物園、博物館など）	自家用車	自家用車			使わない	10,000円以上 20,000円未満	10,000円以上 20,000円未満	初めて	インターネット・アプリ, Instagram	選択なし/該当施設なし		選択なし／該当施設なし		5,000円以上 10,000円未満	とても満足	さかなクンが見れる	とても満足	ジンベエザメが見れる	感じなかった		9		機会があれば行きたい	寿司が美味しい	男	1982	福井県	敦賀市	1,000万円以上 1,200万円未満	景品が当たる	とても満足	9	のとじま水族館でジンベエザメが見れるようになった
能登エリア	道の駅のと千里浜	2026/09/22	同意する	4泊以上	4泊以上	能登エリア （和倉温泉、七尾市、輪島市、珠洲市など）	石川県外には泊まらない	友人	宿でのんびり過ごす, 温泉や露天風呂, 地元の美味しいものを食べる, 名所、旧跡の観光, 買い物、アウトレット, お祭りやイベントへの参加・見物, まちあるき、都市散策, ドライブ・ツーリング, 友人・親戚を訪ねる, 免許合宿	新幹線	徒歩, レンタサイクル	とても満足	自転車が速かったため	40,000円以上 50,000円未満	20,000円以上 30,000円未満	40,000円以上 50,000円未満	初めて	観光展・物産展, 新聞・雑誌・ガイドブック, 観光パンフレット・ポスター, インターネット・アプリ	千里浜なぎさドライブウェイ		選択なし／該当施設なし	千里浜なぎさドライビングスクール	3,000円以上 5,000円未満	とても満足	素晴らしかった	満足	Wi-Fiが弱かった	感じた	Wi-Fiが弱かった	10		また行きたい（1年以内）	千里浜なぎさドライブウェイが素晴らしい	無回答	2008	神奈川県	川崎市宮前区	900万円以上 1,000万円未満	景品が当たる, 石川県のおすすめ観光スポットが見たい, 石川県の雑学を知りたい	とても満足	10	温泉が素晴らしい
能登エリア	コスモアイル羽咋	2026/09/22	同意する	2泊	2泊	石川県内には宿泊しない	石川県外には泊まらない	中学生以上連れの家族	地元の美味しいものを食べる, テーマパーク（遊園地、動物園、博物館など）, お祭りやイベントへの参加・見物, 友人・親戚を訪ねる	新幹線, 県内は身内の乗用車でのお迎え	身内の乗用車	とても満足	近いから。駐車場も沢山あって駐車に困らないから。	使わない	3,000円以上 5,000円未満	10,000円以上 20,000円未満	2～5回目	インターネット・アプリ	選択なし/該当施設なし	郵便局	選択なし／該当施設なし	レストラン	1,000円以上 3,000円未満	とても満足	本物の展示、面白いクッズもある。	とても満足	面白い	感じなかった		10		また行きたい（1年以内）	特になし	女	1973	東京都	杉並区	200万円以上 300万円未満	景品が当たる	とても満足	10	コスモアイル、ラコルタジェラート、ニノ
能登エリア	出張輪島朝市 inワイプラザ輪島店	2026/09/22	同意する	4泊以上	4泊以上	能登エリア （和倉温泉、七尾市、輪島市、珠洲市など）	石川県外には泊まらない	小学生以下連れの家族	友人・親戚を訪ねる	自家用車	自家用車			使わない	5,000円以上 10,000円未満	40,000円以上 50,000円未満	11回目以上	友人・知人	輪島朝市	能登島WEランド	選択なし／該当施設なし		5,000円以上 10,000円未満	満足	いた買い物ができた	満足		感じなかった		10		また行きたい（1年以内）	海鮮丼のお店	男	1991	愛知県	名古屋市	900万円以上 1,000万円未満	ひゃくまんさんが好き	とても満足	10	
能登エリア	道の駅「赤神」	2026/09/22	同意する	3泊	石川県内には宿泊しない	石川県内には宿泊しない	富山県	夫婦2人	名所、旧跡の観光, 買い物、アウトレット, まちあるき、都市散策	自家用車	自家用車			20,000円以上 30,000円未満	50,000円以上 100,000円未満	5,000円以上 10,000円未満	6～10回目	観光展・物産展, インターネット・アプリ, 観光協会等の案内所	禄剛崎灯台	道の駅スタンプ巡り	選択なし／該当施設なし	道の駅巡り	5,000円以上 10,000円未満	とても満足	トイレ等もキレイ	とても満足	設備が綺麗にされている	感じなかった		10		また行きたい（1年以内）	飲食	女	1985	兵庫県	加東市	400万円以上 500万円未満	景品が当たる	とても満足	10	復興の状況やまだ復興に時間と費用がかかることを知ってもらいたい。
能登エリア	のと鉄道（通常）	2026/09/22	同意する	1泊	1泊	能登エリア （和倉温泉、七尾市、輪島市、珠洲市など）	石川県外には泊まらない	自分ひとり	温泉や露天風呂, スポーツ観戦や芸術鑑賞（コンサート等）, まちあるき、都市散策	新幹線, 在来線	在来線	とても満足	ゆったり座って移動できたから	5,000円以上 10,000円未満	20,000円以上 30,000円未満	5,000円以上 10,000円未満	初めて	インターネット・アプリ	選択なし/該当施設なし		のとじま水族館		使わない	とても満足	座って移動できたから	とても満足		感じなかった		10		また行きたい（1年以内）	海産物を楽しみたいです	男	1972	埼玉県	さいたま市	900万円以上 1,000万円未満	景品が当たる	とても満足	10	
能登エリア	のとじま水族館	2026/09/22	同意する	1泊	1泊	白山エリア （一里野温泉、白峰温泉、白山市など）	石川県外には泊まらない	夫婦2人	地元の美味しいものを食べる, テーマパーク（遊園地、動物園、博物館など）	自家用車	自家用車			10,000円以上 20,000円未満	10,000円以上 20,000円未満	20,000円以上 30,000円未満	初めて	新聞・雑誌・ガイドブック	道の駅のとじま		選択なし／該当施設なし	兼六園	20,000円以上 30,000円未満	満足	水族館のジンベイザメ、展示がユニーク	満足		感じなかった		7		機会があれば行きたい	海の近くにとまりたい	女	1965	兵庫県	豊岡市	600万円以上 700万円未満	景品が当たる	満足	7	
能登エリア	道の駅織姫の里なかのと	2026/09/22	同意する	日帰り	1泊	能登エリア （和倉温泉、七尾市、輪島市、珠洲市など）	富山県	夫婦2人	温泉や露天風呂, 地元の美味しいものを食べる	自家用車	自家用車	とても満足	海鮮が、新鮮で、安い	20,000円以上 30,000円未満	3,000円以上 5,000円未満	20,000円以上 30,000円未満	2～5回目	インターネット・アプリ	禄剛崎灯台		千里浜なぎさドライブウェイ		5,000円以上 10,000円未満	満足		満足		感じなかった		9		また行きたい（1年以内）	美味しい食事	男	1961	石川県	金沢市	900万円以上 1,000万円未満	景品が当たる	とても満足	10	食事が、良い
能登エリア	のとじま水族館	2026/09/22	同意する	日帰り	石川県内には宿泊しない	石川県内には宿泊しない	石川県外には泊まらない	夫婦2人	テーマパーク（遊園地、動物園、博物館など）	県外から訪れていない（石川県内在住）	自家用車			使わない	1,000円以上 3,000円未満	5,000円以上 10,000円未満	11回目以上	TV・ラジオ番組やCM, X(旧：Twitter), Instagram	選択なし/該当施設なし		選択なし／該当施設なし		5,000円以上 10,000円未満	とても満足	さかなクンさんの公演も聞けた	とても満足	ジンベエザメも復活	感じなかった		10		石川県在住	おいしさ	男	1985	石川県	金沢市	800万円以上 900万円未満	景品が当たる	とても満足	10	ジンベエザメ迫力あるよ
能登エリア	のとじま水族館	2026/09/22	同意する	日帰り	石川県内には宿泊しない	石川県内には宿泊しない	石川県外には泊まらない	夫婦2人	テーマパーク（遊園地、動物園、博物館など）, ドライブ・ツーリング	自家用車	自家用車	とても満足		10,000円以上 20,000円未満	1,000円未満	10,000円以上 20,000円未満	6～10回目	観光展・物産展	のとじま水族館		のとじま水族館		10,000円以上 20,000円未満	とても満足		とても満足	ジンベエザメがまたみれて良かった。	感じなかった		10		また行きたい（1年以内）	新鮮な魚や自然の景色	女	1992	石川県	かほく市横山	500万円以上 600万円未満	景品が当たる	とても満足	10	
能登エリア	能登食祭市場	2026/09/22	同意する	2泊	1泊	金沢エリア  （湯涌温泉、深谷温泉、犀川温泉など）	富山県	親	墓参り、旧友に会う	自家用車	自家用車			10,000円以上 20,000円未満	5,000円以上 10,000円未満	30,000円以上 40,000円未満	2～5回目	ネット検索	能登食祭市場		のとじま水族館		5,000円以上 10,000円未満	とても満足	おいしそうなものたくさんあったから！のどぐろに関する商品だけでも種類豊富でみてて楽しかった！	とても満足	海鮮丼はおいしいし浜焼きもたべたことあるがおいしすぎたからリピったから	感じた	席が少ないかもしれない、席取りに本気だった	10	新鮮でほんと最高だし外出れば海が見えるしワイワイした市場の雰囲気が素敵	機会があれば行きたい	食べ物もお水もおいしくてネ申。	女	2006	埼玉県	栄町	1,000万円以上 1,200万円未満	景品が当たる	とても満足	10	海鮮丼たべてほしいといったところ。値段なりの価値がある。
能登エリア	能登食祭市場	2026/09/22	同意する	2泊	1泊	金沢エリア  （湯涌温泉、深谷温泉、犀川温泉など）	富山県	中学生以上連れの家族	お墓参り、自分のルーツを探る	自家用車	自家用車			10,000円以上 20,000円未満	1,000円以上 3,000円未満	10,000円以上 20,000円未満	2～5回目	インターネット・アプリ, 友人・知人	道の駅のとじま	七尾のリボン商店街	のとじま水族館		5,000円以上 10,000円未満	とても満足	店員の方も駐車場の誘導の方も、みなさん優しく接していただき、オススメなどを聞いても個人の状況に寄り添った対応をしていただいたこと、海鮮が美味しかったこと	満足	概ね、困ることは特に無かったので素敵でした！客数に対して席数が少し少なかったので回転させるのが大変かなと少し思いました。	感じなかった		10	浜焼きも海鮮も美味しかったです！お土産もたくさん買えて満足しました！	また行きたい（1年以内）	私は石川県で生まれ、すぐに両親の転勤で他の県へ移ってしまいました。古き良きに立ち返ることができるこの場所は大好きですが、敢えて集客や新しいモノという観点で記載すると、天気が悪いことが多いと思うので、屋内で完結できる施設がより充実すればいいのかなと思います。例えば、花火ではなく東京池袋の映画館のような花火のプロジェクションマッピングを見れる施設など…。	女	2003	東京都	江東区	300万円以上 400万円未満	景品が当たる, なんとなく	とても満足	10	海鮮はマストで食べて欲しいです！昨年訪れたときよりも能登の地震の復興の兆しが至るところで見られて、少し安心しました。金沢がピックアップされがちですが、七尾や能登や坪川、私の好きな街は人と食べ物と自然とどれも素敵で溢れていて、もっともっと知って欲しいほどです。他にも加賀蓮根、加賀棒ほうじ茶、きんつば…海鮮以外の美味しいものもたくさん、ぜーんぶ大好きです！
能登エリア	出張輪島朝市 inワイプラザ輪島店	2026/09/22	同意する	4泊以上	4泊以上	能登エリア （和倉温泉、七尾市、輪島市、珠洲市など）	石川県外には泊まらない	小学生以下連れの家族	宿でのんびり過ごす, 地元の美味しいものを食べる, 友人・親戚を訪ねる	自家用車	自家用車			使わない	20,000円以上 30,000円未満	10,000円以上 20,000円未満	11回目以上	友人・知人	輪島朝市	ポケモン足湯、ポケモン空港	選択なし／該当施設なし		1,000円未満	とても満足	足湯のスタッフさんとても丁寧で気持ちが良かった！！	とても満足		感じなかった		10		また行きたい（1年以内）	和太鼓有名なので、体験できるところ欲しい！	女	1995	愛知県	名古屋市港区	500万円以上 600万円未満	景品が当たる, ひゃくまんさんが好き	とても満足	10	
能登エリア	石川県立輪島漆芸美術館	2026/09/22	同意する	3泊	3泊	能登エリア （和倉温泉、七尾市、輪島市、珠洲市など）	石川県外には泊まらない	自分ひとり	宿でのんびり過ごす, 温泉や露天風呂, 地元の美味しいものを食べる, 花見や紅葉などの自然鑑賞, 名所、旧跡の観光, テーマパーク（遊園地、動物園、博物館など）, 買い物、アウトレット, まちあるき、都市散策, ドライブ・ツーリング	自家用車	自家用車			40,000円以上 50,000円未満	30,000円以上 40,000円未満	10,000円以上 20,000円未満	初めて	観光パンフレット・ポスター	輪島朝市		禄剛崎灯台		1,000円未満	とても満足	常設展・企画展ともまとまっており、目玉となりうる地球儀の展示は入り口近くに配置される等、構成が良かった	満足	展示ケース内、敷布のシミが目立った	感じなかった		8	箸以外にも、輪島塗の小物類の販売があればより良いと感じる	また行きたい（1年以内）	ラブライブコラボについては、是非継続していただきたい	男	1991	静岡県	御殿場市	700万円以上 800万円未満	ARでひゃくまんさんと写真が撮りたかった	満足	9	輪島朝市は活気があり、楽しかった
能登エリア	海舟	2026/09/22	同意する	1泊	石川県内には宿泊しない	金沢エリア  （湯涌温泉、深谷温泉、犀川温泉など）	河北郡に自宅あり	夫婦2人	宿でのんびり過ごす, 温泉や露天風呂	自家用車	自家用車			3,000円以上 5,000円未満	1,000円以上 3,000円未満	3,000円以上 5,000円未満	初めて	インターネット・アプリ	のとじま水族館		選択なし／該当施設なし	内灘町の自宅に帰る予定	3,000円以上 5,000円未満	とても満足	チェックインの時から素晴らしいご対応で、ホテル自体も綺麗でおもてなしが最高です！	とても満足	ロビーから最高です！	感じなかった		10	チェックインの駄菓子が嬉し過ぎます！	また行きたい（1年以内）	特になし	女	1973	石川県	河北郡	1,000万円以上 1,200万円未満	景品が当たる	とても満足	10	今度は子供達ときたいです。あと母親を連れてきたいです。
能登エリア	道の駅織姫の里なかのと	2026/09/22	同意する	日帰り	4泊以上	金沢エリア  （湯涌温泉、深谷温泉、犀川温泉など）	岐阜県	恋人	温泉や露天風呂	自家用車	自家用車	満足	自然がいっぱい	1,000円以上 3,000円未満	30,000円以上 40,000円未満	5,000円以上 10,000円未満	初めて	インターネット・アプリ	千里浜なぎさドライブウェイ		のとじま水族館		3,000円以上 5,000円未満	満足	珍しい食材あり	満足	きれい	感じなかった		5	ご当地ねアイス食べたかった	また行きたい（1年以内）	サップ	女	1974	石川県	川北町	1,000万円以上 1,200万円未満	石川県のおすすめ観光スポットが見たい	とても満足	5	自然
能登エリア	道の駅織姫の里なかのと	2026/09/22	同意する	3泊	3泊	金沢エリア  （湯涌温泉、深谷温泉、犀川温泉など）	石川県外には泊まらない	夫婦2人	地元の美味しいものを食べる, 名所、旧跡の観光, まちあるき、都市散策	自家用車	自家用車			10,000円以上 20,000円未満	5,000円以上 10,000円未満	5,000円以上 10,000円未満	2～5回目	インターネット・アプリ	選択なし/該当施設なし	兼六園	選択なし／該当施設なし	機具岩	使わない	どちらでもない		どちらでもない		感じた	ソフトクリームが15時に来て食べられなかった	6		機会があれば行きたい	漁師飯	女	1968	静岡県	浜松市	400万円以上 500万円未満	景品が当たる	とても満足	8	ジャズフェスティバル
能登エリア	道の駅織姫の里なかのと	2026/09/22	同意する	3泊	3泊	金沢エリア  （湯涌温泉、深谷温泉、犀川温泉など）	石川県外には泊まらない	夫婦2人	名所、旧跡の観光	自家用車	自家用車			1,000円以上 3,000円未満	20,000円以上 30,000円未満	30,000円以上 40,000円未満	2～5回目	インターネット・アプリ	千里浜なぎさドライブウェイ		選択なし／該当施設なし	予定なし	使わない	不満	食堂ほ営業時間が短い	どちらでもない	トイレが綺麗	感じなかった		3	買い物をしなかった	機会があれば行きたい	特になし	男	1964	静岡県	浜松市	400万円以上 500万円未満	景品が当たる	満足	8	金沢の歴史的施設
能登エリア	木ノ浦ビレッジ	2026/09/22	同意する	1泊	1泊	能登エリア （和倉温泉、七尾市、輪島市、珠洲市など）	石川県外には泊まらない	小学生以下連れの家族	宿でのんびり過ごす	県外から訪れていない（石川県内在住）	自家用車			30,000円以上 40,000円未満	1,000円以上 3,000円未満	5,000円以上 10,000円未満	11回目以上	友人・知人	選択なし/該当施設なし	ふらっと訪夢	選択なし／該当施設なし	道の駅すずなり	3,000円以上 5,000円未満	満足	スタッフの対応が良い	満足	サービスが良い	感じなかった		9	カフェメニューが多く景色が良い	機会があれば行きたい	魚が新鮮で能登牛も美味しい	女	1973	石川県	能美市	600万円以上 700万円未満	景品が当たる, ひゃくまんさんが好き	満足	9	部屋から海が見れて癒される
金沢エリア	石川県政記念しいのき迎賓館	2026/09/22	同意する	2泊	2泊	金沢エリア  （湯涌温泉、深谷温泉、犀川温泉など）	石川県外には泊まらない	妹	地元の美味しいものを食べる, 名所、旧跡の観光, まちあるき、都市散策, 友人・親戚を訪ねる	自家用車	路線バス	とても満足	フリー切符が便利	使わない	1,000円未満	5,000円以上 10,000円未満	初めて	インターネット・アプリ	近江町市場		金沢21世紀美術館		使わない	満足		満足		感じなかった		8		また行きたい（1年以内）	海鮮、和菓子	女	1968	神奈川県	横浜市	1,000万円以上 1,200万円未満	景品が当たる	満足	8	近江町市場の食べ歩きが楽しい
金沢エリア	石川県政記念しいのき迎賓館	2026/09/22	同意する	2泊	2泊	金沢エリア  （湯涌温泉、深谷温泉、犀川温泉など）	石川県外には泊まらない	姉	まちあるき、都市散策, 友人・親戚を訪ねる	自家用車	路線バス, 徒歩	満足	フリーパスがあった	使わない	10,000円以上 20,000円未満	20,000円以上 30,000円未満	初めて	歩いていて見つけた	近江町市場		金沢21世紀美術館		使わない	どちらでもない	地元の方のための施設かな、と	満足	無料で休めるところがある	感じなかった		6	気軽に使える感じではない	また行きたい（1年以内）	石川県産のものをもっと全面に出して欲しい	女	1971	神奈川県	横浜市	800万円以上 900万円未満	なんとなく	とても満足	10	近江町市場の海鮮
金沢エリア	金沢駅	2026/09/22	同意する	4泊以上	4泊以上	金沢エリア  （湯涌温泉、深谷温泉、犀川温泉など）	石川県外には泊まらない	親	地元の美味しいものを食べる, 買い物、アウトレット	飛行機	在来線, 路線バス	とても満足	観光バスが絶え間なくあり、時間をあまり気にせず、とても廻りやすかったです。	100,000円以上	3,000円以上 5,000円未満	40,000円以上 50,000円未満	11回目以上	観光パンフレット・ポスター	尾山神社		兼六園		20,000円以上 30,000円未満	とても満足		満足		感じなかった		10		また行きたい（1年以内）	リフレクター、メジャーが欲しいです。	その他	1981	北海道	札幌市	400万円以上 500万円未満	ひゃくまんさんが好き	とても満足	10	城下町の素晴らしさをお伝えしたいです。
金沢エリア	金沢駅	2026/09/22	同意する	4泊以上	4泊以上	金沢エリア  （湯涌温泉、深谷温泉、犀川温泉など）	石川県外には泊まらない	中学生以上連れの家族	名所、旧跡の観光, 買い物、アウトレット, まちあるき、都市散策	在来線	在来線		金沢駅周辺で買い物もでき、1日乗車券の利用で石川県立図書館にも行けて浅野線で鶴木にも行けて金沢市内もコンパクトなのでバスで色々行けて大変有意義でした。私は地元が石川県内ですが色々楽しめました。金沢駅近のホテルでしたので便利でした。	100,000円以上	3,000円以上 5,000円未満	50,000円以上 100,000円未満	11回目以上	TV・ラジオ番組やCM	兼六園	石川県立図書館	尾山神社	石川県立図書館	3,000円以上 5,000円未満	とても満足	館内が見応えがありました	とても満足	建築が素敵でした	感じなかった	なし	10		また行きたい（1年以内）	特になし	女	1955	石川県	七尾市	400万円以上 500万円未満	石川県の雑学を知りたい	とても満足	10	石川県立図書館が見応えがあるから
金沢エリア	石川県観光物産館	2026/09/22	同意する	日帰り	石川県内には宿泊しない	石川県内には宿泊しない	石川県外には泊まらない	親	地元の美味しいものを食べる, まちあるき、都市散策	新幹線	路線バス	満足	支払いにクレカが使えず、焦った。	使わない	3,000円以上 5,000円未満	20,000円以上 30,000円未満	2～5回目	インターネット・アプリ	兼六園		選択なし/該当施設なし	金沢駅周辺でお土産購入	5,000円以上 10,000円未満	とても満足	和菓子作りという貴重な体験ができたため。	とても満足	1階でお土産を購入できたため。	感じなかった		9	和菓子作り体験の内容が事前にwebサイトでわかるようにしてほしい。	また行きたい（1年以内）	特になし	女	2007	東京都	世田谷区	700万円以上 800万円未満	景品が当たる	とても満足	10	海鮮が新鮮で美味しいため。
金沢エリア	スーパーホテルPremier金沢駅東口	2026/09/22	同意する	2泊	2泊	金沢エリア  （湯涌温泉、深谷温泉、犀川温泉など）	石川県外には泊まらない	夫婦2人	宿でのんびり過ごす, 温泉や露天風呂, 地元の美味しいものを食べる, 名所、旧跡の観光, まちあるき、都市散策	新幹線	徒歩			100,000円以上	50,000円以上 100,000円未満	100,000円以上	2～5回目	新聞・雑誌・ガイドブック, 観光パンフレット・ポスター, インターネット・アプリ	ひがし茶屋街		金沢21世紀美術館		3,000円以上 5,000円未満	とても満足	他にはない体験ができた	とても満足	もう一度来てみたい	感じなかった		10	混んでいて、展示が見づらかった	また行きたい（1年以内）	魚介類が新鮮でとてもおいしかった	男	1971	東京都	世田谷区	300万円以上 400万円未満	景品が当たる, ひゃくまんさんが好き, 石川県のおすすめ観光スポットが見たい, 石川県の雑学を知りたい	とても満足	10	豊富な観光資源がある
金沢エリア	石川県立歴史博物館	2026/09/22	同意する	日帰り	石川県内には宿泊しない	石川県内には宿泊しない	石川県外には泊まらない	友人	お祭りやイベントへの参加・見物	自家用車, 県外から訪れていない（石川県内在住）	自家用車			1,000円以上 3,000円未満	使わない	1,000円以上 3,000円未満	初めて	インターネット・アプリ	選択なし/該当施設なし		選択なし/該当施設なし		1,000円以上 3,000円未満	とても満足	見応えがあった	とても満足		感じなかった		8		石川県在住	特になし	女	1996	石川県	金沢市	200万円以上 300万円未満	景品が当たる	とても満足	10	
金沢エリア	金沢港クルーズターミナル	2026/09/22	同意する	2泊	2泊	能登エリア （和倉温泉、七尾市、輪島市、珠洲市など）	石川県外には泊まらない	恋人	宿でのんびり過ごす, 温泉や露天風呂, 地元の美味しいものを食べる, 花見や紅葉などの自然鑑賞, まちあるき、都市散策	自家用車	自家用車			50,000円以上 100,000円未満	10,000円以上 20,000円未満	20,000円以上 30,000円未満	初めて	観光展・物産展, 観光連盟やDMOのHP, Instagram	選択なし/該当施設なし	金沢駅で食事とお土産選び	選択なし/該当施設なし	千里浜ドライブウェイ	1,000円未満	とても満足	体験コーナーもあって面白い。カフェがあって良い。	とても満足	景色が良かった。	感じた	仕方ないと思うが風が強い。	8	景色が良くベンチに座ってリラックスできた。	また行きたい（1年以内）	能登島でイルカウォッチングできることを知った。今回は行けなかったが次回来た時に参加したい。船に乗って釣りができたらなと。	女	1997	長野県	長野市	700万円以上 800万円未満	景品が当たる, 石川県のおすすめ観光スポットが見たい, なんとなく	とても満足	10	七尾市の温泉が良かった。景色もよく心も身体も休めることができた。能登牛やノドグロ海鮮など、食べ物もおいしかった。
金沢エリア	トリフィートホテル&ポッド金沢百万石通	2026/09/22	同意する	1泊	1泊	金沢エリア  （湯涌温泉、深谷温泉、犀川温泉など）	石川県外には泊まらない	自分ひとり	地元の美味しいものを食べる, 買い物、アウトレット, まちあるき、都市散策	在来線	在来線	満足	福井駅からなので、近くて楽しめます。	5,000円以上 10,000円未満	5,000円以上 10,000円未満	20,000円以上 30,000円未満	2～5回目	インターネット・アプリ	近江町市場		選択なし/該当施設なし		5,000円以上 10,000円未満	満足		満足	美味しそうなものが沢山あります。	感じなかった		8		また行きたい（1年以内）	お魚とお野菜、美味しいが外国人向けで値上がりが悲しい。	女	1969	福井県	坂井市	500万円以上 600万円未満	景品が当たる	満足	8	立ち寄りたくなるオシャレなお店が多い。
金沢エリア	兼六駐車場	2026/09/22	同意する	1泊	1泊	金沢エリア  （湯涌温泉、深谷温泉、犀川温泉など）	石川県外には泊まらない	小学生以下連れの家族	宿でのんびり過ごす, 地元の美味しいものを食べる, 名所、旧跡の観光, ドライブ・ツーリング	自家用車	自家用車			5,000円以上 10,000円未満	3,000円以上 5,000円未満	10,000円以上 20,000円未満	2～5回目	新聞・雑誌・ガイドブック, 観光パンフレット・ポスター, インターネット・アプリ	兼六園		金沢21世紀美術館		1,000円以上 3,000円未満	満足	とても良かった	満足		感じなかった		10		機会があれば行きたい	とても良かった	男	1981	兵庫県	明石市	400万円以上 500万円未満	石川県のおすすめ観光スポットが見たい	とても満足	10	
金沢エリア	金沢駅	2026/09/22	同意する	3泊	2泊	金沢エリア  （湯涌温泉、深谷温泉、犀川温泉など）	富山県	友人	地元の美味しいものを食べる, 名所、旧跡の観光	新幹線, サンダーバード	在来線	満足	富山から訪れたが、電車で移動できたため楽だった。	30,000円以上 40,000円未満	40,000円以上 50,000円未満	3,000円以上 5,000円未満	初めて	Instagram	選択なし/該当施設なし	富山県	兼六園		3,000円以上 5,000円未満	満足		満足		感じた	お土産売り場のの人が多い	8		機会があれば行きたい	特になし	女	2002	岡山県	岡山市	300万円以上 400万円未満	景品が当たる, ひゃくまんさんが好き	満足	9	２０世紀美術館や兼六園あたりの観光名所が固まってて、回りやすかった
金沢エリア	金沢駅	2026/09/22	同意する	1泊	1泊	金沢エリア  （湯涌温泉、深谷温泉、犀川温泉など）	石川県外には泊まらない	中学生以上連れの家族	地元の美味しいものを食べる, 名所、旧跡の観光	新幹線	タクシー, 路線バス	とても満足	本数や台数が多いので助かりました。ただ運転が少々粗い	100,000円以上	5,000円以上 10,000円未満	20,000円以上 30,000円未満	初めて	Instagram	金沢21世紀美術館		近江町市場		5,000円以上 10,000円未満	とても満足	新鮮な海の幸を堪能できた	とても満足	活気がある	感じなかった		10	メニューが豊富	機会があれば行きたい	金箔アイスが絶品	女	1977	大阪府	堺市中区	900万円以上 1,000万円未満	景品が当たる, ひゃくまんさんが好き	とても満足	10	圧巻の図書館
金沢エリア	金沢中央観光案内所	2026/09/22	同意する	1泊	1泊	金沢エリア  （湯涌温泉、深谷温泉、犀川温泉など）	石川県外には泊まらない	小学生以下連れの家族	地元の美味しいものを食べる, 名所、旧跡の観光	新幹線	徒歩			3,000円以上 5,000円未満	40,000円以上 50,000円未満	5,000円以上 10,000円未満	2～5回目	Instagram	尾山神社		選択なし/該当施設なし		使わない	どちらでもない	活気がない	どちらでもない	活気がない	感じなかった		5	寂しさを感じる	また行きたい（1年以内）	石川おでんを食べてみたい	女	1977	兵庫県	尼崎市	1,000万円以上 1,200万円未満		とても満足	9	綺麗
金沢エリア	ガーデンホテル金沢	2026/09/22	同意する	3泊	3泊	金沢エリア  （湯涌温泉、深谷温泉、犀川温泉など）	石川県外には泊まらない	自分ひとり	地元の美味しいものを食べる, 名所、旧跡の観光, お祭りやイベントへの参加・見物	飛行機	在来線, 路線バス	満足	市内の観光スポットのほとんどバスでの移動が可能であった。内灘地区もコミュニティバスが網羅しているが、本数が少ないのと終電が早いのが不便だった	30,000円以上 40,000円未満	40,000円以上 50,000円未満	30,000円以上 40,000円未満	初めて	TV・ラジオ番組やCM, インターネット・アプリ	選択なし/該当施設なし	白川郷、石川県立図書館、大野地区	金沢21世紀美術館		3,000円以上 5,000円未満	満足		満足	石川県立図書館は素晴らしい建物で満足した、トークイベントも満足した	感じなかった		7		機会があれば行きたい	特にない	女	1967	福岡県	飯塚市	900万円以上 1,000万円未満	景品が当たる	とても満足	8	
金沢エリア	金沢セントラルホテル	2026/09/22	同意する	1泊	1泊	金沢エリア  （湯涌温泉、深谷温泉、犀川温泉など）	群馬県	友人	宿でのんびり過ごす	自家用車	自家用車, 在来線		色々な観光をしたいから	5,000円以上 10,000円未満	5,000円以上 10,000円未満	5,000円以上 10,000円未満	初めて	インターネット・アプリ	近江町市場		ひがし茶屋街		5,000円以上 10,000円未満	どちらでもない	大浴場があること	どちらでもない	無料駐車場が有るとのコトでしたが停められずコインパに停めないとダメになったらこと	感じた	受付が東館と知らなかった	7	朝ごはんや大浴場が有るのは嬉しい	また行きたい（1年以内）	もう少し金沢アピールした食べ物をおしてください	女	1965	三重県	鈴鹿市	300万円以上 400万円未満	景品が当たる	どちらでもない	10	近江市場
金沢エリア	アトリオ	2026/09/23	同意する	2泊	2泊	加賀エリア （山代温泉、山中温泉、片山津温泉、粟津温泉、辰口温泉、加賀市、小松市など）	石川県外には泊まらない	中学生以上連れの家族	帰省	自家用車	自家用車	満足	目的地近くまで車で行ける	使わない	3,000円以上 5,000円未満	5,000円以上 10,000円未満	11回目以上	新聞・雑誌・ガイドブック	選択なし/該当施設なし		選択なし/該当施設なし	金沢フォーラス	1,000円以上 3,000円未満	どちらでもない		満足		感じた	駐車場に入るまで時間がかかった	5		また行きたい（1年以内）	スイーツなどおいしい物が食べたい	女	1977	長野県	岡谷市	500万円以上 600万円未満	景品が当たる, ひゃくまんさんが好き	満足	10	久しぶりに香林坊に来て、行ってみたいと思う所があった
加賀エリア	加賀フルーツランド	2026/09/22	同意する	3泊	2泊	加賀エリア （山代温泉、山中温泉、片山津温泉、粟津温泉、辰口温泉、加賀市、小松市など）	富山県	親	温泉や露天風呂, 地元の美味しいものを食べる, 名所、旧跡の観光, ドライブ・ツーリング	自家用車	自家用車			30,000円以上 40,000円未満	5,000円以上 10,000円未満	3,000円以上 5,000円未満	初めて	観光展・物産展, Instagram	選択なし/該当施設なし		選択なし／該当施設なし		3,000円以上 5,000円未満	満足	名産品が取り揃えられていたから。	満足		感じなかった		8		機会があれば行きたい	特になし	女	2006	兵庫県	西宮市	1,000万円以上 1,200万円未満	景品が当たる, なんとなく	満足	8	温泉で癒されたから。
加賀エリア	小松空港	2026/09/22	同意する	3泊	3泊	金沢エリア  （湯涌温泉、深谷温泉、犀川温泉など）	石川県外には泊まらない	友人	地元の美味しいものを食べる, 名所、旧跡の観光, スポーツ観戦や芸術鑑賞（コンサート等）, まちあるき、都市散策	飛行機	路線バス	とても満足	乗り継ぐ手間がなく快適	40,000円以上 50,000円未満	30,000円以上 40,000円未満	50,000円以上 100,000円未満	初めて	新聞・雑誌・ガイドブック, インターネット・アプリ, 友人・知人, 観光協会等の案内所	選択なし/該当施設なし	金沢市内から直行	選択なし／該当施設なし	帰路	1,000円以上 3,000円未満	とても満足	コンパクトだがまとまっていて豊富な品がある	満足	検査場通過後に飲食ブースがあると嬉しい	感じなかった		8	検査場通過後に飲食ブースがあると嬉しい	機会があれば行きたい	北海道にはない食や歴史を感じる佇まい	女	1967	北海道	札幌市	500万円以上 600万円未満	景品が当たる	とても満足	9	歴史ある街並みが綺麗
加賀エリア	いしかわ動物園	2026/09/22	同意する	日帰り	石川県内には宿泊しない	石川県内には宿泊しない	石川に住んでいる	夫婦2人	テーマパーク（遊園地、動物園、博物館など）	自家用車	自家用車			使わない	3,000円以上 5,000円未満	使わない	初めて	看板	選択なし/該当施設なし	他に予定なし	選択なし／該当施設なし	他に予定なし	使わない	満足		満足		感じなかった		7		石川県在住	特になし	女	1996	石川県	小松市	1,000万円以上 1,200万円未満	景品が当たる	満足	8	海鮮が美味しい
加賀エリア	日本自動車博物館	2026/09/22	同意する	2泊	2泊	加賀エリア （山代温泉、山中温泉、片山津温泉、粟津温泉、辰口温泉、加賀市、小松市など）	石川県外には泊まらない	夫婦2人	アウトドア（海水浴、釣り、登山など）, 友人・親戚を訪ねる	自家用車	自家用車			使わない	5,000円以上 10,000円未満	5,000円以上 10,000円未満	初めて	TV・ラジオ番組やCM, インターネット・アプリ	木場潟公園	柴山潟	選択なし／該当施設なし		5,000円以上 10,000円未満	とても満足	車の展示数や接客が素晴らしかった	とても満足		感じなかった		9	お土産に関してはオリジナルグッズなどもう少し種類が欲しかった	また行きたい（1年以内）	特になし	男	1983	京都府	京都市	600万円以上 700万円未満	景品が当たる, 自動車博物館がとてもよかったから	とても満足	8	自動車博物館がとてもよかったから
加賀エリア	航空プラザ	2026/09/22	同意する	2泊	2泊	加賀エリア （山代温泉、山中温泉、片山津温泉、粟津温泉、辰口温泉、加賀市、小松市など）	福井県	夫婦2人	地元の美味しいものを食べる, Pompompurin 	自家用車	自家用車			20,000円以上 30,000円未満	3,000円以上 5,000円未満	3,000円以上 5,000円未満	2～5回目	観光パンフレット・ポスター	選択なし/該当施設なし	Komatsu pompompurin collaboration sites	那谷寺		1,000円未満	とても満足	Helpful staff	とても満足		感じなかった		9		機会があれば行きたい	Pompompurin collaboration goods	男	2000	高知県	仁淀川町	400万円以上 500万円未満	景品が当たる	満足	8	Ishikawa is a beautiful prefecture with lots to do.
加賀エリア	いしかわ動物園	2026/09/22	同意する	2泊	2泊	加賀エリア （山代温泉、山中温泉、片山津温泉、粟津温泉、辰口温泉、加賀市、小松市など）	石川県外には泊まらない	小学生以下連れの家族	テーマパーク（遊園地、動物園、博物館など）	自家用車	自家用車			100,000円以上	30,000円以上 40,000円未満	10,000円以上 20,000円未満	2～5回目	インターネット・アプリ	選択なし/該当施設なし	のとじま水族館	ゆのくにの森	楽しかったから	10,000円以上 20,000円未満	とても満足	楽しかったから	とても満足	楽しかったから	感じなかった		10		また行きたい（1年以内）	のとじま水族館のお土産にシャコのグッズが欲しかった	女	1980	京都府	福知山市	500万円以上 600万円未満	景品が当たる, なんとなく	とても満足	10	能登　のどかな場所だから
加賀エリア	加賀伝統工芸村　ゆのくにの森	2026/09/22	同意する	1泊	1泊	加賀エリア （山代温泉、山中温泉、片山津温泉、粟津温泉、辰口温泉、加賀市、小松市など）	石川県外には泊まらない	小学生以下連れの家族	宿でのんびり過ごす, 地元の美味しいものを食べる, 買い物、アウトレット, まちあるき、都市散策	自家用車	自家用車			10,000円以上 20,000円未満	5,000円以上 10,000円未満	3,000円以上 5,000円未満	2～5回目	観光展・物産展, 新聞・雑誌・ガイドブック, インターネット・アプリ	ゆのくにの森		月うさぎの里		5,000円以上 10,000円未満	とても満足	商品が充実している	とても満足	体験がおおいから楽しめる	感じなかった		10	いろんな体験があったり、食べ物が充実していてよかった	機会があれば行きたい	特になし	女	1981	兵庫県	灘区	600万円以上 700万円未満	景品が当たる	とても満足	10	ゆのくに　体験が多いから
加賀エリア	小松空港	2026/09/22	同意する	4泊以上	4泊以上	加賀エリア （山代温泉、山中温泉、片山津温泉、粟津温泉、辰口温泉、加賀市、小松市など）	石川県外には泊まらない	自分ひとり	その他スポーツ（ゴルフ、テニスなど）, 出張など仕事関係	飛行機	レンタカー	とても満足	時間いっぱい堪能できたから。	100,000円以上	50,000円以上 100,000円未満	100,000円以上	2～5回目	観光パンフレット・ポスター, インターネット・アプリ	那谷寺	輪島、金沢、剛門、義経の船隠し。安宅の関	選択なし／該当施設なし		10,000円以上 20,000円未満	とても満足		満足	雨に降られたけど、景色とかよかったから。	感じなかった	能登半島に登ったさい、災害の影響で工事中が多く、帰るのに時間がかかった。	8	日本海の物があまり食べられず残念だった。	また行きたい（1年以内）	なし。	女	1968	長崎県	佐世保	400万円以上 500万円未満	景品が当たる	とても満足	9	能登の自然や奇岩とか。
加賀エリア	小松空港	2026/09/22	同意する	3泊	3泊	金沢エリア  （湯涌温泉、深谷温泉、犀川温泉など）	石川県外には泊まらない	友人	地元の美味しいものを食べる, テーマパーク（遊園地、動物園、博物館など）, 各種体験（手作り、果物狩りなど）	飛行機	レンタカー, タクシー	とても満足		5,000円以上 10,000円未満	30,000円以上 40,000円未満	3,000円以上 5,000円未満	初めて	インターネット・アプリ, X(旧：Twitter), 友人・知人	選択なし/該当施設なし	忍者寺	選択なし／該当施設なし		3,000円以上 5,000円未満	とても満足		満足	下りのエスカレーターがないため、とても満足とはいえない	感じた	下りのエスカレーターがないため、とても満足とはいえない	8	うどんが美味しかったです！	また行きたい（1年以内）	大満足　とくになし	女	1997	神奈川県	横浜市	400万円以上 500万円未満	景品が当たる, ひゃくまんさんが好き	とても満足	10	
加賀エリア	那谷寺	2026/09/22	同意する	1泊	1泊	加賀エリア （山代温泉、山中温泉、片山津温泉、粟津温泉、辰口温泉、加賀市、小松市など）	石川県外には泊まらない	中学生以上連れの家族	地元の美味しいものを食べる, 名所、旧跡の観光, まちあるき、都市散策, 子供の用事に合わせて	自家用車	自家用車			5,000円以上 10,000円未満	20,000円以上 30,000円未満	使わない	初めて	インターネット・アプリ	選択なし/該当施設なし	安宅の関	選択なし／該当施設なし	大聖寺	1,000円以上 3,000円未満	とても満足	訪れる価値があった	とても満足	落ち着いて散策できた	感じなかった		10		機会があれば行きたい	特になし	男	1984	愛知県	名古屋市	500万円以上 600万円未満	景品が当たる	とても満足	10	
加賀エリア	小松カントリークラブ	2026/09/22	同意する	4泊以上	2泊	加賀エリア （山代温泉、山中温泉、片山津温泉、粟津温泉、辰口温泉、加賀市、小松市など）	福井県	自分ひとり	その他スポーツ（ゴルフ、テニスなど）	自家用車	自家用車			5,000円以上 10,000円未満	10,000円以上 20,000円未満	5,000円以上 10,000円未満	初めて	インターネット・アプリ, 友人・知人	選択なし/該当施設なし		選択なし／該当施設なし		10,000円以上 20,000円未満	満足	ゴルフをしに来た。	とても満足	ゴルフコースはもちろん、温泉やサウナもあったから。	感じなかった		8	もう少し広いアプローチ練習場がほしい。	機会があれば行きたい	特になし	男	1982	滋賀県	大津市	800万円以上 900万円未満	景品が当たる	満足	8	プロの試合も行われているコースなのでおすすめしたい。
加賀エリア	サンシティーホテル山代	2026/09/22	同意する	1泊	1泊	加賀エリア （山代温泉、山中温泉、片山津温泉、粟津温泉、辰口温泉、加賀市、小松市など）	石川県外には泊まらない	小学生以下連れの家族	宿でのんびり過ごす, 地元の美味しいものを食べる, テーマパーク（遊園地、動物園、博物館など）	自家用車	自家用車			10,000円以上 20,000円未満	10,000円以上 20,000円未満	1,000円以上 3,000円未満	初めて	インターネット・アプリ	選択なし/該当施設なし	ふれあい昆虫館	選択なし／該当施設なし	未定	3,000円以上 5,000円未満	満足		満足		感じた	エレベーターの狭さ	4		機会があれば行きたい	特になし	女	1988	福井県	福井市	400万円以上 500万円未満	景品が当たる, ひゃくまんさんが好き, なんとなく	満足	10	
加賀エリア	サンシティーホテル山代	2026/09/22	同意する	1泊	1泊	加賀エリア （山代温泉、山中温泉、片山津温泉、粟津温泉、辰口温泉、加賀市、小松市など）	石川県外には泊まらない	小学生以下連れの家族	宿でのんびり過ごす, 地元の美味しいものを食べる, テーマパーク（遊園地、動物園、博物館など）	自家用車	自家用車			3,000円以上 5,000円未満	3,000円以上 5,000円未満	1,000円未満	初めて	インターネット・アプリ	選択なし/該当施設なし	ふれあい昆虫館	選択なし／該当施設なし	未定	3,000円以上 5,000円未満	満足		満足		感じた	エレベーターの狭さ	4		機会があれば行きたい	特になし	女	1988	福井県	福井市	400万円以上 500万円未満	景品が当たる, ひゃくまんさんが好き, なんとなく	満足	10	
加賀エリア	小松空港	2026/09/22	同意する	3泊	1泊	金沢エリア  （湯涌温泉、深谷温泉、犀川温泉など）	福井県	自分ひとり	名所、旧跡の観光	在来線, 飛行機	路線バス	満足	目的地行きの連絡バスがあったから	10,000円以上 20,000円未満	5,000円以上 10,000円未満	20,000円以上 30,000円未満	初めて	インターネット・アプリ	選択なし/該当施設なし	金沢城・兼六園	選択なし／該当施設なし	この施設で最後	1,000円未満	満足	旅の最後に笹寿しを購入出来たから	満足	時間に余裕がなかったので、次回機会があればゆっくりしたい	感じなかった		7	飲食店の数がもう少しあると良い	機会があれば行きたい	難しいと思うが、街・交通機関の混雑解消	女	1969	神奈川県	横浜市	300万円以上 400万円未満	なんとなく	満足	8	見所と美味しい食べ物がたくさんある
加賀エリア	小松空港	2026/09/22	同意する	日帰り	石川県内には宿泊しない	石川県内には宿泊しない	石川県外には泊まらない	自分ひとり	テーマパーク（遊園地、動物園、博物館など）	飛行機	レンタカー	満足	道も走りやすくて、迷うことなく移動できました	使わない	30,000円以上 40,000円未満	10,000円以上 20,000円未満	2～5回目	インターネット・アプリ	選択なし/該当施設なし	金沢競馬場	選択なし／該当施設なし	羽田空港に帰ります！	20,000円以上 30,000円未満	とても満足	お土産たくさん買えました！楽しかったです！	とても満足	トイレがきれいで最高でした！	感じなかった		10	お土産たくさん買えて良かったです！！	機会があれば行きたい	空港の飲食店が、テイクアウトでいいのでもう少し遅い時間まで空いていたら嬉しい	女	1984	東京都	大田区	800万円以上 900万円未満	景品が当たる	とても満足	10	金沢競馬場、トイレが綺麗だったので
加賀エリア	小松空港	2026/09/22	同意する	1泊	1泊	金沢エリア  （湯涌温泉、深谷温泉、犀川温泉など）	石川県外には泊まらない	友人	テーマパーク（遊園地、動物園、博物館など）, スポーツ観戦や芸術鑑賞（コンサート等）	新幹線	レンタカー	満足	レンタカーの概ね良かったですが返却地が福井駅前に設定するようになってました	10,000円以上 20,000円未満	20,000円以上 30,000円未満	30,000円以上 40,000円未満	初めて	観光協会等の案内所	選択なし/該当施設なし	金沢競馬場	選択なし／該当施設なし		3,000円以上 5,000円未満	とても満足	スタッフさんの対応が良かったです	とても満足	不満な所がなかったです	感じなかった		8	品揃えも接遇も満足してます	また行きたい（1年以内）	特にありません	男	1975	神奈川県	横浜市港北区	700万円以上 800万円未満	景品が当たる	とても満足	10	寿司がおいしかったです
加賀エリア	小松空港	2026/09/22	同意する	2泊	2泊	金沢エリア  （湯涌温泉、深谷温泉、犀川温泉など）	石川県外には泊まらない	夫婦2人	テーマパーク（遊園地、動物園、博物館など）	新幹線	レンタカー, レンタサイクル	とても満足	レンタサイクルは返却が簡単で、都内だと返せないことが多いのに、返却受け入れを多くしてくれているのが非常に良かった	10,000円以上 20,000円未満	20,000円以上 30,000円未満	3,000円以上 5,000円未満	2～5回目	インターネット・アプリ, 友人・知人	選択なし/該当施設なし	金沢競馬場	選択なし／該当施設なし	羽田空港	1,000円以上 3,000円未満	どちらでもない	夜の便でお店が閉まってた	どちらでもない	夜の便で利用施設があまりないから	感じなかった		5	お土産は平均的だと思った。	機会があれば行きたい	美味しくて楽しかったですが、海外観光客が多くて（それ自体は良いですが）値段が海外価格だと感じることがあった	男	1976	東京都	大田区	1,000万円以上 1,200万円未満	景品が当たる	とても満足	8	すごく活気があって食べ物も美味しい。
加賀エリア	北陸自動車道　尼御前ＳＡ（上り）	2026/09/22	同意する	2泊	石川県内には宿泊しない	石川県内には宿泊しない	長野県	親	帰路の立ち寄り	自家用車	自家用車			使わない	3,000円以上 5,000円未満	3,000円以上 5,000円未満	初めて	たまたま訪れた	選択なし/該当施設なし	長野市	選択なし／該当施設なし	自宅	3,000円以上 5,000円未満	満足	フードコートでの食事が美味しかった。	どちらでもない	特に不満はない	感じなかった		7	美味しかった。	また行きたい（1年以内）	金沢大学公開講座	男	1972	鳥取県	米子市	900万円以上 1,000万円未満	景品が当たる, なんとなく	満足	9	毎年定期的に訪問して印象が良い。
加賀エリア	大江戸温泉物語Premium 山中グランドホテル	2026/09/22	同意する	3泊	2泊	加賀エリア （山代温泉、山中温泉、片山津温泉、粟津温泉、辰口温泉、加賀市、小松市など）	三重県	中学生以上連れの家族	宿でのんびり過ごす, 温泉や露天風呂, 地元の美味しいものを食べる	自家用車	自家用車			10,000円以上 20,000円未満	3,000円以上 5,000円未満	10,000円以上 20,000円未満	初めて	観光展・物産展, インターネット・アプリ	選択なし/該当施設なし	近江町市場	選択なし／該当施設なし	なし	10,000円以上 20,000円未満	満足		満足	オールインクルーシブなところ	感じなかった		10		機会があれば行きたい	新鮮な魚介類	男	1965	千葉県	八千代市	400万円以上 500万円未満	景品が当たる, 石川県のおすすめ観光スポットが見たい	満足	10	美味しい食事
加賀エリア	カフェときどきバー・お宿　たけだ	2026/09/22	同意する	4泊以上	1泊	白山エリア （一里野温泉、白峰温泉、白山市など）	新潟県	小学生以下連れの家族	地元の美味しいものを食べる, テーマパーク（遊園地、動物園、博物館など）, アウトドア（海水浴、釣り、登山など）, 各種体験（手作り、果物狩りなど）	自家用車	自家用車			3,000円以上 5,000円未満	10,000円以上 20,000円未満	3,000円以上 5,000円未満	初めて	インターネット・アプリ	選択なし/該当施設なし	最後の教室（新潟県）	選択なし／該当施設なし	石川県ふれあい昆虫館	3,000円以上 5,000円未満	とても満足	設備が新しくきれいに保たれていて、オーナーの方がとても話しやすく親切だから。	とても満足	ここに住みたいくらい快適で居心地がよかったから。	感じなかった		10	周辺観光情報やおすすめの地元の食べ物を教えてもらえて嬉しかったです。	また行きたい（1年以内）	日本海の海の幸と美味しいお米を味わえるお店（素材の味を楽しめるよう刺身やおにぎりで）があればいいなと思います。	女	1984	京都府	宇治市広野町	600万円以上 700万円未満	景品が当たる, 石川県のおすすめ観光スポットが見たい	とても満足	10	とにかくお宿「たけだ」が良くて、その近くに兼六園や動物園、昆虫館、産直市があり家族で楽しむのにぴったりだと思ったから。
加賀エリア	ゆのくに天祥	2026/09/22	同意する	1泊	1泊	加賀エリア （山代温泉、山中温泉、片山津温泉、粟津温泉、辰口温泉、加賀市、小松市など）	石川県外には泊まらない	小学生以下連れの家族	宿でのんびり過ごす, 温泉や露天風呂, テーマパーク（遊園地、動物園、博物館など）	自家用車, レンタカー	レンタカー	とても満足	車故障のため、レンタカーを利用	20,000円以上 30,000円未満	20,000円以上 30,000円未満	10,000円以上 20,000円未満	初めて	観光パンフレット・ポスター, インターネット・アプリ, Instagram	選択なし/該当施設なし	恐竜博物館	選択なし／該当施設なし	時間次第で観光予定	5,000円以上 10,000円未満	とても満足	施設に清潔感があり、とても良い	とても満足	温泉が気持ちよく利用できた	感じなかった		10		また行きたい（1年以内）	あまり調べずに来たので、特になし	女	1984	大阪府	豊中市	700万円以上 800万円未満	景品が当たる, なんとなく	とても満足	10	とてもゆっくり過ごすことができ、リフレッシュできた
能登エリア	和倉温泉お祭り会館	2026/09/22	同意する	日帰り	石川県内には宿泊しない	石川県内には宿泊しない	石川県外には泊まらない	小学生以下連れの家族	お祭りやイベントへの参加・見物	県外から訪れていない（石川県内在住）	自家用車			使わない	1,000円以上 3,000円未満	10,000円以上 20,000円未満	2～5回目	友人・知人	選択なし/該当施設なし	世界一長いベンチ	選択なし／該当施設なし	ポケモン足湯	使わない	満足	人が多い	満足	可愛い	感じた	駐車場も足湯も行列	8		石川県在住	特になし	女	1955	石川県	小松市	200万円以上 300万円未満	景品が当たる	満足	8	自然が多い
能登エリア	道の駅とぎ海街道	2026/09/22	同意する	日帰り	1泊	金沢エリア  （湯涌温泉、深谷温泉、犀川温泉など）	石川県外には泊まらない	家族	地元の美味しいものを食べる, 花見や紅葉などの自然鑑賞, 名所、旧跡の観光, お祭りやイベントへの参加・見物, アウトドア（海水浴、釣り、登山など）	自家用車	自家用車			使わない	1,000円以上 3,000円未満	3,000円以上 5,000円未満	2～5回目	観光展・物産展, 新聞・雑誌・ガイドブック	千里浜なぎさドライブウェイ		禄剛崎灯台		1,000円以上 3,000円未満	満足	いろいろと欲しいものが揃っている	満足	温かみがある	感じなかった		8	他にないものがあった	また行きたい（1年以内）	なし	女	1957	石川県	金沢市	200万円以上 300万円未満	景品が当たる, 石川県のおすすめ観光スポットが見たい, 石川県の雑学を知りたい	満足	8	海の風景
能登エリア	のとじま水族館	2026/09/22	同意する	日帰り	石川県内には宿泊しない	石川県内には宿泊しない	富山県	中学生以上連れの家族	地元の美味しいものを食べる, 名所、旧跡の観光	自家用車	自家用車			使わない	1,000円以上 3,000円未満	10,000円以上 20,000円未満	6～10回目	インターネット・アプリ, Instagram	のとじま水族館		千里浜なぎさドライブウェイ		3,000円以上 5,000円未満	満足	ジンベエザメ、イルカショー等、充実している	満足		感じた	道の渋滞を対策してほしい。トイレも少ない	8		また行きたい（1年以内）	特になし	女	1970	富山県	高岡市	700万円以上 800万円未満	景品が当たる, ひゃくまんさんが好き	満足	8	
能登エリア	ホテルアリヴィオ	2026/09/22	同意する	2泊	1泊	能登エリア （和倉温泉、七尾市、輪島市、珠洲市など）	新潟県	自分ひとり	羽生結弦選手のポスターとパネルめぐり	新幹線, 在来線	在来線	どちらでもない	本数と接続	10,000円以上 20,000円未満	10,000円以上 20,000円未満	5,000円以上 10,000円未満	2～5回目	新聞・雑誌・ガイドブック, 観光パンフレット・ポスター, インターネット・アプリ, X(旧：Twitter), 友人・知人	千里浜なぎさドライブウェイ		能登食祭市場	羽生結弦のパネルとポスター	10,000円以上 20,000円未満	とても満足	部屋やベットの広さも確保されてる。アメニティもちゃんとある	とても満足	駅から近い	感じなかった		9	朝食の評判がいいので、楽しみ	機会があれば行きたい	観光場所もたくさんある。海鮮も美味しい。コーヒーもおいしい	女	1972	山梨県	甲斐市	700万円以上 800万円未満	羽生結弦選手をとおしてですが、復興を応援してるから	満足	9	羽生結弦が旅して応援をすすめているから
能登エリア	のとじま水族館	2026/09/22	同意する	2泊	2泊	能登エリア （和倉温泉、七尾市、輪島市、珠洲市など）	石川県外には泊まらない	小学生以下連れの家族	宿でのんびり過ごす, 温泉や露天風呂, テーマパーク（遊園地、動物園、博物館など）	自家用車	自家用車	とても満足		100,000円以上	5,000円以上 10,000円未満	20,000円以上 30,000円未満	2～5回目	インターネット・アプリ, Instagram	能登食祭市場		選択なし／該当施設なし	和倉温泉	1,000円以上 3,000円未満	満足		満足		感じた	シルバーウィーク中の混雑、渋滞	10		また行きたい（1年以内）	子供が楽しめるスポットを増やして欲しい	男	1994	福井県	福井市	800万円以上 900万円未満	景品が当たる	とても満足	10	
能登エリア	道の駅織姫の里なかのと	2026/09/22	同意する	3泊	1泊	金沢エリア  （湯涌温泉、深谷温泉、犀川温泉など）	富山県	自分ひとり	名所、旧跡の観光, まちあるき、都市散策	在来線	徒歩			3,000円以上 5,000円未満	20,000円以上 30,000円未満	1,000円以上 3,000円未満	初めて	インターネット・アプリ	選択なし/該当施設なし		選択なし／該当施設なし	尾山神社	1,000円未満	どちらでもない		満足		感じた	七尾線から遠い	8		機会があれば行きたい	特になし	男	1992	京都府	京都市	200万円以上 300万円未満	景品が当たる, なんとなく	満足	9	
能登エリア	のとじま水族館	2026/09/22	同意する	日帰り	石川県内には宿泊しない	石川県内には宿泊しない	日帰り	小学生以下連れの家族	テーマパーク（遊園地、動物園、博物館など）	自家用車	自家用車	満足	能登さとやま街道をよく使うので利便が良い	使わない	1,000円以上 3,000円未満	5,000円以上 10,000円未満	11回目以上	インターネット・アプリ, X(旧：Twitter), Instagram, ブログ	のとじま水族館		能登食祭市場		5,000円以上 10,000円未満	満足	売り切れが何個かあって残念	満足	もっと集客を狙いたい	感じた	イルカショーが大きなスクリーンがあるといい　右側にいたがほとんど見え無かった	9	ジンベエザメのぬいぐるみが欲しかった！	また行きたい（1年以内）	地産地消にぶれずもっと栄えてほしい！	女	1982	富山県	富山市	900万円以上 1,000万円未満	景品が当たる	満足	9	ご飯や温泉が美味しい
能登エリア	コスモアイル羽咋	2026/09/22	同意する	日帰り	石川県内には宿泊しない	石川県内には宿泊しない	石川県民です	小学生以下連れの家族	テーマパーク（遊園地、動物園、博物館など）	自家用車	自家用車	とても満足	駐車場が大きい	使わない	1,000円以上 3,000円未満	3,000円以上 5,000円未満	初めて	友人・知人	選択なし/該当施設なし		選択なし／該当施設なし	みちのえき千里浜	1,000円以上 3,000円未満	どちらでもない	今から行くので楽しみです	どちらでもない	今から行くので楽しみです	感じなかった		10	売店にわかいいものたくさんあった	また行きたい（1年以内）	ご当地ソフトクリームが充実している	女	1990	石川県	金沢市	600万円以上 700万円未満	景品が当たる, ひゃくまんさんが好き, 石川県の雑学を知りたい	とても満足	10	能登復興のためにみんなに来て欲しい！
能登エリア	民宿つるや	2026/09/22	同意する	1泊	3泊	能登エリア （和倉温泉、七尾市、輪島市、珠洲市など）	石川県外には泊まらない	親	地元の美味しいものを食べる, 名所、旧跡の観光, 買い物、アウトレット, まちあるき、都市散策	自家用車	自家用車			40,000円以上 50,000円未満	使わない	30,000円以上 40,000円未満	初めて	TV・ラジオ番組やCM, インターネット・アプリ, Instagram	千里浜なぎさドライブウェイ		能登食祭市場		使わない	とても満足	接客態度もおもてなしもなっていてすごく過ごしやすい民宿だから。	とても満足	お風呂もお手洗いも清潔が保たれていて気軽に利用することができたから。	感じなかった		9		また行きたい（1年以内）	海鮮、ご当地スイーツ	女	2009	埼玉県	川口市	1,000万円以上 1,200万円未満	景品が当たる, 石川県のおすすめ観光スポットが見たい, 石川県の雑学を知りたい	とても満足	10	能登の豊かな自然と人の温かさが最も自分にしっくりきたので震災支援も兼ねてぜひたくさんの人に能登への旅行を薦めようと思ったから。
能登エリア	休暇村能登千里浜	2026/09/22	同意する	1泊	2泊	能登エリア （和倉温泉、七尾市、輪島市、珠洲市など）	石川県外には泊まらない	小学生以下連れの家族	友人・親戚を訪ねる	レンタカー, 新幹線	レンタカー	どちらでもない	サンダーバードが遅れ、金沢からの特急に乗れなかった	10,000円以上 20,000円未満	10,000円以上 20,000円未満	10,000円以上 20,000円未満	初めて	インターネット・アプリ, 友人・知人	のとじま水族館		千里浜なぎさドライブウェイ		50,000円以上 100,000円未満	満足	スタッフの人が親切だった	満足	新しくはないが、清掃が行き届いていた	感じた	食事の時に、1人で座れない赤ちゃんの居場所が難しかった	7		また行きたい（1年以内）	京都との違いがあれば	女	1991	京都府	向日市	900万円以上 1,000万円未満	景品が当たる	満足	9	ご飯が美味しい
能登エリア	休暇村能登千里浜	2026/09/22	同意する	2泊	2泊	能登エリア （和倉温泉、七尾市、輪島市、珠洲市など）	石川県外には泊まらない	小学生以下連れの家族	地元の美味しいものを食べる, 友人・親戚を訪ねる	レンタカー, 新幹線	レンタカー	どちらでもない	電車が遅れ、特急に乗れなかった	10,000円以上 20,000円未満	10,000円以上 20,000円未満	10,000円以上 20,000円未満	初めて	友人・知人	道の駅のとじま		千里浜なぎさドライブウェイ		10,000円以上 20,000円未満	どちらでもない	電話した時の対応が微妙だった	どちらでもない	古いが、清掃が行き届いてた	感じた	部屋以外の赤ちゃんの居場所	8		また行きたい（1年以内）	京都との違い。海産物のおいしさ	女	1991	京都府	向日市	1,000万円以上 1,200万円未満	景品が当たる	満足	9	
能登エリア	和倉温泉-総湯-	2026/09/22	同意する	2泊	2泊	能登エリア （和倉温泉、七尾市、輪島市、珠洲市など）	石川県外には泊まらない	小学生以下連れの家族	ポケモン	レンタカー, 新幹線	レンタカー	どちらでもない	道が整備されていないだけでなく舗装されず砂利道で案内もなく危険だった。れていなかった。片側相互通行のところで誘導がなく危険だった。	40,000円以上 50,000円未満	10,000円以上 20,000円未満	10,000円以上 20,000円未満	6～10回目	インターネット・アプリ	選択なし/該当施設なし	柳田植物公園	選択なし／該当施設なし	ポケモン足湯	20,000円以上 30,000円未満	満足	館内が綺麗で案内も丁寧、ビールも飲み放題	とても満足	快適だから	感じなかった	特にない	10		機会があれば行きたい	温泉	男	1990	和歌山県	和歌山市	1,500万円以上	震災から時間が経ってもまだ人を安全に呼べるレベルではないと感じたから	とても満足	2	ポケモン空港は行くだけで楽しかったです。
能登エリア	のとじま水族館	2026/09/22	同意する	日帰り	石川県内には宿泊しない	石川県内には宿泊しない	輪島の自宅に泊まります	小学生以下連れの家族	テーマパーク（遊園地、動物園、博物館など）	自家用車	自家用車		子供が小さいので自家用車で来やすい	10,000円以上 20,000円未満	3,000円以上 5,000円未満	10,000円以上 20,000円未満	6～10回目	インターネット・アプリ, 幼稚園に置いてあるチケットの裏にイベントが書いてあった	選択なし/該当施設なし		選択なし／該当施設なし		3,000円以上 5,000円未満	とても満足		とても満足		感じなかった		10		石川県在住	小さい子連れでも入れるカフェ	女	1981	石川県	輪島市	300万円以上 400万円未満	石川県や能登の魅力を知ってほしい。もっと復興して欲しい。	とても満足	10	能登の魅力を感じてほしい
能登エリア	のとじま水族館	2026/09/22	同意する	1泊	1泊	能登エリア （和倉温泉、七尾市、輪島市、珠洲市など）	石川県外には泊まらない	夫婦2人	温泉や露天風呂, 地元の美味しいものを食べる	レンタカー	レンタカー	満足	いつも利用している手段	40,000円以上 50,000円未満	20,000円以上 30,000円未満	30,000円以上 40,000円未満	2～5回目	観光パンフレット・ポスター	のとじま水族館		能登食祭市場		5,000円以上 10,000円未満	満足	最初の水槽を上から見ることができる所	満足	最初の水槽で元は取れていると感じるから	感じなかった		8	連休等の繁忙期のみ、お土産コーナーの商品を充実させてもいいと思う。	また行きたい（1年以内）	特になし	男	1992	兵庫県	神戸市	1,200万円以上 1,500万円未満	なんとなく	満足	8	温泉
能登エリア	おくだや	2026/09/22	同意する	3泊	3泊	能登エリア （和倉温泉、七尾市、輪島市、珠洲市など）	石川県外には泊まらない	中学生以上連れの家族	温泉や露天風呂, 地元の美味しいものを食べる, 名所、旧跡の観光	自家用車	自家用車			100,000円以上	10,000円以上 20,000円未満	20,000円以上 30,000円未満	初めて	インターネット・アプリ	千里浜なぎさドライブウェイ		輪島朝市		10,000円以上 20,000円未満	とても満足	宿の方がとても親切で石川県を堪能できる	とても満足	温泉街を歩いて散策できるうえ、湯を堪能できる	感じなかった		10	飲み物もこちらの特産品を用意してくださり、気に入ったものは購入のきっかけとなる。	また行きたい（1年以内）	輪島塗、復興を応援しています！購入します！	女	1978	愛媛県	新居浜市	900万円以上 1,000万円未満	景品が当たる, 石川県の雑学を知りたい	とても満足	10	豊かな自然と、文化、歴史、どれをとっても素晴らしい！
能登エリア	和倉温泉-総湯-	2026/09/22	同意する	2泊	2泊	能登エリア （和倉温泉、七尾市、輪島市、珠洲市など）	石川県外には泊まらない	小学生以下連れの家族	ボケふた巡り、ポケモンスタンプラリー巡り	レンタカー, 新幹線	レンタカー	満足	一部道路がガタガタな所や工事で狭い所、渋滞の所があったが、基本的にスムーズに移動できたため	30,000円以上 40,000円未満	5,000円以上 10,000円未満	10,000円以上 20,000円未満	初めて	観光パンフレット・ポスター	選択なし/該当施設なし	和倉お祭り会館	選択なし／該当施設なし	ポケモン足湯	使わない	とても満足	観光パンフレットがたくさん取り揃えていたため	とても満足	綺麗に整備されていたため	感じなかった		10		また行きたい（1年以内）	穴水のポケふたであるゲッコウガの蒔絵皿をグッズ化してほしい	女	1991	和歌山県	和歌山市	1,000万円以上 1,200万円未満	景品が当たる, ひゃくまんさんが好き, 石川県のおすすめ観光スポットが見たい	とても満足	6	のと里山空港が、想像以上にポケモンとコラボしており行くだけで楽しかったです。今回のスタンプラリーを通じて、施設ごとはとても満足できたのですが、道中、復興による工事渋滞がしていたり、電波が悪かったりしたので、人におすすめするのは慎重になるかもしれないです。あと、イカの駅つくモールからやなぎだ植物公園に向かう道が未舗装だったり工事での片側通行が交通員による整理がなく怖かったりしたので、スタンプラリーの施設に設定するのであれば道路状況がいいところを選択するなり、看板による注意喚起の案内（徐行せよ、など）をしてほしいです。
能登エリア	くくのちステイ	2026/09/22	同意する	1泊	2泊	能登エリア （和倉温泉、七尾市、輪島市、珠洲市など）	石川県外には泊まらない	ペット　犬一匹	宿でのんびり過ごす, 地元の美味しいものを食べる, 名所、旧跡の観光, 震災の復興状況を知りたい。	自家用車	自家用車, レンタカー		見所が多く、二泊三日ではちょっと足りない様に感じました。	1,000円未満	10,000円以上 20,000円未満	10,000円以上 20,000円未満	2～5回目	インターネット・アプリ, 友人・知人	選択なし/該当施設なし	妙成寺、總持寺、珠洲岬、能登島	選択なし／該当施設なし		5,000円以上 10,000円未満	とても満足	ロケーションが素晴らしい。	とても満足	とても清潔感がある。	感じなかった		9		機会があれば行きたい	肉、魚	男	1976	京都府	綾部市	300万円以上 400万円未満	景品が当たる	とても満足	8	海の美しさ
能登エリア	のとじま水族館	2026/09/22	同意する	日帰り	石川県内には宿泊しない	石川県内には宿泊しない	石川県外には泊まらない	親	テーマパーク（遊園地、動物園、博物館など）, 買い物、アウトレット, お祭りやイベントへの参加・見物	県外から訪れていない（石川県内在住）	自家用車, バス	とても満足	時間帯がよかったから	使わない	使わない	使わない	11回目以上	TV・ラジオ番組やCM, インターネット・アプリ, Instagram	のとじま水族館		選択なし／該当施設なし		使わない	満足	いろいろなイベントをやっていたから。	満足	いろいろな生き物がいたから。	感じなかった		8	オリジナルグッズがとても可愛かった。	石川県在住	特にない	女	2010	石川県	金沢市	1,500万円以上	景品が当たる, ひゃくまんさんが好き, 石川県のおすすめ観光スポットが見たい	満足	6	のとじま水族館 生き物たちが有名だから。
能登エリア	のとじま水族館	2026/09/22	同意する	日帰り	石川県内には宿泊しない	石川県内には宿泊しない	石川県外には泊まらない	家族	地元の美味しいものを食べる, テーマパーク（遊園地、動物園、博物館など）	県外から訪れていない（石川県内在住）	自家用車, シャトルバス	とても満足	バスの車内がきれいだったし、乗り心地が良かったです。	使わない	使わない	1,000円以上 3,000円未満	11回目以上	新聞・雑誌・ガイドブック, TV・ラジオ番組やCM, インターネット・アプリ, Instagram, タクシードライバーや地元の人	千里浜なぎさドライブウェイ		選択なし／該当施設なし		使わない	とても満足	オリジナルグッズがたくさんあって、お土産を選ぶのが楽しかったからです。	とても満足	イベントがたくさんあって楽しかったからです。	感じなかった		10	オリジナルグッズがたくさんあって、のとじま水族館への愛が、伝わりました！	石川県在住	トキの博物館みたいなところ。	女	2010	石川県	金沢市	200万円以上 300万円未満	景品が当たる, ひゃくまんさんが好き, ARでひゃくまんさんと写真が撮りたかった, 石川県の雑学を知りたい, なんとなく	とても満足	10	コンビニが多くていい。みんなが優しい。
能登エリア	味な宿　宝仙閣	2026/09/22	同意する	2泊	2泊	能登エリア （和倉温泉、七尾市、輪島市、珠洲市など）	石川県外には泊まらない	小学生以下連れの家族	ポケモン	新幹線, 在来線	在来線	どちらでもない	サンダーバードが強風で＋30分	50,000円以上 100,000円未満	50,000円以上 100,000円未満	50,000円以上 100,000円未満	初めて	インターネット・アプリ	選択なし/該当施設なし	ポケモンセンターカナザワ	のとじま水族館		40,000円以上 50,000円未満	満足	忙しそうで、おかしな質問をされたりしましたが、丁寧に対応いただきました。、	満足	朝ごはんもおいしく、快適に過ごせました。	感じた	不便とまでは言いませんが、ドライヤーがショートしました。	7		機会があれば行きたい	特になし	女	1979	京都府	京都市	1,200万円以上 1,500万円未満	景品が当たる	とても満足	9	ポケモン好きにはたまらない。
能登エリア	のとじま水族館	2026/09/22	同意する	日帰り	石川県内には宿泊しない	石川県内には宿泊しない	石川県在住	中学生以上連れの家族	地元の美味しいものを食べる, 花見や紅葉などの自然鑑賞	県外から訪れていない（石川県内在住）	自家用車			20,000円以上 30,000円未満	5,000円以上 10,000円未満	10,000円以上 20,000円未満	6～10回目	インターネット・アプリ	選択なし/該当施設なし	のとじま水族館のみ	選択なし／該当施設なし	帰りにCOCO'Sで食事	10,000円以上 20,000円未満	満足	さかなクンのイベント、入場のさい、整備の人がいたら良かった	満足		感じなかった		8	食べ物がもっとあったら良かった	石川県在住	水族館の繁栄	女	1975	石川県	金沢市	1,500万円以上	景品が当たる, 石川県のおすすめ観光スポットが見たい	満足	8	のとじま水族館
能登エリア	Calm Side	2026/09/22	同意する	1泊	1泊	能登エリア （和倉温泉、七尾市、輪島市、珠洲市など）	蒲田	団体旅行	ドルフィンスイム	飛行機	レンタカー	とても満足		20,000円以上 30,000円未満	10,000円以上 20,000円未満	10,000円以上 20,000円未満	初めて	ダイビングショップ	選択なし/該当施設なし		選択なし／該当施設なし		10,000円以上 20,000円未満	とても満足		とても満足		感じなかった		10	魅力だらけの能登が大好きになりました。ありがとうございました！	また行きたい（1年以内）	特になし	女	1992	埼玉県	坂戸市	400万円以上 500万円未満	どんたくが素晴らしかった	とても満足	10	食べ物が美味しい。景色が素晴らしい。時間がゆっくり
能登エリア	Calm Side	2026/09/22	同意する	1泊	1泊	能登エリア （和倉温泉、七尾市、輪島市、珠洲市など）	石川県外には泊まらない	団体旅行	地元の美味しいものを食べる, スキー・スノボ・マリンスポーツ	レンタカー, 飛行機	レンタカー	満足	道路が良くなっていた	10,000円以上 20,000円未満	30,000円以上 40,000円未満	50,000円以上 100,000円未満	初めて	Instagram	千里浜なぎさドライブウェイ		千里浜なぎさドライブウェイ		30,000円以上 40,000円未満	とても満足	オーナーさんが素晴らしい	とても満足	施設が整っている	感じなかった		10		また行きたい（1年以内）	特になし	男	1986	東京都	板橋区	700万円以上 800万円未満	景品が当たる	とても満足	10	ご飯が美味しい
能登エリア	Calm Side	2026/09/22	同意する	1泊	1泊	能登エリア （和倉温泉、七尾市、輪島市、珠洲市など）	石川県外には泊まらない	友人	スキー・スノボ・マリンスポーツ, どんたく〜♪	飛行機	レンタカー	とても満足	小松空港からの景色が関東にはない美しさでした	20,000円以上 30,000円未満	20,000円以上 30,000円未満	10,000円以上 20,000円未満	2～5回目	友人・知人	選択なし/該当施設なし	能登島ドルフィンスイム	選択なし／該当施設なし	どんたく	10,000円以上 20,000円未満	とても満足	とても綺麗です	とても満足		感じなかった		10	ドルフィンスイムも釣りもなんでもやらせていただけます！	また行きたい（1年以内）	毎年最高の思い出をありがとうございます！	男	1995	神奈川県	川崎市中原区	400万円以上 500万円未満	ひゃくまんさんが好き, 石川県のおすすめ観光スポットが見たい	とても満足	10	
能登エリア	おくだや	2026/09/22	同意する	1泊	1泊	能登エリア （和倉温泉、七尾市、輪島市、珠洲市など）	福井県	中学生以上連れの家族	宿でのんびり過ごす, 温泉や露天風呂, テーマパーク（遊園地、動物園、博物館など）	自家用車	自家用車			50,000円以上 100,000円未満	5,000円以上 10,000円未満	20,000円以上 30,000円未満	初めて	インターネット・アプリ	のとじま水族館	ポケモンの足湯	選択なし／該当施設なし	金沢フォーラス	50,000円以上 100,000円未満	とても満足	宿や温泉の綺麗さ、温泉の良さ、接客も良い	とても満足		感じなかった		10		また行きたい（1年以内）	特になし	女	1989	福井県	福井市	400万円以上 500万円未満	景品が当たる	とても満足	7	近いのに観光名所がたくさんある
能登エリア	田舎の宿 いろり庵	2026/09/22	同意する	1泊	1泊	能登エリア （和倉温泉、七尾市、輪島市、珠洲市など）	石川県外には泊まらない	中学生以上連れの家族	宿でのんびり過ごす, 地元の美味しいものを食べる, 買い物、アウトレット	自家用車	自家用車			10,000円以上 20,000円未満	1,000円以上 3,000円未満	20,000円以上 30,000円未満	2～5回目	観光連盟やDMOのHP, インターネット・アプリ	能登食祭市場		選択なし／該当施設なし		50,000円以上 100,000円未満	とても満足	室内やお風呂もとてもきれいにされていて過ごしやすい。また食事もとても美味しいです。	とても満足		感じなかった		10		また行きたい（1年以内）	特になし	女	1969	大阪府	枚方市	400万円以上 500万円未満	なんとなく	とても満足	10	
能登エリア	のとじま水族館	2026/09/22	同意する	日帰り	石川県内には宿泊しない	石川県内には宿泊しない	石川県外には泊まらない	小学生以下連れの家族	テーマパーク（遊園地、動物園、博物館など）	自家用車	自家用車			使わない	10,000円以上 20,000円未満	5,000円以上 10,000円未満	初めて	インターネット・アプリ, Instagram	選択なし/該当施設なし		選択なし／該当施設なし		5,000円以上 10,000円未満	とても満足	さかなクンがみれた	満足	ジンベエザメがみれた	感じた	サンリオのクレープに1時間30分も並ばなければならなかった	9		機会があれば行きたい	新鮮な魚介類が食べれる	男	1982	福井県	敦賀市	1,000万円以上 1,200万円未満	景品が当たる	とても満足	9	景色が綺麗
能登エリア	のとじま水族館	2026/09/23	同意する	日帰り	石川県内には宿泊しない	石川県内には宿泊しない	石川県外には泊まらない	小学生以下連れの家族	テーマパーク（遊園地、動物園、博物館など）	自家用車	自家用車			使わない	5,000円以上 10,000円未満	10,000円以上 20,000円未満	2～5回目	Instagram	選択なし/該当施設なし	道の駅　高松	選択なし／該当施設なし		使わない	どちらでもない	まだ開店前だったので利用できませんでしたが、トイレをお借りした後に子どもの息抜きを兼ねて浜で散歩をしました	満足	トイレが綺麗でした	感じなかった		5	開店前だったので次回は利用できる時間帯に訪れたいと思います	また行きたい（1年以内）	のとじま水族館での大きめの動物との触れ合い	女	1985	福井県	敦賀市	600万円以上 700万円未満	景品が当たる, 石川県のおすすめ観光スポットが見たい	満足	7	のとじま水族館。コンパクトだけど子どもたちもは１日楽しめました。
能登エリア	のとじま水族館	2026/09/23	同意する	日帰り	石川県内には宿泊しない	石川県内には宿泊しない	石川県外には泊まらない	友人	テーマパーク（遊園地、動物園、博物館など）, ドライブ・ツーリング	県外から訪れていない（石川県内在住）	自家用車			使わない	1,000円以上 3,000円未満	5,000円以上 10,000円未満	2～5回目	X(旧：Twitter), 友人・知人	選択なし/該当施設なし		能登食祭市場		1,000円以上 3,000円未満	とても満足	商品に関しては、地元のお土産品やのとじま水族館限定商品が充実しておりショッピングが楽しいです。サービスに関しましても、飼育員・館内スタッフの方に気軽に質問ができる環境・また皆さんの温かいご対応がとても嬉しく思います。	とても満足	年に1〜2度ほど、友人と伺うのが毎年の楽しみとなっています。前述のとおり飼育員の方から直接お話を伺えたり、あたらしい発見があったりと毎度新鮮に楽しませていただいております。	感じなかった		10	今回、9月22日という極めて混み合った日にお伺いしましたが警備員さんもスタッフさんも一生懸命ご対応いただきいい一日を過ごすことができました。あいにく、お土産屋さんの列がすごくお買い物は断念したのですがまた伺った際に新たな商品を楽しみにしています。	石川県在住	県内はどうしても天候が崩れやすいことが多いため、天候に左右されにくいアクティビティがあると県外の友人が来た際に案内しやすいな、と思います。	女	1989	石川県	金沢市	200万円以上 300万円未満	景品が当たる, 石川県のおすすめ観光スポットが見たい, 水族館の方に評価をお伝えしたかった	とても満足	10	
金沢エリア	ANAホリディ・イン金沢スカイ	2026/09/23	同意する	3泊	3泊	金沢エリア  （湯涌温泉、深谷温泉、犀川温泉など）	石川県外には泊まらない	中学生以上連れの家族	地元の美味しいものを食べる, 名所、旧跡の観光, まちあるき、都市散策, 友人・親戚を訪ねる	自家用車	自家用車			5,000円以上 10,000円未満	20,000円以上 30,000円未満	50,000円以上 100,000円未満	初めて	インターネット・アプリ	ひがし茶屋街		近江町市場		10,000円以上 20,000円未満	とても満足		とても満足		感じなかった		8	魚は日本一うまい	また行きたい（1年以内）	ブリのたたきはうまい	男	1963	福島県	福島市	700万円以上 800万円未満	景品が当たる	満足	8	食事と散策
金沢エリア	ホテルアマネク金沢	2026/09/23	同意する	2泊	2泊	加賀エリア （山代温泉、山中温泉、片山津温泉、粟津温泉、辰口温泉、加賀市、小松市など）	石川県外には泊まらない	親	名所、旧跡の観光, まちあるき、都市散策, 友人・親戚を訪ねる	新幹線, 在来線	レンタカー	満足	レンタカー借りて快適に訪れることができるから	20,000円以上 30,000円未満	使わない	10,000円以上 20,000円未満	初めて	友人・知人	金沢21世紀美術館		選択なし/該当施設なし	お寿司食べにいく	10,000円以上 20,000円未満	満足	快適だった	満足		感じなかった		7	ウェルカムラウンジがあり、良かった	機会があれば行きたい	特になし	女	2005	千葉県	船橋	100万円未満	景品が当たる	とても満足	8	
金沢エリア	KOKOHOTEL Premier 金沢香林坊	2026/09/23	同意する	2泊	1泊	金沢エリア  （湯涌温泉、深谷温泉、犀川温泉など）	夜行バス	夫婦2人	地元の美味しいものを食べる, まちあるき、都市散策, 親出身先訪問	夜行バス	知人の車	とても満足	詳しくない場所でも効率よく回れた	50,000円以上 100,000円未満	3,000円以上 5,000円未満	40,000円以上 50,000円未満	初めて	インターネット・アプリ	近江町市場		兼六園		10,000円以上 20,000円未満	満足	朝食の郷土料理	満足		感じなかった		8		また行きたい（1年以内）	特になし	男	1963	大阪府	大阪市北区	400万円以上 500万円未満	景品が当たる, 石川県のおすすめ観光スポットが見たい	とても満足	9	
金沢エリア	河北亭	2026/09/23	同意する	3泊	1泊	能登エリア （和倉温泉、七尾市、輪島市、珠洲市など）	富山県	自分ひとり	温泉や露天風呂, 地元の美味しいものを食べる, まちあるき、都市散策	新幹線	徒歩	満足	駅から徒歩圏内	10,000円以上 20,000円未満	20,000円以上 30,000円未満	5,000円以上 10,000円未満	初めて	インターネット・アプリ	兼六園		ひがし茶屋街		1,000円以上 3,000円未満	満足	有名スポット＠	満足		感じなかった		8		機会があれば行きたい	特になし	男	1972	神奈川県	横須賀市	1,200万円以上 1,500万円未満	景品が当たる	満足	8	
金沢エリア	兼六園	2026/09/23	同意する	2泊	2泊	金沢エリア  （湯涌温泉、深谷温泉、犀川温泉など）	石川県外には泊まらない	小学生以下連れの家族	地元の美味しいものを食べる, 名所、旧跡の観光	新幹線	路線バス	どちらでもない		30,000円以上 40,000円未満	3,000円以上 5,000円未満	30,000円以上 40,000円未満	2～5回目	chatGPT	選択なし/該当施設なし	石川県立図書館	ひがし茶屋街		3,000円以上 5,000円未満	満足		満足		感じた	ベビーカーが通れる道がない	6		機会があれば行きたい	値段がどんどん上がってる印象	男	1987	千葉県	松戸市	1,200万円以上 1,500万円未満	景品が当たる	満足	9	
金沢エリア	トリフィートホテル&ポッド金沢百万石通	2026/09/23	同意する	4泊以上	4泊以上	金沢エリア  （湯涌温泉、深谷温泉、犀川温泉など）	石川県外には泊まらない	自分ひとり	ボランティア活動	自家用車	自家用車			5,000円以上 10,000円未満	3,000円以上 5,000円未満	100,000円以上	2～5回目	インターネット・アプリ	近江町市場		選択なし/該当施設なし	このまま帰宅	3,000円以上 5,000円未満	とても満足	フロント対応	とても満足	安心、綺麗、立地	感じた	洗面所が水浸し(利用者の問題ですが)ダスターを置いてほしい	10	使いやすい	また行きたい（1年以内）	特になし	男	1967	長野県	岡谷市	400万円以上 500万円未満	景品が当たる	満足	3	飲食
金沢エリア	金沢城公園	2026/09/23	同意する	1泊	1泊	金沢エリア  （湯涌温泉、深谷温泉、犀川温泉など）	石川県外には泊まらない	小学生以下連れの家族	名所、旧跡の観光, まちあるき、都市散策, 友人・親戚を訪ねる	新幹線, 在来線	路線バス, 徒歩			10,000円以上 20,000円未満	20,000円以上 30,000円未満	30,000円以上 40,000円未満	初めて	新聞・雑誌・ガイドブック, インターネット・アプリ	選択なし/該当施設なし		兼六園		1,000円以上 3,000円未満	満足	御城印の日付が欲しかった。違う城ではあった	満足	入れないところがあったから。	感じなかった		7		機会があれば行きたい	金箔ソフトなど、気楽に食べたかった。宿泊近辺が、無料案内所が多く、子供に説明しにくかった。	女	1977	新潟県	南魚沼市	300万円以上 400万円未満	景品が当たる, 石川県のおすすめ観光スポットが見たい	満足	7	
金沢エリア	ホテルマイステイズプレミア金沢	2026/09/23	同意する	1泊	1泊	金沢エリア  （湯涌温泉、深谷温泉、犀川温泉など）	石川県外には泊まらない	中学生以上連れの家族	地元の美味しいものを食べる, 名所、旧跡の観光	レンタカー	レンタカー			5,000円以上 10,000円未満	3,000円以上 5,000円未満	10,000円以上 20,000円未満	初めて	インターネット・アプリ	金沢21世紀美術館		兼六園		5,000円以上 10,000円未満	とても満足		とても満足		感じた	6階部屋のシャワーの水圧が低すぎた	8		機会があれば行きたい	特になし	女	1975	大阪府	池田市	800万円以上 900万円未満	景品が当たる, ひゃくまんさんが好き, ARでひゃくまんさんと写真が撮りたかった, 動く３Dひゃくまんさんを見たい, 石川県のおすすめ観光スポットが見たい, 石川県の雑学を知りたい	とても満足	9	海鮮（特にのどぐろ）が美味しかった！
金沢エリア	石川県立歴史博物館	2026/09/23	同意する	2泊	2泊	金沢エリア  （湯涌温泉、深谷温泉、犀川温泉など）	石川県外には泊まらない	親	地元の美味しいものを食べる, 花見や紅葉などの自然鑑賞, 名所、旧跡の観光, まちあるき、都市散策, 各種体験（手作り、果物狩りなど）	新幹線	路線バス	満足	使いやすかった	40,000円以上 50,000円未満	5,000円以上 10,000円未満	30,000円以上 40,000円未満	初めて	インターネット・アプリ	ひがし茶屋街		金沢21世紀美術館		5,000円以上 10,000円未満	とても満足	施設がきれい	とても満足	環境がいい	感じなかった	なし	8		機会があれば行きたい	手作り体験もっとしたい	女	1980	兵庫県	神戸市	800万円以上 900万円未満	景品が当たる, 石川県のおすすめ観光スポットが見たい, なんとなく	満足	8	兼六園
金沢エリア	石川県立能楽堂	2026/09/23	同意する	2泊	2泊	金沢エリア  （湯涌温泉、深谷温泉、犀川温泉など）	石川県外には泊まらない	親	名所、旧跡の観光, 母の能発表会付き添い	新幹線	タクシー	とても満足	とても丁寧に案内して頂けて嬉しかったです	10,000円以上 20,000円未満	20,000円以上 30,000円未満	20,000円以上 30,000円未満	初めて	インターネット・アプリ, タクシードライバーや地元の人	選択なし/該当施設なし	石川県立歴史博物館	選択なし/該当施設なし	上記名称の場所はここよりも前に行きました	使わない	満足	今回は付き添いの為特に何かをして頂いたわけではないので施設の雰囲気で選びました	満足	上記記載のまま	感じなかった		6		また行きたい（1年以内）	今回下調べが足りなかったことと地元の方のお話でも観光客が思いの他多かったとのことで飲食店には思った通りに入れなかったのが残念でした。次回は堪能できる事を期待してまた訪れたいと思います	女	1967	埼玉県	蕨市	500万円以上 600万円未満	なんとなく	とても満足	10	地元の方々がとても親切で穏やかに過ごせました
金沢エリア	金沢城公園	2026/09/23	同意する	2泊	2泊	金沢エリア  （湯涌温泉、深谷温泉、犀川温泉など）	石川県外には泊まらない	自分ひとり	地元の美味しいものを食べる, 買い物、アウトレット, まちあるき、都市散策, 中能登町災害ボランティア	新幹線, 夜行バス	徒歩			30,000円以上 40,000円未満	20,000円以上 30,000円未満	5,000円以上 10,000円未満	2～5回目	インターネット・アプリ, Instagram	近江町市場		選択なし/該当施設なし		1,000円未満	とても満足	スタッフの方の対応が親切丁寧でとても気持ち良く観光できました	とても満足	スタッフの対応が親切丁寧で気持ち良く観光できました	感じなかった		10		機会があれば行きたい	九谷焼	女	1979	千葉県	柏市	300万円以上 400万円未満	景品が当たる, ひゃくまんさんが好き	とても満足	10	バス、タクシー、徒歩でも全ての交通手段がスムーズで分かりやすい 歩道が広く、綺麗で歩きやすい
加賀エリア	いしかわ動物園	2026/09/23	同意する	日帰り	石川県内には宿泊しない	石川県内には宿泊しない	石川県外には泊まらない	小学生以下連れの家族	テーマパーク（遊園地、動物園、博物館など）	自家用車	自家用車	とても満足	どこも混んでいるがずっと2車線で運転しやすい	使わない	10,000円以上 20,000円未満	3,000円以上 5,000円未満	2～5回目	友人・知人	選択なし/該当施設なし		選択なし／該当施設なし	金沢市立図書館	1,000円未満	とても満足	子供の遊び場がよい	とても満足		感じなかった		10		また行きたい（1年以内）	都会の雰囲気がすきなのでもっと発展してほしいです。	男	1994	富山県	朝日町	400万円以上 500万円未満	景品が当たる	とても満足	10	
加賀エリア	ゆのくに天祥	2026/09/23	同意する	1泊	1泊	加賀エリア （山代温泉、山中温泉、片山津温泉、粟津温泉、辰口温泉、加賀市、小松市など）	石川県外には泊まらない	小学生以下連れの家族	地元の美味しいものを食べる	自家用車	自家用車			100,000円以上	20,000円以上 30,000円未満	10,000円以上 20,000円未満	初めて	インターネット・アプリ, Instagram	選択なし/該当施設なし	石川県立図書館	選択なし／該当施設なし	近江町市場	100,000円以上	とても満足	ご飯が美味しい	とても満足	スタッフさんの対応が優しい	感じなかった		10		機会があれば行きたい	新鮮な海鮮	男	1994	岐阜県	美濃加茂市	700万円以上 800万円未満	景品が当たる	とても満足	10	海鮮が美味しい
加賀エリア	白山比咩神社	2026/09/23	同意する	4泊以上	4泊以上	金沢エリア  （湯涌温泉、深谷温泉、犀川温泉など）	石川県外には泊まらない	自分ひとり	温泉や露天風呂, 地元の美味しいものを食べる, 花見や紅葉などの自然鑑賞, 名所、旧跡の観光, 買い物、アウトレット, まちあるき、都市散策, 各種体験（手作り、果物狩りなど）, 友人・親戚を訪ねる	新幹線	自家用車			使わない	50,000円以上 100,000円未満	30,000円以上 40,000円未満	11回目以上	新聞・雑誌・ガイドブック, 観光連盟やDMOのHP, インターネット・アプリ, 友人・知人	選択なし/該当施設なし	21美術館、小矢部アウトレット、片山津温泉周辺	選択なし／該当施設なし	西茶屋街、湯涌温泉周辺	使わない	とても満足	心身のリフレッシュができたため	とても満足		感じなかった		8		また行きたい（1年以内）	地産地消、オリジナルもの、持ち込みで金継ぎできるところがあったら是非利用したい。	無回答	1973	山形県	鶴岡市	700万円以上 800万円未満	景品が当たる, ひゃくまんさんが好き, 動く３Dひゃくまんさんを見たい, 石川県のおすすめ観光スポットが見たい, 石川県の雑学を知りたい	満足	10	片山津温泉周辺（雪の記念館、総湯）
加賀エリア	ダイヤモンド片山津温泉ソサエティ	2026/09/23	同意する	1泊	1泊	加賀エリア （山代温泉、山中温泉、片山津温泉、粟津温泉、辰口温泉、加賀市、小松市など）	石川県外には泊まらない	小学生以下連れの家族	宿でのんびり過ごす, 地元の美味しいものを食べる	自家用車	自家用車			10,000円以上 20,000円未満	3,000円以上 5,000円未満	使わない	2～5回目	友人・知人	選択なし/該当施設なし		選択なし／該当施設なし		使わない	満足	食事が美味しい	満足	お風呂も広くて快適	感じなかった		7		機会があれば行きたい	特になし	男	1983	愛知県	春日井市	800万円以上 900万円未満	景品が当たる	満足	8	
加賀エリア	かがにこにこパーク	2026/09/23	同意する	日帰り	石川県内には宿泊しない	石川県内には宿泊しない	石川県外には泊まらない	小学生以下連れの家族	地元の美味しいものを食べる	自家用車	自家用車			3,000円以上 5,000円未満	5,000円以上 10,000円未満	1,000円以上 3,000円未満	初めて	インターネット・アプリ, Instagram, 友人・知人	選択なし/該当施設なし		木場潟公園		1,000円未満	満足	子供がたくさん遊べて楽しかった。	満足		感じなかった		9		機会があれば行きたい	自然の中で遊べる施設	女	1994	石川県	能美市	500万円以上 600万円未満	景品が当たる	とても満足	9	さほどお金をかけずに遊べる
加賀エリア	いしかわ動物園	2026/09/23	同意する	日帰り	石川県内には宿泊しない	石川県内には宿泊しない	富山県在住	小学生以下連れの家族	テーマパーク（遊園地、動物園、博物館など）	自家用車	自家用車			使わない	5,000円以上 10,000円未満	5,000円以上 10,000円未満	2～5回目	X(旧：Twitter)	選択なし/該当施設なし		選択なし／該当施設なし		使わない	とても満足	たのしかった	とても満足	きれいだった	感じなかった		10		また行きたい（1年以内）	特になし	女	2008	富山県	富山市	600万円以上 700万円未満	景品が当たる	とても満足	10	
加賀エリア	いしかわ動物園	2026/09/23	同意する	日帰り	石川県内には宿泊しない	石川県内には宿泊しない	富山県	小学生以下連れの家族	テーマパーク（遊園地、動物園、博物館など）	自家用車	自家用車			使わない	5,000円以上 10,000円未満	使わない	2～5回目	観光パンフレット・ポスター	選択なし/該当施設なし		選択なし／該当施設なし		1,000円未満	とても満足		とても満足	店員の接客態度がとてもよかった	感じた	楽しかった	10		また行きたい（1年以内）	特になし	男	2007	富山県	富山市	600万円以上 700万円未満	景品が当たる	とても満足	10	
加賀エリア	いしかわ動物園	2026/09/23	同意する	日帰り	石川県内には宿泊しない	石川県内には宿泊しない	富山県	小学生以下連れの家族	テーマパーク（遊園地、動物園、博物館など）	自家用車	自家用車			使わない	5,000円以上 10,000円未満	使わない	2～5回目	観光パンフレット・ポスター	選択なし/該当施設なし		選択なし／該当施設なし		1,000円未満	とても満足	店員の接客態度がとても良かった	とても満足	楽しかった	感じなかった		10		また行きたい（1年以内）	特にない	女	2009	富山県	富山市	600万円以上 700万円未満	景品が当たる	とても満足	10	
加賀エリア	かがにこにこパーク	2026/09/23	同意する	日帰り	石川県内には宿泊しない	石川県内には宿泊しない	石川県外には泊まらない	小学生以下連れの家族	地元の美味しいものを食べる, テーマパーク（遊園地、動物園、博物館など）	県外から訪れていない（石川県内在住）	自家用車			使わない	5,000円以上 10,000円未満	1,000円以上 3,000円未満	2～5回目	インターネット・アプリ	選択なし/該当施設なし		月うさぎの里		1,000円以上 3,000円未満	満足	職員の対応が良い	満足	施設が全体的にキレイ	感じなかった		10	昼食を買ってこなかったので、軽食でも販売してれば長時間遊べて助かりました	石川県在住	全体的に満足しているが、プレパスが使える施設や特典、割引率を増やして貰えたら、子育て世代の外出時にはとても助かります	男	1975	石川県	かほく市	300万円以上 400万円未満	景品が当たる, 低年収のごく普通の子育て世代の一意見として、行政の職員さんの目にとまり、施策の一助となれたら幸いです	満足	10	自然と遊び場所のバランスがちょうど良い
加賀エリア	大江戸温泉物語Premium 山下家	2026/09/23	同意する	2泊	2泊	加賀エリア （山代温泉、山中温泉、片山津温泉、粟津温泉、辰口温泉、加賀市、小松市など）	石川県外には泊まらない	自分ひとり	宿でのんびり過ごす, 温泉や露天風呂, ドライブ・ツーリング	自家用車	自家用車			20,000円以上 30,000円未満	1,000円以上 3,000円未満	1,000円未満	2～5回目	インターネット・アプリ	選択なし/該当施設なし	この施設が最初の施設	選択なし／該当施設なし	片山津	1,000円未満	満足	自由に温泉、お酒が楽しめる。	満足	施設全体が清潔に管理されていて、気持ちが良い。	感じなかった		7	バイキングで料理が自由に楽しめた。	機会があれば行きたい	他県では楽しめない、御当地の食材を使用した料理。　　　した	男	1971	京都府	京都市伏見区	500万円以上 600万円未満	景品が当たる	満足	7	いろんな温泉が楽しめる。
加賀エリア	河内じばさん	2026/09/23	同意する	日帰り	石川県内には宿泊しない	石川県内には宿泊しない	石川県外には泊まらない	小学生以下連れの家族	ドライブ・ツーリング	自家用車	自家用車			5,000円以上 10,000円未満	10,000円以上 20,000円未満	1,000円以上 3,000円未満	11回目以上	TV・ラジオ番組やCM, インターネット・アプリ	那谷寺		選択なし／該当施設なし	浅野川温泉	5,000円以上 10,000円未満	とても満足	食べ物が美味しい	とても満足	綺麗	感じなかった		10	美味しいご飯がリーズナブルで最高	また行きたい（1年以内）	特になし	男	1988	石川県	金沢市	600万円以上 700万円未満	なんとなく	とても満足	10	食べ物が美味しい
加賀エリア	いしかわ動物園	2026/09/23	同意する	4泊以上	4泊以上	加賀エリア （山代温泉、山中温泉、片山津温泉、粟津温泉、辰口温泉、加賀市、小松市など）	石川県外には泊まらない	小学生以下連れの家族	地元の美味しいものを食べる, テーマパーク（遊園地、動物園、博物館など）, 買い物、アウトレット, 友人・親戚を訪ねる	新幹線	自家用車			使わない	20,000円以上 30,000円未満	30,000円以上 40,000円未満	2～5回目	インターネット・アプリ	月うさぎの里		選択なし／該当施設なし	この後に訪れる場所の予定はない	1,000円以上 3,000円未満	満足		満足		感じた	園内は坂道が多く、特に子ども連れでは移動が少し大変に感じました。地形上ある程度は仕方がないと思いますが、休憩できる場所を増やすなど、より歩きやすくなる工夫があると嬉しいです。  また、飲食店の数が少なく、昼食時に一部の店舗へ人が集中しているように感じました。子ども連れでも利用しやすい、軽食やテイクアウトなどの手軽に食べられる選択肢が園内にもう少し増えると良いと思います。  今回は連休中のため中止されていましたが、動物とのふれあいや餌やり体験など、実際に動物と触れ合える機会がもっとあると、子どもにとってより思い出に残る動物園になると思います。	8		また行きたい（1年以内）	子ども連れで楽しめる「体験型テーマパーク」のような施設が、石川県にもっと増えると嬉しいです。  いしかわ動物園のような施設に加えて、石川県ならではの自然・文化・食・伝統工芸などをテーマに、見て回るだけではなく、実際に触れたり、作ったり、遊んだりできる体験型の施設があると、子どもから大人まで楽しめると思います。  特に、雨の日や冬でも楽しめる大型の屋内施設や、半日～1日過ごせるような体験型テーマパークがあると、家族旅行の目的地としても選びやすくなります。観光施設・飲食店・お土産などを一体的に楽しめるような施設が増えると、石川県での滞在時間もさらに伸びるのではないかと思います。	男	1989	埼玉県	川越市	1,200万円以上 1,500万円未満	なんとなく	満足	8	
加賀エリア	道の駅瀬女	2026/09/23	同意する	日帰り	石川県内には宿泊しない	石川県内には宿泊しない	石川県外には泊まらない	小学生以下連れの家族	花見や紅葉などの自然鑑賞	自家用車	自家用車	満足		使わない	5,000円以上 10,000円未満	使わない	6～10回目	友人・知人	選択なし/該当施設なし		選択なし／該当施設なし		5,000円以上 10,000円未満	満足		満足	とちもちがおいしかった	感じなかった		8		石川県在住	ジビエ料理を食べたい	女	1980	石川県	金沢市	800万円以上 900万円未満	景品が当たる	とても満足	8	
加賀エリア	いしかわ動物園	2026/09/23	同意する	日帰り	石川県内には宿泊しない	石川県内には宿泊しない	石川県外には泊まらない	小学生以下連れの家族	地元の美味しいものを食べる, テーマパーク（遊園地、動物園、博物館など）	自家用車	自家用車			使わない	3,000円以上 5,000円未満	使わない	6～10回目	インターネット・アプリ	選択なし/該当施設なし		選択なし／該当施設なし		1,000円以上 3,000円未満	満足	ナイトズーが楽しかった	満足		感じた	トキが見られなかったのが残念	8		石川県在住	特になし	女	1980	石川県	金沢市	800万円以上 900万円未満	景品が当たる	満足	8	
加賀エリア	小松空港	2026/09/23	同意する	3泊	3泊	白山エリア （一里野温泉、白峰温泉、白山市など）	石川県外には泊まらない	小学生以下連れの家族	地元の美味しいものを食べる, テーマパーク（遊園地、動物園、博物館など）, 各種体験（手作り、果物狩りなど）, 友人・親戚を訪ねる	在来線, 飛行機	自家用車	満足		使わない	20,000円以上 30,000円未満	30,000円以上 40,000円未満	11回目以上	移動目的のため	選択なし/該当施設なし		選択なし／該当施設なし		1,000円以上 3,000円未満	満足	お土産もたくさんある	満足	きれいに保たれている	感じなかった		9		また行きたい（1年以内）	能登地方への道が早く整備されるといいなと思います	女	1983	北海道	札幌市	1,000万円以上 1,200万円未満	なんとなく	とても満足	10	ゆのくにの森 一つの施設でたくさんの体験ができる
加賀エリア	那谷寺	2026/09/23	同意する	1泊	1泊	加賀エリア （山代温泉、山中温泉、片山津温泉、粟津温泉、辰口温泉、加賀市、小松市など）	石川県外には泊まらない	小学生以下連れの家族	宿でのんびり過ごす, 温泉や露天風呂, 地元の美味しいものを食べる, 名所、旧跡の観光	自家用車	自家用車			50,000円以上 100,000円未満	20,000円以上 30,000円未満	10,000円以上 20,000円未満	初めて	観光展・物産展, 観光パンフレット・ポスター	ゆのくにの森		選択なし／該当施設なし	帰る	3,000円以上 5,000円未満	満足	御朱印対応	満足	静けさ	感じなかった		8		機会があれば行きたい	料理　温泉	男	1976	大阪府	堺市	900万円以上 1,000万円未満	景品が当たる	満足	8	観光
加賀エリア	トレインパーク白山	2026/09/23	同意する	日帰り	石川県内には宿泊しない	石川県内には宿泊しない	石川県外には泊まらない	中学生以上連れの家族	トレインパークに来た	自家用車	自家用車	満足	新幹線の駐屯所がスゴイ！	使わない	1,000円以上 3,000円未満	3,000円以上 5,000円未満	初めて	インターネット・アプリ	選択なし/該当施設なし		選択なし／該当施設なし	虫王国？	1,000円未満	とても満足	綺麗だった	とても満足	子供が楽しめそう	感じなかった		8	食事の施設は無いけどキッチンカーがいたな？と思った。	また行きたい（1年以内）	カレー美味しいです！	女	1978	富山県	砺波市	900万円以上 1,000万円未満	景品が当たる, ひゃくまんさんが好き, ARでひゃくまんさんと写真が撮りたかった, 石川県のおすすめ観光スポットが見たい, 石川県の雑学を知りたい	満足	9	新幹線が間近で見られる
能登エリア	のとじま水族館	2026/09/23	同意する	日帰り	石川県内には宿泊しない	石川県内には宿泊しない	石川県外には泊まらない	小学生以下連れの家族	名所、旧跡の観光, テーマパーク（遊園地、動物園、博物館など）	自家用車	自家用車	満足	自分達の都合に合わせて行動出来たから	使わない	使わない	10,000円以上 20,000円未満	6～10回目	新聞・雑誌・ガイドブック, Instagram	のとじま水族館		選択なし／該当施設なし	能登空港	5,000円以上 10,000円未満	とても満足	ポケモンだらけで、子供たちが大喜びだった	とても満足	最高です☆	感じた	人が多く、レストランに入れなかった。平日などにまた行きたいです☆	10	全てがポケモン☆本当最高でした！！	また行きたい（1年以内）	竹内のみそまんじゅうが16時半頃には買えなかったため、もっといろんなところに出店して欲しいです！！	女	1983	富山県	富山市	700万円以上 800万円未満	景品が当たる, 石川県のおすすめ観光スポットが見たい	とても満足	10	地域全体がポケモンで。スタンプラリー等もあり、また行きたいと思いました！！
能登エリア	のとじま水族館	2026/09/23	同意する	3泊	3泊	加賀エリア （山代温泉、山中温泉、片山津温泉、粟津温泉、辰口温泉、加賀市、小松市など）	石川県外には泊まらない	小学生以下連れの家族	地元の美味しいものを食べる, 名所、旧跡の観光, ドライブ・ツーリング	自家用車	自家用車			使わない	30,000円以上 40,000円未満	30,000円以上 40,000円未満	11回目以上	インターネット・アプリ, Instagram	のとじま水族館		千里浜なぎさドライブウェイ		5,000円以上 10,000円未満	満足		満足		感じなかった		10		また行きたい（1年以内）	お寿司	女	1989	東京都	国分寺市	1,000万円以上 1,200万円未満	景品が当たる, ひゃくまんさんが好き, 石川県のおすすめ観光スポットが見たい, 石川県の雑学を知りたい	とても満足	10	のとじま水族館
能登エリア	民宿つるや	2026/09/23	同意する	3泊	3泊	能登エリア （和倉温泉、七尾市、輪島市、珠洲市など）	石川県外には泊まらない	犬	地元の美味しいものを食べる, 名所、旧跡の観光	自家用車	自家用車			50,000円以上 100,000円未満	3,000円以上 5,000円未満	50,000円以上 100,000円未満	初めて	インターネット・アプリ	千里浜なぎさドライブウェイ	道の駅高松、道の駅千里浜	能登食祭市場	能登島、のと里山空港、白米千枚田	10,000円以上 20,000円未満	とても満足	食事が美味しかった。犬連れでも安心して宿泊できた。お部屋もとても綺麗でした。	とても満足	同上	感じなかった		10	お刺身がとても美味しかった	また行きたい（1年以内）	海鮮	女	1977	埼玉県	川口市	1,200万円以上 1,500万円未満	景品が当たる	とても満足	10	景色が良く、食べ物が美味しい
能登エリア	木ノ浦ビレッジ	2026/09/23	同意する	4泊以上	4泊以上	能登エリア （和倉温泉、七尾市、輪島市、珠洲市など）	石川県外には泊まらない	家族	友人・親戚を訪ねる	自家用車	自家用車			10,000円以上 20,000円未満	使わない	1,000円以上 3,000円未満	初めて	友人・知人	選択なし/該当施設なし	能登空港に行った	禄剛崎灯台		1,000円未満	満足	道の駅で地域物産あり	とても満足	天気も良く　展望が良かった	感じた	年寄りには、登り下りが大変	7	特になし　	また行きたい（1年以内）	特になし	男	1969	東京都	八王子市	800万円以上 900万円未満	景品が当たる	満足	10	観光、飲食　充実してる　山川海
能登エリア	おくだや	2026/09/23	同意する	3泊	2泊	能登エリア （和倉温泉、七尾市、輪島市、珠洲市など）	福井県	親	宿でのんびり過ごす, 温泉や露天風呂, 名所、旧跡の観光	自家用車	自家用車			10,000円以上 20,000円未満	20,000円以上 30,000円未満	5,000円以上 10,000円未満	初めて	ブログ	千里浜なぎさドライブウェイ		輪島朝市		3,000円以上 5,000円未満	とても満足	砂浜を走れること。珍しく、楽しかった。	どちらでもない	輪島朝市は復興途中だが、その熱意を感じたく訪問する予定だ。	感じなかった		10		また行きたい（1年以内）	特になし。	男	2005	高知県	高知市	100万円未満	景品が当たる, なんとなく	とても満足	9	歴史の深さ、文化がすごい。
能登エリア	トレーラーハウスのと　牡蠣の宿ike	2026/09/23	同意する	2泊	2泊	能登エリア （和倉温泉、七尾市、輪島市、珠洲市など）	石川県外には泊まらない	夫婦2人	地元の美味しいものを食べる, お祭りやイベントへの参加・見物, まちあるき、都市散策, その他スポーツ（ゴルフ、テニスなど）, ドライブ・ツーリング	自家用車	自家用車			20,000円以上 30,000円未満	5,000円以上 10,000円未満	10,000円以上 20,000円未満	2～5回目	観光パンフレット・ポスター, インターネット・アプリ	千里浜なぎさドライブウェイ		輪島朝市		3,000円以上 5,000円未満	どちらでもない		どちらでもない		感じた	洗濯物	4	隣接のかき小屋の食事は美味しい。	機会があれば行きたい	安全なサイクリング ルート	男	1970	福井県	福井市	300万円以上 400万円未満	景品が当たる	満足	5	自然が豊か 食事が美味しい
能登エリア	のとじま水族館	2026/09/23	同意する	4泊以上	3泊	金沢エリア  （湯涌温泉、深谷温泉、犀川温泉など）	富山県	恋人	宿でのんびり過ごす, 温泉や露天風呂, 地元の美味しいものを食べる, 花見や紅葉などの自然鑑賞, 名所、旧跡の観光	新幹線, 在来線	路線バス	満足	のとじまく〜ぽんより、能登島交通バスの1日券：和倉温泉駅～のとじま水族館区間1日何回でも乗降りできる券（1,000円）を利用できたため。	20,000円以上 30,000円未満	10,000円以上 20,000円未満	20,000円以上 30,000円未満	初めて	インターネット・アプリ, 友人・知人	選択なし/該当施設なし	TAOYA 和倉から直接訪問	選択なし／該当施設なし	和倉温泉 湯っ足りパーク	3,000円以上 5,000円未満	満足	展示物やショーにはかなり満足できた	どちらでもない	園内のイルカショー付近の飲食店の衛生面に不安を覚えた。手袋のまま鼻を掻いたりするのは如何か。	感じなかった		7		また行きたい（1年以内）	特になし	女	1996	茨城県	牛久市	500万円以上 600万円未満	景品が当たる, 石川県のおすすめ観光スポットが見たい, 石川県の雑学を知りたい	とても満足	8	様々な歴史的建造物があり、イベントも多く、また、地元の関東地域では見たこと何・食べられない様々な食材を楽しむことができる。
能登エリア	和倉温泉観光案内所	2026/09/23	同意する	1泊	2泊	能登エリア （和倉温泉、七尾市、輪島市、珠洲市など）	石川県外には泊まらない	友人	宿でのんびり過ごす, 温泉や露天風呂, 地元の美味しいものを食べる, 名所、旧跡の観光, まちあるき、都市散策	新幹線	在来線	満足	能登かがり火号の指定席券の買い方が難しかった	10,000円以上 20,000円未満	10,000円以上 20,000円未満	20,000円以上 30,000円未満	2～5回目	インターネット・アプリ, 友人・知人	選択なし/該当施設なし		選択なし／該当施設なし		使わない	とても満足	従業員の方々の対応が親切、程よくフレンドリーだった	とても満足	館内施設が充実していた。食事もよかった	感じた		9		機会があれば行きたい	アクティビティの拡充	女	1969	東京都	練馬区	100万円未満	なんとなく	とても満足	9	
能登エリア	道の駅「すず塩田村」	2026/09/23	同意する	3泊	2泊	能登エリア （和倉温泉、七尾市、輪島市、珠洲市など）	富山県	夫婦2人	温泉や露天風呂, 地元の美味しいものを食べる, 友人・親戚を訪ねる	自家用車	自家用車		道路整備を頑張ってください。	30,000円以上 40,000円未満	10,000円以上 20,000円未満	10,000円以上 20,000円未満	11回目以上	TV・ラジオ番組やCM, 友人・知人	選択なし/該当施設なし	イカの駅	選択なし／該当施設なし	ポケモン空港	1,000円以上 3,000円未満	どちらでもない	混雑	どちらでもない	混雑	感じなかった		5	無し	また行きたい（1年以内）	特になし	男	1957	東京都	東久留米市	700万円以上 800万円未満	景品が当たる	満足	5	海の幸
能登エリア	道の駅「すず塩田村」	2026/09/23	同意する	3泊	2泊	能登エリア （和倉温泉、七尾市、輪島市、珠洲市など）	富山県	夫婦2人	温泉や露天風呂, 地元の美味しいものを食べる, 名所、旧跡の観光, 友人・親戚を訪ねる	自家用車	自家用車	満足	いろんなところを回れる	40,000円以上 50,000円未満	10,000円以上 20,000円未満	20,000円以上 30,000円未満	11回目以上	インターネット・アプリ, 友人・知人	選択なし/該当施設なし	イカキング	選択なし／該当施設なし	和倉温泉　海舟	5,000円以上 10,000円未満	どちらでもない		満足		感じなかった		8		また行きたい（1年以内）	海鮮　塩	女	1965	東京都	東久留米市	800万円以上 900万円未満	景品が当たる, ひゃくまんさんが好き, 石川県のおすすめ観光スポットが見たい	満足	9	復興支援と綺麗な海
能登エリア	のとじま水族館	2026/09/23	同意する	日帰り	石川県内には宿泊しない	石川県内には宿泊しない	石川県外には泊まらない	自分ひとり	名所、旧跡の観光, まちあるき、都市散策	在来線	路線バス	満足	景色が綺麗だから	10,000円以上 20,000円未満	10,000円以上 20,000円未満	5,000円以上 10,000円未満	初めて	インターネット・アプリ	選択なし/該当施設なし		道の駅のとじま		3,000円以上 5,000円未満	満足	初めて訪れたが新鮮で良かった	満足	普段見ることのできない生き物に出会えたので良かった	感じなかった		9		また行きたい（1年以内）	現地でしか食べられないパフェが食べたいです	男	1996	山口県	周南市	400万円以上 500万円未満	景品が当たる, 石川県のおすすめ観光スポットが見たい, 石川県の雑学を知りたい	とても満足	9	北陸は美味しい食べ物がたくさんあり観光スポットも豊富なので是非勧めたいです
能登エリア	穴水駅	2026/09/23	同意する	日帰り	石川県内には宿泊しない	石川県内には宿泊しない	富山県	夫婦2人	ドライブ・ツーリング	自家用車	自家用車			使わない	使わない	10,000円以上 20,000円未満	初めて	インターネット・アプリ, 友人・知人	選択なし/該当施設なし	能登空港	能登食祭市場		3,000円以上 5,000円未満	満足	普通に賑やか	満足		感じなかった		8		また行きたい（1年以内）	特になし	女	1966	石川県	小松市芦田町	400万円以上 500万円未満	景品が当たる, ひゃくまんさんが好き, 動く３Dひゃくまんさんを見たい, 石川県のおすすめ観光スポットが見たい	満足	9	食事が美味しい
能登エリア	のとじま水族館	2026/09/23	同意する	1泊	1泊	能登エリア （和倉温泉、七尾市、輪島市、珠洲市など）	石川県外には泊まらない	自分ひとり	地元の美味しいものを食べる, 名所、旧跡の観光, 友人・親戚を訪ねる	自家用車	自家用車			使わない	10,000円以上 20,000円未満	5,000円以上 10,000円未満	初めて	TV・ラジオ番組やCM	能登食祭市場		選択なし／該当施設なし		3,000円以上 5,000円未満	とても満足	係員の方の対応もよかったため	とても満足	館内がとてもきれいで生物も素敵だった	感じなかった		10		機会があれば行きたい	基本的に揃っていると思います！	女	1999	愛知県	名古屋市	300万円以上 400万円未満	景品が当たる, 石川県のおすすめ観光スポットが見たい, 石川県の雑学を知りたい	とても満足	8	海岸線の景色が素敵 
能登エリア	のとじま水族館	2026/09/23	同意する	2泊	石川県内には宿泊しない	石川県内には宿泊しない	富山県	小学生以下連れの家族	地元の美味しいものを食べる, テーマパーク（遊園地、動物園、博物館など）, 友人・親戚を訪ねる	自家用車	自家用車			使わない	使わない	20,000円以上 30,000円未満	2～5回目	前回訪れた時に、「また行きたい」と子供が言ったから	選択なし/該当施設なし	富山から直接のとじま水族館へ向かったので。	千里浜なぎさドライブウェイ		使わない	とても満足	砂浜の上を車で走る場所なんて見たことなかったから楽しかったです。	とても満足	天気もよかったので、よかったです。	感じなかった		10	近くに行きたいお店があったので。	また行きたい（1年以内）	やっぱりお寿司です！まぐろやさんともりもり寿司さんに行きましたが、家族揃って大満足です！	女	1993	長野県	中野市	400万円以上 500万円未満	景品が当たる, なんとなく	とても満足	10	のとじま水族館も、千里浜なぎさドライブウェイも、お寿司もおいしかったし、大満足です。
能登エリア	のとじま水族館	2026/09/23	同意する	1泊	1泊	能登エリア （和倉温泉、七尾市、輪島市、珠洲市など）	石川県外には泊まらない	夫婦2人	地元の美味しいものを食べる, アウトドア（海水浴、釣り、登山など）, 友人・親戚を訪ねる	自家用車	自家用車			10,000円以上 20,000円未満	5,000円以上 10,000円未満	10,000円以上 20,000円未満	6～10回目	インターネット・アプリ	選択なし/該当施設なし		選択なし／該当施設なし		1,000円以上 3,000円未満	満足	楽しかったから	満足	楽しかったから	感じなかった		9		また行きたい（1年以内）	釣り	男	1993	長野県	長野市	900万円以上 1,000万円未満	景品が当たる	とても満足	10	自然を感じてほしい
能登エリア	のとじま水族館	2026/09/23	同意する	1泊	1泊	能登エリア （和倉温泉、七尾市、輪島市、珠洲市など）	石川県外には泊まらない	友達夫婦と	アウトドア（海水浴、釣り、登山など）, 友人・親戚を訪ねる	自家用車	自家用車			30,000円以上 40,000円未満	3,000円以上 5,000円未満	20,000円以上 30,000円未満	2～5回目	インターネット・アプリ	能登食祭市場		選択なし／該当施設なし		3,000円以上 5,000円未満	満足		満足		感じなかった		8	ジンベイザメのクッキーが乗っているアイスクリーム良かったです	また行きたい（1年以内）	美味しいお寿司	女	1993	長野県	長野市	900万円以上 1,000万円未満	景品が当たる, なんとなく	とても満足	10	釣りがしやすくてとても良い
能登エリア	道の駅あなみず	2026/09/23	同意する	4泊以上	4泊以上	能登エリア （和倉温泉、七尾市、輪島市、珠洲市など）	石川県外には泊まらない	小学生以下連れの家族	地元の美味しいものを食べる, アウトドア（海水浴、釣り、登山など）, 友人・親戚を訪ねる	飛行機	レンタカー	どちらでもない	安く移動できる手段があればいいなと思う	3,000円以上 5,000円未満	10,000円以上 20,000円未満	30,000円以上 40,000円未満	2～5回目	インターネット・アプリ	選択なし/該当施設なし	能登空港	選択なし／該当施設なし		1,000円未満	どちらでもない		どちらでもない		感じなかった		4		また行きたい（1年以内）	ポケモンコラボの石川でしか購入できないグッズや体験などがふえるといいなと思います	女	1982	東京都	大田区	600万円以上 700万円未満	景品が当たる, ひゃくまんさんが好き, 石川県のおすすめ観光スポットが見たい	満足	6	ポケモンこらぼが良かった
能登エリア	のとじま水族館	2026/09/23	同意する	1泊	1泊	能登エリア （和倉温泉、七尾市、輪島市、珠洲市など）	石川県外には泊まらない	夫婦2人	アウトドア（海水浴、釣り、登山など）	自家用車	自家用車			10,000円以上 20,000円未満	5,000円以上 10,000円未満	10,000円以上 20,000円未満	6～10回目	インターネット・アプリ	選択なし/該当施設なし		選択なし／該当施設なし		1,000円以上 3,000円未満	満足	楽しかったから	満足	楽しかったから	感じなかった		10	釣り	また行きたい（1年以内）	釣り	男	1993	長野県	長野市	900万円以上 1,000万円未満	景品が当たる	とても満足	10	自然を感じてほしい
能登エリア	のとじま水族館	2026/09/23	同意する	2泊	2泊	能登エリア （和倉温泉、七尾市、輪島市、珠洲市など）	石川県外には泊まらない	夫婦2人	宿でのんびり過ごす, 温泉や露天風呂, 地元の美味しいものを食べる, 花見や紅葉などの自然鑑賞, 名所、旧跡の観光, テーマパーク（遊園地、動物園、博物館など）	自家用車	自家用車			50,000円以上 100,000円未満	20,000円以上 30,000円未満	10,000円以上 20,000円未満	初めて	新聞・雑誌・ガイドブック	禄剛崎灯台		選択なし／該当施設なし		3,000円以上 5,000円未満	とても満足	見応えがあった	とても満足	ジンベエザメの餌やりがよかった	感じなかった		10		機会があれば行きたい	渋滞が無ければもっと良かったです。	女	1964	静岡県	牧之原市	1,000万円以上 1,200万円未満	景品が当たる	とても満足	10	食べ物が美味しかった。ホテルの人が親切だった。
能登エリア	のとじま水族館	2026/09/23	同意する	4泊以上	4泊以上	能登エリア （和倉温泉、七尾市、輪島市、珠洲市など）	石川県外には泊まらない	親	帰省	自家用車	自家用車			使わない	10,000円以上 20,000円未満	10,000円以上 20,000円未満	11回目以上	Instagram	道の駅のとじま		のとじま水族館		5,000円以上 10,000円未満	とても満足	ショーが良かった	とても満足	ジンベイザメを見れた	感じなかった		10		また行きたい（1年以内）	海産物の土産	女	1999	東京都	板橋区	600万円以上 700万円未満	景品が当たる	とても満足	10	
能登エリア	のとじま水族館	2026/09/23	同意する	日帰り	石川県内には宿泊しない	石川県内には宿泊しない	石川県外には泊まらない	小学生以下連れの家族	各種体験（手作り、果物狩りなど）	自家用車	自家用車			使わない	1,000円以上 3,000円未満	5,000円以上 10,000円未満	6～10回目	TV・ラジオ番組やCM	千里浜なぎさドライブウェイ		千里浜なぎさドライブウェイ		5,000円以上 10,000円未満	とても満足	不満がないので満点にしました	どちらでもない	フリーWiFiが欲しい、体験のところの手洗い場を増やして欲しい	感じた	同上	6		石川県在住	特になし	男	1990	石川県	河北郡津幡町	400万円以上 500万円未満	景品が当たる	どちらでもない	5	コアの部分を知れたらお勧めしたい
能登エリア	民宿大島荘	2026/09/23	同意する	1泊	2泊	能登エリア （和倉温泉、七尾市、輪島市、珠洲市など）	石川県外には泊まらない	夫婦2人	宿でのんびり過ごす	自家用車	自家用車			10,000円以上 20,000円未満	10,000円以上 20,000円未満	10,000円以上 20,000円未満	初めて	TV・ラジオ番組やCM, 友人・知人	千里浜なぎさドライブウェイ		選択なし／該当施設なし	飲食店	10,000円以上 20,000円未満	満足	丁寧に対応	満足	過ごしやすかった	感じなかった		8		また行きたい（1年以内）	とくになし	無回答	1977	滋賀県	守山市	400万円以上 500万円未満	景品が当たる, ひゃくまんさんが好き, 石川県の雑学を知りたい	満足	10	料理、観光スポット
能登エリア	のとじま水族館	2026/09/23	同意する	日帰り	1泊	金沢エリア  （湯涌温泉、深谷温泉、犀川温泉など）	富山県	小学生以下連れの家族	テーマパーク（遊園地、動物園、博物館など）	県外から訪れていない（石川県内在住）	自家用車	どちらでもない		1,000円未満	1,000円未満	1,000円未満	11回目以上	TV・ラジオ番組やCM	選択なし/該当施設なし		選択なし／該当施設なし		3,000円以上 5,000円未満	とても満足		とても満足	何度訪れても楽しめるように季節ごとに工夫している	感じなかった		10		また行きたい（1年以内）	そこでしか買えないお菓子	女	1986	石川県	津幡町	900万円以上 1,000万円未満	景品が当たる	とても満足	0	
能登エリア	のとじま水族館	2026/09/23	同意する	日帰り	石川県内には宿泊しない	石川県内には宿泊しない	富山県	小学生以下連れの家族	名所、旧跡の観光	自家用車	自家用車			使わない	使わない	5,000円以上 10,000円未満	2～5回目	インターネット・アプリ	選択なし/該当施設なし	のとじま水族館のみ	選択なし／該当施設なし	自宅に帰ります	5,000円以上 10,000円未満	満足	スタッフの方が元気	満足	ジンベエザメの見え方がいい	感じなかった	特にありません	8	もう少し短い間隔でそれぞれのイベントがあれば嬉しい	また行きたい（1年以内）	孫から祖父母まで楽しめる体験	男	1985	富山県	富山市	500万円以上 600万円未満	景品が当たる	満足	8	のとじま水族館がきれい
能登エリア	トレーラーハウスのと　牡蠣の宿ike	2026/09/23	同意する	2泊	2泊	能登エリア （和倉温泉、七尾市、輪島市、珠洲市など）	石川県外には泊まらない	小学生以下連れの家族	ポケモン	新幹線, 在来線	レンタカー, 旅行会社ツアーバス	満足		50,000円以上 100,000円未満	50,000円以上 100,000円未満	50,000円以上 100,000円未満	初めて	インターネット・アプリ	選択なし/該当施設なし	ポケモンのとめぐりバス	のとじま水族館		20,000円以上 30,000円未満	満足	色々トラブルはあったけれど、施設としてはよかった	満足		感じた	コップは飲み物分もあればよかった	8	休業日でなければ、食事もしたかった。	機会があれば行きたい	特になし	女	1979	京都府	京都市	1,200万円以上 1,500万円未満	景品が当たる	とても満足	9	ポケモン好きにはたまらない
能登エリア	道の駅とぎ海街道	2026/09/23	同意する	3泊	3泊	能登エリア （和倉温泉、七尾市、輪島市、珠洲市など）	石川県外には泊まらない	夫婦2人	名所、旧跡の観光, 買い物、アウトレット, 友人・親戚を訪ねる	自家用車	自家用車			使わない	5,000円以上 10,000円未満	20,000円以上 30,000円未満	初めて	観光展・物産展, インターネット・アプリ, 観光協会等の案内所	選択なし/該当施設なし	總持寺	選択なし／該当施設なし	長いベンチ	1,000円以上 3,000円未満	とても満足	うどんが美味しかった	満足	活気があった	感じなかった		10	サザエモナカ買いました	また行きたい（1年以内）	昔ながらの食べ物が美味しい	女	1975	京都府	福知山市	800万円以上 900万円未満	景品が当たる	とても満足	10	食べ物が美味しい
能登エリア	道の駅とぎ海街道	2026/09/23	同意する	1泊	1泊	能登エリア （和倉温泉、七尾市、輪島市、珠洲市など）	石川県外には泊まらない	恋人	宿でのんびり過ごす, 温泉や露天風呂, 名所、旧跡の観光	自家用車	自家用車			50,000円以上 100,000円未満	5,000円以上 10,000円未満	10,000円以上 20,000円未満	2～5回目	インターネット・アプリ	選択なし/該当施設なし		選択なし／該当施設なし		1,000円以上 3,000円未満	とても満足	野菜やお土産が色々ある	満足	店内飲食がもう少し充実してほしい	感じなかった		7		また行きたい（1年以内）	魚が美味しい	女	1979	富山県	富山市	1,000万円以上 1,200万円未満	景品が当たる	とても満足	10	和倉温泉
能登エリア	のとじま水族館	2026/09/23	同意する	日帰り	石川県内には宿泊しない	石川県内には宿泊しない	石川県外には泊まらない	小学生以下連れの家族	テーマパーク（遊園地、動物園、博物館など）	自家用車	自家用車			使わない	10,000円以上 20,000円未満	20,000円以上 30,000円未満	2～5回目	観光展・物産展, 新聞・雑誌・ガイドブック, インターネット・アプリ	選択なし/該当施設なし		選択なし／該当施設なし	氷見	3,000円以上 5,000円未満	とても満足	ジンベエザメがみれたので	とても満足		感じなかった		10		また行きたい（1年以内）	特になし	女	1987	愛知県	一宮市	800万円以上 900万円未満	景品が当たる, ひゃくまんさんが好き	とても満足	10	
能登エリア	のとじま水族館	2026/09/23	同意する	日帰り	石川県内には宿泊しない	石川県内には宿泊しない	石川県外には泊まらない	小学生以下連れの家族	テーマパーク（遊園地、動物園、博物館など）	自家用車	自家用車			使わない	1,000円未満	10,000円以上 20,000円未満	2～5回目	X(旧：Twitter)	のとじま水族館		選択なし／該当施設なし	富山県氷見市	5,000円以上 10,000円未満	とても満足	海鮮が美味しい	満足	施設（お店）がきれい	感じなかった		10		また行きたい（1年以内）	キャンプや車中泊スポット	男	1982	愛知県	一宮市	700万円以上 800万円未満	景品が当たる	とても満足	10	のとじま水族館と温泉、豊かな自然
能登エリア	のとじま水族館	2026/09/23	同意する	日帰り	石川県内には宿泊しない	石川県内には宿泊しない	石川県外には泊まらない	小学生以下連れの家族	テーマパーク（遊園地、動物園、博物館など）	自家用車	自家用車			使わない	使わない	3,000円以上 5,000円未満	初めて	インターネット・アプリ, X(旧：Twitter), Instagram	のとじま水族館		のとじま水族館		1,000円以上 3,000円未満	とても満足	キレイだった	とても満足		感じなかった		7		機会があれば行きたい	お寿司は美味しかった	女	1985	岐阜県	羽島市	500万円以上 600万円未満	景品が当たる, なんとなく	満足	6	のとじま水族館
能登エリア	のとじま水族館	2026/09/23	同意する	日帰り	石川県内には宿泊しない	石川県内には宿泊しない	帰宅	小学生以下連れの家族	名所、旧跡の観光, ドライブ・ツーリング	県外から訪れていない（石川県内在住）	自家用車			使わない	使わない	1,000円以上 3,000円未満	6～10回目	観光展・物産展, 新聞・雑誌・ガイドブック	のとじま水族館		選択なし／該当施設なし		3,000円以上 5,000円未満	とても満足	新しいジンベエザメのグッズを始め飽きないグッズラインナップ	とても満足	スタンプラリーなど多彩なイベントあり！	感じなかった		10		石川県在住	特になし	男	1991	石川県	金沢市	300万円以上 400万円未満	景品が当たる	とても満足	10	
能登エリア	のとじま水族館	2026/09/23	同意する	日帰り	石川県内には宿泊しない	石川県内には宿泊しない	石川県外には泊まらない	小学生以下連れの家族	花見や紅葉などの自然鑑賞, テーマパーク（遊園地、動物園、博物館など）	県外から訪れていない（石川県内在住）	自家用車			10,000円以上 20,000円未満	5,000円以上 10,000円未満	5,000円以上 10,000円未満	2～5回目	インターネット・アプリ, X(旧：Twitter)	選択なし/該当施設なし	ポケモン足湯	選択なし／該当施設なし	マリンパーク海賊公園	使わない	どちらでもない	ちょっと海見て浜辺を歩くだけだったから	どちらでもない		感じた	ちょっと手を洗うところが見当たらなかった。	5		また行きたい（1年以内）	子連れでも楽しめる施設。または大型公園？	女	1989	石川県	金沢市	1,500万円以上	アンケートには飲食店でもとりあえず答えるタイプの人間です。県内住みとしてなにか能登の活性化に繋がればいいなと思います。	満足	9	
金沢エリア	夢ミルク館（ホリ牧場）	2026/09/23	同意する	日帰り	石川県内には宿泊しない	石川県内には宿泊しない	石川県外には泊まらない	中学生以上連れの家族	地元の美味しいものを食べる	県外から訪れていない（石川県内在住）	自家用車			使わない	1,000円未満	1,000円以上 3,000円未満	11回目以上	友人・知人	選択なし/該当施設なし	内灘町	選択なし/該当施設なし	家	使わない	満足	美味しい	満足	綺麗	感じなかった		5		石川県在住	もっと子どもが遊べる場所が増えたらいい	無回答	1973	石川県	河北郡内灘町	400万円以上 500万円未満	景品が当たる	どちらでもない	5	
金沢エリア	兼六駐車場	2026/09/23	同意する	3泊	2泊	加賀エリア （山代温泉、山中温泉、片山津温泉、粟津温泉、辰口温泉、加賀市、小松市など）	大阪府	自分ひとり	ラブライブ！蓮ノ空女学院スクールアイドルクラブのコラボ施策のため	夜行バス	徒歩			10,000円以上 20,000円未満	10,000円以上 20,000円未満	10,000円以上 20,000円未満	2～5回目	X(旧：Twitter)	近江町市場		尾山神社		使わない	どちらでもない	特に買い物はしない	満足	歴史ある建造物を見られる	感じなかった		8		機会があれば行きたい	特になし	男	1976	東京都	墨田区	700万円以上 800万円未満	ひゃくまんさんが好き	とても満足	8	関東からもそれ程遠くなく、歴史ある街並みを観られる
金沢エリア	ガーデンホテル金沢	2026/09/23	同意する	3泊	3泊	金沢エリア  （湯涌温泉、深谷温泉、犀川温泉など）	石川県外には泊まらない	夫婦2人	名所、旧跡の観光	新幹線, 在来線	徒歩			20,000円以上 30,000円未満	20,000円以上 30,000円未満	20,000円以上 30,000円未満	初めて	Instagram	選択なし/該当施設なし		近江町市場		30,000円以上 40,000円未満	どちらでもない		どちらでもない		感じなかった		7		機会があれば行きたい	お魚、観光	女	1994	東京都	小金井市	1,000万円以上 1,200万円未満	景品が当たる	満足	10	風情がある 時間がゆっくりすぎるからリラックスできる
金沢エリア	ガーデンホテル金沢	2026/09/23	同意する	3泊	3泊	石川県内には宿泊しない	石川県外には泊まらない	夫婦2人	地元の美味しいものを食べる, 名所、旧跡の観光, まちあるき、都市散策	新幹線	徒歩			30,000円以上 40,000円未満	20,000円以上 30,000円未満	20,000円以上 30,000円未満	初めて	インターネット・アプリ	兼六園		金沢21世紀美術館		30,000円以上 40,000円未満	満足	丁寧な接客で、お部屋も綺麗でした。	満足	快適に過ごすことができました。	感じなかった		8		機会があれば行きたい	普段の仕事や生活から離れた非日常が味わえること。また、美味しい海鮮を味わえること。	男	1992	東京都	小金井市	1,200万円以上 1,500万円未満	景品が当たる	満足	8	ご飯がおいしかったのはもちろんですが、街の方が皆さん優しくて、せかせかもしていなくて、よい街だなと感じました。バスの運転手さんも優しかったです。
金沢エリア	兼六駐車場	2026/09/23	同意する	3泊	3泊	金沢エリア  （湯涌温泉、深谷温泉、犀川温泉など）	石川県外には泊まらない	団体旅行	マスターズ全国大会	自家用車	自家用車			30,000円以上 40,000円未満	30,000円以上 40,000円未満	30,000円以上 40,000円未満	初めて	観光パンフレット・ポスター, インターネット・アプリ	金沢21世紀美術館		選択なし/該当施設なし		1,000円以上 3,000円未満	不満	展示が半分しか見られなかったため	不満	予約していないと施設が利用出来ないものがあった	感じなかった		5		機会があれば行きたい	特になし	男	1974	静岡県	焼津市	700万円以上 800万円未満	なんとなく	満足	8	食事が美味しい
金沢エリア	KKRホテル金沢	2026/09/23	同意する	2泊	2泊	金沢エリア  （湯涌温泉、深谷温泉、犀川温泉など）	石川県外には泊まらない	夫婦2人	地元の美味しいものを食べる, 名所、旧跡の観光	在来線	路線バス	とても満足	バスの運転手さんがとても親切だったから。	20,000円以上 30,000円未満	20,000円以上 30,000円未満	20,000円以上 30,000円未満	初めて	インターネット・アプリ	近江町市場		金沢21世紀美術館		20,000円以上 30,000円未満	とても満足	ご飯が美味しく、温泉もよく、部屋もきれいだから。	とても満足		感じた	フロントの方々が無愛想。	9		機会があれば行きたい	漆と金があるので、金継ぎに力を入れてはどうでしょうか。	男	1979	茨城県	つくば市	1,000万円以上 1,200万円未満	なんとなく	とても満足	9	
金沢エリア	ANAホリディ・イン金沢スカイ	2026/09/23	同意する	2泊	4泊以上	能登エリア （和倉温泉、七尾市、輪島市、珠洲市など）	福井県	自分ひとり	宿でのんびり過ごす, 名所、旧跡の観光, まちあるき、都市散策, 各種体験（手作り、果物狩りなど）, 寺，神社で御朱印を貰う	県外から訪れていない（石川県内在住）	在来線, 路線バス	とても満足	ＲＬ,ＬＬが有り計画が立て易い	30,000円以上 40,000円未満	1,000円以上 3,000円未満	5,000円以上 10,000円未満	初めて	友人・知人	兼六園		ひがし茶屋街		20,000円以上 30,000円未満	満足	バーの終了時間が早い23:00頃にして貰えると夜景を見ながらゆっくり一杯飲みたい	満足	バスルームの匂いが気になる	感じなかった		10	特にない	また行きたい（1年以内）	博物館などの情報が欲しい	女	1962	石川県	河北郡津幡町	600万円以上 700万円未満	石川県のおすすめ観光スポットが見たい, 石川県の雑学を知りたい	とても満足	10	周遊バスで色々な所へ行かれる良さ
金沢エリア	ANAホリディ・イン金沢スカイ	2026/09/23	同意する	2泊	2泊	金沢エリア  （湯涌温泉、深谷温泉、犀川温泉など）	福井県	自分ひとり	宿でのんびり過ごす, 名所、旧跡の観光, まちあるき、都市散策, 寺，神社の御朱印貰う	在来線	在来線, 路線バス	満足	RL,LLがあり見たい所が行きやすい	20,000円以上 30,000円未満	10,000円以上 20,000円未満	20,000円以上 30,000円未満	初めて	友人・知人	兼六園		選択なし/該当施設なし	美術館	1,000円以上 3,000円未満	満足	ユニットの匂いが気になる	どちらでもない	ラウンジが9:00で終了は早すぎる11:00頃までやって欲しい	感じなかった		10		また行きたい（1年以内）	特になし	女	1962	石川県	河北郡津幡町	600万円以上 700万円未満	石川県のおすすめ観光スポットが見たい	満足	10	RL,LLが有るのでスムースに観光できる
金沢エリア	Blue Hour Kanazawa	2026/09/24	同意する	3泊	3泊	金沢エリア  （湯涌温泉、深谷温泉、犀川温泉など）	福井県	自分ひとり	地元の美味しいものを食べる, 名所、旧跡の観光, お祭りやイベントへの参加・見物	新幹線	在来線	不満	住まいが新潟県のため西日本の新幹線の割引きがきかないため	5,000円以上 10,000円未満	5,000円以上 10,000円未満	20,000円以上 30,000円未満	初めて	インターネット・アプリ	兼六園		近江町市場		3,000円以上 5,000円未満	満足	美味しい物にはやすかった	満足	美味しかったので	感じなかった	別に有りません	7	親切、明朗会計	また行きたい（1年以内）	美味しいがもう少し安くして欲しい	その他	1947	新潟県	三条市東新保	100万円以上 200万円未満	石川県のおすすめ観光スポットが見たい	満足	10	市民が観光客に親切
加賀エリア	サイエンスヒルズこまつ ひととものづくり科学館	2026/09/23	同意する	1泊	1泊	加賀エリア （山代温泉、山中温泉、片山津温泉、粟津温泉、辰口温泉、加賀市、小松市など）	石川県外には泊まらない	自分ひとり	地元の美味しいものを食べる, テーマパーク（遊園地、動物園、博物館など）, 友人・親戚を訪ねる	新幹線	徒歩			5,000円以上 10,000円未満	20,000円以上 30,000円未満	20,000円以上 30,000円未満	初めて	X(旧：Twitter), 友人・知人	選択なし/該当施設なし	白山ひめ神社	選択なし／該当施設なし		1,000円以上 3,000円未満	とても満足	職員さんがとても丁寧に対応してくださった	とても満足	とても楽しめた	感じなかった		9	レストランが閉店していたが再開のみこみはないのか	機会があれば行きたい	海産物とお酒が美味しい	男	1979	神奈川県	川崎市	900万円以上 1,000万円未満	なんとなく	とても満足	9	
加賀エリア	トレインパーク白山	2026/09/23	同意する	2泊	2泊	金沢エリア  （湯涌温泉、深谷温泉、犀川温泉など）	石川県外には泊まらない	夫婦2人	地元の美味しいものを食べる, 名所、旧跡の観光, テーマパーク（遊園地、動物園、博物館など）, まちあるき、都市散策	レンタカー, 飛行機	レンタカー	満足	場所がわかりやすかった	1,000円以上 3,000円未満	50,000円以上 100,000円未満	50,000円以上 100,000円未満	初めて	新聞・雑誌・ガイドブック, インターネット・アプリ, Instagram, 友人・知人	日本自動車博物館		選択なし／該当施設なし	千里浜海岸	3,000円以上 5,000円未満	満足	綺麗でスタッフの対応が良い	満足		感じなかった	無理エリアと有料エリアがわかりにくい。入館前にわかる看板があったら　列に並ばなくて良い	8	オリジナルアイスが絶品でした	機会があれば行きたい	白山　千里浜など読み方が分からず　ナビ入力が難しい、レンタカーを借りる時　ガイドブックがあればいいと思った	女	1968	広島県	広島市	500万円以上 600万円未満	石川県のおすすめ観光スポットが見たい	満足	8	食べ物が美味しい。地域ならではのものがたくさんある
加賀エリア	那谷寺	2026/09/23	同意する	1泊	1泊	加賀エリア （山代温泉、山中温泉、片山津温泉、粟津温泉、辰口温泉、加賀市、小松市など）	石川県外には泊まらない	中学生以上連れの家族	地元の美味しいものを食べる, 名所、旧跡の観光	自家用車	自家用車			10,000円以上 20,000円未満	3,000円以上 5,000円未満	1,000円以上 3,000円未満	初めて	観光パンフレット・ポスター	那谷寺		選択なし／該当施設なし	九谷焼ショップ	1,000円以上 3,000円未満	とても満足	景色	とても満足		感じなかった		9		機会があれば行きたい	海鮮	男	1967	長野県	塩尻市	1,000万円以上 1,200万円未満	景品が当たる	とても満足	9	
加賀エリア	加賀フルーツランド	2026/09/23	同意する	日帰り	石川県内には宿泊しない	石川県内には宿泊しない	石川県外には泊まらない	小学生以下連れの家族	地元の美味しいものを食べる, テーマパーク（遊園地、動物園、博物館など）	自家用車	自家用車			使わない	3,000円以上 5,000円未満	使わない	初めて	X(旧：Twitter), ブログ	選択なし/該当施設なし	中谷宇吉郎雪の科学館	月うさぎの里		1,000円以上 3,000円未満	どちらでもない	お目当ての加賀パフェが売り切れていて、残念だった。	どちらでもない	普通です。	感じなかった		6	なるべく売り切れをなくして欲しいです。	また行きたい（1年以内）	特になし	女	1974	福井県	鯖江市	200万円以上 300万円未満	景品が当たる	満足	8	中谷宇吉郎雪の科学館。実験が面白かったです。
加賀エリア	小松空港	2026/09/23	同意する	3泊	3泊	加賀エリア （山代温泉、山中温泉、片山津温泉、粟津温泉、辰口温泉、加賀市、小松市など）	石川県外には泊まらない	夫婦2人	宿でのんびり過ごす, 友人・親戚を訪ねる	レンタカー, 飛行機	レンタカー	満足	飛行機の遅れが発生して予定がずれてしまったので。	100,000円以上	50,000円以上 100,000円未満	100,000円以上	初めて	新聞・雑誌・ガイドブック, 観光パンフレット・ポスター	選択なし/該当施設なし	山中温泉	選択なし／該当施設なし		3,000円以上 5,000円未満	とても満足	お土産が色々と売っていたので。	とても満足		感じなかった		10		また行きたい（1年以内）	特になし	女	1991	宮崎県	小林市	1,000万円以上 1,200万円未満	景品が当たる	とても満足	10	食べ物も美味しく毎日楽しく過ごせたので
加賀エリア	小松空港	2026/09/23	同意する	4泊以上	石川県内には宿泊しない	石川県内には宿泊しない	富山県	親	友人・親戚を訪ねる	自家用車	自家用車			10,000円以上 20,000円未満	10,000円以上 20,000円未満	1,000円未満	初めて	観光展・物産展	選択なし/該当施設なし		選択なし／該当施設なし		3,000円以上 5,000円未満	満足	場所がわかりやすい	満足		感じなかった		7		また行きたい（1年以内）	のどぐろスープのお土産がほしい	女	1993	東京都	練馬区	300万円以上 400万円未満	景品が当たる	満足	9	
加賀エリア	たちばな四季亭	2026/09/23	同意する	2泊	2泊	加賀エリア （山代温泉、山中温泉、片山津温泉、粟津温泉、辰口温泉、加賀市、小松市など）	石川県外には泊まらない	夫婦2人	宿でのんびり過ごす, 温泉や露天風呂, 地元の美味しいものを食べる, 名所、旧跡の観光	新幹線, 在来線	新幹線	満足	とても満足ですが、風の影響で50分程遅れた。	100,000円以上	10,000円以上 20,000円未満	20,000円以上 30,000円未満	初めて	観光パンフレット・ポスター, 旅行会社	選択なし/該当施設なし		選択なし／該当施設なし		1,000円以上 3,000円未満	とても満足	接客サービス全てとても良かったです	とても満足	温泉、料理大変満足しました。	感じなかった		10	料理を五感で楽しめました！	また行きたい（1年以内）	もっと石川県のこと知りたいので、知れる方法教えて下さい	男	1972	大阪府	大阪市浪速区	600万円以上 700万円未満	石川県のおすすめ観光スポットが見たい, 石川県の雑学を知りたい, 旅館がとても良かったから	とても満足	10	宿泊した旅館
加賀エリア	小松空港	2026/09/23	同意する	3泊	2泊	金沢エリア  （湯涌温泉、深谷温泉、犀川温泉など）	岐阜県	夫婦2人	地元の美味しいものを食べる, 名所、旧跡の観光, 買い物、アウトレット, まちあるき、都市散策	レンタカー	レンタカー	とても満足	活動の幅が広がるから	10,000円以上 20,000円未満	20,000円以上 30,000円未満	20,000円以上 30,000円未満	2～5回目	新聞・雑誌・ガイドブック, 観光パンフレット・ポスター, X(旧：Twitter)	選択なし/該当施設なし	福井県東尋坊	選択なし／該当施設なし	自宅に帰ります	5,000円以上 10,000円未満	満足		満足	もう少し飲食の施設があるといいなぁ	感じなかった		8	石川県のお土産が充実していてよかった	機会があれば行きたい	特になし	無回答	1971	福岡県	筑紫野市	800万円以上 900万円未満	景品が当たる, 石川県のおすすめ観光スポットが見たい	とても満足	8	見どころがたくさんあってよかったけど、人が多くて、ちょっと大変だった
加賀エリア	ゆのくに天祥	2026/09/23	同意する	1泊	4泊以上	金沢エリア  （湯涌温泉、深谷温泉、犀川温泉など）	東京	恋人	宿でのんびり過ごす, 温泉や露天風呂, 地元の美味しいものを食べる, まちあるき、都市散策	新幹線, 飛行機	路線バス	満足	送迎バスがあったから	100,000円以上	100,000円以上	40,000円以上 50,000円未満	初めて	新聞・雑誌・ガイドブック, インターネット・アプリ	選択なし/該当施設なし	兼六園、石川県立図書館、東町茶屋街	選択なし／該当施設なし	21世紀美術館	50,000円以上 100,000円未満	満足	食事もサービスも価格に見合う水準だから	満足	施設が綺麗でお風呂が広くて清潔感があった。	感じた	外国人研修生の方の日本語がまだ不慣れで聞き取りづらか感じた。	7	無理のサービスがたくさんあり、温泉たまご作りなど思い出に残る仕掛けだったので素敵だなと思いました。	機会があれば行きたい	お寿司、のどぐろ、エビ	男	1989	鹿児島県	鹿児島市	1,200万円以上 1,500万円未満	景品が当たる	とても満足	9	地元の海鮮やお肉、お魚など食事全般
加賀エリア	日本自動車博物館	2026/09/23	同意する	日帰り	石川県内には宿泊しない	石川県内には宿泊しない	石川県外には泊まらない	小学生以下連れの家族	地元の美味しいものを食べる, テーマパーク（遊園地、動物園、博物館など）, 買い物、アウトレット, まちあるき、都市散策, ドライブ・ツーリング	自家用車	自家用車			使わない	20,000円以上 30,000円未満	使わない	2～5回目	インターネット・アプリ, 小学生がどうしても行きたかった	選択なし/該当施設なし		選択なし／該当施設なし	小松駅周辺散策、イオン新小松	10,000円以上 20,000円未満	満足	駅中施設の皆さんが親切でした	満足	お土産もしっかり買えました！	感じた	トイレが遠かった	8	どうしても絶対食べなくては！とゆうものが無かった	また行きたい（1年以内）	小学生、中学生が汗をかいて遊べるようなアクティビティ、施設など	男	1967	新潟県	上越市	500万円以上 600万円未満	なんとなく	とても満足	7	古いものには魅力的だが、新しいものは買わせるために無理やり作った感がある
加賀エリア	ふれあい昆虫館	2026/09/23	同意する	4泊以上	4泊以上	金沢エリア  （湯涌温泉、深谷温泉、犀川温泉など）	石川県外には泊まらない	小学生以下連れの家族	地元の美味しいものを食べる, 花見や紅葉などの自然鑑賞, 名所、旧跡の観光, 買い物、アウトレット, スポーツ観戦や芸術鑑賞（コンサート等）, 友人・親戚を訪ねる	新幹線, 在来線	自家用車	どちらでもない	石川県は車がないと観光は辛いかなと思います。	使わない	30,000円以上 40,000円未満	40,000円以上 50,000円未満	2～5回目	観光展・物産展, 友人・知人	選択なし/該当施設なし		選択なし／該当施設なし		1,000円以上 3,000円未満	とても満足	イベントもあり子どもが喜んでいた	とても満足		感じなかった		9	もう少しお土産が充実しているといいなとおもいます	また行きたい（1年以内）	海鮮などの日本海ならではの食や、伝統を感じられるアクティビティ	女	1986	大阪府	大阪市阿倍野区	900万円以上 1,000万円未満	景品が当たる, ひゃくまんさんが好き, 石川県のおすすめ観光スポットが見たい	とても満足	10	観光にぴったりのため
能登エリア	のとじま水族館	2026/09/23	同意する	日帰り	石川県内には宿泊しない	石川県内には宿泊しない	石川県外には泊まらない	夫婦2人	テーマパーク（遊園地、動物園、博物館など）	自家用車	自家用車			使わない	5,000円以上 10,000円未満	20,000円以上 30,000円未満	初めて	友人・知人	選択なし/該当施設なし	のとじま水族館のみ	選択なし／該当施設なし		20,000円以上 30,000円未満	とても満足		とても満足		感じなかった		9	レストランもフードコートもメニューが少なかった。特産物が食べられるところもなかった。	機会があれば行きたい	特にない	女	1987	埼玉県	上尾市	600万円以上 700万円未満	景品が当たる	とても満足	10	のとじま水族館
能登エリア	のとじま水族館	2026/09/23	同意する	日帰り	石川県内には宿泊しない	石川県内には宿泊しない	石川県外には泊まらない	中学生以上連れの家族	地元の美味しいものを食べる, テーマパーク（遊園地、動物園、博物館など）	自家用車	自家用車			使わない	1,000円以上 3,000円未満	5,000円以上 10,000円未満	11回目以上	インターネット・アプリ	選択なし/該当施設なし	近江町市場	能登食祭市場		10,000円以上 20,000円未満	満足	ジンベエザメが見れてよかった	満足		感じなかった		9		機会があれば行きたい	特になし	男	1981	富山県	射水市	600万円以上 700万円未満	景品が当たる	満足	9	
能登エリア	和倉温泉-総湯-	2026/09/23	同意する	2泊	2泊	金沢エリア  （湯涌温泉、深谷温泉、犀川温泉など）	石川県外には泊まらない	夫婦2人	地元の美味しいものを食べる, 名所、旧跡の観光, まちあるき、都市散策	新幹線, 在来線	在来線, 路線バス	どちらでもない	普通。もうすこし「ななおわく楽」は知名度があるとよいかなぁ。店とかでもあまり知られていない印象。	10,000円以上 20,000円未満	20,000円以上 30,000円未満	30,000円以上 40,000円未満	初めて	新聞・雑誌・ガイドブック	選択なし/該当施設なし	花嫁のれん館、能登食祭市場、お祭り会館	選択なし／該当施設なし	宿泊施設にもどる。	1,000円未満	満足	お風呂が広くて気持ちよい	満足	上記以外体験してない。	感じなかった		8	もうちょっとお土産とかあればなぁ。	また行きたい（1年以内）	飲食は海鮮！アクティビティはあまり求められてないかなぁ。	男	1979	埼玉県	秩父郡横瀬町	800万円以上 900万円未満	景品が当たる	とても満足	10	金沢の図書館の陳列素敵。七尾は震災被害があまり報じられてないような。
能登エリア	のとじま水族館	2026/09/23	同意する	4泊以上	4泊以上	金沢エリア  （湯涌温泉、深谷温泉、犀川温泉など）	石川県外には泊まらない	自分ひとり	石川県に住んでいる	自家用車	自家用車			使わない	使わない	使わない	11回目以上	住んでいる	のとじま水族館		のとじま水族館		使わない	どちらでもない		とても満足	ジンベエザメを近くで見れたから	感じなかった		10	イルカショーがすごい	石川県在住	特になし	男	2010	石川県	河北郡内灘町	700万円以上 800万円未満	なんとなく	とても満足	10	能登大橋から見る七尾湾が絶景
能登エリア	木の浦ビレッジ	2026/09/23	同意する	1泊	1泊	能登エリア （和倉温泉、七尾市、輪島市、珠洲市など）	石川県外には泊まらない	友人	宿でのんびり過ごす, 地元の美味しいものを食べる, 友人・親戚を訪ねる	レンタカー, 飛行機	レンタカー	満足	空港からレンタカー便利	10,000円以上 20,000円未満	5,000円以上 10,000円未満	5,000円以上 10,000円未満	初めて	Instagram, 友人・知人	禄剛崎灯台	イカの駅	禄剛崎灯台	道の駅	1,000円以上 3,000円未満	満足	きれい	満足	きれい	感じなかった	なし	9	混雑してた。	機会があれば行きたい	お腹がいっぱい。もっと食べたい。	女	1970	東京都	江東区	400万円以上 500万円未満	景品が当たる	満足	9	景色がきれい
能登エリア	木ノ浦ビレッジ	2026/09/23	同意する	2泊	2泊	能登エリア （和倉温泉、七尾市、輪島市、珠洲市など）	石川県外には泊まらない	友人	宿でのんびり過ごす, 地元の美味しいものを食べる, まちあるき、都市散策	飛行機	レンタカー	とても満足	空港からのレンタカー手続きがスムーズでした。返却も早かったです。	10,000円以上 20,000円未満	30,000円以上 40,000円未満	5,000円以上 10,000円未満	11回目以上	新聞・雑誌・ガイドブック, 観光パンフレット・ポスター, 友人・知人	禄剛崎灯台	いかの駅つくモール	輪島朝市	白米千枚田	1,000円以上 3,000円未満	満足	景色はもちろん、ご当地のお土産も良かった	満足	復興に向けて頑張っている様子	感じなかった		8		また行きたい（1年以内）	頑張り過ぎず、復興を進めてくだされば、充分です。	女	1973	埼玉県	川口市	500万円以上 600万円未満	景品が当たる	とても満足	10	自然の豊かと人の優しさと素朴さ。根強さ。
能登エリア	和倉温泉-総湯-	2026/09/23	同意する	1泊	1泊	能登エリア （和倉温泉、七尾市、輪島市、珠洲市など）	石川県外には泊まらない	小学生以下連れの家族	テーマパーク（遊園地、動物園、博物館など）	自家用車	自家用車	とても満足	自由に移動できるから	使わない	3,000円以上 5,000円未満	10,000円以上 20,000円未満	初めて	インターネット・アプリ	のとじま水族館		選択なし／該当施設なし	イカキング	1,000円未満	とても満足	温泉気持ち良かったです	とても満足	また来たいです	感じなかった		10		また行きたい（1年以内）	イカ	女	1987	新潟県	新発田市	800万円以上 900万円未満	景品が当たる	満足	7	のとじま水族館
能登エリア	和倉温泉-総湯-	2026/09/23	同意する	1泊	石川県内には宿泊しない	能登エリア （和倉温泉、七尾市、輪島市、珠洲市など）	車中泊	小学生以下連れの家族	温泉や露天風呂, アウトドア（海水浴、釣り、登山など）	自家用車	自家用車		リーズナブルに有名な和倉温泉に入れて、帰りもリフレッシュできました！	40,000円以上 50,000円未満	10,000円以上 20,000円未満	5,000円以上 10,000円未満	初めて	インターネット・アプリ	のとじま水族館		道の駅のとじま		1,000円未満	とても満足	清潔感があり良かった！	満足	温泉のかおりがもっとあるといいです。	感じなかった		10		また行きたい（1年以内）	アオリイカ、ツーリングが最高です！	男	1986	新潟県	新発田市	700万円以上 800万円未満	景品が当たる	とても満足	9	景色、アオリイカの量！
能登エリア	味な宿　宝仙閣	2026/09/23	同意する	1泊	2泊	能登エリア （和倉温泉、七尾市、輪島市、珠洲市など）	石川県外には泊まらない	恋人	宿でのんびり過ごす, 地元の美味しいものを食べる, まちあるき、都市散策	在来線, 飛行機	タクシー, 在来線	とても満足	ふるさとタクシーや、能登タクシーの運転手の方がとても親切だった。また在来線もレトロでかわいい。	30,000円以上 40,000円未満	30,000円以上 40,000円未満	20,000円以上 30,000円未満	初めて	インターネット・アプリ	能登食祭市場		のとじま水族館		1,000円未満	とても満足	フロントの方の接客	とても満足	眺望が良い、無臭で過ごしやすい、清掃が届いていて綺麗	感じなかった		10		また行きたい（1年以内）	地元の醤油や塩、九谷焼	女	1995	東京都	品川区	900万円以上 1,000万円未満	景品が当たる, ひゃくまんさんが好き	とても満足	10	地元の人が優しい、食事が美味しい
能登エリア	のとじま水族館	2026/09/23	同意する	日帰り	石川県内には宿泊しない	石川県内には宿泊しない	石川県外には泊まらない	小学生以下連れの家族	地元の美味しいものを食べる, テーマパーク（遊園地、動物園、博物館など）, まちあるき、都市散策, ドライブ・ツーリング	自家用車	自家用車	どちらでもない		使わない	1,000円以上 3,000円未満	3,000円以上 5,000円未満	2～5回目	インターネット・アプリ	選択なし/該当施設なし	近江町市場	選択なし／該当施設なし		1,000円以上 3,000円未満	満足	ジンベイザメを見れた。水槽がすごかった。イルカショーが良かった。	満足	水槽やショーなど見応えがあった。	感じなかった		5	グッズが当たるくじ引きが楽しかった。	また行きたい（1年以内）	特になし	女	1981	富山県	射水市	700万円以上 800万円未満	景品が当たる	満足	8	海鮮など食べ物がおいしい。食べ歩きが楽しい。 
能登エリア	休暇村能登千里浜	2026/09/23	同意する	4泊以上	4泊以上	能登エリア （和倉温泉、七尾市、輪島市、珠洲市など）	富山県	夫婦2人	災害ボランティア	自家用車	自家用車			10,000円以上 20,000円未満	20,000円以上 30,000円未満	10,000円以上 20,000円未満	初めて	インターネット・アプリ	千里浜なぎさドライブウェイ		選択なし／該当施設なし		10,000円以上 20,000円未満	とても満足	スタッフの気配り対応も良く､気持ち良く滞在できました。魚を中心とした料理も好みに合い､量と質の両方を味わえました。温泉もとても良かった。	とても満足	スタッフの気配り対応も良く､気持ち良く滞在できました。魚を中心とした料理も好みに合い､量と質の両方を味わえました。温泉もとても良かった。	感じなかった		10	ウエルカムサービスがもう少し充実すると、嬉しさが増します。	機会があれば行きたい	各地区の目玉商品特産品やサービスをピーアールして欲しい。例えばこの地区のこれは間違いがない。という様に明確で有ればもっと易いです。	男	1959	愛知県	みよし市	300万円以上 400万円未満	景品が当たる, 石川県のおすすめ観光スポットが見たい	満足	8	温泉と海鮮:気持ちの良い温泉が多かったのと、新鮮な魚介類が多くの店で提供されていた。
能登エリア	のとじま水族館	2026/09/23	同意する	4泊以上	2泊	能登エリア （和倉温泉、七尾市、輪島市、珠洲市など）	富山県	夫婦2人	名所、旧跡の観光, テーマパーク（遊園地、動物園、博物館など）, お祭りやイベントへの参加・見物, ポケモンGO	レンタカー	レンタカー	とても満足	自由に動けるから	10,000円以上 20,000円未満	50,000円以上 100,000円未満	30,000円以上 40,000円未満	初めて	インターネット・アプリ	選択なし/該当施設なし	ポケモン足湯	選択なし／該当施設なし	ポケモン空港	1,000円以上 3,000円未満	満足	イルカショーが素晴らしかった	満足	人が多過ぎた	感じなかった		10	ポケモンコラボグッズがあれば嬉しかった	また行きたい（1年以内）	特になし	男	1985	大阪府	大阪市浪速区	1,000万円以上 1,200万円未満	景品が当たる	とても満足	10	ポケモンコラボが豊富
能登エリア	のとじま水族館	2026/09/23	同意する	4泊以上	2泊	能登エリア （和倉温泉、七尾市、輪島市、珠洲市など）	富山県	夫婦2人	名所、旧跡の観光, テーマパーク（遊園地、動物園、博物館など）, まちあるき、都市散策, ドライブ・ツーリング, ポケモンコラボ施設巡り	レンタカー	レンタカー	とても満足	駐車場が充実しており便利だったため。	5,000円以上 10,000円未満	5,000円以上 10,000円未満	10,000円以上 20,000円未満	初めて	Instagram, 友人・知人	選択なし/該当施設なし	ポケモン足湯	選択なし／該当施設なし	ポケモン空港	3,000円以上 5,000円未満	とても満足	ポケモンスタンプラリーがあり、楽しめたため。	とても満足	イルカショーがハロウィン仕様で楽しめたため。	感じた	シルバーウィークの影響で混みすぎていた。適度に入場制限をかけて欲しい。	8		また行きたい（1年以内）	飲食店が美味しいのは良いが、予約制の店が多くキャパも多くないので、ふらっと旅行するには不便。	女	1991	大阪府	大阪市	1,200万円以上 1,500万円未満	景品が当たる	とても満足	10	ポケモンコラボのスタンプラリーを勧めたい。色々な施設が凝っていて楽しめたため。
能登エリア	日本の宿 のと楽	2026/09/23	同意する	4泊以上	4泊以上	能登エリア （和倉温泉、七尾市、輪島市、珠洲市など）	石川県外には泊まらない	夫婦２人、小学生１人	宿でのんびり過ごす, 温泉や露天風呂, 地元の美味しいものを食べる, テーマパーク（遊園地、動物園、博物館など）, ドライブ・ツーリング	自家用車	自家用車	満足	道が整備されている	40,000円以上 50,000円未満	20,000円以上 30,000円未満	40,000円以上 50,000円未満	2～5回目	新聞・雑誌・ガイドブック, インターネット・アプリ	千里浜なぎさドライブウェイ		のとじま水族館		5,000円以上 10,000円未満	不満	インターネットがつながらない。前売チケットが表示できない	とても満足	ジンベイサメが再度展示されたから	感じた	入場ゲート付近インターネットの電波状況が悪い。	8		機会があれば行きたい	季節の海鮮、能登牛など美味しい食材と日本酒があり良質な温泉が有り観光や体の疲れをとる為にまた訪れたい	男	1978	愛知県	高浜市稗田町	1,000万円以上 1,200万円未満	景品が当たる, 石川県のおすすめ観光スポットが見たい, なんとなく	満足	10	景色と食事が美味しい
能登エリア	漆と大人の隠れ宿 お宿たなか	2026/09/23	同意する	1泊	1泊	能登エリア （和倉温泉、七尾市、輪島市、珠洲市など）	石川県外には泊まらない	恋人	宿でのんびり過ごす, 温泉や露天風呂, 地元の美味しいものを食べる, 名所、旧跡の観光, お祭りやイベントへの参加・見物	レンタカー	レンタカー	とても満足	自由にまわることができる	50,000円以上 100,000円未満	20,000円以上 30,000円未満	10,000円以上 20,000円未満	初めて	インターネット・アプリ	選択なし/該当施設なし	能登空港	道の駅のとじま		1,000円以上 3,000円未満	満足	静かで雰囲気が良い	満足	とても過ごしやすかった	感じた	洗面台がトイレ内にしかない	8		また行きたい（1年以内）	特になし	男	1992	東京都	江戸川区	600万円以上 700万円未満	景品が当たる	とても満足	9	自然豊か
金沢エリア	石川県立歴史博物館	2026/09/24	同意する	3泊	1泊	金沢エリア  （湯涌温泉、深谷温泉、犀川温泉など）	富山県	自分ひとり	温泉や露天風呂, 地元の美味しいものを食べる, 名所、旧跡の観光, テーマパーク（遊園地、動物園、博物館など）, まちあるき、都市散策	飛行機	徒歩			3,000円以上 5,000円未満	10,000円以上 20,000円未満	5,000円以上 10,000円未満	2～5回目	新聞・雑誌・ガイドブック, 観光協会等の案内所	兼六園		選択なし/該当施設なし	県立美術館	使わない	どちらでもない	清潔感がある	満足	映像解説が充実していた	感じなかった		8		また行きたい（1年以内）	街歩きの際に気軽に休憩できるベンチが多いと嬉しいです	男	1968	東京都	八王子	1,000万円以上 1,200万円未満	景品が当たる	とても満足	10	街がコンパクトにまとまっていて 昔ながらの情緒が溢れている文化の森 パスポートを活用して様々な体験ができた
金沢エリア	屋内木育施設 もりのひみつきち	2026/09/24	同意する	4泊以上	石川県内には宿泊しない	石川県内には宿泊しない	富山県	小学生以下連れの家族	地元の美味しいものを食べる, 花見や紅葉などの自然鑑賞, テーマパーク（遊園地、動物園、博物館など）, 買い物、アウトレット, お祭りやイベントへの参加・見物, 友人・親戚を訪ねる	自家用車	自家用車			5,000円以上 10,000円未満	5,000円以上 10,000円未満	10,000円以上 20,000円未満	初めて	インターネット・アプリ, 友人・知人	選択なし/該当施設なし		選択なし/該当施設なし	新幹線の見える丘公園	1,000円以上 3,000円未満	満足	アスレチックの対象年齢やキッズ遊具スペースの玩具の量と質から3歳以下はもう少し料金が安くてもいいかなと思った。また、時間制限がかからない日は再入場できるシステムだと嬉しい。	とても満足	平日で比較的ゆったりと楽しむことができた。	感じた	子ども用のハンドドライヤーやティッシュがなかったので手洗い後不便だった。	10	キッズスペースの玩具がさらに充実し、3歳の子も静の遊びができる場所ができること、軽食の販売に期待したい	また行きたい（1年以内）	石川の伝統とおしゃれな雰囲気でここでしか食べられない、できない体験をまた増やしていきたい。	女	1989	福井県	敦賀市	500万円以上 600万円未満	景品が当たる, 石川県のおすすめ観光スポットが見たい	満足	8	施設全てが芸術的で、大人も子どもも癒される空間になっている。
金沢エリア	金沢港クルーズターミナル	2026/09/24	同意する	1泊	1泊	金沢エリア  （湯涌温泉、深谷温泉、犀川温泉など）	石川県外には泊まらない	自分ひとり	地元の美味しいものを食べる, 買い物、アウトレット, まちあるき、都市散策	新幹線, 在来線	路線バス	満足		10,000円以上 20,000円未満	20,000円以上 30,000円未満	5,000円以上 10,000円未満	初めて	新聞・雑誌・ガイドブック	金沢21世紀美術館		ひがし茶屋街		5,000円以上 10,000円未満	満足		満足	順路と施設内マップが番号通りで進みやすかったです。	感じた	女子トイレの数がもう少したくさんあったら良かったと思いました。常に人が並んでいましたので。	8	書籍が多かった印象です。実用的な文具や雑貨、アクセサリー等もっとあってもよかったかなと思いました。	機会があれば行きたい	次回は能登、輪島で足を伸ばして石川県の素敵なところを満喫したいです。	女	1967	大阪府	豊中市	300万円以上 400万円未満	景品が当たる, 石川県のおすすめ観光スポットが見たい, 石川県の雑学を知りたい	とても満足	10	宿泊ホテル「ホテルフォルツァ」がとてもよかったです。お部屋は、ホテルにありがちな強乾燥もなく、加湿器を使わなくてもすごせたことと、ぐっすり眠れる入浴剤のおかげで久しぶりに良く眠れました。立地も金沢駅から直線で徒歩すぐで分かりやすかったです。近江市場の海鮮もとても新鮮で美味しかったですね。能楽美術館もとてもよかったです。願わくは、能面のレプリカを販売しくれたら買いたいほどでした。
金沢エリア	兼六駐車場	2026/09/24	同意する	2泊	2泊	金沢エリア  （湯涌温泉、深谷温泉、犀川温泉など）	石川県外には泊まらない	恋人	温泉や露天風呂, 地元の美味しいものを食べる, 名所、旧跡の観光, 買い物、アウトレット, まちあるき、都市散策	自家用車	自家用車			30,000円以上 40,000円未満	20,000円以上 30,000円未満	10,000円以上 20,000円未満	2～5回目	観光展・物産展, Instagram	近江町市場		ひがし茶屋街		5,000円以上 10,000円未満	とても満足	接客も良く、とても美味しかったです。	とても満足	是非また来たいと思えるお店でした。	感じなかった		10	とても美味しくて大変満足でした。	また行きたい（1年以内）	食べ歩きや、綺麗な景色が旅行のメインなのでそれが全て揃っている石川県がとても素敵な場所だと思いました。	女	1992	静岡県	富士市	500万円以上 600万円未満	景品が当たる	とても満足	10	近江市場での食べ歩きが海鮮、お肉、フルーツと色々楽しめてよかったです。
金沢エリア	金沢港クルーズターミナル	2026/09/24	同意する	2泊	1泊	金沢エリア  （湯涌温泉、深谷温泉、犀川温泉など）	福井県	小学生以下連れの家族	温泉や露天風呂, 地元の美味しいものを食べる	自家用車	自家用車	とても満足	すごい景色を見れたから	20,000円以上 30,000円未満	20,000円以上 30,000円未満	3,000円以上 5,000円未満	初めて	知らなかった	ひがし茶屋街	金沢駅	選択なし/該当施設なし	福井県に行く	1,000円未満	とても満足	すごく綺麗だから	とても満足	子供が楽しんでいた	感じなかった		8		機会があれば行きたい	子供の楽しめるスポットがほしい！	男	1989	大阪府	大阪市東住吉区	900万円以上 1,000万円未満	景品が当たる	とても満足	8	金沢駅
加賀エリア	小松空港	2026/09/24	同意する	4泊以上	2泊	金沢エリア  （湯涌温泉、深谷温泉、犀川温泉など）	福井県	自分ひとり	宿でのんびり過ごす, 地元の美味しいものを食べる, まちあるき、都市散策	新幹線, 在来線	在来線, 路線バス	満足	福井駅からの直行バスなどがあり便利だった。	30,000円以上 40,000円未満	50,000円以上 100,000円未満	30,000円以上 40,000円未満	2～5回目	インターネット・アプリ	選択なし/該当施設なし	兼六園	選択なし／該当施設なし	このまま東京に帰る	100,000円以上	とても満足	羽田空港への便が複数ある	満足	お土産が豊富、滑走路がみやすい	感じなかった		8	石川だけでなく、福井のお土産もありよかった	また行きたい（1年以内）	そこでしか、食べれない、買えない物に特化してほしいです。	男	2004	東京都	日野市	100万円未満	なんとなく	とても満足	8	東京からのアクセスもよく、町も綺麗でよかった
加賀エリア	那谷寺	2026/09/24	同意する	2泊	2泊	白山エリア （一里野温泉、白峰温泉、白山市など）	石川県外には泊まらない	親	友人・親戚を訪ねる	新幹線	自家用車			使わない	10,000円以上 20,000円未満	30,000円以上 40,000円未満	初めて	友人・知人	選択なし/該当施設なし		選択なし／該当施設なし		3,000円以上 5,000円未満	とても満足	スタッフの方の展示品についての丁寧な解説	とても満足	季節による景観	感じなかった		10		また行きたい（1年以内）	食事	男	1993	東京都	日野市	400万円以上 500万円未満	景品が当たる	とても満足	10	
加賀エリア	小松空港	2026/09/24	同意する	3泊	石川県内には宿泊しない	石川県内には宿泊しない	北海道	兄弟	飛行機乗るため	県外から訪れていない（石川県内在住）	自家用車			使わない	使わない	使わない	2～5回目	飛行機に乗るため	選択なし/該当施設なし		選択なし／該当施設なし		使わない	どちらでもない		どちらでもない		感じた	充電スポットが少ない	6		機会があれば行きたい	小松うどん、ゆきづり、ご当地ガチャガチャ	女	1998	石川県	小松市	300万円以上 400万円未満	景品が当たる, 時間があったから	どちらでもない	8	
加賀エリア	吉野オートキャンプ場	2026/09/24	同意する	日帰り	石川県内には宿泊しない	能登エリア （和倉温泉、七尾市、輪島市、珠洲市など）	福井県	夫婦2人	温泉や露天風呂, 地元の美味しいものを食べる, 花見や紅葉などの自然鑑賞, テーマパーク（遊園地、動物園、博物館など）, ドライブ・ツーリング	自家用車	自家用車			使わない	5,000円以上 10,000円未満	3,000円以上 5,000円未満	2～5回目	通りがかり	選択なし/該当施設なし	白峰温泉総湯	選択なし／該当施設なし		使わない	どちらでもない		満足	トイレがきれい	感じなかった		8		また行きたい（1年以内）	地元の名物の自販機	男	1962	石川県	白山市	200万円以上 300万円未満	景品が当たる, 石川県のおすすめ観光スポットが見たい	とても満足	10	温泉、緑豊かな公園、ドライブに最適なコースです
加賀エリア	小松空港	2026/09/24	同意する	4泊以上	2泊	金沢エリア  （湯涌温泉、深谷温泉、犀川温泉など）	東京	自分ひとり	地元の美味しいものを食べる, 名所、旧跡の観光, まちあるき、都市散策	新幹線	路線バス	満足	一本で行けて快適だった	20,000円以上 30,000円未満	30,000円以上 40,000円未満	3,000円以上 5,000円未満	初めて	友人・知人	選択なし/該当施設なし	金沢駅	選択なし／該当施設なし	新千歳空港	1,000円未満	満足	品数が豊富	満足	居心地が良い	感じなかった		9		また行きたい（1年以内）	食は私の幸せです。食べ物飲み物が美味しかったのでまた来たいと思わせてくれました。	女	1984	北海道	苫小牧市	300万円以上 400万円未満	景品が当たる	とても満足	10	ご飯お酒が美味しかった。見所のあるものがたくさんあった。
能登エリア	能登漁火ユースホステル	2026/09/24	同意する	3泊	3泊	能登エリア （和倉温泉、七尾市、輪島市、珠洲市など）	石川県外には泊まらない	夫婦2人	アウトドア（海水浴、釣り、登山など）	自家用車	自家用車			3,000円以上 5,000円未満	5,000円以上 10,000円未満	5,000円以上 10,000円未満	11回目以上	観光連盟やDMOのHP	選択なし/該当施設なし		選択なし／該当施設なし		10,000円以上 20,000円未満	満足		満足	スタッフの方丁寧で施設が清潔である	感じなかった		8		また行きたい（1年以内）	郷土料理紹介	その他	1965	京都府	宇治市	100万円未満	景品が当たる	満足	8	海の美しさ 自然の雄大さ
能登エリア	味な宿　宝仙閣	2026/09/24	同意する	2泊	1泊	能登エリア （和倉温泉、七尾市、輪島市、珠洲市など）	富山県	自分ひとり	温泉や露天風呂, 地元の美味しいものを食べる, 名所、旧跡の観光, テーマパーク（遊園地、動物園、博物館など）	自家用車	自家用車			1,000円以上 3,000円未満	5,000円以上 10,000円未満	5,000円以上 10,000円未満	初めて	インターネット・アプリ	選択なし/該当施設なし	金沢城	選択なし／該当施設なし	高岡城	1,000円未満	とても満足	人数変更等丁寧に対応してもらえた	満足	古いホテルみたいだが、部屋は綺麗だった	感じなかった		5		機会があれば行きたい	特になし	男	1973	愛知県	清須市	1,000万円以上 1,200万円未満	景品が当たる, 石川県のおすすめ観光スポットが見たい	満足	8	
能登エリア	出張輪島朝市 inワイプラザ輪島店	2026/09/24	同意する	4泊以上	2泊	白山エリア （一里野温泉、白峰温泉、白山市など）	富山、福井	夫婦2人	温泉や露天風呂, 地元の美味しいものを食べる, 名所、旧跡の観光, 買い物、アウトレット	自家用車	自家用車			使わない	5,000円以上 10,000円未満	20,000円以上 30,000円未満	2～5回目	新聞・雑誌・ガイドブック, インターネット・アプリ, YouTube	選択なし/該当施設なし	道の駅いおり	選択なし／該当施設なし	和倉温泉総湯	1,000円以上 3,000円未満	満足	品揃えが良かった	とても満足	賑わっていて活気があった	感じなかった		8	2階への階段が少し雰囲気が暗い印象を受けた。そのあたりがもう少し改善されたらいいなと思いました。	また行きたい（1年以内）	気張りせずに購入できる少しいい菓子土産があるといい。	女	1982	茨城県	つくば市	900万円以上 1,000万円未満	景品が当たる, ひゃくまんさんが好き, 石川県のおすすめ観光スポットが見たい	とても満足	10	輪島朝市、輪島方面まで足を伸ばしてほしいので。
能登エリア	のとじま水族館	2026/09/24	同意する	日帰り	石川県内には宿泊しない	石川県内には宿泊しない	石川県外には泊まらない	中学生以上連れの家族	テーマパーク（遊園地、動物園、博物館など）	自家用車	自家用車			使わない	5,000円以上 10,000円未満	5,000円以上 10,000円未満	11回目以上	インターネット・アプリ	千里浜なぎさドライブウェイ	みず	輪島朝市		1,000円以上 3,000円未満	とても満足		とても満足		感じた	喫煙所の場所入りのマップがネットで探しても出てこない	9		また行きたい（1年以内）	とくになし	男	1987	石川県	白山市	200万円以上 300万円未満	景品が当たる	満足	9	
能登エリア	ホテルアリヴィオ	2026/09/24	同意する	1泊	1泊	能登エリア （和倉温泉、七尾市、輪島市、珠洲市など）	石川県外には泊まらない	自分ひとり	友人・親戚を訪ねる	新幹線	在来線	満足	金沢から特急があったので七尾まで1時間弱でこられたので	5,000円以上 10,000円未満	30,000円以上 40,000円未満	3,000円以上 5,000円未満	初めて	インターネット・アプリ	能登食祭市場	七尾美術館	選択なし／該当施設なし		1,000円以上 3,000円未満	とても満足	見たかった貴重な展示物を見ることができた。	とても満足		感じなかった		8		機会があれば行きたい	時間単位で借りられるレンタサイクルがあるとよいと思います	女	1971	神奈川県	川崎市	1,000万円以上 1,200万円未満	景品が当たる, 石川県が第二の故郷なので好きだから	とても満足	10	風光明媚であること　いろんなことがデトックスできる
能登エリア	木ノ浦ビレッジ	2026/09/24	同意する	4泊以上	3泊	能登エリア （和倉温泉、七尾市、輪島市、珠洲市など）	福井県	団体旅行	地元の美味しいものを食べる, まちあるき、都市散策	新幹線	旅行会社ツアーバス	満足		10,000円以上 20,000円未満	1,000円以上 3,000円未満	20,000円以上 30,000円未満	初めて	観光協会等の案内所	選択なし/該当施設なし		選択なし／該当施設なし		使わない	とても不満	施設が綺麗でとても広かったため。朝起きたら海が目の前にあって圧巻の景色だった。	とても不満		感じなかった		9		機会があれば行きたい	お魚の料理	女	2006	熊本県	八代市	400万円以上 500万円未満	景品が当たる, 石川県のおすすめ観光スポットが見たい, 石川県の雑学を知りたい	満足	9	家族に伝えたいです。 私の家族はドライブが好きなので長時間のドライブも苦にならずその先に絶景が待っているみたいなのが好きなのでおすすめしたいです。
能登エリア	いこいの村 能登半島	2026/09/24	同意する	4泊以上	4泊以上	能登エリア （和倉温泉、七尾市、輪島市、珠洲市など）	石川県外には泊まらない	中学生以上連れの家族	友人・親戚を訪ねる	自家用車	自家用車			20,000円以上 30,000円未満	10,000円以上 20,000円未満	10,000円以上 20,000円未満	11回目以上	インターネット・アプリ	選択なし/該当施設なし	親戚に会うのが目的で来ましたので、特にどこにも行っていませんが、帰路でどこかに立ち寄るかもしれません。	選択なし／該当施設なし	特に決めていません	5,000円以上 10,000円未満	とても満足	施設は古かったですが、ゆったりした作りで良かったです。	とても満足	温泉、露天風呂など楽しませていただきました。	感じなかった		10	朝食の分ビュッフェがとても美味しかったです！混雑時でなかったので、パンケーキ焼き機も楽しかったです。次回機会があれば屋外のアクティビティも楽しめたらと思います！	また行きたい（1年以内）	和倉温泉も早く復興できると良いですね	女	1969	大阪府	豊中市	600万円以上 700万円未満	景品が当たる	とても満足	10	大人5人での宿泊となるとなかなか一部屋でゆったりしたお部屋には泊まれないのですが、今回は広すぎるくらいで大満足です。ベッドが2台あったのも、決め手でした！ そして、朝食がとても美味しかったです！
能登エリア	いこいの村 能登半島	2026/09/24	同意する	4泊以上	4泊以上	金沢エリア  （湯涌温泉、深谷温泉、犀川温泉など）	石川県外には泊まらない	中学生以上連れの家族	友人・親戚を訪ねる	自家用車	自家用車	満足	駐車場に困ることがないので	20,000円以上 30,000円未満	3,000円以上 5,000円未満	5,000円以上 10,000円未満	初めて	インターネット・アプリ	選択なし/該当施設なし	親戚の家	千里浜なぎさドライブウェイ		1,000円以上 3,000円未満	満足	部屋が広く、朝食ビュッフェも良かった	どちらでもない	古い感じは否めないかなぁと思った	感じなかった		7	ご当地ガチャが楽しかった	機会があれば行きたい	土地の名産品についての押し出しが弱く感じる	女	1997	大阪府	豊中市	900万円以上 1,000万円未満	景品が当たる	どちらでもない	7	
能登エリア	のと里山空港	2026/09/24	同意する	日帰り	石川県内には宿泊しない	石川県内には宿泊しない	石川県外には泊まらない	親	名所、旧跡の観光, 買い物、アウトレット, ドライブ・ツーリング	自家用車, 旅行会社ツアーバス	自家用車		駐車場が混んでいた	5,000円以上 10,000円未満	5,000円以上 10,000円未満	20,000円以上 30,000円未満	2～5回目	新聞・雑誌・ガイドブック, インターネット・アプリ	選択なし/該当施設なし		輪島朝市		5,000円以上 10,000円未満	不満	売店が狭い	どちらでもない	何をどう楽しめばいいのかわからない	感じた	トイレの手洗いの水が出なかったりする	4	外でも物販などすればいいのでは	機会があれば行きたい	見附島の鐘モニュメントを修理して欲しい	女	1962	石川県	金沢市	700万円以上 800万円未満	石川県のおすすめ観光スポットが見たい	どちらでもない	6	ポケモンが好きな人には勧めたい
能登エリア	のとじま水族館	2026/09/24	同意する	日帰り	石川県内には宿泊しない	石川県内には宿泊しない	自宅	中学生以上連れの家族	地元の美味しいものを食べる, 買い物、アウトレット, ドライブ・ツーリング	自家用車	自家用車			10,000円以上 20,000円未満	5,000円以上 10,000円未満	10,000円以上 20,000円未満	2～5回目	インターネット・アプリ	道の駅のとじま		選択なし／該当施設なし		3,000円以上 5,000円未満	とても満足	スタッフの対応がよい	とても満足	展示の仕方が面白い	感じなかった		10	お土産はいろいろな物があって楽しかった	また行きたい（1年以内）	美味しい海の幸。娘が漁師飯のさかなの叩きが美味しいくて、冷凍で売っていないか探していました。可能ならそんなものも作って欲しいです。	女	1964	岐阜県	各務原市	400万円以上 500万円未満	頑張ってみえる石川県の方々にエールをおくるため。大変な時だからと遠慮するのではなく、敢えて訪ねる事で微力ですが応援になればと思ってます。より良い復興に期待しています。頑張ってください。	満足	9	おもてなしの姿勢が皆にみえた
能登エリア	のとじま水族館	2026/09/24	同意する	4泊以上	3泊	能登エリア （和倉温泉、七尾市、輪島市、珠洲市など）	富山県	小学生以下連れの家族	地元の美味しいものを食べる, 名所、旧跡の観光, テーマパーク（遊園地、動物園、博物館など）	自家用車	自家用車			40,000円以上 50,000円未満	20,000円以上 30,000円未満	50,000円以上 100,000円未満	2～5回目	インターネット・アプリ, Instagram	千里浜なぎさドライブウェイ		能登食祭市場		3,000円以上 5,000円未満	満足	ショーもハロウィンの展示も満足	満足		感じなかった		8		機会があれば行きたい	特になし	女	1984	埼玉県	さいたま市南区	800万円以上 900万円未満	景品が当たる	とても満足	9	のとじま水族館のジンベイザメ
能登エリア	のとじま水族館	2026/09/24	同意する	3泊	2泊	金沢エリア  （湯涌温泉、深谷温泉、犀川温泉など）	富山県	小学生以下連れの家族	地元の美味しいものを食べる, テーマパーク（遊園地、動物園、博物館など）, ポケモンスタンプラリー	自家用車	自家用車			1,000円以上 3,000円未満	30,000円以上 40,000円未満	20,000円以上 30,000円未満	初めて	観光展・物産展, 観光パンフレット・ポスター, Instagram	千里浜なぎさドライブウェイ		道の駅のとじま		1,000円以上 3,000円未満	満足		とても満足		感じなかった		8		機会があれば行きたい	物産展があまりないように感じました	女	1990	静岡県	御殿場市	900万円以上 1,000万円未満	景品が当たる	満足	10	交通の便が良かったです！（車）
能登エリア	能登食祭市場	2026/09/24	同意する	4泊以上	3泊	能登エリア （和倉温泉、七尾市、輪島市、珠洲市など）	富山県	夫婦2人	温泉や露天風呂, 地元の美味しいものを食べる, まちあるき、都市散策	自家用車	自家用車			使わない	5,000円以上 10,000円未満	20,000円以上 30,000円未満	2～5回目	インターネット・アプリ	選択なし/該当施設なし	道の駅いおり	輪島朝市		1,000円未満	とても満足	ふぐ炙りがおいしかった	満足	ふぐ炙りがおいしかった	感じなかった		8		機会があれば行きたい	特になし	男	1980	茨城県	つくば市	1,000万円以上 1,200万円未満	なんとなく	満足	8	輪島朝市　美味しい
能登エリア	トレーラーハウスのと　牡蠣の宿ike	2026/09/24	同意する	日帰り	石川県内には宿泊しない	石川県内には宿泊しない	富山県	友人	地元の美味しいものを食べる	自家用車	自家用車			使わない	1,000円以上 3,000円未満	3,000円以上 5,000円未満	初めて	インターネット・アプリ	選択なし/該当施設なし	お祭り会館	選択なし／該当施設なし	日本海クラブ	1,000円未満	満足	レストランがあった	満足	景色が良かった	感じなかった		8	レストランでのビール	また行きたい（1年以内）	カキフライ美味しかった	女	1961	富山県	富山市東富山寿町	900万円以上 1,000万円未満	景品が当たる	満足	8	美味しい景色が良い
能登エリア	ikeカキてん	2026/09/24	同意する	1泊	1泊	能登エリア （和倉温泉、七尾市、輪島市、珠洲市など）	富山県	友人	地元の美味しいものを食べる	自家用車	自家用車	とても満足	美味しい	1,000円以上 3,000円未満	使わない	1,000円未満	初めて	インターネット・アプリ	能登食祭市場		能登食祭市場		1,000円以上 3,000円未満	とても満足	楽しい	満足	たのしかった	感じなかった		6	美味しい	また行きたい（1年以内）	のどぐろだし	女	1965	富山県	富山市	400万円以上 500万円未満	景品が当たる	とても満足	8	綺麗
能登エリア	日本の宿 のと楽	2026/09/24	同意する	2泊	4泊以上	能登エリア （和倉温泉、七尾市、輪島市、珠洲市など）	富山県	夫婦2人	宿でのんびり過ごす, 温泉や露天風呂, 地元の美味しいものを食べる	自家用車	自家用車, 在来線			5,000円以上 10,000円未満	10,000円以上 20,000円未満	40,000円以上 50,000円未満	初めて	観光パンフレット・ポスター, インターネット・アプリ	千里浜なぎさドライブウェイ		のとじま水族館		5,000円以上 10,000円未満	とても満足	夕食の懐石料理か美味しかった	とても満足		感じなかった		9		また行きたい（1年以内）	特になし	男	1975	滋賀県	栗東市	600万円以上 700万円未満	なんとなく	満足	9	能登地震からの復興して、頑張っている姿
能登エリア	のとじま水族館	2026/09/24	同意する	1泊	1泊	加賀エリア （山代温泉、山中温泉、片山津温泉、粟津温泉、辰口温泉、加賀市、小松市など）	石川県外には泊まらない	夫婦2人	名所、旧跡の観光, テーマパーク（遊園地、動物園、博物館など）	自家用車	自家用車			20,000円以上 30,000円未満	3,000円以上 5,000円未満	10,000円以上 20,000円未満	初めて	TV・ラジオ番組やCM	道の駅のとじま		選択なし／該当施設なし	ポケモンの足湯	使わない	とても不満	駐車場が狭いし、道路も狭く渋滞するしで散々	どちらでもない	入れなかったから	感じなかった	車の事を配慮していない	2	改善して	機会があれば行きたい	特になし	男	1995	富山県	富山市	800万円以上 900万円未満	景品が当たる	満足	7	のとじま
能登エリア	のとじま水族館	2026/09/24	同意する	1泊	1泊	能登エリア （和倉温泉、七尾市、輪島市、珠洲市など）	石川県外には泊まらない	友人	地元の美味しいものを食べる, 名所、旧跡の観光	レンタカー, 新幹線	レンタカー	とても満足	車の方が行きやすいから	5,000円以上 10,000円未満	10,000円以上 20,000円未満	10,000円以上 20,000円未満	2～5回目	Instagram, 友人・知人	能登食祭市場		選択なし／該当施設なし		3,000円以上 5,000円未満	とても満足	大水槽	とても満足	ジンベエザメ	感じなかった		10		また行きたい（1年以内）	魚が美味しい	女	1984	大阪府	松原市	400万円以上 500万円未満	景品が当たる, ひゃくまんさんが好き, ARでひゃくまんさんと写真が撮りたかった, 動く３Dひゃくまんさんを見たい	とても満足	10	ご飯が美味しいし安い
金沢エリア	屋内木育施設 もりのひみつきち	2026/09/24	同意する	日帰り	石川県内には宿泊しない	石川県内には宿泊しない	石川県外には泊まらない	小学生以下連れの家族	温泉や露天風呂, 地元の美味しいものを食べる, テーマパーク（遊園地、動物園、博物館など）, スポーツ観戦や芸術鑑賞（コンサート等）	自家用車	自家用車			50,000円以上 100,000円未満	20,000円以上 30,000円未満	40,000円以上 50,000円未満	初めて	友人・知人	近江町市場		近江町市場		20,000円以上 30,000円未満	満足	海鮮が新鮮	満足	美味しいから	感じなかった		8		また行きたい（1年以内）	特になし	男	1964	石川県	かほく市	900万円以上 1,000万円未満	景品が当たる	満足	8	よかったから
金沢エリア	金沢中央観光案内所	2026/09/24	同意する	4泊以上	4泊以上	金沢エリア  （湯涌温泉、深谷温泉、犀川温泉など）	石川県外には泊まらない	自分ひとり	宿でのんびり過ごす, 温泉や露天風呂, 地元の美味しいものを食べる, 名所、旧跡の観光, お祭りやイベントへの参加・見物, まちあるき、都市散策	在来線	徒歩			50,000円以上 100,000円未満	10,000円以上 20,000円未満	40,000円以上 50,000円未満	6～10回目	新聞・雑誌・ガイドブック, インターネット・アプリ, 友人・知人	兼六園		近江町市場		1,000円以上 3,000円未満	満足	資料が揃っていて、質問に答えてくださるスタッフが在中	満足	同上	感じなかった		8	インバウンドのせいもあり、サービスの質が下がっている様に感じます。大好きな街で再々訪れますが、サービスの質の低下を、感じました。。	機会があれば行きたい	丁寧な接客と、おもてなしの心遣い	女	1952	京都府	南区	500万円以上 600万円未満	景品が当たる	満足	8	飲食店の紹介。サービスコスパ最高で居心地がとても良い
金沢エリア	石川県立歴史博物館	2026/09/24	同意する	1泊	1泊	金沢エリア  （湯涌温泉、深谷温泉、犀川温泉など）	石川県外には泊まらない	自分ひとり	地元の美味しいものを食べる, 名所、旧跡の観光	新幹線	路線バス, 徒歩	満足	周遊バスがあるため	3,000円以上 5,000円未満	3,000円以上 5,000円未満	10,000円以上 20,000円未満	初めて	インターネット・アプリ, X(旧：Twitter)	兼六園		選択なし/該当施設なし	この後帰るため	1,000円未満	満足	妥当であり学割も効いたため	満足		感じなかった		8		どちらともいえない	海鮮。そして中世日本のコアな史跡や展示	男	2003	東京都	三鷹市	1,500万円以上	景品が当たる	満足	6	食は美味しかったがワクワクする史跡はそこまで多くなかったため
金沢エリア	ガーデンホテル金沢	2026/09/24	同意する	4泊以上	1泊	金沢エリア  （湯涌温泉、深谷温泉、犀川温泉など）	富山県	自分ひとり	地元の美味しいものを食べる, 出張など仕事関係	在来線	在来線	満足	駅から近くて良かった	3,000円以上 5,000円未満	5,000円以上 10,000円未満	5,000円以上 10,000円未満	初めて	楽天アプリ	近江町市場		選択なし/該当施設なし	都寿し	3,000円以上 5,000円未満	満足	スタッフの方が凄く感じが良かった	とても満足		感じなかった		9		また行きたい（1年以内）	特になし	男	1991	大阪府	大阪市	500万円以上 600万円未満	景品が当たる	満足	9	
金沢エリア	金沢駅	2026/09/24	同意する	1泊	1泊	金沢エリア  （湯涌温泉、深谷温泉、犀川温泉など）	石川県外には泊まらない	親	地元の美味しいものを食べる, 名所、旧跡の観光	新幹線	在来線			20,000円以上 30,000円未満	20,000円以上 30,000円未満	20,000円以上 30,000円未満	初めて	新聞・雑誌・ガイドブック	金沢21世紀美術館		選択なし/該当施設なし		1,000円以上 3,000円未満	どちらでもない		どちらでもない	休館日だったので	感じなかった		8		機会があれば行きたい	お酒をもっといろいろ飲みたい	女	1983	兵庫県	神戸市	200万円以上 300万円未満	景品が当たる, 石川県のおすすめ観光スポットが見たい	満足	8	
加賀エリア	小松空港	2026/09/24	同意する	2泊	2泊	金沢エリア  （湯涌温泉、深谷温泉、犀川温泉など）	石川県外には泊まらない	中学生以上連れの家族	地元の美味しいものを食べる, 名所、旧跡の観光	飛行機	リムジンバス	とても満足	時間通り着いた	10,000円以上 20,000円未満	30,000円以上 40,000円未満	30,000円以上 40,000円未満	初めて	新聞・雑誌・ガイドブック, Instagram, 友人・知人	選択なし/該当施設なし		選択なし／該当施設なし		3,000円以上 5,000円未満	満足		満足		感じなかった		10		機会があれば行きたい	特になし	女	1972	福岡県	糟屋郡	700万円以上 800万円未満	景品が当たる	とても満足	10	ひがし茶屋街のスイーツ
加賀エリア	航空プラザ	2026/09/24	同意する	1泊	1泊	加賀エリア （山代温泉、山中温泉、片山津温泉、粟津温泉、辰口温泉、加賀市、小松市など）	石川県外には泊まらない	中学生以上連れの家族	温泉や露天風呂, テーマパーク（遊園地、動物園、博物館など）	自家用車	自家用車			5,000円以上 10,000円未満	5,000円以上 10,000円未満	20,000円以上 30,000円未満	初めて	インターネット・アプリ	選択なし/該当施設なし	此処が一番最初だったから	選択なし／該当施設なし	いしかわ動物園	1,000円以上 3,000円未満	とても満足	シミュレーション他航空の歴史もメッチャ楽しかったから	とても満足	足が悪いのでバリアフリー♿️が整っていたので凄く助かった	感じなかった		10	航空関係のお土産が豊富過ぎて目移りして厳選するのに大変だった	機会があれば行きたい	今のところ特に無し	女	1962	京都府	伏見区	400万円以上 500万円未満	景品が当たる	満足	8	親子で愉しさと思い出の共有が出来る 
加賀エリア	のとや	2026/09/24	同意する	2泊	2泊	加賀エリア （山代温泉、山中温泉、片山津温泉、粟津温泉、辰口温泉、加賀市、小松市など）	石川県外には泊まらない	夫婦2人	温泉や露天風呂, 地元の美味しいものを食べる, 花見や紅葉などの自然鑑賞, 名所、旧跡の観光	新幹線	在来線, のとや　送迎バス	とても満足	ストレスなく利用できた。	30,000円以上 40,000円未満	10,000円以上 20,000円未満	10,000円以上 20,000円未満	初めて	Google map	選択なし/該当施設なし	小松の杜	選択なし／該当施設なし	兼六園、能登金剛、ヤセの断崖	1,000円以上 3,000円未満	どちらでもない	まだ行ってない	どちらでもない	未だ行ってない	感じなかった		7	こちらが聞きたい	また行きたい（1年以内）	以前来た時も最高。今回も期待！	男	1966	神奈川県	横浜市西区	1,200万円以上 1,500万円未満	景品が当たる	とても満足	8	小松の杜は穴場
加賀エリア	のとや	2026/09/24	同意する	2泊	2泊	加賀エリア （山代温泉、山中温泉、片山津温泉、粟津温泉、辰口温泉、加賀市、小松市など）	石川県外には泊まらない	夫婦2人	温泉や露天風呂, 地元の美味しいものを食べる, 花見や紅葉などの自然鑑賞, 名所、旧跡の観光	新幹線	在来線, のとや送迎バス	とても満足	のとや送迎バスのスタッフの対応が親切ですごく良かったです。	30,000円以上 40,000円未満	20,000円以上 30,000円未満	10,000円以上 20,000円未満	初めて	インターネット・アプリ	選択なし/該当施設なし	小松の森	選択なし／該当施設なし	金沢、能登半島	10,000円以上 20,000円未満	どちらでもない	明日の予定なのでまだわかりません。	どちらでもない	明日の予定なのでまだわかりません。	感じなかった		8		機会があれば行きたい	ノドグロ	女	1972	神奈川県	横浜市	1,200万円以上 1,500万円未満	景品が当たる	満足	8	食べ物と名所
加賀エリア	小松空港	2026/09/24	同意する	3泊	1泊	金沢エリア  （湯涌温泉、深谷温泉、犀川温泉など）	福井県	友人	地元の美味しいものを食べる, まちあるき、都市散策, ドライブ・ツーリング	新幹線	レンタカー	とても満足	値段が合理的です。	5,000円以上 10,000円未満	10,000円以上 20,000円未満	5,000円以上 10,000円未満	2～5回目	インターネット・アプリ	選択なし/該当施設なし	能登半島	選択なし／該当施設なし	兼六園	10,000円以上 20,000円未満	満足	清潔です。	満足	便利です。	感じなかった		9	面白かったです。	機会があれば行きたい	特にありません。	女	1970	新潟県	上越市	100万円未満	景品が当たる	満足	8	都会でありながら、伝統的な雰囲気があって、いろんな味わいのある町ですから。 
加賀エリア	加賀の宿宝生亭	2026/09/24	同意する	2泊	1泊	加賀エリア （山代温泉、山中温泉、片山津温泉、粟津温泉、辰口温泉、加賀市、小松市など）	富山県	小学生以下連れの家族	宿でのんびり過ごす, 温泉や露天風呂, 地元の美味しいものを食べる	自家用車	自家用車			30,000円以上 40,000円未満	20,000円以上 30,000円未満	20,000円以上 30,000円未満	2～5回目	観光パンフレット・ポスター, インターネット・アプリ, Instagram	月うさぎの里		選択なし／該当施設なし		1,000円以上 3,000円未満	満足		満足		感じた	トイレに子供と一緒に入れなかった	8		また行きたい（1年以内）	子連れで行きやすいところを増やしてほしい	女	1994	大阪府	大東市	600万円以上 700万円未満	景品が当たる, 石川県のおすすめ観光スポットが見たい	とても満足	10	
加賀エリア	小松空港	2026/09/24	同意する	4泊以上	4泊以上	加賀エリア （山代温泉、山中温泉、片山津温泉、粟津温泉、辰口温泉、加賀市、小松市など）	石川県外には泊まらない	小学生以下連れの家族	友人・親戚を訪ねる	新幹線, 飛行機	自家用車			30,000円以上 40,000円未満	5,000円以上 10,000円未満	20,000円以上 30,000円未満	11回目以上	航空機利用のため	石川県立航空プラザ		選択なし／該当施設なし		1,000円以上 3,000円未満	とても満足		満足	古くなってきましたね	感じなかった		10		また行きたい（1年以内）	特になし	女	1964	東京都	大田区	800万円以上 900万円未満	景品が当たる	とても満足	10	石川動物園ナイトzoo、サイエンスヒルズが面白かった
加賀エリア	小松空港	2026/09/24	同意する	1泊	1泊	加賀エリア （山代温泉、山中温泉、片山津温泉、粟津温泉、辰口温泉、加賀市、小松市など）	石川県外には泊まらない	恋人	温泉や露天風呂, 地元の美味しいものを食べる, 名所、旧跡の観光, 各種体験（手作り、果物狩りなど）	飛行機	レンタカー	とても満足	レンタカーが近くで借りれてとても良かった。カウンターの方の対応もとても良かった。	20,000円以上 30,000円未満	10,000円以上 20,000円未満	30,000円以上 40,000円未満	2～5回目	観光パンフレット・ポスター, インターネット・アプリ	選択なし/該当施設なし	永平寺	選択なし／該当施設なし	ここが最後でした	5,000円以上 10,000円未満	とても満足	御当地のものがたくさんあってよかった。	とても満足	設備も綺麗だった	感じなかった		9	もう少し、飲食店があると嬉しいが、御当地のうどんやカレーが食べれるので満足です。	また行きたい（1年以内）	地域ごとに何が有名だとか、御当地の食べ物やお菓子とかわかりやすくなればいいなと思いました。	男	1990	千葉県	千葉市緑区	500万円以上 600万円未満	景品が当たる	とても満足	10	友達。温泉がよかった。 その他よかったところを伝えたい。
加賀エリア	小松空港	2026/09/24	同意する	2泊	石川県内には宿泊しない	石川県内には宿泊しない	富山県	恋人	温泉や露天風呂, 名所、旧跡の観光	新幹線	在来線	とても満足	ホスピタリティ	30,000円以上 40,000円未満	30,000円以上 40,000円未満	20,000円以上 30,000円未満	初めて	インターネット・アプリ, 友人・知人	選択なし/該当施設なし	金沢城	選択なし／該当施設なし	帰宅	3,000円以上 5,000円未満	とても満足	綺麗だった	とても満足	ごはんがおいしかった	感じなかった		10		また行きたい（1年以内）	ごとうちごはん	男	1999	福岡県	糟屋郡	500万円以上 600万円未満	ひゃくまんさんが好き	とても満足	10	直感
加賀エリア	小松空港	2026/09/24	同意する	日帰り	石川県内には宿泊しない	石川県内には宿泊しない	富山県	恋人	地元の美味しいものを食べる	新幹線, 在来線	在来線, 路線バス	とても満足	快適であった	使わない	5,000円以上 10,000円未満	3,000円以上 5,000円未満	2～5回目	インターネット・アプリ	選択なし/該当施設なし	兼六園	選択なし／該当施設なし		1,000円以上 3,000円未満	とても満足		とても満足	清潔であった	感じなかった		10		機会があれば行きたい	海鮮食べ歩き	女	1997	福岡県	筑紫野市	400万円以上 500万円未満	景品が当たる, 石川県の雑学を知りたい	とても満足	10	海鮮が美味しい
能登エリア	のと里山里海ミュージアム	2026/09/24	同意する	4泊以上	石川県内には宿泊しない	石川県内には宿泊しない	富山県	自分ひとり	地元の美味しいものを食べる	レンタカー	レンタカー	満足	混雑もなくスムーズだった	使わない	20,000円以上 30,000円未満	1,000円未満	初めて	インターネット・アプリ	選択なし/該当施設なし		選択なし／該当施設なし		使わない	満足	無料だが、充実した展示	満足		感じなかった		5		機会があれば行きたい	まつりを巡ってみたい	男	1969	宮城県	仙台市青葉区	700万円以上 800万円未満	なんとなく	どちらでもない	7	
能登エリア	のとじま水族館	2026/09/24	同意する	2泊	1泊	加賀エリア （山代温泉、山中温泉、片山津温泉、粟津温泉、辰口温泉、加賀市、小松市など）	富山県	小学生以下連れの家族	宿でのんびり過ごす, 温泉や露天風呂, 地元の美味しいものを食べる, 花見や紅葉などの自然鑑賞, テーマパーク（遊園地、動物園、博物館など）, 友人・親戚を訪ねる	自家用車	自家用車			20,000円以上 30,000円未満	5,000円以上 10,000円未満	10,000円以上 20,000円未満	2～5回目	インターネット・アプリ, Instagram	千里浜なぎさドライブウェイ	雨晴海岸	選択なし／該当施設なし		1,000円以上 3,000円未満	満足	飲食店の閉店時間が早すぎるのと、売り切れでないものが多すぎる	満足	展示は色々な工夫があり楽しめた	感じなかった		8	売り切れが多すぎるし、飲食店が少なすぎる。メニューももう少し子供が喜びそうなかわいいものがほしい。	また行きたい（1年以内）	能登の復興に寄与できるものがもっとあってもいいなと感じた	女	1984	大阪府	東大阪市	1,500万円以上	景品が当たる, なんとなく	とても満足	10	非日常を感じられた
能登エリア	コテージ　デジャブ	2026/09/24	同意する	1泊	1泊	能登エリア （和倉温泉、七尾市、輪島市、珠洲市など）	石川県外には泊まらない	恋人	宿でのんびり過ごす, 地元の美味しいものを食べる	自家用車	自家用車			20,000円以上 30,000円未満	使わない	5,000円以上 10,000円未満	初めて	インターネット・アプリ	選択なし/該当施設なし	明日どこか行くかな？どんたくで地魚を買いました	千里浜なぎさドライブウェイ		使わない	とても満足	かわいい、綺麗	とても満足	素敵すぎる	感じなかった		10	素泊まりでした	石川県在住	地元のものが食べたい	女	1990	石川県	野々市	100万円以上 200万円未満	景品が当たる	とても満足	10	安い
能登エリア	海舟	2026/09/24	同意する	1泊	1泊	能登エリア （和倉温泉、七尾市、輪島市、珠洲市など）	石川県外には泊まらない	自分ひとり	宿でのんびり過ごす, 温泉や露天風呂, 地元の美味しいものを食べる, 花見や紅葉などの自然鑑賞, ドライブ・ツーリング	自家用車	自家用車			3,000円以上 5,000円未満	5,000円以上 10,000円未満	10,000円以上 20,000円未満	2～5回目	インターネット・アプリ, 一休やじゃらん	千里浜なぎさドライブウェイ	奥能登ドライブがてら道の駅をいくつか	道の駅のとじま		3,000円以上 5,000円未満	とても満足	スタッフさんが好き。部屋が好き。風待ちテラスとしのぎが好き。料理が大好き。	とても満足	スタッフさんが好き。部屋が好き。風待ちテラスが好き。料理が大好き。	感じた	サムウェルとパジャマが一緒だと、夕飯の匂いが付くので、パジャマが欲しかった。いつもはある？？？	10	独自のお土産をもっと増やしてほしい。ちなみに、前回いただいたおまんじゅうは、職場で即完売しました。今回、購入予定。	また行きたい（1年以内）	第七ぎょうざに行きたいが、中々ハードルが高い。偉い上司にお土産をと思っても年老いているため、塩NG、甘い物NG，酒NG。何を贈ればいいか、わからない	女	1974	大阪府	茨木市	700万円以上 800万円未満	景品が当たる	とても満足	10	内灘から奥能登への海沿い。で、富山湾側の凪っている海。
能登エリア	のとじま水族館	2026/09/24	同意する	日帰り	石川県内には宿泊しない	石川県内には宿泊しない	石川県外には泊まらない	小学生以下連れの家族	テーマパーク（遊園地、動物園、博物館など）	自家用車	自家用車			使わない	使わない	3,000円以上 5,000円未満	6～10回目	インターネット・アプリ	のとじま水族館		能登食祭市場		1,000円以上 3,000円未満	満足	チョアチキンや食祭市場のソフトクリームが美味しいからです	満足		感じなかった		9		また行きたい（1年以内）	輪島製塩さんのお塩が大好きで何度も買いに行っていたのですが、廃業されてしまってとても残念です。石川県は棒茶が美味しかったり海の幸も美味しいのでそれを求めて訪れたりもします。	女	1986	富山県	高岡市	700万円以上 800万円未満		とても満足	10	のとじま水族館ではスタンプラリーに参加したり、イルカショーを見たりとても楽しめたからです。
能登エリア	和倉温泉-総湯-	2026/09/24	同意する	日帰り	4泊以上	金沢エリア  （湯涌温泉、深谷温泉、犀川温泉など）	石川県外には泊まらない	職場の同僚	出張など仕事関係	自家用車	自家用車			使わない	1,000円以上 3,000円未満	10,000円以上 20,000円未満	初めて	友人・知人	能登食祭市場		選択なし／該当施設なし		1,000円以上 3,000円未満	とても満足	温度がちょうどいい	とても満足	安い	感じなかった		10	温泉卵サイコー	機会があれば行きたい	特になし	男	1997	新潟県	南区	800万円以上 900万円未満	景品が当たる, 石川県のおすすめ観光スポットが見たい, なんとなく	とても満足	10	ナマコうめー
能登エリア	和倉温泉-総湯-	2026/09/24	同意する	4泊以上	4泊以上	金沢エリア  （湯涌温泉、深谷温泉、犀川温泉など）	富山県	家族旅行三世帯	温泉や露天風呂, 地元の美味しいものを食べる, 名所、旧跡の観光, テーマパーク（遊園地、動物園、博物館など）, アウトドア（海水浴、釣り、登山など）, まちあるき、都市散策, ドライブ・ツーリング	自家用車	自家用車			40,000円以上 50,000円未満	5,000円以上 10,000円未満	40,000円以上 50,000円未満	2～5回目	新聞・雑誌・ガイドブック, TV・ラジオ番組やCM	千里浜なぎさドライブウェイ	道の駅のと　厳門　氣多大社	選択なし／該当施設なし	本日最後の観光地だったので金沢市の宿泊施設に帰る（帰宅時間1時間半18時30分到着予定）	1,000円未満	とても満足	温泉卵も目的の一つだったので、卵が受付にありとても助かった。近くのコンビニで売り切れていたのでとてもありがたかったです。	とても満足	温泉は広くお湯もすごくいい。立湯などの珍しい湯船もあり楽しい🎶子連れだったが飽きることなく入浴することができた。スタッフも気さくな感じで能登の人柄の良さを感じることができた。気持ちよく入浴する事ができた	感じなかった		10	この施設では温泉目的で来た。お土産は温泉卵かな?	機会があれば行きたい	石川といえば海鮮、もちろんどれも美味しいが連泊で毎日海鮮だと違うものが食べたくなるの、でイタリアンや日本食の富山の食材を使ったものなども広くもっと沢山アピールしてほしい。まだまだ復興に向けて観光地も修繕途中のところがたくさんあった、踏ん張って元よりより良い石川になってほしい。	女	1975	東京都	町田市	100万円未満	自分の旅の計画が石川の参考になり、何かの手助けになればいいなと思ったからです。	とても満足	10	能登の日本海の景色はとても素晴らしい。それを考えるなら千里浜なぎさドライブウェイ、厳門などを勧めると思う。
能登エリア	体験交流施設　ラブロ恋路	2026/09/24	同意する	1泊	1泊	能登エリア （和倉温泉、七尾市、輪島市、珠洲市など）	石川県外には泊まらない	職場の同僚	ボランティア	レンタカー, 新幹線	レンタカー			10,000円以上 20,000円未満	10,000円以上 20,000円未満	10,000円以上 20,000円未満	初めて	職場	選択なし/該当施設なし	明日の準備の為の買い出しにスーパーへ寄った	選択なし／該当施設なし	寄れる場所がまだ不明	5,000円以上 10,000円未満	満足	静かである事	満足		感じなかった		5		機会があれば行きたい	特になし	無回答	1960	長野県	東御市	500万円以上 600万円未満	景品が当たる, なんとなく	どちらでもない	5	
能登エリア	のとじま水族館	2026/09/24	同意する	2泊	2泊	金沢エリア  （湯涌温泉、深谷温泉、犀川温泉など）	石川県外には泊まらない	友人	地元の美味しいものを食べる, 名所、旧跡の観光, テーマパーク（遊園地、動物園、博物館など）, 各種体験（手作り、果物狩りなど）	新幹線	レンタカー	満足	時間帯的に混んでなかったのでスムーズに移動できた。電車だと不便そうだったので車でよかった。各所駐車場代もかからず安心して移動できました	10,000円以上 20,000円未満	50,000円以上 100,000円未満	20,000円以上 30,000円未満	2～5回目	観光展・物産展, 新聞・雑誌・ガイドブック, 観光パンフレット・ポスター, 観光協会等の案内所	道の駅のとじま		選択なし／該当施設なし		1,000円以上 3,000円未満	とても満足	ジンベイザメの迫力がよかった！したからだけじゃなくて上から観れるのがなお良い。	とても満足		感じなかった		10		機会があれば行きたい	観光地なので仕方ないけど食費が思ったよりかかりました	女	1996	東京都	府中市	500万円以上 600万円未満	なんとなく	とても満足	10	
能登エリア	のとじま水族館	2026/09/24	同意する	日帰り	石川県内には宿泊しない	石川県内には宿泊しない	日帰りです	小学生以下連れの家族	テーマパーク（遊園地、動物園、博物館など）	自家用車	自家用車			10,000円以上 20,000円未満	1,000円以上 3,000円未満	5,000円以上 10,000円未満	2～5回目	観光展・物産展, 新聞・雑誌・ガイドブック, インターネット・アプリ, 友人・知人	のとじま水族館		選択なし／該当施設なし		3,000円以上 5,000円未満	とても不満	めっちゃ混んでいた。	とても不満	車で到着するまでに時間が掛かった	感じた	他のお客さんとトラブルになった。	2		どちらともいえない	美味しい食事	男	1979	富山県	富山市	300万円以上 400万円未満	景品が当たる	とても不満	2	
能登エリア	のとじま水族館	2026/09/24	同意する	2泊	2泊	能登エリア （和倉温泉、七尾市、輪島市、珠洲市など）	石川県外には泊まらない	小学生以下連れの家族	地元の美味しいものを食べる, テーマパーク（遊園地、動物園、博物館など）	自家用車	自家用車	満足	広い	5,000円以上 10,000円未満	1,000円以上 3,000円未満	3,000円以上 5,000円未満	初めて	新聞・雑誌・ガイドブック, 観光協会等の案内所	千里浜なぎさドライブウェイ		千里浜なぎさドライブウェイ		3,000円以上 5,000円未満	とても満足	努力を感じる	とても満足	バランスがいい	感じなかった		10		機会があれば行きたい	海産物　漁協体験　つり	男	1982	大阪府	枚方市	800万円以上 900万円未満	景品が当たる	とても満足	10	
能登エリア	おくだや	2026/09/24	同意する	3泊	3泊	能登エリア （和倉温泉、七尾市、輪島市、珠洲市など）	石川県外には泊まらない	中学生以上連れの家族	宿でのんびり過ごす, 温泉や露天風呂, 地元の美味しいものを食べる, 名所、旧跡の観光, 買い物、アウトレット, まちあるき、都市散策	レンタカー, 飛行機	レンタカー	満足	不通の場所などもありましたが復興も進みストレスなく移動出来るました。	50,000円以上 100,000円未満	5,000円以上 10,000円未満	10,000円以上 20,000円未満	初めて	友人・知人	道の駅のとじま		能登食祭市場		5,000円以上 10,000円未満	満足	温泉を楽しめた	満足	広くて、飲み物も多くとても良い	感じなかった		10	冷蔵庫いっぱいのドリンク	また行きたい（1年以内）	自然の豊かさと静かさと人間味	男	1969	福岡県	福岡市	1,200万円以上 1,500万円未満	景品が当たる, 石川県のおすすめ観光スポットが見たい, 石川県の雑学を知りたい	とても満足	10	豊富な自然と食事と施設の方のホスピタリティ
能登エリア	おくだや	2026/09/24	同意する	3泊	3泊	金沢エリア  （湯涌温泉、深谷温泉、犀川温泉など）	石川県外には泊まらない	小学生以下連れの家族	温泉や露天風呂, 地元の美味しいものを食べる, ご先祖様のお墓参り	新幹線	レンタカー	満足	珠州からの渋滞を除けば問題なし	40,000円以上 50,000円未満	20,000円以上 30,000円未満	30,000円以上 40,000円未満	2～5回目	インターネット・アプリ, Instagram	千里浜なぎさドライブウェイ		選択なし／該当施設なし	氷見市	10,000円以上 20,000円未満	とても満足	非常に心地よい	とても満足	清潔感もあり落ち着ける	感じなかった		10	この施設で不足している点は何も感じない	また行きたい（1年以内）	雨天時に対応しているアクティビティが増えると嬉しい	男	1978	神奈川県	横浜市鶴見区	400万円以上 500万円未満	景品が当たる, ひゃくまんさんが好き	とても満足	10	自然と食
能登エリア	九右衛門ゲストハウス	2026/09/24	同意する	1泊	1泊	能登エリア （和倉温泉、七尾市、輪島市、珠洲市など）	石川県外には泊まらない	恋人	アウトドア（海水浴、釣り、登山など）	自家用車	自家用車, レンタカー			5,000円以上 10,000円未満	3,000円以上 5,000円未満	1,000円未満	初めて	新聞・雑誌・ガイドブック	千里浜なぎさドライブウェイ		のとじま水族館		使わない	とても満足	清潔である	とても満足	全体的にとても綺麗	感じなかった		10		また行きたい（1年以内）	新鮮な食べ物	男	2003	富山県	富山市芝園町	1,000万円以上 1,200万円未満	景品が当たる	満足	10	能登の自然が豊か
能登エリア	TOMORU HOTEL	2026/09/24	同意する	3泊	3泊	能登エリア （和倉温泉、七尾市、輪島市、珠洲市など）	石川県外には泊まらない	友人	スキー・スノボ・マリンスポーツ	レンタカー, 飛行機	レンタカー	とても満足	車が停めやすい	5,000円以上 10,000円未満	30,000円以上 40,000円未満	50,000円以上 100,000円未満	初めて	Facebook	選択なし/該当施設なし	ファミリーマート	選択なし／該当施設なし	N-style 遊漁船	100,000円以上	とても満足	船長の人柄が良い、サービス品質が素晴らしい	とても満足	サービスが素晴らしい	感じなかった		10	船を止める港周囲の道路や水道の整備を早急に行なってほしい	また行きたい（1年以内）	フィッシング	男	1970	神奈川県	茅ヶ崎市	1,500万円以上	なんとなく	とても満足	10	雰囲気が良い
能登エリア	民宿 わじま	2026/09/24	同意する	4泊以上	3泊	能登エリア （和倉温泉、七尾市、輪島市、珠洲市など）	岐阜県	自分ひとり	温泉や露天風呂, 地元の美味しいものを食べる, 名所、旧跡の観光, テーマパーク（遊園地、動物園、博物館など）, 買い物、アウトレット, お祭りやイベントへの参加・見物, ドライブ・ツーリング, 友人・親戚を訪ねる, 石川県能登地方Vtuber勇者ノトの押し活	バイク	バイク	とても満足	いろいろな景色を見ることができたから	20,000円以上 30,000円未満	20,000円以上 30,000円未満	30,000円以上 40,000円未満	6～10回目	X(旧：Twitter), 友人・知人, YouTube	能登食祭市場		輪島朝市		1,000円以上 3,000円未満	とても満足	説明が丁寧だった	とても満足	お店の人がとても気さくで話しやすかった	感じなかった		10	輪島朝市は仮の場所ですが、雰囲気はとてもよかった。	また行きたい（1年以内）	奥能登へのアクセスで、公共交通機関をもう少し充実させてもいいと感じています。鉄道が廃止されてしまったのでバスになりますが、ルートや時間を設定するのが大変。	男	1980	静岡県	静岡市	1,000万円以上 1,200万円未満	景品が当たる, 石川県のおすすめ観光スポットが見たい	とても満足	10	能登の人たちのあたたかさ。いろいろお話をしていると楽しくて時間を忘れます。
能登エリア	のとじま水族館	2026/09/24	同意する	日帰り	石川県内には宿泊しない	石川県内には宿泊しない	富山県在住	小学生以下連れの家族	テーマパーク（遊園地、動物園、博物館など）, お祭りやイベントへの参加・見物	自家用車	自家用車			使わない	1,000円以上 3,000円未満	3,000円以上 5,000円未満	2～5回目	Instagram	選択なし/該当施設なし		選択なし／該当施設なし		3,000円以上 5,000円未満	とても満足	ハロウィン仕様のショーや写真スポットがあり、他の時期にも伺いたいと思えました。	とても満足	インスタにて早々駐車場が100パーセントとなりバス利用のススメがあり助かりました。	感じなかった		10		また行きたい（1年以内）	スーパーにてローカル食品(ザ土産じゃない方が気になります)	女	1982	富山県	魚津市	100万円未満	なんとなく	満足	10	
金沢エリア	金沢中央観光案内所	2026/09/25	同意する	4泊以上	2泊	金沢エリア  （湯涌温泉、深谷温泉、犀川温泉など）	富山県	夫婦2人	地元の美味しいものを食べる, 名所、旧跡の観光, まちあるき、都市散策	レンタカー	自家用車, レンタカー	満足	駐車場料金が比較的リーズナブル	10,000円以上 20,000円未満	3,000円以上 5,000円未満	20,000円以上 30,000円未満	2～5回目	インターネット・アプリ, Instagram	兼六園		金沢21世紀美術館		1,000円未満	とても満足	分かりやすく資料が豊富	とても満足	過ごしやすい	感じなかった	特になし	8	美味しいものがいっぱいある	機会があれば行きたい	特になし	女	1962	香川県	丸亀市土器町	800万円以上 900万円未満	石川県のおすすめ観光スポットが見たい	満足	8	兼六園
金沢エリア	ガーデンホテル金沢	2026/09/25	同意する	2泊	2泊	金沢エリア  （湯涌温泉、深谷温泉、犀川温泉など）	石川県外には泊まらない	親	地元の美味しいものを食べる, 友人・親戚を訪ねる, 墓参	新幹線, 在来線	徒歩			5,000円以上 10,000円未満	10,000円以上 20,000円未満	5,000円以上 10,000円未満	初めて	インターネット・アプリ	選択なし/該当施設なし		金沢21世紀美術館		1,000円未満	不満	展示替えの期間にあたって、展示室の半分ほどしか展示がなかったから	不満	一番目玉のプールを地下から見るのは、予約が全く取れなくて見ることができなかった。	感じた	有料エリアと無料エリアを行き来することが多く、その度に半券を見せる必要があったから。動線を工夫してほしい。	2		機会があれば行きたい	特になし	女	1973	静岡県	浜松市	600万円以上 700万円未満	景品が当たる	満足	7	
金沢エリア	ガーデンホテル金沢	2026/09/25	同意する	2泊	2泊	金沢エリア  （湯涌温泉、深谷温泉、犀川温泉など）	石川県外には泊まらない	娘	地元の美味しいものを食べる, テーマパーク（遊園地、動物園、博物館など）, 買い物、アウトレット, 各種体験（手作り、果物狩りなど）, 友人・親戚を訪ねる	新幹線	在来線	不満		10,000円以上 20,000円未満	20,000円以上 30,000円未満	20,000円以上 30,000円未満	初めて	新聞・雑誌・ガイドブック	金沢21世紀美術館		選択なし/該当施設なし	加賀温泉	10,000円以上 20,000円未満	満足	治部煮を楽しみにしていた	満足	皆さんの対応が感じ良かった	感じなかった		8	主な名店が多数入っており助かった	機会があれば行きたい	特に無し	女	1948	愛知県	豊橋市	100万円以上 200万円未満	なんとなく	どちらでもない	5	金沢の観光そのものは満足ですが、中部圏からの公共交通は乗り換えが増えて不便になった 特に年寄りには辛い面がある 
加賀エリア	片山津温泉　総湯	2026/09/25	同意する	4泊以上	1泊	加賀エリア （山代温泉、山中温泉、片山津温泉、粟津温泉、辰口温泉、加賀市、小松市など）	上高地、湯の山温泉、和歌山	自分ひとり	温泉や露天風呂	自家用車	自家用車			使わない	1,000円未満	10,000円以上 20,000円未満	初めて	インターネット・アプリ	選択なし/該当施設なし		選択なし／該当施設なし	白山	1,000円未満	とても満足	新ピカで超キレイで快適	とても満足	あの入口の長い歩道の葉っぱを全部はき終えたおじさん	感じなかった		10	朝一番に来て朝の景色も美しく思わず朝ご飯も食べてしまった。もう少し時間があったら散策もしたかった。いる人が気さくで嬉しかった。	機会があれば行きたい	石川、福井、富山の違いがよく分からないがなんだか楽しかった。景色が優しい。	女	1978	岡山県	倉敷市	1,200万円以上 1,500万円未満	なんとなく, 楽しかった事しかない	とても満足	10	白山が素晴らしい。
加賀エリア	のとや	2026/09/25	同意する	3泊	2泊	加賀エリア （山代温泉、山中温泉、片山津温泉、粟津温泉、辰口温泉、加賀市、小松市など）	大阪	中学生以上連れの家族	温泉や露天風呂, 地元の美味しいものを食べる, 名所、旧跡の観光	レンタカー	レンタカー	満足	自由に好きな場所に自由に行ける	50,000円以上 100,000円未満	50,000円以上 100,000円未満	3,000円以上 5,000円未満	初めて	インターネット・アプリ	選択なし/該当施設なし		選択なし／該当施設なし	金沢駅や兼六園など	3,000円以上 5,000円未満	満足		満足		感じなかった		7		機会があれば行きたい	のどかで良い所でした。ただそれを活かして、もうひとおし欲しい感じがしました。	女	1963	福岡県	那珂川市	900万円以上 1,000万円未満		満足	8	昭和レトロで良かった
加賀エリア	いしかわ動物園	2026/09/25	同意する	2泊	2泊	加賀エリア （山代温泉、山中温泉、片山津温泉、粟津温泉、辰口温泉、加賀市、小松市など）	石川県外には泊まらない	夫婦と子2人	宿でのんびり過ごす	レンタカー, 新幹線	レンタカー	満足	スムーズにレンタルができた	100,000円以上	30,000円以上 40,000円未満	50,000円以上 100,000円未満	初めて	インターネット・アプリ	選択なし/該当施設なし		選択なし／該当施設なし	近江町市場	3,000円以上 5,000円未満	とても満足	様々な動物がいて楽しめた	満足	イベントごとがあると更に嬉しい	感じなかった		8		機会があれば行きたい	特になし	女	1977	千葉県	富津市	1,000万円以上 1,200万円未満	なんとなく	満足	8	
加賀エリア	トレインパーク白山	2026/09/25	同意する	1泊	1泊	加賀エリア （山代温泉、山中温泉、片山津温泉、粟津温泉、辰口温泉、加賀市、小松市など）	石川県外には泊まらない	夫婦2人	温泉や露天風呂, 買い物、アウトレット, ドライブ・ツーリング	自家用車	自家用車			30,000円以上 40,000円未満	20,000円以上 30,000円未満	5,000円以上 10,000円未満	初めて	新聞・雑誌・ガイドブック, 観光パンフレット・ポスター, インターネット・アプリ	月うさぎの里		日本自動車博物館		40,000円以上 50,000円未満	とても満足	説明がわかりやすい	とても満足		感じなかった		10		また行きたい（1年以内）	どれも素晴らしい	男	1962	富山県	富山市	400万円以上 500万円未満	景品が当たる, 石川県のおすすめ観光スポットが見たい	とても満足	10	
加賀エリア	トレインパーク白山	2026/09/25	同意する	日帰り	石川県内には宿泊しない	石川県内には宿泊しない	富山県	小学生以下連れの家族	テーマパーク（遊園地、動物園、博物館など）	自家用車	自家用車			使わない	使わない	使わない	2～5回目	Instagram	選択なし/該当施設なし		選択なし／該当施設なし		1,000円未満	とても満足	楽しかった	とても満足	楽しかった	感じなかった		10		また行きたい（1年以内）	石川県の名物グルメの試食販売会	男	1993	石川県	加賀市	600万円以上 700万円未満	景品が当たる	とても満足	10	楽しかった
加賀エリア	日本自動車博物館	2026/09/25	同意する	1泊	1泊	加賀エリア （山代温泉、山中温泉、片山津温泉、粟津温泉、辰口温泉、加賀市、小松市など）	石川県外には泊まらない	夫婦2人	宿でのんびり過ごす, 温泉や露天風呂, 地元の美味しいものを食べる, テーマパーク（遊園地、動物園、博物館など）, 買い物、アウトレット, まちあるき、都市散策	自家用車	自家用車			20,000円以上 30,000円未満	50,000円以上 100,000円未満	10,000円以上 20,000円未満	初めて	観光パンフレット・ポスター	選択なし/該当施設なし	ゆのくに天祥	選択なし／該当施設なし	九谷焼　大雅	100,000円以上	とても満足	前から気になっていた商品を購入しに来た	満足		感じなかった		8		また行きたい（1年以内）	特になし	女	1984	京都府	京丹波町	1,200万円以上 1,500万円未満	景品が当たる, 石川県のおすすめ観光スポットが見たい	満足	9	
加賀エリア	ゆのくに天祥	2026/09/25	同意する	2泊	1泊	能登エリア （和倉温泉、七尾市、輪島市、珠洲市など）	福井県	団体旅行	能登応援	旅行会社ツアーバス	旅行会社ツアーバス	満足	道路や天候の理由で　行きたかった所に行けなかった	20,000円以上 30,000円未満	20,000円以上 30,000円未満	100,000円以上	2～5回目	新聞・雑誌・ガイドブック, 観光パンフレット・ポスター, インターネット・アプリ	選択なし/該当施設なし	兼六園	選択なし／該当施設なし	輪島の朝市	1,000円以上 3,000円未満	満足	いろいろな所が見られた	満足	スーパーも一緒で特産品が見えた	感じなかった		8	みんな頑張っているのを感じた	機会があれば行きたい	金沢駅にある有名店のお店が地方にも欲しい	女	1959	福島県	いわき市	800万円以上 900万円未満	景品が当たる, 石川県のおすすめ観光スポットが見たい, 石川県の雑学を知りたい	とても満足	8	輪島の風景
能登エリア	休暇村能登千里浜	2026/09/25	同意する	2泊	1泊	能登エリア （和倉温泉、七尾市、輪島市、珠洲市など）	福井県	小学生以下連れの家族	温泉や露天風呂, テーマパーク（遊園地、動物園、博物館など）, お祭りやイベントへの参加・見物	自家用車	自家用車			40,000円以上 50,000円未満	10,000円以上 20,000円未満	5,000円以上 10,000円未満	初めて	インターネット・アプリ, Instagram, Facebook, ブログ	千里浜なぎさドライブウェイ		選択なし／該当施設なし	金沢	30,000円以上 40,000円未満	満足	食事美味しかった	満足		感じなかった		8		機会があれば行きたい	海鮮系が美味しい。	男	1975	愛知県	豊橋市	1,200万円以上 1,500万円未満	景品が当たる, 動く３Dひゃくまんさんを見たい	満足	8	
能登エリア	アリヴィオホテル	2026/09/25	同意する	3泊	2泊	能登エリア （和倉温泉、七尾市、輪島市、珠洲市など）	車中泊	自分ひとり	スポーツ観戦や芸術鑑賞（コンサート等）	在来線, 夜行バス	在来線, 夜行バス	満足	金額と時間の節約ができたから。	20,000円以上 30,000円未満	1,000円以上 3,000円未満	5,000円以上 10,000円未満	初めて	インターネット・アプリ	能登食祭市場	能登和倉国際テニス大会	能登食祭市場	能登和倉国際テニス大会	5,000円以上 10,000円未満	満足	地元の方が運営するあたたかみを感じる大会だから。	満足	屋根や椅子があり観戦しやすいから。	感じなかった		8	もう少し物販があると楽しさが増します。	また行きたい（1年以内）	交通機関が充実すると施設を回りやすい。	女	1971	神奈川県	川崎市高津区	900万円以上 1,000万円未満	景品が当たる, 石川県のおすすめ観光スポットが見たい	満足	8	石川県の食べ物の美味しさ、混雑具合の少なさ、地震や水害からの復興で応援したいから。
能登エリア	ホテルアリヴィオ	2026/09/25	同意する	1泊	3泊	能登エリア （和倉温泉、七尾市、輪島市、珠洲市など）	石川県外には泊まらない	研究調査チーム	出張など仕事関係	レンタカー, 新幹線	レンタカー	とても満足	移動手段が他にはないから	1,000円以上 3,000円未満	20,000円以上 30,000円未満	50,000円以上 100,000円未満	2～5回目	観光パンフレット・ポスター, インターネット・アプリ, Facebook, 友人・知人	選択なし/該当施設なし	災害支援	選択なし／該当施設なし	災害被災者宅	5,000円以上 10,000円未満	とても満足	接遇、食事、清潔さ	満足	清潔感、ロビーの雰囲気	感じた	大風呂がなかったのが残念	9	仕事できましたが、少しだけ観光しました	また行きたい（1年以内）	お魚が美味しかった	女	1968	静岡県	静岡市	700万円以上 800万円未満	石川県の雑学を知りたい	満足	7	青の洞窟に入れなかったので再チャレンジしたい
能登エリア	＜INAKA Backpacker House Station 2＞	2026/09/25	同意する	4泊以上	4泊以上	能登エリア （和倉温泉、七尾市、輪島市、珠洲市など）	石川県外には泊まらない	自分ひとり	温泉や露天風呂, 地元の美味しいものを食べる, 花見や紅葉などの自然鑑賞, 名所、旧跡の観光, 買い物、アウトレット, お祭りやイベントへの参加・見物, アウトドア（海水浴、釣り、登山など）, まちあるき、都市散策, 各種体験（手作り、果物狩りなど）, スキー・スノボ・マリンスポーツ, 友人・親戚を訪ねる	自家用車	自家用車	満足	車での移動中も景観を楽しめた	100,000円以上	50,000円以上 100,000円未満	100,000円以上	2～5回目	友人・知人	能登食祭市場		輪島朝市		50,000円以上 100,000円未満	とても満足	アットホームで居心地がよかった	とても満足	アットホームで居心地が良かった	感じなかった		10	キャンプ、バーベキュー	また行きたい（1年以内）	個人的には音楽のイベントがあれば良いなと思う	男	1997	京都府	右京区	300万円以上 400万円未満	景品が当たる	とても満足	10	出会った人たち、お気に入りの景色
能登エリア	のと楽	2026/09/25	同意する	4泊以上	4泊以上	能登エリア （和倉温泉、七尾市、輪島市、珠洲市など）	富山県	夫婦2人	宿でのんびり過ごす, 温泉や露天風呂, 地元の美味しいものを食べる, 名所、旧跡の観光, まちあるき、都市散策, ドライブ・ツーリング, 和倉温泉の歴史と復興応援	自家用車	自家用車	どちらでもない		50,000円以上 100,000円未満	10,000円以上 20,000円未満	30,000円以上 40,000円未満	初めて	観光展・物産展, 新聞・雑誌・ガイドブック, 観光パンフレット・ポスター, インターネット・アプリ, Instagram, Facebook, 観光協会等の案内所	千里浜なぎさドライブウェイ		能登食祭市場	和倉温泉の歴史ツアー	1,000円以上 3,000円未満	満足	インバウンドの方が流暢な日本語で案内と真摯に仕事されていたことに感動致しました！	満足	シルバーウィークだったので、朝食が混んでました。お料理も補充に大変そうでした。懐石料理はとても美味しかったです。特におそばと鮑の蒸し物です。欲をいえばお品書きがあると嬉しかったかな〜	感じた	お客様の多さ	8	七尾湾の景色	機会があれば行きたい	七尾湾で獲れる海鮮	女	1964	滋賀県	栗東市	800万円以上 900万円未満	景品が当たる	満足	8	温泉
能登エリア	おくだや	2026/09/25	同意する	2泊	1泊	能登エリア （和倉温泉、七尾市、輪島市、珠洲市など）	富山県	家族	宿でのんびり過ごす, 温泉や露天風呂, 地元の美味しいものを食べる	自家用車	自家用車			10,000円以上 20,000円未満	20,000円以上 30,000円未満	10,000円以上 20,000円未満	初めて	インターネット・アプリ	千里浜なぎさドライブウェイ		道の駅のとじま		5,000円以上 10,000円未満	とても満足	とてもゆっくり出来ました	とても満足	源泉掛け流しお風呂	感じなかった		10	とても満足してます	また行きたい（1年以内）	石川県だけでなく　能登半島全体として近隣の県との一体感でもっと素晴らしいものにしていただきたい	男	1957	大阪府	八尾市	700万円以上 800万円未満	景品が当たる, 微力ながらアンケートにて協力したいから	とても満足	10	景色　人情　食べ物が　素晴らしい
能登エリア	おくだや	2026/09/25	同意する	2泊	1泊	能登エリア （和倉温泉、七尾市、輪島市、珠洲市など）	富山県	家族	宿でのんびり過ごす, 温泉や露天風呂, 地元の美味しいものを食べる, 誕生日	自家用車	自家用車			10,000円以上 20,000円未満	10,000円以上 20,000円未満	5,000円以上 10,000円未満	2～5回目	インターネット・アプリ, 友人・知人	千里浜なぎさドライブウェイ		能登食祭市場		10,000円以上 20,000円未満	とても満足	とてもゆっくり過ごせた	とても満足	源泉掛け流しのお風呂	感じなかった		10	とても良かった	また行きたい（1年以内）	特になし	女	1958	大阪府	八尾市	700万円以上 800万円未満	景品が当たる, 石川県の雑学を知りたい	とても満足	10	ゆっくりできて　温泉♨️に満足
能登エリア	おくだや	2026/09/25	同意する	1泊	2泊	能登エリア （和倉温泉、七尾市、輪島市、珠洲市など）	富山県	親	宿でのんびり過ごす, 温泉や露天風呂, 地元の美味しいものを食べる	自家用車	自家用車			10,000円以上 20,000円未満	10,000円以上 20,000円未満	20,000円以上 30,000円未満	初めて	インターネット・アプリ, Googlemap	千里浜なぎさドライブウェイ		道の駅のとじま		使わない	とても満足		とても満足		感じなかった		10	ドリンク等のおもてなしが良かった	機会があれば行きたい	ご飯屋さんの充実	女	1989	大阪府	八尾市	600万円以上 700万円未満	景品が当たる	とても満足	10	景色良し！温泉良し！人良し♡
能登エリア	和倉温泉お祭り会館	2026/09/25	同意する	4泊以上	4泊以上	能登エリア （和倉温泉、七尾市、輪島市、珠洲市など）	富山県	夫婦2人	宿でのんびり過ごす, 温泉や露天風呂, 地元の美味しいものを食べる, 名所、旧跡の観光, お祭りやイベントへの参加・見物, まちあるき、都市散策, ドライブ・ツーリング, 和倉温泉の歴史ツアー	自家用車	自家用車			50,000円以上 100,000円未満	20,000円以上 30,000円未満	50,000円以上 100,000円未満	2～5回目	観光展・物産展, 新聞・雑誌・ガイドブック, 観光パンフレット・ポスター, インターネット・アプリ, Instagram, 観光協会等の案内所	千里浜なぎさドライブウェイ		能登食祭市場		3,000円以上 5,000円未満	満足	スタッフの皆さまが真摯に仕事と復興を支えてらっしゃる。懐石料理のおそばと鮑の蒸し物がとても美味しかったです！！	満足	七尾湾を見ながらの温泉は良かった	感じた	シルバーウィークで朝食の補充が間に合ってなかった事	8	懐石料理の鮑の蒸し物とおそばが特に美味しかったです	機会があれば行きたい	七尾湾にしかない新鮮な海鮮	女	1964	滋賀県	栗東市	900万円以上 1,000万円未満	景品が当たる	満足	8	地震の事を知ってほしい
能登エリア	海舟	2026/09/25	同意する	3泊	3泊	能登エリア （和倉温泉、七尾市、輪島市、珠洲市など）	石川県外には泊まらない	自分ひとり	宿でのんびり過ごす, 温泉や露天風呂, 地元の美味しいものを食べる	新幹線	在来線, 宿の送迎	とても満足	ちょうど良い時間帯に来ることができたから	30,000円以上 40,000円未満	20,000円以上 30,000円未満	5,000円以上 10,000円未満	2～5回目	インターネット・アプリ	選択なし/該当施設なし		選択なし／該当施設なし		使わない	とても満足	部屋に露天風呂が着いており、海も臨めるから	とても満足	部屋に露天風呂が着いており、海も臨めるから	感じなかった		10	ご飯も美味しい。朝、大浴場の近くで提供される飲むヨーグルトが美味しかった。朝食の生玉子と、	機会があれば行きたい	美味しい海の幸が食べたい	男	1978	東京都	調布市	900万円以上 1,000万円未満	景品が当たる, なんとなく	とても満足	10	お部屋に露天風呂が着いており、そこから膿が臨め、ゆっくりできるから
金沢エリア	石川県立歴史博物館	2026/09/25	同意する	2泊	1泊	金沢エリア  （湯涌温泉、深谷温泉、犀川温泉など）	長野	夫婦2人	地元の美味しいものを食べる, 名所、旧跡の観光, テーマパーク（遊園地、動物園、博物館など）, まちあるき、都市散策	新幹線	路線バス, 徒歩	不満	どのパスが止まるのかわかりづらい。交通系ICが利用できるものとできないものが混在している。	5,000円以上 10,000円未満	10,000円以上 20,000円未満	10,000円以上 20,000円未満	初めて	インターネット・アプリ, 友人・知人	近江町市場		金沢21世紀美術館		使わない	どちらでもない	ぽけふたを見に来たため	どちらでもない		感じなかった		5		機会があれば行きたい	海鮮	女	1997	神奈川県	横浜市	1,200万円以上 1,500万円未満	景品が当たる	とても満足	9	もりもりずし、近江町市場、兼六園
金沢エリア	香林坊地下駐車場	2026/09/25	同意する	日帰り	石川県内には宿泊しない	石川県内には宿泊しない	兵庫県	夫婦2人	買い物、アウトレット	県外から訪れていない（石川県内在住）	自家用車, 徒歩			使わない	1,000円未満	10,000円以上 20,000円未満	11回目以上	新聞・雑誌・ガイドブック, インターネット・アプリ, 友人・知人	選択なし/該当施設なし		選択なし/該当施設なし		10,000円以上 20,000円未満	とても満足	魅力的な商品がある	とても満足	快適に過ごせる	感じなかった		10	良いものが買える	機会があれば行きたい	海の幸	女	1972	石川県	小松市	1,500万円以上	景品が当たる	とても満足	10	おいしい食べ物
金沢エリア	金沢城公園	2026/09/25	同意する	2泊	2泊	金沢エリア  （湯涌温泉、深谷温泉、犀川温泉など）	石川県外には泊まらない	小学生以下連れの家族	地元の美味しいものを食べる, 名所、旧跡の観光	新幹線, 在来線	徒歩			30,000円以上 40,000円未満	1,000円以上 3,000円未満	10,000円以上 20,000円未満	2～5回目	観光パンフレット・ポスター, 観光連盟やDMOのHP, インターネット・アプリ	選択なし/該当施設なし		近江町市場		1,000円未満	とても満足	お城の改修をしていたのでVRを見ました。とても分かりやすく小学生の子供も楽しめていました	とても満足	綺麗	感じなかった		10	遅く訪れたので喫茶店に行けませんでしたが、次は利用したいです	機会があれば行きたい	特になし	女	1986	千葉県	印西市	700万円以上 800万円未満	景品が当たる, ひゃくまんさんが好き	とても満足	10	食べ物
金沢エリア	加賀友禅会館（加賀友禅ミュージアムそめりあ）	2026/09/25	同意する	2泊	1泊	金沢エリア  （湯涌温泉、深谷温泉、犀川温泉など）	長野	恋人	温泉や露天風呂, 友人・親戚を訪ねる	自家用車	自家用車			10,000円以上 20,000円未満	5,000円以上 10,000円未満	20,000円以上 30,000円未満	2～5回目	観光展・物産展, Instagram, 友人・知人	近江町市場		ひがし茶屋街		3,000円以上 5,000円未満	満足		満足		感じなかった		8	貴重な体験ができてとてもよかった。	また行きたい（1年以内）	北陸や金沢の名産品	女	1997	静岡県	磐田市	600万円以上 700万円未満	景品が当たる, ひゃくまんさんが好き, ARでひゃくまんさんと写真が撮りたかった, 動く３Dひゃくまんさんを見たい	とても満足	10	金沢の街並み
金沢エリア	KOKOHOTEL Premier 金沢香林坊	2026/09/25	同意する	2泊	2泊	加賀エリア （山代温泉、山中温泉、片山津温泉、粟津温泉、辰口温泉、加賀市、小松市など）	石川県外には泊まらない	友人	地元の美味しいものを食べる, 名所、旧跡の観光	自家用車	自家用車			10,000円以上 20,000円未満	10,000円以上 20,000円未満	10,000円以上 20,000円未満	2～5回目	観光パンフレット・ポスター, 友人・知人	尾山神社		近江町市場		10,000円以上 20,000円未満	とても満足	魚介類や寿司がとても新鮮でおいしかったです。	とても満足	同上	感じなかった		10		また行きたい（1年以内）	観光客もとても多く、なかなか飲食店の予約が取れなかった点	女	1965	大阪府	大阪市中央区	300万円以上 400万円未満	石川県のおすすめ観光スポットが見たい	とても満足	10	兼六園や、尾山神社、武家屋敷など、どこも良かったです。
金沢エリア	ガーデンホテル金沢	2026/09/25	同意する	1泊	1泊	金沢エリア  （湯涌温泉、深谷温泉、犀川温泉など）	石川県外には泊まらない	団体旅行	地元の美味しいものを食べる, 名所、旧跡の観光	新幹線	徒歩			5,000円以上 10,000円未満	10,000円以上 20,000円未満	10,000円以上 20,000円未満	2～5回目	観光パンフレット・ポスター, X(旧：Twitter), Instagram, 友人・知人	近江町市場		ひがし茶屋街		使わない	どちらでもない		どちらでもない		感じなかった		7	このホテルは駅からのアクセスがよく各観光地から徒歩圏内でいいホテルでした	また行きたい（1年以内）	徒歩移動が多かったので簡単に借りれる自転車やキックボードなどの気軽な移動手段が欲しかったです	女	1994	東京都	江戸川区	200万円以上 300万円未満	景品が当たる, ひゃくまんさんが好き	満足	10	美味しいご飯
加賀エリア	大江戸温泉物語Premium 山下家	2026/09/25	同意する	1泊	石川県内には宿泊しない	加賀エリア （山代温泉、山中温泉、片山津温泉、粟津温泉、辰口温泉、加賀市、小松市など）	石川県外には泊まらない	夫婦2人	宿でのんびり過ごす, 温泉や露天風呂, 地元の美味しいものを食べる, まちあるき、都市散策	自家用車	自家用車			1,000円以上 3,000円未満	30,000円以上 40,000円未満	20,000円以上 30,000円未満	2～5回目	インターネット・アプリ	選択なし/該当施設なし		那谷寺		1,000円以上 3,000円未満	満足	温泉が良い	満足	お料理もサービスも良い	感じなかった		9		機会があれば行きたい	加賀棒茶	女	1966	兵庫県	神戸市北区	300万円以上 400万円未満	景品が当たる, 石川県のおすすめ観光スポットが見たい	満足	9	食べ物も美味しく、観光名所も多い
加賀エリア	小松空港	2026/09/25	同意する	1泊	1泊	金沢エリア  （湯涌温泉、深谷温泉、犀川温泉など）	石川県外には泊まらない	恋人	宿でのんびり過ごす, 地元の美味しいものを食べる, 名所、旧跡の観光, 買い物、アウトレット, まちあるき、都市散策	飛行機	路線バス	とても満足		30,000円以上 40,000円未満	10,000円以上 20,000円未満	30,000円以上 40,000円未満	2～5回目	Instagram, ブログ	選択なし/該当施設なし		選択なし／該当施設なし	兼六園	1,000円以上 3,000円未満	満足		とても満足	搭乗口のスタッフの皆さんが非常に丁寧で優しい。羽田や福岡空港と比べて	感じなかった		9		また行きたい（1年以内）	今のままで良い。特に外国人に靡いて変なメニューを増やしたりせず、ありのまま石川の良さを発信し続けてほしい	男	1991	福岡県	福岡市東区	1,000万円以上 1,200万円未満	景品が当たる, なんとなく	とても満足	10	観光地がまとまっており、複数の地点に足を運びやすい
加賀エリア	いしかわ動物園	2026/09/25	同意する	日帰り	石川県内には宿泊しない	石川県内には宿泊しない	自宅が富山県	夫婦2人	テーマパーク（遊園地、動物園、博物館など）	自家用車	自家用車			使わない	1,000円以上 3,000円未満	1,000円未満	初めて	新聞・雑誌・ガイドブック, 友人・知人	選択なし/該当施設なし		選択なし／該当施設なし		1,000円以上 3,000円未満	満足	雷鳥の飼育員さんの説明が丁寧だった	満足	施設内やトイレがきれいだった	感じなかった		8	いしかわ動物園に限って言えば、タヌキとキツネの展示をして欲しい	また行きたい（1年以内）	特になし	女	1970	富山県	高岡市	600万円以上 700万円未満	景品が当たる	満足	8	のんびりできたから
加賀エリア	大江戸温泉物語Premium 山下家	2026/09/25	同意する	1泊	1泊	加賀エリア （山代温泉、山中温泉、片山津温泉、粟津温泉、辰口温泉、加賀市、小松市など）	石川県外には泊まらない	親	宿でのんびり過ごす, 温泉や露天風呂, 地元の美味しいものを食べる, 名所、旧跡の観光	在来線	在来線	不満	電車の時間とバスの時間が合ってない	30,000円以上 40,000円未満	20,000円以上 30,000円未満	10,000円以上 20,000円未満	初めて	インターネット・アプリ, X(旧：Twitter)	選択なし/該当施設なし		選択なし／該当施設なし		10,000円以上 20,000円未満	満足	料理が美味しい	満足	料理が美味しい	感じなかった		7		また行きたい（1年以内）	温泉街ならではのお土産が欲しい	男	1985	愛知県	長久手市	800万円以上 900万円未満	景品が当たる, 石川県のおすすめ観光スポットが見たい	満足	9	料理が美味しい
加賀エリア	ゆのくに天祥	2026/09/25	同意する	1泊	3泊	加賀エリア （山代温泉、山中温泉、片山津温泉、粟津温泉、辰口温泉、加賀市、小松市など）	福井県	恋人	宿でのんびり過ごす, 温泉や露天風呂, 地元の美味しいものを食べる, テーマパーク（遊園地、動物園、博物館など）, まちあるき、都市散策, 各種体験（手作り、果物狩りなど）, 誕生日旅行	新幹線	タクシー, 徒歩	満足	タクシーは呼んでから来るのが早かった。	50,000円以上 100,000円未満	40,000円以上 50,000円未満	40,000円以上 50,000円未満	初めて	観光パンフレット・ポスター, インターネット・アプリ, Instagram, 友人・知人	選択なし/該当施設なし	兼六園	選択なし／該当施設なし		1,000円未満	とても満足	風情がありとても綺麗な場所でした。着物をレンタルしていったので写真映えして良かったです。	とても満足	地元にも日本三大庭園はありますが、兼六園はとても素敵でまた訪れたい場所です。	感じなかった		9		また行きたい（1年以内）	川のアクティビティなどあると良いと思いました。土産も和風なものが多めで洋菓子やほうじ茶をつかった特製スイーツやアイスが多いといいと思いました。	女	1996	茨城県	日立市	600万円以上 700万円未満	景品が当たる, 石川県のおすすめ観光スポットが見たい	とても満足	10	観光名所が密集していて行きやすかったです。 素敵なホテルもたくさん泊まらせていただき、オススメしたいです。
加賀エリア	ウェルネスハウスSARAI	2026/09/25	同意する	4泊以上	4泊以上	加賀エリア （山代温泉、山中温泉、片山津温泉、粟津温泉、辰口温泉、加賀市、小松市など）	石川県外には泊まらない	夫婦2人	地元の美味しいものを食べる, 名所、旧跡の観光, まちあるき、都市散策, 友人・親戚を訪ねる	飛行機	レンタカー	どちらでもない	可もなし不可もなし	50,000円以上 100,000円未満	40,000円以上 50,000円未満	50,000円以上 100,000円未満	2～5回目	観光パンフレット・ポスター	選択なし/該当施設なし		選択なし／該当施設なし		10,000円以上 20,000円未満	満足		満足		感じた	レストランで部屋着は駄目な事	9		また行きたい（1年以内）	見た目が良い品が多い	女	1958	福岡県	北九州市若松区	300万円以上 400万円未満	景品が当たる	満足	10	
加賀エリア	ウェルネスハウスSARAI	2026/09/25	同意する	4泊以上	4泊以上	加賀エリア （山代温泉、山中温泉、片山津温泉、粟津温泉、辰口温泉、加賀市、小松市など）	石川県外には泊まらない	夫婦2人	温泉や露天風呂, 名所、旧跡の観光, 友人・親戚を訪ねる	レンタカー, 飛行機	レンタカー	どちらでもない	初めてなので、地理がわかっていないから。	10,000円以上 20,000円未満	40,000円以上 50,000円未満	30,000円以上 40,000円未満	初めて	友人・知人	選択なし/該当施設なし		選択なし／該当施設なし	息子宅	10,000円以上 20,000円未満	満足		どちらでもない	もう少し、宿泊施設感があってもよいのでは？	感じなかった		7		また行きたい（1年以内）	特になし	男	1953	福岡県	北九州市若松区	400万円以上 500万円未満	景品が当たる, 石川県のおすすめ観光スポットが見たい	満足	8	来たばかりなので、よくわかりません。
加賀エリア	ふれあい昆虫館	2026/09/25	同意する	日帰り	石川県内には宿泊しない	石川県内には宿泊しない	富山県	小学生以下連れの家族	テーマパーク（遊園地、動物園、博物館など）	自家用車	自家用車			使わない	1,000円以上 3,000円未満	1,000円以上 3,000円未満	初めて	チャットGPTで調べた。	選択なし/該当施設なし	トレインパーク白山	選択なし／該当施設なし	ここで終わり。でも行きたいとこいっぱい！	1,000円以上 3,000円未満	とても満足	入場料に対して設備が良い意味で見合ってない。倍とってもおかしくない（倍でも見合ってない）	とても満足	展示数が半端ない！学芸員さんが相当優秀だと感じられる。	感じなかった		10		また行きたい（1年以内）	各見所（テーマパークとか）に道の駅マップみたいなのがあると、個人的には嬉しい。そこにしかないものがある！	女	1987	富山県	富山市	400万円以上 500万円未満	景品が当たる	とても満足	10	ふれあい昆虫館は言いふらし回りたい、本当に良かった！
加賀エリア	いしかわ動物園	2026/09/25	同意する	日帰り	石川県内には宿泊しない	石川県内には宿泊しない	福井県	中学生以上連れの家族	宿でのんびり過ごす, 温泉や露天風呂, 地元の美味しいものを食べる, テーマパーク（遊園地、動物園、博物館など）	自家用車	自家用車			使わない	10,000円以上 20,000円未満	10,000円以上 20,000円未満	2～5回目	TV・ラジオ番組やCM, 観光パンフレット・ポスター, インターネット・アプリ, 友人・知人	選択なし/該当施設なし	いしかわ動物園	那谷寺	いしかわ動物園	1,000円以上 3,000円未満	とても満足	リーズナブル	とても満足	空いている	感じなかった		10		また行きたい（1年以内）	特になし	女	1965	福井県	美浜町	100万円以上 200万円未満	景品が当たる, 石川県のおすすめ観光スポットが見たい	とても満足	5	近い
加賀エリア	いしかわ動物園	2026/09/25	同意する	日帰り	石川県内には宿泊しない	石川県内には宿泊しない	福井県	小学生以下連れの家族	テーマパーク（遊園地、動物園、博物館など）	自家用車	自家用車	満足		使わない	1,000円以上 3,000円未満	使わない	2～5回目	友人・知人	選択なし/該当施設なし		選択なし／該当施設なし		1,000円以上 3,000円未満	満足	チケットがリーズナブルだった	満足	空いていてよく見れた	感じなかった		9		また行きたい（1年以内）	特になし	女	1965	福井県	美浜町	100万円以上 200万円未満	景品が当たる	とても満足	10	
能登エリア	のとじま水族館	2026/09/25	同意する	1泊	1泊	能登エリア （和倉温泉、七尾市、輪島市、珠洲市など）	石川県外には泊まらない	自分ひとり	名所、旧跡の観光, ドライブ・ツーリング	自家用車	自家用車			10,000円以上 20,000円未満	5,000円以上 10,000円未満	5,000円以上 10,000円未満	2～5回目	観光パンフレット・ポスター, インターネット・アプリ	千里浜なぎさドライブウェイ	ろくごうざき	選択なし／該当施設なし	七尾城、七尾美術館、石川県立美術館	1,000円以上 3,000円未満	どちらでもない	ろくごうさきとか、能登半島一周したので水族館に着いたのが16時。	満足	ジンベイ、カワウソ、イルカ	感じた	階段が多い。道がわからない。一筆書きで回れるよう案内して欲しい	8	時間なかった	また行きたい（1年以内）	手軽にリーズナブルに美味しいモノが食べたい。	男	1967	奈良県	奈良市	600万円以上 700万円未満	景品が当たる, なんとなく	満足	8	魅力もそうだがかなり道とかダメージ受けているのがわかった。
能登エリア	花嫁のれん館	2026/09/26	同意する	2泊	2泊	金沢エリア  （湯涌温泉、深谷温泉、犀川温泉など）	石川県外には泊まらない	夫婦2人	地元の美味しいものを食べる, まちあるき、都市散策	新幹線, 在来線	在来線	満足	快適	20,000円以上 30,000円未満	30,000円以上 40,000円未満	50,000円以上 100,000円未満	初めて	インターネット・アプリ	選択なし/該当施設なし	能登でははじめて	能登食祭市場		1,000円以上 3,000円未満	どちらでもない	やや展示が単調	どちらでもない	やや展示が単調	感じなかった		5	加賀友禅か加賀染？か記載があっても良い　あと制作年	機会があれば行きたい	バス　ICが使えたらなぁ	女	1976	埼玉県	秩父郡横瀬町	600万円以上 700万円未満	景品が当たる	満足	8	食べ物が美味しい
能登エリア	民宿　美来里	2026/09/26	同意する	1泊	1泊	能登エリア （和倉温泉、七尾市、輪島市、珠洲市など）	石川県外には泊まらない	職場の同僚	出張など仕事関係	自家用車	自家用車			10,000円以上 20,000円未満	5,000円以上 10,000円未満	10,000円以上 20,000円未満	初めて	友人・知人	千里浜なぎさドライブウェイ		選択なし／該当施設なし	道の駅 織姫の里なかのと	5,000円以上 10,000円未満	満足	対応が親切丁寧だった。	満足	綺麗で快適だった。	感じなかった		7		また行きたい（1年以内）	美味しい能登の食材が食べられる所とゴルフ。	男	1973	大阪府	高槻市古曽部町	700万円以上 800万円未満	景品が当たる	満足	10	美味しい魚と能登牛
金沢エリア	KOKOHOTEL Premier 金沢香林坊	2026/09/26	同意する	1泊	1泊	金沢エリア  （湯涌温泉、深谷温泉、犀川温泉など）	石川県外には泊まらない	夫婦2人	地元の美味しいものを食べる, まちあるき、都市散策	自家用車	自家用車			10,000円以上 20,000円未満	5,000円以上 10,000円未満	100,000円以上	2～5回目	X(旧：Twitter)	金沢21世紀美術館		尾山神社		10,000円以上 20,000円未満	とても満足	きちんと目を見て話してくれるので、とても感じが良い	とても満足	立地も良く、部屋も整えられている	感じなかった		10		また行きたい（1年以内）	特になし	女	1972	愛知県	春日井市	1,500万円以上	景品が当たる, ひゃくまんさんが好き	とても満足	10	観光地がコンパクトにまとまっているので、周りやすい
金沢エリア	KOKOHOTEL Premier 金沢香林坊	2026/09/26	同意する	1泊	1泊	金沢エリア  （湯涌温泉、深谷温泉、犀川温泉など）	石川県外には泊まらない	夫婦2人	地元の美味しいものを食べる	自家用車	自家用車			10,000円以上 20,000円未満	10,000円以上 20,000円未満	100,000円以上	初めて	インターネット・アプリ	金沢21世紀美術館		尾山神社		20,000円以上 30,000円未満	とても満足	目を見て説明や対応をしてくれるので信頼できる	とても満足	立地も良く部屋も整えられていました。朝食も外国人に人気のメニューを取り入れていて、すごくおもてなしが感じられた	感じなかった		10		また行きたい（1年以内）	特になし	女	1972	愛知県	春日井市	1,500万円以上	景品が当たる, ひゃくまんさんが好き	とても満足	10	
金沢エリア	ガーデンホテル金沢	2026/09/26	同意する	1泊	1泊	金沢エリア  （湯涌温泉、深谷温泉、犀川温泉など）	石川県外には泊まらない	自分ひとり	出張など仕事関係	新幹線, 在来線	徒歩			5,000円以上 10,000円未満	10,000円以上 20,000円未満	1,000円以上 3,000円未満	6～10回目	インターネット・アプリ	選択なし/該当施設なし		選択なし/該当施設なし		使わない	とても満足	対応がとても丁寧で朝食も美味しかったから	とても満足	部屋もとても綺麗だったから	感じなかった		10		また行きたい（1年以内）	金沢おでん	女	1983	埼玉県	戸田市	300万円以上 400万円未満	景品が当たる, ひゃくまんさんが好き	とても満足	10	
金沢エリア	KOKOHOTEL Premier 金沢香林坊	2026/09/26	同意する	1泊	1泊	金沢エリア  （湯涌温泉、深谷温泉、犀川温泉など）	石川県外には泊まらない	夫婦2人	地元の美味しいものを食べる	自家用車	自家用車	とても満足	高速道路のインターチェンジからアクセスがよい	10,000円以上 20,000円未満	10,000円以上 20,000円未満	100,000円以上	初めて	インターネット・アプリ	金沢21世紀美術館		近江町市場		50,000円以上 100,000円未満	とても満足	地物の魚や野菜が購入出来るぬほ	とても満足	活気がある	感じなかった		10	新鮮な海産物がいただけて、どの季節に来ても楽しい大好きな場所です	また行きたい（1年以内）	きんつば以外の美味しいお菓子の土産があるとうれしい	男	1967	愛知県	春日井市	1,500万円以上	石川県のおすすめ観光スポットが見たい, 石川県の雑学を知りたい	とても満足	10	京都のようなオーバーツーリストもなく街も綺麗
金沢エリア	夢ミルク館（ホリ牧場）	2026/09/26	同意する	日帰り	石川県内には宿泊しない	石川県内には宿泊しない	石川県外には泊まらない	小学生以下連れの家族	名所、旧跡の観光, アウトドア（海水浴、釣り、登山など）	自家用車	自家用車			使わない	使わない	1,000円以上 3,000円未満	2～5回目	観光展・物産展	選択なし/該当施設なし		兼六園		1,000円以上 3,000円未満	とても満足	アイスがとても美味しい	とても満足	迷路が楽しい	感じなかった		10		また行きたい（1年以内）	自然、登山	男	1983	石川県	金沢市	800万円以上 900万円未満	景品が当たる	とても満足	10	コンパクトで回りやすい
金沢エリア	屋内木育施設 もりのひみつきち	2026/09/26	同意する	日帰り	石川県内には宿泊しない	石川県内には宿泊しない	石川県外には泊まらない	小学生以下連れの家族	テーマパーク（遊園地、動物園、博物館など）	自家用車	自家用車			1,000円以上 3,000円未満	1,000円以上 3,000円未満	3,000円以上 5,000円未満	2～5回目	Instagram, 友人・知人	選択なし/該当施設なし		選択なし/該当施設なし		1,000円以上 3,000円未満	とても満足	室温がちょうどよい	とても満足	天気に左右されない	感じなかった		10	トイレが待合スペースにもあるといい	また行きたい（1年以内）	金箔ソフトをモールで食べられるようになるといい	女	1987	富山県	氷見市	1,000万円以上 1,200万円未満	景品が当たる, なんとなく	とても満足	10	公園や子どもが遊べる施設が充実している
金沢エリア	金沢城公園	2026/09/26	同意する	2泊	2泊	金沢エリア  （湯涌温泉、深谷温泉、犀川温泉など）	石川県外には泊まらない	恋人	宿でのんびり過ごす, 地元の美味しいものを食べる, 名所、旧跡の観光	新幹線, 在来線	タクシー, 在来線	満足	スタッフのかたも非常に案内が丁寧だった	40,000円以上 50,000円未満	3,000円以上 5,000円未満	50,000円以上 100,000円未満	初めて	観光展・物産展, インターネット・アプリ, X(旧：Twitter), Facebook, 友人・知人	兼六園		ひがし茶屋街		5,000円以上 10,000円未満	とても満足		満足	とてもきれいだった	感じなかった		7		機会があれば行きたい	とくになし	女	1997	神奈川県	横浜市	1,000万円以上 1,200万円未満	景品が当たる	満足	8	食べ物
加賀エリア	いしかわ動物園	2026/09/26	同意する	4泊以上	石川県内には宿泊しない	石川県内には宿泊しない	福井県	小学生以下連れの家族	テーマパーク（遊園地、動物園、博物館など）	自家用車	自家用車			使わない	1,000円以上 3,000円未満	1,000円未満	2～5回目	インターネット・アプリ	選択なし/該当施設なし		選択なし／該当施設なし		1,000円以上 3,000円未満	どちらでもない	売られている商品について、オリジナルのものがやや少ないと感じたのと、あっても、クオリティーがやや低く、購入したい！と思えるお土産品があまりなかった。しかし悪くもないと思った。	とても満足	展示の仕方が面白かった。（ホワイトタイガーは頭の上を通れる構造になっていた。）小学生の子供を連れて周りやすい広さ、ボリュームだった。トキやライチョウなど、他の所ではあまり見られない動物も見られたし、ホワイトタイガーやレッサーパンダなどの人気のある動物も抑えていて、すごく見ごたえがありました。	感じた	飲食物を変えるお店が少なかった。小さいワゴンは閉まっていたため、レストラン1件のみとお土産屋さんと一緒になっているスナックコーナーのみだったため、昼過ぎには動物園を出て外で食べました。	8	触れ合える場所や、イベントがもう少し多いとうれしいなと思いました。今回ふれあいコーナーは閉鎖されていたのと、餌やり体験がありましたが、時間が合わなかったり、混雑のため参加できなかったです。	機会があれば行きたい	今回は動物園のみで、石川県らしい飲食はできませんでした。石川県の食のイメージは、海産物と、上品な和食や和菓子だと思います。次回はぜひ堪能したいです。	女	1987	三重県	四日市市	800万円以上 900万円未満	景品が当たる	満足	7	今回は動物園しか行きませんでしたが、とても楽しかったし行ってよかったなと思いました。車があれば近くに飲食店も多く困らないと思いますが、やはり車がないと厳しいとは思います。今回私も、家族が運転してくれたので来ることができましたが、その選択肢がなかったら来ていないと思います。
加賀エリア	いしかわ動物園	2026/09/26	同意する	日帰り	石川県内には宿泊しない	石川県内には宿泊しない	石川県外には泊まらない	小学生以下連れの家族	温泉や露天風呂, テーマパーク（遊園地、動物園、博物館など）, 友人・親戚を訪ねる	自家用車	自家用車			使わない	3,000円以上 5,000円未満	1,000円未満	初めて	いしかわ動物園公式ホームページ	選択なし/該当施設なし		選択なし／該当施設なし	シェア金沢	1,000円以上 3,000円未満	満足	連休中ふれあい体験を中止していることを事前にHPなどで知ることができず、当日現地で知ることになった。レストランの食事がかわいかったが、提供に1時間待ち待ち時間が長く、味もレトルトだった。	満足		感じた	レストランの食事がかわいかったが、提供に1時間待ち待ち時間が長く、味もレトルトだった。	10	レストランとふれあい体験は改善の余地あり	また行きたい（1年以内）	富山にはない施設やアクティビティなどがあれば行く価値がある	女	1989	富山県	富山市	700万円以上 800万円未満	景品が当たる	満足	10	
加賀エリア	KAM能美市九谷焼美術館（五彩館）	2026/09/26	同意する	2泊	1泊	加賀エリア （山代温泉、山中温泉、片山津温泉、粟津温泉、辰口温泉、加賀市、小松市など）	福井県	夫婦2人	宿でのんびり過ごす, 温泉や露天風呂, 地元の美味しいものを食べる	自家用車	自家用車			20,000円以上 30,000円未満	10,000円以上 20,000円未満	5,000円以上 10,000円未満	2～5回目	TV・ラジオ番組やCM, 観光連盟やDMOのHP, インターネット・アプリ, Instagram	選択なし/該当施設なし	道の駅	月うさぎの里		1,000円以上 3,000円未満	満足	九谷焼をゆっくり見れたから	とても満足	料金が安い！	感じなかった		9		また行きたい（1年以内）	海の幸山の幸	女	1965	大阪府	茨木市	800万円以上 900万円未満	景品が当たる, ひゃくまんさんが好き, ARでひゃくまんさんと写真が撮りたかった, 動く３Dひゃくまんさんを見たい, 石川県の雑学を知りたい	満足	9	山中温泉
加賀エリア	ゆのくに天祥	2026/09/26	同意する	2泊	2泊	加賀エリア （山代温泉、山中温泉、片山津温泉、粟津温泉、辰口温泉、加賀市、小松市など）	石川県外には泊まらない	夫婦2人	宿でのんびり過ごす, 温泉や露天風呂	新幹線, 在来線	在来線, 路線バス	どちらでもない	ホテルの送迎以外の路線バスも1時間に2本は欲しい	30,000円以上 40,000円未満	20,000円以上 30,000円未満	3,000円以上 5,000円未満	初めて	観光展・物産展, Instagram	選択なし/該当施設なし	あやとり橋付近散策	選択なし／該当施設なし	あやとり橋散策	使わない	どちらでもない	雨のため施設は何も開いてなかった	満足	　	感じなかった	　	8	食事は地元のねたが良いため大変おいしかった	また行きたい（1年以内）	特になし	女	1973	神奈川県	川崎市幸区	600万円以上 700万円未満	景品が当たる	満足	9	ホテル、旅館の食事がが大変おいしかった
加賀エリア	ゆのくに天祥	2026/09/26	同意する	2泊	2泊	加賀エリア （山代温泉、山中温泉、片山津温泉、粟津温泉、辰口温泉、加賀市、小松市など）	石川県外には泊まらない	夫婦2人	温泉や露天風呂, 地元の美味しいものを食べる, 名所、旧跡の観光, まちあるき、都市散策	新幹線	在来線	満足	宿の送迎バスがあったので。	30,000円以上 40,000円未満	10,000円以上 20,000円未満	20,000円以上 30,000円未満	初めて	観光パンフレット・ポスター, インターネット・アプリ	選択なし/該当施設なし	兼六園	選択なし／該当施設なし	鶴仙渓	1,000円以上 3,000円未満	満足	庭園が素晴らしかった（兼六園）	満足	風景が素晴らしかった（鶴仙渓）	感じた	コインロッカーがなく重い荷物を背負っての観光になった。	7	どちらも徒歩での散策をしました。	機会があれば行きたい	海鮮が美味しいのでたくさん食べたい。	男	1978	神奈川県	川崎市幸区	600万円以上 700万円未満	景品が当たる	とても満足	8	食べ物が美味しかったのと、街並みが綺麗で素敵だったので、歩いているだけでも十分楽しめました。
加賀エリア	航空プラザ	2026/09/26	同意する	2泊	1泊	金沢エリア  （湯涌温泉、深谷温泉、犀川温泉など）	東京	自分ひとり	小松基地航空祭	飛行機	徒歩			5,000円以上 10,000円未満	20,000円以上 30,000円未満	40,000円以上 50,000円未満	2～5回目	新聞・雑誌・ガイドブック, 観光パンフレット・ポスター, インターネット・アプリ	選択なし/該当施設なし		選択なし／該当施設なし	兼六園	1,000円未満	とても満足	YS11のフライトシミュレータを体験できた。	とても満足	YS11のフライトシミュレータを体験できた。	感じなかった		10	小松基地グッズも売っていてなかなか良い。	また行きたい（1年以内）	土産や食べ物の価格がインバウンド狙いの設定になっていると思います。食べたくても我慢する事になると少し残念な気持ちになります。	男	1967	宮城県	仙台市	1,000万円以上 1,200万円未満	景品が当たる	とても満足	10	金沢カレーが美味しかった。回転寿司もかなり美味しい。
加賀エリア	ふれあい健康広場	2026/09/26	同意する	1泊	1泊	加賀エリア （山代温泉、山中温泉、片山津温泉、粟津温泉、辰口温泉、加賀市、小松市など）	石川県外には泊まらない	夫婦2人	温泉や露天風呂, 地元の美味しいものを食べる, テーマパーク（遊園地、動物園、博物館など）, お祭りやイベントへの参加・見物	自家用車	自家用車			20,000円以上 30,000円未満	10,000円以上 20,000円未満	10,000円以上 20,000円未満	初めて	友人・知人	石川県立航空プラザ		木場潟公園		1,000円以上 3,000円未満	どちらでもない		満足	景色は最高です。ハートのモニュメントも素敵。	感じなかった	残念なのはタイルが剥がれたままになってい？	7	小規模でもいいので売店が欲しい。	また行きたい（1年以内）	オススメマップが簡単に手に入りやすい場所に置いておいて欲しいてす。	女	1963	三重県	津市	600万円以上 700万円未満	景品が当たる	満足	10	色々 観光施設がリニューアルされており 楽しめる。
加賀エリア	いしかわ動物園	2026/09/26	同意する	2泊	1泊	金沢エリア  （湯涌温泉、深谷温泉、犀川温泉など）	石川県外には泊まらない	恋人	航空祭	自家用車	自家用車			10,000円以上 20,000円未満	10,000円以上 20,000円未満	1,000円以上 3,000円未満	2～5回目	観光展・物産展, インターネット・アプリ	石川県立航空プラザ		石川県立航空プラザ		5,000円以上 10,000円未満	満足	特になし	満足	特になし	感じなかった		7		機会があれば行きたい	特になし	男	1982	大阪府	大阪市	600万円以上 700万円未満	景品が当たる	満足	8	
能登エリア	田の浦荘	2026/09/26	同意する	3泊	3泊	能登エリア （和倉温泉、七尾市、輪島市、珠洲市など）	石川県外には泊まらない	友人	アウトドア（海水浴、釣り、登山など）	自家用車	自家用車			30,000円以上 40,000円未満	3,000円以上 5,000円未満	10,000円以上 20,000円未満	11回目以上	インターネット・アプリ	道の駅のとじま		選択なし／該当施設なし	小木港	1,000円以上 3,000円未満	とても満足	整備が整っている	とても満足	色んな世帯で楽しめる	感じなかった		10	特産品があり良かった	また行きたい（1年以内）	cafeなどもっと作って欲しい	女	1965	京都府	宇治市	100万円未満	景品が当たる	とても満足	10	能登エリア
能登エリア	のと鉄道（通常）	2026/09/26	同意する	4泊以上	4泊以上	金沢エリア  （湯涌温泉、深谷温泉、犀川温泉など）	石川県外には泊まらない	自分ひとり	地元の美味しいものを食べる, 花見や紅葉などの自然鑑賞, 名所、旧跡の観光, まちあるき、都市散策, 出張など仕事関係	新幹線, 在来線	在来線	満足	七尾線の所要時間以外は満足	50,000円以上 100,000円未満	50,000円以上 100,000円未満	100,000円以上	初めて	インターネット・アプリ	選択なし/該当施設なし	白米千枚田（前日）	選択なし／該当施設なし	すずなり館	3,000円以上 5,000円未満	とても満足		とても満足		感じなかった		9		また行きたい（1年以内）	レンタサイクル（ロードバイク）を借りられる場所が増えると良い	男	2003	大分県	臼杵市	800万円以上 900万円未満	景品が当たる, ひゃくまんさんが好き, 石川県のおすすめ観光スポットが見たい, 石川県の雑学を知りたい	とても満足	10	能登の海鮮、金沢カフェ巡り
能登エリア	海舟	2026/09/26	同意する	3泊	3泊	能登エリア （和倉温泉、七尾市、輪島市、珠洲市など）	石川県外には泊まらない	夫婦2人	宿でのんびり過ごす, 温泉や露天風呂, 地元の美味しいものを食べる	新幹線, 在来線	徒歩			100,000円以上	30,000円以上 40,000円未満	30,000円以上 40,000円未満	初めて	インターネット・アプリ, X(旧：Twitter), Instagram	のとじま水族館		能登食祭市場		5,000円以上 10,000円未満	とても満足	能登島水族館に行きました。魚たちが近くで見れたり、ペンギンもガラス越しではなく見られてとても良かったです	とても満足		感じた	食事する場所があまりない	8	たつのおとしごが売っててビックリした。運気があがりそうだけど、ちょっと買うのはやめました	また行きたい（1年以内）	寿司やカニが食べたい。輪島塗も購入したい	女	1981	栃木県	真岡市	700万円以上 800万円未満	景品が当たる	とても満足	10	海産物が美味しい。海がきれい。宿の方もとても親切でした
能登エリア	海舟	2026/09/26	同意する	1泊	1泊	能登エリア （和倉温泉、七尾市、輪島市、珠洲市など）	石川県外には泊まらない	夫婦2人	宿でのんびり過ごす, 温泉や露天風呂, 地元の美味しいものを食べる	自家用車	自家用車			20,000円以上 30,000円未満	1,000円以上 3,000円未満	1,000円以上 3,000円未満	2～5回目	友人・知人	選択なし/該当施設なし		のとじま水族館		3,000円以上 5,000円未満	どちらでもない		どちらでもない		感じなかった		6		機会があれば行きたい	特になし	男	1990	福井県	福井市	900万円以上 1,000万円未満	景品が当たる	満足	3	コスパ良い
能登エリア	ホテル海望	2026/09/26	同意する	2泊	2泊	能登エリア （和倉温泉、七尾市、輪島市、珠洲市など）	石川県外には泊まらない	友人	地元の美味しいものを食べる	レンタカー, 新幹線	レンタカー	満足	道が整備されている	20,000円以上 30,000円未満	10,000円以上 20,000円未満	10,000円以上 20,000円未満	初めて	インターネット・アプリ, Instagram	能登食祭市場		選択なし／該当施設なし		使わない	どちらでもない		どちらでもない		感じなかった		9		機会があれば行きたい	釣り体験したいです	女	1998	東京都	中野区	1,000万円以上 1,200万円未満	景品が当たる	とても満足	10	海がきれい、海鮮がおいしい
能登エリア	海舟	2026/09/26	同意する	1泊	1泊	能登エリア （和倉温泉、七尾市、輪島市、珠洲市など）	石川県外には泊まらない	夫婦2人	宿でのんびり過ごす	自家用車	自家用車	とても満足	温泉もよく、食事も美味しかったです。	20,000円以上 30,000円未満	1,000円未満	10,000円以上 20,000円未満	初めて	Instagram	千里浜なぎさドライブウェイ		選択なし／該当施設なし	地元在住なので。	10,000円以上 20,000円未満	とても満足		とても満足		感じなかった		10	更に復興が進んで周りに観光資源ができるといいですね。	また行きたい（1年以内）	植物園や洋風ガーデンなど、ゆっくり過ごせる施設があると良いです。	女	1966	石川県	能美市	100万円以上 200万円未満	景品が当たる, ひゃくまんさんが好き	とても満足	10	地元民として、能登の震災の復興状況を知る事ができて良かったです。
能登エリア	のとじま水族館	2026/09/26	同意する	1泊	1泊	能登エリア （和倉温泉、七尾市、輪島市、珠洲市など）	石川県外には泊まらない	夫婦2人	宿でのんびり過ごす, 温泉や露天風呂	自家用車	自家用車			20,000円以上 30,000円未満	1,000円以上 3,000円未満	1,000円以上 3,000円未満	2～5回目	友人・知人	選択なし/該当施設なし		選択なし／該当施設なし		1,000円以上 3,000円未満	どちらでもない	くさい	不満		感じなかった		6		どちらともいえない	特になし	男	1990	福井県	福井市	900万円以上 1,000万円未満	景品が当たる	どちらでもない	4	
能登エリア	のとじま水族館	2026/09/26	同意する	1泊	1泊	能登エリア （和倉温泉、七尾市、輪島市、珠洲市など）	石川県外には泊まらない	夫婦2人	宿でのんびり過ごす, 温泉や露天風呂, 地元の美味しいものを食べる	自家用車	自家用車	満足	道が簡単	5,000円以上 10,000円未満	5,000円以上 10,000円未満	5,000円以上 10,000円未満	2～5回目	インターネット・アプリ, X(旧：Twitter), Instagram	能登食祭市場		能登食祭市場		3,000円以上 5,000円未満	満足		とても満足	魚が多い	感じなかった		7		また行きたい（1年以内）	新鮮な魚	女	1993	福井県	福井市	700万円以上 800万円未満	景品が当たる	満足	6	
能登エリア	のとじま水族館	2026/09/26	同意する	日帰り	石川県内には宿泊しない	石川県内には宿泊しない	石川県在住	友人	名所、旧跡の観光, テーマパーク（遊園地、動物園、博物館など）	自家用車	自家用車			20,000円以上 30,000円未満	3,000円以上 5,000円未満	30,000円以上 40,000円未満	11回目以上	インターネット・アプリ	のとじま水族館		選択なし／該当施設なし	道の駅	3,000円以上 5,000円未満	とても満足	可愛く装飾されている	とても満足	スタッフの皆さんの一生懸命なところが、施設全体から感じ取れるから	感じなかった		10		石川県在住	知っているもの全部行きたい	女	1975	石川県	河北郡内灘町	500万円以上 600万円未満	石川県の雑学を知りたい	とても満足	10	
能登エリア	ケロンの小さな村	2026/09/26	同意する	日帰り	石川県内には宿泊しない	石川県内には宿泊しない	石川県外には泊まらない	小学生以下連れの家族	各種体験（手作り、果物狩りなど）, 友人・親戚を訪ねる	自家用車	旅行会社ツアーバス	とても満足	楽しかったです	3,000円以上 5,000円未満	3,000円以上 5,000円未満	3,000円以上 5,000円未満	初めて	観光協会等の案内所	のとじま水族館		選択なし／該当施設なし	能登空港	3,000円以上 5,000円未満	とても満足	楽しかったから	とても満足	ピザ作り、遊具で遊べたから	感じなかった		10		また行きたい（1年以内）	酒	女	1990	石川県	金沢市	100万円以上 200万円未満	景品が当たる	とても満足	10	
能登エリア	のとじま水族館	2026/09/26	同意する	2泊	2泊	能登エリア （和倉温泉、七尾市、輪島市、珠洲市など）	石川県外には泊まらない	小学生以下連れの家族	温泉や露天風呂, 地元の美味しいものを食べる, テーマパーク（遊園地、動物園、博物館など）, ドライブ・ツーリング	自家用車	自家用車	満足	思ったよりも道が広かった	5,000円以上 10,000円未満	10,000円以上 20,000円未満	50,000円以上 100,000円未満	初めて	インターネット・アプリ	道の駅のとじま		選択なし／該当施設なし	七尾市	5,000円以上 10,000円未満	満足	ジンベエザメをみれた	満足	ゆっくりと見られた	感じなかった		9		機会があれば行きたい	お土産にしたいので限定品があると嬉しい	男	1989	愛知県	豊田市	800万円以上 900万円未満	景品が当たる, 嫁にやってみてと言われた	満足	9	海がキレイで癒される
能登エリア	アストロコテージ	2026/09/26	同意する	1泊	1泊	能登エリア （和倉温泉、七尾市、輪島市、珠洲市など）	石川県外には泊まらない	親	ポケモンgo	飛行機	旅行会社ツアーバス	とても満足	ポケモンツアーで楽にこれた	10,000円以上 20,000円未満	10,000円以上 20,000円未満	10,000円以上 20,000円未満	初めて	インターネット・アプリ	選択なし/該当施設なし	和倉温泉	選択なし／該当施設なし	見附島	1,000円以上 3,000円未満	とても満足	ポケモンであふれていた	とても満足	ポケモンであふれていた　お弁当たべるスペースがあってありがたい	感じなかった	なし	8	どこにも売ってなかったポケモンプリンが売っていた！	機会があれば行きたい	お酒	女	1996	東京都	八王子市	600万円以上 700万円未満	景品が当たる	とても満足	10	ポケモンgoをしている人におすすめしたい！
能登エリア	のとじま水族館	2026/09/26	同意する	3泊	3泊	能登エリア （和倉温泉、七尾市、輪島市、珠洲市など）	石川県外には泊まらない	自分ひとり	宿でのんびり過ごす, 温泉や露天風呂, 地元の美味しいものを食べる, 名所、旧跡の観光, テーマパーク（遊園地、動物園、博物館など）, 買い物、アウトレット, まちあるき、都市散策	飛行機	路線バス, 徒歩	満足	のとじまクーポンが活用出来た。	100,000円以上	30,000円以上 40,000円未満	10,000円以上 20,000円未満	初めて	インターネット・アプリ, X(旧：Twitter)	道の駅のとじま		選択なし／該当施設なし	七尾市街、花嫁のれん館	1,000円以上 3,000円未満	とても満足	帰ってきたジンベエの見せ方がとても良く！全体の回り方もムダなくわかりやすくとても良かった	とても満足	工程的に短い時間しか取れずショー類は見れなかったがそれでも展示はしっかりと満喫出来た、施設配置のお陰です。	感じなかった		10	時間が無くのとじま水族館ガチャしか出来なかったが、展示の見せ方が様々で飽きずに楽しめた。	また行きたい（1年以内）	能登、加賀、白山と各地によって違いがたくさんある、隠れた名物や珍味も多いのでもっと幅広く情報がわかると助かります。	男	1978	東京都	三鷹市	500万円以上 600万円未満	景品が当たる, ひゃくまんさんが好き, 動く３Dひゃくまんさんを見たい, 石川県のおすすめ観光スポットが見たい, 石川県の雑学を知りたい, 石川を応援しているから	とても満足	10	能登地震の被災状況はまだ目に見えるが里の素晴らしさを感じて感動出来る。珠洲～能登町、和倉(このあと七尾)と巡ってきたが特に和倉はまだ半数以下？とはいえこんなに営業再開されていても人が来ていない、もっと沢山の人に来て貰って能登を元気にして欲しいから。
能登エリア	のとじま水族館	2026/09/26	同意する	1泊	1泊	能登エリア （和倉温泉、七尾市、輪島市、珠洲市など）	石川県外には泊まらない	自分ひとり	宿でのんびり過ごす, 地元の美味しいものを食べる, テーマパーク（遊園地、動物園、博物館など）, ジンベイザメをみるため	新幹線, 在来線	路線バス, 徒歩	とても満足	駅などもきれいでした	20,000円以上 30,000円未満	20,000円以上 30,000円未満	10,000円以上 20,000円未満	初めて	インターネット・アプリ, X(旧：Twitter), Instagram	選択なし/該当施設なし		選択なし／該当施設なし		5,000円以上 10,000円未満	とても満足	能登のおいしいものなどがわかりやすい	とても満足	歓迎されている感じがある	感じなかった		10		また行きたい（1年以内）	水族館へのアクセスがもうすこしよければ通いたい	無回答	1992	滋賀県	野洲市	400万円以上 500万円未満	なんとなく	とても満足	10	のとじま水族館のジンベイザメや、震災からの道のりの掲示
能登エリア	道の駅とぎ海街道	2026/09/26	同意する	4泊以上	4泊以上	能登エリア （和倉温泉、七尾市、輪島市、珠洲市など）	石川県外には泊まらない	自分ひとり	出張など仕事関係	自家用車	自家用車			50,000円以上 100,000円未満	50,000円以上 100,000円未満	50,000円以上 100,000円未満	2～5回目	インターネット・アプリ	千里浜なぎさドライブウェイ		能登食祭市場		3,000円以上 5,000円未満	満足	思いのほかお土産の種類が豊富	満足	海鮮丼が美味しかった！	感じなかった		8	余り期待していなかったが海鮮丼は美味しくコスパも良い。お土産の種類も多く良かった。	機会があれば行きたい	気になる飲食店でお酒飲んだリしたいが、代行等の交通機関がないため楽しめない。	男	1957	宮城県	仙台市泉区	600万円以上 700万円未満	景品が当たる	満足	8	観光客少なく静かな感じ
金沢エリア	金沢中央観光案内所	2026/09/26	同意する	4泊以上	4泊以上	金沢エリア  （湯涌温泉、深谷温泉、犀川温泉など）	石川県外には泊まらない	職場の同僚	出張など仕事関係	新幹線	在来線	とても満足	新幹線での移動は快適でした	20,000円以上 30,000円未満	20,000円以上 30,000円未満	3,000円以上 5,000円未満	初めて	観光パンフレット・ポスター, インターネット・アプリ	選択なし/該当施設なし	金沢城	選択なし/該当施設なし		使わない	満足		満足		感じなかった		9		また行きたい（1年以内）	金沢市以外にもレンタサイクルの返却ポートを設置いただける移動の幅が広がってありがたいです	男	1985	東京都	杉並区	600万円以上 700万円未満	石川県の雑学を知りたい	満足	9	食事（お魚）がとても美味しい
金沢エリア	石川県政記念しいのき迎賓館	2026/09/26	同意する	4泊以上	4泊以上	加賀エリア （山代温泉、山中温泉、片山津温泉、粟津温泉、辰口温泉、加賀市、小松市など）	鳥取、島根、兵庫	恋人	宿でのんびり過ごす, 友人・親戚を訪ねる	新幹線	自家用車			5,000円以上 10,000円未満	3,000円以上 5,000円未満	5,000円以上 10,000円未満	11回目以上	友人・知人	ひがし茶屋街		尾山神社		1,000円以上 3,000円未満	とても満足	風土にあった素敵な観光地、天気も良く最高でした。	とても満足		感じなかった		9		機会があれば行きたい	ノドグロが安く食べれる施設を増やしてほしい。	その他	1972	東京都	文京区	900万円以上 1,000万円未満	景品が当たる, なんとなく	満足	9	
金沢エリア	石川県観光物産館	2026/09/26	同意する	1泊	1泊	金沢エリア  （湯涌温泉、深谷温泉、犀川温泉など）	石川県外には泊まらない	友人	地元の美味しいものを食べる, 名所、旧跡の観光	旅行会社ツアーバス	路線バス	どちらでもない	バスの乗り方であったり、どのバスに乗ればいいかが分かりづらかった。	5,000円以上 10,000円未満	5,000円以上 10,000円未満	10,000円以上 20,000円未満	初めて	バスで見かけて行きたいと思った。	近江町市場		兼六園		3,000円以上 5,000円未満	満足	ちょうど欲しいお土産があった。	満足		感じなかった		9	様々な種類と色んな価格帯があって、お土産が選びやすかった。	機会があれば行きたい	石川県でしか食べれないもの(石川ならではのもの)が食べたいなと率直に思います。	男	2004	東京都	大田区	1,200万円以上 1,500万円未満	景品が当たる	とても満足	10	1番お勧めしたいところはやはり、21世紀美術館でした。元々建築が好きなこともありますが、美術館の雰囲気と展示内容も面白かったです。また金沢自体が観光地がとても近い距離にあり、回りやすかった点。そして、都内にはないゆったりとした時間を感じられるところがとても魅力的でした。
金沢エリア	倶利伽羅塾	2026/09/26	同意する	日帰り	石川県内には宿泊しない	石川県内には宿泊しない	石川県外には泊まらない	夫婦2人	地元の美味しいものを食べる, 買い物、アウトレット, まちあるき、都市散策	自家用車	自家用車			使わない	3,000円以上 5,000円未満	3,000円以上 5,000円未満	11回目以上	友人・知人, 観光協会等の案内所	選択なし/該当施設なし	倶利伽羅不動寺	選択なし/該当施設なし		1,000円以上 3,000円未満	満足	旬の食材の販売	満足	風呂	感じなかった		9		石川県在住	金沢港カニ祭（カニ汁）がなくなって残念。長町が歩行者天国過ぎて、一方通行しかないのに総合病院へ行きたくても人が車道に広がり車の走行が危ない	女	1977	石川県	野々市市	300万円以上 400万円未満	景品が当たる, ひゃくまんさんが好き, 動く３Dひゃくまんさんを見たい	満足	8	栗の販売
金沢エリア	金沢駅	2026/09/26	同意する	4泊以上	3泊	金沢エリア  （湯涌温泉、深谷温泉、犀川温泉など）	富山県	中学生以上連れの家族	温泉や露天風呂, 買い物、アウトレット, 出張など仕事関係	自家用車	自家用車, 在来線	満足	乗り継ぎがスムーズだった	50,000円以上 100,000円未満	10,000円以上 20,000円未満	10,000円以上 20,000円未満	2～5回目	インターネット・アプリ	選択なし/該当施設なし		兼六園		1,000円以上 3,000円未満	満足	見どころがたくさんある	満足	良かった	感じなかった		10	お寿司屋さんは人気店が多く待ち時間が長いのが残念。お土産物は種類が豊富で楽しかった	また行きたい（1年以内）	お寿司とハントンライス	女	1973	滋賀県	草津市	400万円以上 500万円未満	ひゃくまんさんが好き	とても満足	10	金沢城と兼六園
金沢エリア	金沢家	2026/09/26	同意する	3泊	2泊	金沢エリア  （湯涌温泉、深谷温泉、犀川温泉など）	岐阜県	自分ひとり	お祭りやイベントへの参加・見物, まちあるき、都市散策	自家用車	自家用車, 在来線	満足	交通渋滞がすくない	10,000円以上 20,000円未満	10,000円以上 20,000円未満	10,000円以上 20,000円未満	初めて	インターネット・アプリ	金沢21世紀美術館		近江町市場		5,000円以上 10,000円未満	満足	海鮮が新鮮	満足		感じなかった		8		また行きたい（1年以内）	すし	男	1969	静岡県	掛川	1,200万円以上 1,500万円未満	景品が当たる, 石川県のおすすめ観光スポットが見たい	満足	9	東山
加賀エリア	小松市観光交流センター Komatsu九	2026/09/26	同意する	1泊	1泊	加賀エリア （山代温泉、山中温泉、片山津温泉、粟津温泉、辰口温泉、加賀市、小松市など）	石川県外には泊まらない	夫婦2人	宿でのんびり過ごす, まちあるき、都市散策	自家用車	自家用車			20,000円以上 30,000円未満	10,000円以上 20,000円未満	1,000円未満	初めて	友人・知人	日本自動車博物館		石川県立航空プラザ		3,000円以上 5,000円未満	満足	普段見ることができないものを見れた	満足	普段見ることができないものを見れた	感じなかった		9	充実していてよかった	石川県在住	特になし	女	1988	石川県	金沢市	500万円以上 600万円未満	景品が当たる	とても満足	9	小松市内のカフェ
加賀エリア	航空プラザ	2026/09/26	同意する	1泊	1泊	金沢エリア  （湯涌温泉、深谷温泉、犀川温泉など）	石川県外には泊まらない	親	お祭りやイベントへの参加・見物	新幹線	タクシー	とても満足	タクシーすぐ来ました	5,000円以上 10,000円未満	5,000円以上 10,000円未満	10,000円以上 20,000円未満	初めて	インターネット・アプリ	選択なし/該当施設なし		選択なし／該当施設なし		1,000円以上 3,000円未満	とても満足	九谷焼の箸置きのガチャガチャができたから	満足	もっと最近の戦闘機が見たかった	感じなかった		5		機会があれば行きたい	ホタルイカが好きだが、要冷蔵で持ち替えられなかったので常温のお土産があったら嬉しい	女	1994	静岡県	浜松市	400万円以上 500万円未満	景品が当たる	満足	6	白エビがとても美味しいので勧めたい
加賀エリア	おびし荘	2026/09/26	同意する	1泊	1泊	加賀エリア （山代温泉、山中温泉、片山津温泉、粟津温泉、辰口温泉、加賀市、小松市など）	石川県外には泊まらない	中学生以上連れの家族	宿でのんびり過ごす, 温泉や露天風呂, 地元の美味しいものを食べる, 友人・親戚を訪ねる, 出張など仕事関係	県外から訪れていない（石川県内在住）	自家用車			10,000円以上 20,000円未満	1,000円以上 3,000円未満	1,000円以上 3,000円未満	6～10回目	友人・知人	選択なし/該当施設なし	先にファミリーレストランを昼食に利用したから	選択なし／該当施設なし	次の日の社大に出るため	10,000円以上 20,000円未満	とても満足	何度も利用しているくらい気に入っているから	とても満足	何度も利用しているくらい気に入っているから	感じなかった		10	とてもサービスに満足した	石川県在住	グルメ	男	1972	石川県	金沢市	100万円未満	景品が当たる, ひゃくまんさんが好き, ARでひゃくまんさんと写真が撮りたかった, 動く３Dひゃくまんさんを見たい, 石川県のおすすめ観光スポットが見たい, 石川県の雑学を知りたい, なんとなく	とても満足	10	コストパフォーマンスが良かった
加賀エリア	白山比咩神社	2026/09/26	同意する	日帰り	1泊	加賀エリア （山代温泉、山中温泉、片山津温泉、粟津温泉、辰口温泉、加賀市、小松市など）	石川県外には泊まらない	夫婦2人	宿でのんびり過ごす	自家用車	自家用車	満足	特にありません	1,000円未満	1,000円未満	1,000円未満	初めて	観光展・物産展	那谷寺	特にありません	那谷寺	特にありません	1,000円未満	どちらでもない	特にありません	どちらでもない	特にありません	感じなかった	特にありません	7		どちらともいえない	特にありません	男	1992	石川県	小松市日の出町	300万円以上 400万円未満	景品が当たる	満足	5	
加賀エリア	ゆのくに天祥	2026/09/26	同意する	2泊	2泊	加賀エリア （山代温泉、山中温泉、片山津温泉、粟津温泉、辰口温泉、加賀市、小松市など）	石川県外には泊まらない	親	温泉や露天風呂, 地元の美味しいものを食べる, 名所、旧跡の観光, まちあるき、都市散策	新幹線	路線バス	満足	スムーズに利用できた	50,000円以上 100,000円未満	30,000円以上 40,000円未満	10,000円以上 20,000円未満	2～5回目	新聞・雑誌・ガイドブック, 観光パンフレット・ポスター, Instagram, 友人・知人	ゆのくにの森		選択なし／該当施設なし		10,000円以上 20,000円未満	満足		満足		感じなかった		10	朝、夕方など時間ごとに温泉まんじゅうや温泉卵が食べられる！体験型で楽しい☺︎お土産もたくさんあっていい！	また行きたい（1年以内）	とくになし	女	2001	埼玉県	さいたま	1,000万円以上 1,200万円未満	ひゃくまんさんが好き, 石川県の雑学を知りたい	満足	10	温泉！街並み
加賀エリア	いしかわ動物園	2026/09/26	同意する	日帰り	石川県内には宿泊しない	石川県内には宿泊しない	福井県	家族（母、姉妹、娘）	テーマパーク（遊園地、動物園、博物館など）	自家用車	自家用車			1,000円未満	1,000円未満	1,000円未満	2～5回目	友人・知人	選択なし/該当施設なし		選択なし／該当施設なし		1,000円未満	とても満足	いしかわ動物園は空いており間近で迫力ある動物を見ることができた。子連れには最適だと思った。	とても満足	価格が安い。	感じなかった		10		また行きたい（1年以内）	家から割と近く子供が小さいうちは観光しやすいので、施設料金など安いとありがたい。	女	1995	福井県	敦賀市	700万円以上 800万円未満	景品が当たる	とても満足	10	いしかわ動物園。また娘が大きくなったらきたい！
加賀エリア	ポイントバケーション加賀山中	2026/09/26	同意する	1泊	4泊以上	加賀エリア （山代温泉、山中温泉、片山津温泉、粟津温泉、辰口温泉、加賀市、小松市など）	三重	夫婦2人	宿でのんびり過ごす	自家用車	自家用車	とても満足	エネルギー充電出来ます	20,000円以上 30,000円未満	20,000円以上 30,000円未満	20,000円以上 30,000円未満	11回目以上	地元だから	選択なし/該当施設なし	地元でもう行ったから	選択なし／該当施設なし	全部行きました	10,000円以上 20,000円未満	とても満足	ゆっくり出来るから	とても満足	地元だから	感じなかった	無し	10	アルコールを飲む時に、送迎車があると嬉しい	また行きたい（1年以内）	魚介類の凄さ	男	1960	石川県	羽咋郡	1,200万円以上 1,500万円未満	景品が当たる	とても満足	10	能登震災復興の後押しになるから
加賀エリア	小松空港	2026/09/26	同意する	1泊	1泊	白山エリア （一里野温泉、白峰温泉、白山市など）	石川県外には泊まらない	団体旅行	アウトドア（海水浴、釣り、登山など）	飛行機	旅行会社ツアーバス	満足	バス運転手さんが親切でした	10,000円以上 20,000円未満	5,000円以上 10,000円未満	5,000円以上 10,000円未満	初めて	ツアーで決まっていた	選択なし/該当施設なし	白山登山	日本自動車博物館		10,000円以上 20,000円未満	どちらでもない	山小屋でそこに泊まらないと登れないので	どちらでもない	前の質問の答えと同様	感じなかった		5		機会があれば行きたい	特になし	女	1976	神奈川県	川崎市	500万円以上 600万円未満	景品が当たる	満足	7	食事
加賀エリア	いしかわ動物園	2026/09/26	同意する	日帰り	石川県内には宿泊しない	石川県内には宿泊しない	石川県外には泊まらない	小学生以下連れの家族	石川県在住なのでナイトZOO目的に来た	自家用車	自家用車			使わない	3,000円以上 5,000円未満	使わない	6～10回目	友人・知人	選択なし/該当施設なし	どこにも行ってない	選択なし／該当施設なし		1,000円以上 3,000円未満	とても満足	子供たちがいつも喜んで満足して帰るから	とても満足	お土産、食べ物もあるし動物も子供たちが興味をもつものばかりだから	感じなかった		10	チョコとカラースプレーがかかった団子が美味しくて好き	石川県在住	動物園周辺にも飲食店が充実すると嬉しい	女	1990	石川県	野々市	500万円以上 600万円未満	景品が当たる	とても満足	10	今回は旅行じゃなく石川県在住
加賀エリア	サンシティーホテル山代	2026/09/26	同意する	2泊	1泊	加賀エリア （山代温泉、山中温泉、片山津温泉、粟津温泉、辰口温泉、加賀市、小松市など）	福井県	夫婦2人	小松基地航空祭	自家用車	自家用車			3,000円以上 5,000円未満	20,000円以上 30,000円未満	10,000円以上 20,000円未満	初めて	Googleマップ	選択なし/該当施設なし		選択なし／該当施設なし	小松基地	40,000円以上 50,000円未満	満足	スタッフが親切	満足	綺麗	感じなかった		9		機会があれば行きたい	海鮮系の食事	男	1966	大阪府	河内長野市	600万円以上 700万円未満	景品が当たる, なんとなく	満足	9	温泉、小松基地
加賀エリア	山代温泉　総湯	2026/09/26	同意する	3泊	2泊	加賀エリア （山代温泉、山中温泉、片山津温泉、粟津温泉、辰口温泉、加賀市、小松市など）	富山県	自分ひとり	宿でのんびり過ごす, 温泉や露天風呂, 地元の美味しいものを食べる, まちあるき、都市散策, 小松航空祭、10年前の家族旅行の思い出めぐり	レンタカー, 新幹線	宿泊先の送迎	満足	ドアtoドアだから	30,000円以上 40,000円未満	40,000円以上 50,000円未満	40,000円以上 50,000円未満	初めて	インターネット・アプリ, 宿泊先の温浴施設ボイラー故障により	選択なし/該当施設なし	小松空港・石川県立航空プラザ行く予定をキャンセルまた来ます。	選択なし／該当施設なし	小松基地	10,000円以上 20,000円未満	満足	2種の温度の温泉が心地良かった	満足	ゆっくり出来た	感じなかった		8	今回は閉店後だったのですが、次回に温泉たまごと温玉ソフト（？）食べたいです。	また行きたい（1年以内）	ずっと大切に思っている宿泊施設が、夕食の提供を休止しています。「人手が足りない」との事です。致し方ないとは重々承知なれど、10年も心に残る素晴らしいおもてなしを、料理にてしていただいたお宿です。そういった宿が沢山あるように思います。人手の増強、賃金のベースアップや安定…いつの日か改善されていけば良いなぁと感じました。	女	1974	長野県	長野市	400万円以上 500万円未満	石川県のファンなので	とても満足	10	今回出逢えた皆さん、親切で優しくて…何度もホッコリ(o^^o)しました。当方の地元も温泉地がありますが、魅力は温泉や街並み、グルメだけでは無く“人”こそが観光の素なのだと、気付きました。
加賀エリア	いしかわ動物園	2026/09/26	同意する	日帰り	石川県内には宿泊しない	石川県内には宿泊しない	石川県外には泊まらない	恋人	テーマパーク（遊園地、動物園、博物館など）	自家用車	自家用車			10,000円以上 20,000円未満	5,000円以上 10,000円未満	5,000円以上 10,000円未満	初めて	インターネット・アプリ, 友人・知人	石川県立航空プラザ		選択なし／該当施設なし	帰宅	1,000円以上 3,000円未満	どちらでもない	買い物をしていない	とても満足		感じた	館内に喫煙所が見当たらなかった	10		石川県在住	特になし	男	1987	石川県	野々市市	700万円以上 800万円未満	景品が当たる	とても満足	5	
加賀エリア	たちばな四季亭	2026/09/26	同意する	4泊以上	4泊以上	加賀エリア （山代温泉、山中温泉、片山津温泉、粟津温泉、辰口温泉、加賀市、小松市など）	石川県外には泊まらない	小学生以下連れの家族	宿でのんびり過ごす, 温泉や露天風呂, 地元の美味しいものを食べる, 名所、旧跡の観光, まちあるき、都市散策, 出張など仕事関係	自家用車	自家用車			100,000円以上	40,000円以上 50,000円未満	使わない	初めて	楽天トラベル	選択なし/該当施設なし	トレインパーク白山	選択なし／該当施設なし	恐竜博物館	50,000円以上 100,000円未満	とても満足	温泉もご飯も最高だった	とても満足	接客もとても良く、館内の清掃も行き届いていてとても快適に過ごすことができた	感じなかった		10	とにかく料理が美味しかったです。1歳半の息子も美味しそうに食べていました。	また行きたい（1年以内）	特になし	女	1994	神奈川県	横浜市	500万円以上 600万円未満	景品が当たる	とても満足	10	街並みが良い、観光地が多い
能登エリア	ペンション il Pino	2026/09/26	同意する	3泊	3泊	能登エリア （和倉温泉、七尾市、輪島市、珠洲市など）	石川県外には泊まらない	小学生以下連れの家族	地元の美味しいものを食べる, 花見や紅葉などの自然鑑賞, 買い物、アウトレット, お祭りやイベントへの参加・見物, 友人・親戚を訪ねる	自家用車	自家用車			5,000円以上 10,000円未満	5,000円以上 10,000円未満	10,000円以上 20,000円未満	初めて	観光パンフレット・ポスター, インターネット・アプリ	能登食祭市場		のとじま水族館		1,000円以上 3,000円未満	とても満足	ポケふたステッカーがあった	とても満足	綺麗	感じなかった		5		また行きたい（1年以内）	地産地消で能登産のものを使った飲食や土産はつい買ってしまいました。	女	1988	兵庫県	西宮市	700万円以上 800万円未満	景品が当たる	とても満足	10	ポケモンコラボ
能登エリア	九右衛門ゲストハウス	2026/09/26	同意する	1泊	2泊	能登エリア （和倉温泉、七尾市、輪島市、珠洲市など）	福井県	自分ひとり	温泉や露天風呂, 地元の美味しいものを食べる, 名所、旧跡の観光, テーマパーク（遊園地、動物園、博物館など）, 買い物、アウトレット, ドライブ・ツーリング, 友人・親戚を訪ねる	自家用車	自家用車			3,000円以上 5,000円未満	1,000円以上 3,000円未満	20,000円以上 30,000円未満	初めて	インターネット・アプリ	選択なし/該当施設なし	真っ直ぐ珠洲市へ急がないとチェックインに間に合わないから	道の駅のとじま		5,000円以上 10,000円未満	とても満足	とても清潔で綺麗です。とても気に入りました。夕日も綺麗です	とても満足	洗濯もでき料理もできる。全てが揃っていて使いやすいです。とてもリラックスできるので大満足	感じなかった	ありません	10	飲食は持ち込み自由で料理も自由にできるところが良かったです。夕日が最高です	また行きたい（1年以内）	ちなみに来週は主人と来ますよ。こちらの方の新鮮なお魚が一番楽しみ！あとは能登の話を残念ながら昔のは手に入りません。ずっと待っています！	女	1963	東京都	小金井市	400万円以上 500万円未満	景品が当たる	とても満足	10	とにかく来てみて調べて色々なところに行けばとても楽しめるところがたくさんあるし、色々な縁もできる。とてもいい旅になるのは間違いなし！
能登エリア	いこいの村 能登半島	2026/09/26	同意する	1泊	1泊	加賀エリア （山代温泉、山中温泉、片山津温泉、粟津温泉、辰口温泉、加賀市、小松市など）	石川県外には泊まらない	親	地元の美味しいものを食べる, 花見や紅葉などの自然鑑賞	旅行会社ツアーバス	旅行会社ツアーバス	とても満足		10,000円以上 20,000円未満	20,000円以上 30,000円未満	10,000円以上 20,000円未満	初めて	インターネット・アプリ	能登食祭市場		選択なし／該当施設なし	ワイナリー	3,000円以上 5,000円未満	満足		満足		感じた	wifiが部屋にない	7		また行きたい（1年以内）	のどぐろ最高です。お刺身も美味しいし。頑張って欲しい…！	女	1991	東京都	江戸川区	500万円以上 600万円未満	景品が当たる, 石川県のおすすめ観光スポットが見たい, 石川県の雑学を知りたい	満足	7	
能登エリア	九右衛門ゲストハウス	2026/09/26	同意する	2泊	2泊	能登エリア （和倉温泉、七尾市、輪島市、珠洲市など）	福井県	自分ひとり	温泉や露天風呂, 地元の美味しいものを食べる, 名所、旧跡の観光, テーマパーク（遊園地、動物園、博物館など）, 買い物、アウトレット, ドライブ・ツーリング, 友人・親戚を訪ねる	自家用車	自家用車			3,000円以上 5,000円未満	20,000円以上 30,000円未満	10,000円以上 20,000円未満	初めて	インターネット・アプリ	選択なし/該当施設なし	急いで涼しに行かなければいけなかったため、どこにも寄ってません	道の駅のとじま		10,000円以上 20,000円未満	とても満足	とにかく綺麗。夕日も綺麗！	とても満足	キッチンがついていて、何でも作れる、洗濯もできるとっても便利	感じなかった		10		また行きたい（1年以内）	金額は高くてもいいから美味しいもの！	女	1963	東京都	小金井市	400万円以上 500万円未満	景品が当たる	とても満足	10	とにかく来てみて、色々なものを見たり、体験したりするのはとてもいいです！
能登エリア	ゲストハウス黒島	2026/09/26	同意する	2泊	2泊	能登エリア （和倉温泉、七尾市、輪島市、珠洲市など）	石川県外には泊まらない	友人	石川県の復興	飛行機	タクシー	とても満足	客のことを考えている、丁寧、おもてなしの気持ちがある	20,000円以上 30,000円未満	10,000円以上 20,000円未満	40,000円以上 50,000円未満	初めて	Instagram, 友人・知人	選択なし/該当施設なし	青の洞窟　空中展望台	選択なし／該当施設なし	金沢21世紀美術館	20,000円以上 30,000円未満	とても満足	システムがシンプル　アットホーム、宿泊客がフレンドリー	とても満足	周りの環境が素朴でよい	感じなかった		9	九谷焼の品数を増やしてもいいかも？	また行きたい（1年以内）	特になし	女	1966	沖縄県	糸満市	1,500万円以上	景品が当たる	とても満足	9	自然、復興の経過、食事、お酒
能登エリア	のとじま水族館	2026/09/26	同意する	3泊	2泊	金沢エリア  （湯涌温泉、深谷温泉、犀川温泉など）	富山県	小学生以下連れの家族	地元の美味しいものを食べる, 名所、旧跡の観光, まちあるき、都市散策	新幹線	レンタカー	とても満足	震災の復旧が進んだようで道路は快適でした	30,000円以上 40,000円未満	20,000円以上 30,000円未満	20,000円以上 30,000円未満	初めて	Google map	選択なし/該当施設なし	富山県高岡市から来ました	選択なし／該当施設なし	どんたく 生鮮市場 和倉店	1,000円以上 3,000円未満	とても満足	イベントが多くどの展示も楽しかった	とても満足	施設間の距離が近く見学しやすかった	感じた	赤ちゃんのおむつ替え場所がわからなかった	10	ソフトクリームは能登の牛乳を使ってたりすると買ってみようと思ったと思う。お土産も同様。	機会があれば行きたい	加賀に伝油伝統料理の調理体験	男	1990	東京都	世田谷区	1,500万円以上	景品が当たる, 動く３Dひゃくまんさんを見たい	とても満足	10	特に金沢は街並みが綺麗、自然も美しい
能登エリア	珠洲ビーチホテル	2026/09/26	同意する	1泊	1泊	能登エリア （和倉温泉、七尾市、輪島市、珠洲市など）	石川県外には泊まらない	アマチュアの落語会をしに来たため、落語仲間と。	落語会開催のため	自家用車	自家用車			5,000円以上 10,000円未満	1,000円以上 3,000円未満	10,000円以上 20,000円未満	初めて	友人・知人	禄剛崎灯台		選択なし／該当施設なし	道の駅すずなり	5,000円以上 10,000円未満	とても満足	まだ行っていないのでわからないけれど期待値で！	とても満足	上記	感じなかった		9		また行きたい（1年以内）	珠洲市はまだ復興途中で大変であることを知りました。まずはみなさんが元に近い生活を戻されることを願っております！明日せめておみやげ屋さんで地元のものを買って貢献したいと思います。	女	1974	愛知県	名古屋市千種区	1,200万円以上 1,500万円未満	景品が当たる, 動く３Dひゃくまんさんを見たい, 石川県の雑学を知りたい	とても満足	9	空気のよさ、景色のよさ、ごはんとお酒がおいしい
能登エリア	ケロンの小さな村	2026/09/26	同意する	1泊	1泊	能登エリア （和倉温泉、七尾市、輪島市、珠洲市など）	石川県外には泊まらない	ボランティア団体	ボランティア	レンタカー, 新幹線	レンタカー	不満	レンタカーの整備がキチンとされていなかった	1,000円以上 3,000円未満	20,000円以上 30,000円未満	5,000円以上 10,000円未満	6～10回目	Instagram, Facebook, 管理人から直接	選択なし/該当施設なし	鳳至BASEでランチして、横地団地集会所でサロン活動	選択なし／該当施設なし	門前清水第一集会所とやなぎだ仮設集会所でサロン活動後に帰宅	1,000円以上 3,000円未満	とても満足	いつも歓迎してくださる上乗さんと、この村のおとぎの国のような環境の素晴らしさ	とても満足	おトイレもいつも綺麗でキチンと管理されている	感じた	山なので電波が悪く、Wi-Fiがあるところでないとスマホが使えない	10	営業しているときは、この村の素材で作ったピザやパンなどもとても美味しい。最近は珈琲やクッキー、ケーキなども若奥さんが頑張ってくれている	また行きたい（1年以内）	やはりその土地の季節の素材の物が良い	女	1963	埼玉県	さいたま市	1,500万円以上	ケロンの小さな村の魅力を伝えたい	とても満足	10	今回はボランティア活動なので、観光ではないがこのケロンの小さな村を勧めたい
能登エリア	のとじま水族館	2026/09/26	同意する	1泊	1泊	能登エリア （和倉温泉、七尾市、輪島市、珠洲市など）	石川県外には泊まらない	恋人	地元の美味しいものを食べる, お祭りやイベントへの参加・見物	新幹線, 在来線	レンタカー	とても満足	運転しにくさはなかったため	10,000円以上 20,000円未満	20,000円以上 30,000円未満	10,000円以上 20,000円未満	初めて	X(旧：Twitter), Instagram	のとじま水族館		選択なし／該当施設なし		1,000円以上 3,000円未満	とても満足	ジンベイザメを上から見れて幸せだった。ショーやイベントも面白かった	とても満足	とても整備されていると感じた	感じなかった		10		機会があれば行きたい	特になし	男	2002	京都府	京都市南区	500万円以上 600万円未満	景品が当たる	とても満足	9	ポケモンめぐり。特に空港はポケモンがいっぱいでピカチュウが飛行機に乗ってるオブジェクトを見て感動した
金沢エリア	金沢城公園	2026/09/27	同意する	1泊	1泊	金沢エリア  （湯涌温泉、深谷温泉、犀川温泉など）	石川県外には泊まらない	自分ひとり	宿でのんびり過ごす, 地元の美味しいものを食べる, 名所、旧跡の観光	新幹線, 旅行会社ツアーバス	徒歩			10,000円以上 20,000円未満	10,000円以上 20,000円未満	3,000円以上 5,000円未満	初めて	インターネット・アプリ, Instagram	兼六園		尾山神社		1,000円未満	満足		満足		感じなかった		7		機会があれば行きたい	白玉、海鮮丼、ゴーゴーカレー	女	2001	三重県	鈴鹿市	300万円以上 400万円未満	なんとなく	満足	7	徒歩で回れる
金沢エリア	ガーデンホテル金沢	2026/09/27	同意する	4泊以上	4泊以上	金沢エリア  （湯涌温泉、深谷温泉、犀川温泉など）	東京	職場の同僚	地元の美味しいものを食べる, 名所、旧跡の観光, まちあるき、都市散策, 各種体験（手作り、果物狩りなど）, 出張など仕事関係	新幹線, 飛行機	徒歩			40,000円以上 50,000円未満	50,000円以上 100,000円未満	40,000円以上 50,000円未満	初めて	インターネット・アプリ	ひがし茶屋街		選択なし/該当施設なし	この後は帰宅	10,000円以上 20,000円未満	満足	駅前で便利	とても満足	駅前で便利、11時チェックアウトは助かる。	感じなかった		10		また行きたい（1年以内）	食べるか神社や寺を巡ることが多かったので、もう少し若者向けのなにかがあると良いと思った。食べ物はおでんやのどぐろがとても美味しくて良かった。お土産は金箔系のものが多かった。金沢駅横(あんと？)のお土産屋が充実していて良かった。	女	1991	鹿児島県	鹿児島市	1,500万円以上	景品が当たる, ひゃくまんさんが好き	とても満足	10	食べ物が美味しく、観光地が多い。レンタカーを借りると富山や岐阜も一緒に観光しやすい。
金沢エリア	近江町市場商店街	2026/09/27	同意する	1泊	石川県内には宿泊しない	石川県内には宿泊しない	富山県	自分ひとり	名所、旧跡の観光, 買い物、アウトレット, まちあるき、都市散策	在来線	路線バス	満足	バスの本数が多いから	使わない	3,000円以上 5,000円未満	1,000円以上 3,000円未満	11回目以上	観光パンフレット・ポスター, インターネット・アプリ, X(旧：Twitter), Instagram	選択なし/該当施設なし	金沢駅	近江町市場		3,000円以上 5,000円未満	満足	観光も食事も楽しめる	満足	観光も食事も楽しめる	感じなかった		9	飲食代は少し高く感じる。	また行きたい（1年以内）	金沢駅周辺で有名な回転寿司が食べられるのがいい	女	1988	福井県	敦賀市	400万円以上 500万円未満	景品が当たる, 石川県のおすすめ観光スポットが見たい	満足	9	金沢駅で観光情報を聞き込んでから、お出かけができる。
加賀エリア	萬松園あいうえおの杜	2026/09/27	同意する	2泊	2泊	能登エリア （和倉温泉、七尾市、輪島市、珠洲市など）	石川県外には泊まらない	友人	名所、旧跡の観光, まちあるき、都市散策	自家用車	自家用車			30,000円以上 40,000円未満	5,000円以上 10,000円未満	5,000円以上 10,000円未満	初めて	新聞・雑誌・ガイドブック	石川県立航空プラザ		選択なし／該当施設なし	能登ポケモン空港	1,000円未満	とても満足	楽しかったです	とても満足	人工の霧がよかった	感じなかった		10	ソフトクリームが美味しかったです	また行きたい（1年以内）	楽しかったです！	男	1988	徳島県	名西郡石井町	200万円以上 300万円未満	景品が当たる, 石川県のおすすめ観光スポットが見たい	とても満足	10	楽しかったです
加賀エリア	航空プラザ	2026/09/27	同意する	2泊	2泊	能登エリア （和倉温泉、七尾市、輪島市、珠洲市など）	石川県外には泊まらない	友人	地元の美味しいものを食べる, 名所、旧跡の観光	自家用車	自家用車		面白かったです	30,000円以上 40,000円未満	5,000円以上 10,000円未満	3,000円以上 5,000円未満	初めて	新聞・雑誌・ガイドブック	選択なし/該当施設なし	和倉温泉	選択なし／該当施設なし	イカの駅つくモール	使わない	とても満足	面白かったです	とても満足	よかった	感じなかった		10	面白かったです	また行きたい（1年以内）	面白かったです	男	1989	徳島県	名西郡石井町	300万円以上 400万円未満	景品が当たる	とても満足	10	面白かったです
加賀エリア	大江戸温泉物語 わんわんリゾート　粟津	2026/09/27	同意する	1泊	1泊	加賀エリア （山代温泉、山中温泉、片山津温泉、粟津温泉、辰口温泉、加賀市、小松市など）	石川県外には泊まらない	小学生以下連れの家族	宿でのんびり過ごす, 温泉や露天風呂, 名所、旧跡の観光, 各種体験（手作り、果物狩りなど）, ドライブ・ツーリング	自家用車	自家用車			10,000円以上 20,000円未満	5,000円以上 10,000円未満	10,000円以上 20,000円未満	6～10回目	新聞・雑誌・ガイドブック, インターネット・アプリ	ゆのくにの森		木場潟公園		1,000円以上 3,000円未満	満足	体験が出来る	満足	体験が出来る	感じなかった		8		機会があれば行きたい	特になし	男	1970	大阪府	寝屋川市	1,000万円以上 1,200万円未満	景品が当たる	満足	8	適度な距離でいろいろ見れる
加賀エリア	たがわ龍泉閣	2026/09/27	同意する	1泊	1泊	加賀エリア （山代温泉、山中温泉、片山津温泉、粟津温泉、辰口温泉、加賀市、小松市など）	石川県外には泊まらない	夫婦2人	小松基地航空祭	新幹線, 在来線	レンタカー	満足		10,000円以上 20,000円未満	20,000円以上 30,000円未満	10,000円以上 20,000円未満	初めて	インターネット・アプリ	選択なし/該当施設なし	飛騨高山	選択なし／該当施設なし	小松基地航空祭	10,000円以上 20,000円未満	満足		満足		感じた	混雑	7		また行きたい（1年以内）	温泉満喫したいです	女	1971	大阪府	八尾市	800万円以上 900万円未満	景品が当たる	とても満足	9	
加賀エリア	小松空港	2026/09/27	同意する	4泊以上	1泊	金沢エリア  （湯涌温泉、深谷温泉、犀川温泉など）	羽田からの国際	夫婦2人	飛行機	自家用車	自家用車			10,000円以上 20,000円未満	5,000円以上 10,000円未満	1,000円未満	2～5回目	観光連盟やDMOのHP, インターネット・アプリ, Instagram, 友人・知人	ゆのくにの森	片町、近江町市場、金沢フォーラス	月うさぎの里		3,000円以上 5,000円未満	とても満足	とても楽しかったです、しかも何回いっても飽きません	とても満足	石川県大好きです♡	感じなかった		10	どこも美味しくて、お土産もたくさん買ってしまいました	また行きたい（1年以内）	海鮮、おでん、石川県ならではの食べ物をもっと食べたいです。お土産も、宅配がたくさんあるといいなぁ	女	2000	福井県	越前市	400万円以上 500万円未満	景品が当たる, 石川県のおすすめ観光スポットが見たい	とても満足	10	食がとにかく美味しいので、たべたものをお勧めしたいです
加賀エリア	大江戸温泉物語Premium 山下家	2026/09/27	同意する	1泊	1泊	加賀エリア （山代温泉、山中温泉、片山津温泉、粟津温泉、辰口温泉、加賀市、小松市など）	石川県外には泊まらない	中学生以上連れの家族	お祭りやイベントへの参加・見物	新幹線	在来線	満足	特にありません	20,000円以上 30,000円未満	5,000円以上 10,000円未満	10,000円以上 20,000円未満	11回目以上	インターネット・アプリ	石川県立航空プラザ		石川県立航空プラザ		1,000円以上 3,000円未満	不満	特にありません	とても不満	食事がおいしかったです。	感じなかった		9	特にありません。	また行きたい（1年以内）	特にありません。	男	1949	奈良県	奈良市	200万円以上 300万円未満	景品が当たる	満足	9	特にありません。
加賀エリア	ゆのくに天祥	2026/09/27	同意する	1泊	1泊	加賀エリア （山代温泉、山中温泉、片山津温泉、粟津温泉、辰口温泉、加賀市、小松市など）	福井県	夫婦2人	宿でのんびり過ごす, 温泉や露天風呂, 地元の美味しいものを食べる	自家用車	自家用車			50,000円以上 100,000円未満	30,000円以上 40,000円未満	10,000円以上 20,000円未満	初めて	新聞・雑誌・ガイドブック, インターネット・アプリ	選択なし/該当施設なし		ゆのくにの森		20,000円以上 30,000円未満	とても満足		とても満足		感じなかった		9		また行きたい（1年以内）	のんびりとした雰囲気が心地よい、ご飯も美味しいです	女	1966	大阪府	大阪市鶴見区	1,000万円以上 1,200万円未満	景品が当たる, ひゃくまんさんが好き	満足	9	ご飯もとても美味しい〜
加賀エリア	白山比咩神社	2026/09/27	同意する	1泊	1泊	白山エリア （一里野温泉、白峰温泉、白山市など）	石川県外には泊まらない	夫婦2人	お祭りやイベントへの参加・見物	自家用車	自家用車			5,000円以上 10,000円未満	3,000円以上 5,000円未満	5,000円以上 10,000円未満	6～10回目	インターネット・アプリ	選択なし/該当施設なし	比咩の湯	石川県立航空プラザ	比咩の湯	1,000円未満	とても満足	温泉がとても気持ち良くリフレッシュできました。	とても満足	清潔で食事もとれる	感じなかった	特に無し	8	定食も安く提供している	機会があれば行きたい	お土産でピンとくるものがありません。　何がお勧めでしょうか？	男	1966	愛知県	愛西市	1,000万円以上 1,200万円未満	景品が当たる	満足	7	山もあり海もあり、癒されます。
加賀エリア	ゆのくに天祥	2026/09/27	同意する	1泊	1泊	加賀エリア （山代温泉、山中温泉、片山津温泉、粟津温泉、辰口温泉、加賀市、小松市など）	石川県外には泊まらない	恋人	宿でのんびり過ごす, 温泉や露天風呂, 地元の美味しいものを食べる, 名所、旧跡の観光	新幹線	在来線	とても満足	本数が多く不便がない	30,000円以上 40,000円未満	10,000円以上 20,000円未満	10,000円以上 20,000円未満	2～5回目	観光展・物産展	ゆのくにの森		ゆのくにの森		20,000円以上 30,000円未満	満足	スタッフさんが優しい	とても満足	綺麗でご飯が美味しい	感じなかった	特にない	10	ご飯が本当に美味しい	また行きたい（1年以内）	海鮮は食べるべきです	女	2002	大阪府	茨木市	300万円以上 400万円未満	なんとなく	とても満足	10	ご飯と人が良い
加賀エリア	小松空港	2026/09/27	同意する	2泊	2泊	加賀エリア （山代温泉、山中温泉、片山津温泉、粟津温泉、辰口温泉、加賀市、小松市など）	石川県外には泊まらない	夫婦2人	お祭りやイベントへの参加・見物	飛行機	路線バス	不満	航空祭なので、増便してほしいです	10,000円以上 20,000円未満	5,000円以上 10,000円未満	3,000円以上 5,000円未満	2～5回目	インターネット・アプリ	選択なし/該当施設なし		選択なし／該当施設なし		使わない	どちらでもない		どちらでもない		感じなかった		5		機会があれば行きたい	きんつばが美味しかったー	女	1971	神奈川県	横浜市	400万円以上 500万円未満	景品が当たる	満足	10	食べ物が美味しかったー
加賀エリア	いしかわ動物園	2026/09/27	同意する	日帰り	1泊	白山エリア （一里野温泉、白峰温泉、白山市など）	石川県外には泊まらない	小学生以下連れの家族	宿でのんびり過ごす, 温泉や露天風呂, 地元の美味しいものを食べる, 友人・親戚を訪ねる	自家用車	自家用車			10,000円以上 20,000円未満	30,000円以上 40,000円未満	20,000円以上 30,000円未満	初めて	YouTube	日本自動車博物館		木場潟公園		1,000円以上 3,000円未満	とても満足	暑かったけどかき氷で生き返りました	とても満足	可愛い動物に出会えました	感じなかった		10		また行きたい（1年以内）	なし	女	2002	石川県	白山市	400万円以上 500万円未満	景品が当たる	とても満足	10	
加賀エリア	いしかわ動物園	2026/09/27	同意する	1泊	1泊	白山エリア （一里野温泉、白峰温泉、白山市など）	石川県外には泊まらない	小学生以下連れの家族	友人・親戚を訪ねる	自家用車	自家用車			20,000円以上 30,000円未満	5,000円以上 10,000円未満	20,000円以上 30,000円未満	2～5回目	Instagram	日本自動車博物館		選択なし／該当施設なし		1,000円以上 3,000円未満	とても満足	動物たくさん	とても満足	子供が飽きない	感じなかった		10		また行きたい（1年以内）	特になし	男	1997	石川県	能美市	500万円以上 600万円未満	景品が当たる	とても満足	10	
加賀エリア	道の駅一向一揆の里	2026/09/27	同意する	日帰り	石川県内には宿泊しない	石川県内には宿泊しない	石川県外には泊まらない	夫婦2人	地元の美味しいものを食べる, 花見や紅葉などの自然鑑賞, 名所、旧跡の観光, 買い物、アウトレット	自家用車	自家用車			使わない	5,000円以上 10,000円未満	3,000円以上 5,000円未満	11回目以上	観光パンフレット・ポスター, 友人・知人	選択なし/該当施設なし	ござっせ、おぶく水	選択なし／該当施設なし	バードハミング鳥越	1,000円以上 3,000円未満	満足	新鮮野菜	満足	飲食店が美味しい	感じなかった		8	地産地消がいい、トウキソフトクリーム好き	石川県在住	地産地消	女	1977	石川県	野々市市	300万円以上 400万円未満	景品が当たる, ひゃくまんさんが好き, 石川県のおすすめ観光スポットが見たい	満足	8	地元の方とのふれあい
加賀エリア	いしかわ動物園	2026/09/27	同意する	2泊	2泊	金沢エリア  （湯涌温泉、深谷温泉、犀川温泉など）	石川県外には泊まらない	小学生以下連れの家族	宿でのんびり過ごす, 温泉や露天風呂, 地元の美味しいものを食べる, テーマパーク（遊園地、動物園、博物館など）, アウトドア（海水浴、釣り、登山など）, まちあるき、都市散策	自家用車	自家用車	とても満足	駐車場も広く道もそこまで混んでいなかったので割と快適に移動できたから。	30,000円以上 40,000円未満	50,000円以上 100,000円未満	20,000円以上 30,000円未満	2～5回目	TV・ラジオ番組やCM, X(旧：Twitter), Instagram, 友人・知人	選択なし/該当施設なし	綿カ滝	那谷寺		5,000円以上 10,000円未満	とても満足	子供がすごく喜んでいたから。	満足	ご飯の選択が少なかったから。	感じなかった	なし	8	キーホルダーなどがもっとあると良かったと思う。	また行きたい（1年以内）	食事はどこもリーズナブルで美味しかった。	男	1992	大阪府	大阪市東住吉区	500万円以上 600万円未満	景品が当たる	とても満足	10	海鮮類を食べてもらいたい。
加賀エリア	加賀伝統工芸村　ゆのくにの森	2026/09/27	同意する	2泊	2泊	加賀エリア （山代温泉、山中温泉、片山津温泉、粟津温泉、辰口温泉、加賀市、小松市など）	石川県外には泊まらない	親	宿でのんびり過ごす, 温泉や露天風呂, 地元の美味しいものを食べる, まちあるき、都市散策	新幹線	路線バス, キャンバス	不満	山代温泉の停留所が2ヶ所利用できなかったがその案内がWEBサイトに記載されていなかった	40,000円以上 50,000円未満	20,000円以上 30,000円未満	3,000円以上 5,000円未満	初めて	インターネット・アプリ, Instagram	選択なし/該当施設なし		選択なし／該当施設なし		30,000円以上 40,000円未満	満足	スタッフの方が親切でした！	満足	家族みんなで蕎麦打ちなどとても良い体験ができました！	感じた	入り口にスロープがなくて大きなスーツケースを運ぶのが大変でした	6	買わなかったです	機会があれば行きたい	海鮮はとにかく美味しかったですが、それ以外のご当地メニューをもっと食べられる機会があると嬉しいです	女	1982	東京都	中野区	600万円以上 700万円未満	景品が当たる, ひゃくまんさんが好き	満足	9	観光地らしく観るところがいっぱいあって楽しかったから
加賀エリア	加賀伝統工芸村　ゆのくにの森	2026/09/27	同意する	2泊	2泊	加賀エリア （山代温泉、山中温泉、片山津温泉、粟津温泉、辰口温泉、加賀市、小松市など）	石川県外には泊まらない	親	温泉や露天風呂, 地元の美味しいものを食べる, 名所、旧跡の観光	新幹線	路線バス	どちらでもない	便数が少ない	50,000円以上 100,000円未満	30,000円以上 40,000円未満	40,000円以上 50,000円未満	初めて	Instagram	選択なし/該当施設なし	山代温泉	選択なし／該当施設なし		5,000円以上 10,000円未満	どちらでもない	特になし	満足	混雑していなくスムーズだった	感じなかった	喫煙所を増やしてほしい	5	美味しい食事を増やしてほしい	機会があれば行きたい	海産以外の名物が増えるとなおよし	男	1980	東京都	品川区	600万円以上 700万円未満	景品が当たる	とても満足	10	食事がおいしい
加賀エリア	白山比咩神社	2026/09/27	同意する	日帰り	石川県内には宿泊しない	石川県内には宿泊しない	宿泊しない	夫婦2人	ドライブ・ツーリング, 道の駅めぐり	自家用車	自家用車			使わない	5,000円以上 10,000円未満	5,000円以上 10,000円未満	初めて	TV・ラジオ番組やCM	選択なし/該当施設なし	道の駅めぐみ白山	選択なし／該当施設なし	道の駅しらやまさん	1,000円未満	満足	落ち着いた雰囲気がよかった	満足	落ち着いた雰囲気がよかった	感じなかった		6	落ち着いた雰囲気、手入れされた環境で良かったです	また行きたい（1年以内）	地元のものを大事にしてください	女	1967	三重県	津市	700万円以上 800万円未満	景品が当たる	満足	8	混雑がひどくなく過ごしやすい
加賀エリア	いしかわ動物園	2026/09/27	同意する	日帰り	1泊	加賀エリア （山代温泉、山中温泉、片山津温泉、粟津温泉、辰口温泉、加賀市、小松市など）	富山県	小学生以下連れの家族	テーマパーク（遊園地、動物園、博物館など）	自家用車	自家用車			3,000円以上 5,000円未満	3,000円以上 5,000円未満	3,000円以上 5,000円未満	6～10回目	観光パンフレット・ポスター, Instagram	選択なし/該当施設なし	石川動物園が目的地なので他は寄っていない	選択なし／該当施設なし		5,000円以上 10,000円未満	とても満足	ゆったり見て回れる	とても満足	施設がきれいで見やすい	感じなかった		10	レストランの食事がおいしい	また行きたい（1年以内）	イベントが多く楽しめる。美味しいものが多いのが魅力	女	1984	石川県	金沢市	800万円以上 900万円未満	景品が当たる	とても満足	10	
加賀エリア	いしかわ動物園	2026/09/27	同意する	1泊	1泊	金沢エリア  （湯涌温泉、深谷温泉、犀川温泉など）	石川県外には泊まらない	自分ひとり	宿でのんびり過ごす, 地元の美味しいものを食べる, 花見や紅葉などの自然鑑賞, 名所、旧跡の観光, テーマパーク（遊園地、動物園、博物館など）	自家用車	自家用車			10,000円以上 20,000円未満	10,000円以上 20,000円未満	20,000円以上 30,000円未満	2～5回目	TV・ラジオ番組やCM, 観光パンフレット・ポスター, インターネット・アプリ, X(旧：Twitter), Instagram, 友人・知人	選択なし/該当施設なし	兼六園	月うさぎの里	特に決めていないので市内に戻ってふらふらしようと思っています	1,000円未満	とても満足	動物園としての規模は小さく活気があるとは言えないが、動物達の見やすさと回りやすさとレパートリーが豊富で楽しめました。結構見やすいし丁度良かった。	とても満足		感じなかった		8		機会があれば行きたい	海鮮、観光地、芸術、街中	女	2005	愛知県	東浦町	100万円未満	景品が当たる, なんとなく	満足	9	街中に色々集中しているので丁度良いボリューム感で満足できるし旅行にはピッタリのスポットだった
加賀エリア	山代温泉　総湯	2026/09/27	同意する	2泊	2泊	白山エリア （一里野温泉、白峰温泉、白山市など）	石川県外には泊まらない	友人	温泉や露天風呂, アウトドア（海水浴、釣り、登山など）	自家用車	自家用車			20,000円以上 30,000円未満	5,000円以上 10,000円未満	10,000円以上 20,000円未満	初めて	新聞・雑誌・ガイドブック, 観光連盟やDMOのHP, インターネット・アプリ	選択なし/該当施設なし		選択なし／該当施設なし		1,000円未満	とても満足		とても満足	温泉場の風情がある	感じなかった		8		機会があれば行きたい	美味しい食べ物と温泉	男	1960	兵庫県	神戸市東灘区	500万円以上 600万円未満	景品が当たる	満足	8	
加賀エリア	白山比咩神社	2026/09/27	同意する	日帰り	石川県内には宿泊しない	石川県内には宿泊しない	石川県外には泊まらない	小学生以下連れの家族	地元の美味しいものを食べる, お祭りやイベントへの参加・見物	自家用車	自家用車			3,000円以上 5,000円未満	5,000円以上 10,000円未満	1,000円以上 3,000円未満	6～10回目	観光パンフレット・ポスター, インターネット・アプリ	月うさぎの里		選択なし／該当施設なし		3,000円以上 5,000円未満	とても満足		とても満足		感じなかった		7		石川県在住	特になし	男	1986	石川県	小松	200万円以上 300万円未満	景品が当たる	とても満足	10	料理
加賀エリア	月うさぎの里	2026/09/27	同意する	1泊	1泊	金沢エリア  （湯涌温泉、深谷温泉、犀川温泉など）	石川県外には泊まらない	小学生以下連れの家族	地元の美味しいものを食べる, まちあるき、都市散策, ドライブ・ツーリング	自家用車	自家用車, 徒歩	とても満足	自分たちのペースで行く事ができたので	10,000円以上 20,000円未満	5,000円以上 10,000円未満	5,000円以上 10,000円未満	2～5回目	Instagram	選択なし/該当施設なし	最初に訪れた場所	選択なし／該当施設なし	回転寿司　太平寿司	1,000円以上 3,000円未満	満足	うさぎと触れ合う事ができ、美味しいデザートが食べられたため。	満足	家族全員で楽しむ事ができたため	感じた	ここでランチをする予定だったので、ご飯処が閉鎖されていたのは残念でした。	6	加賀棒茶がずっと気になっていたので、こちらを使用したソフトクリームを食べられて嬉しかったです。とても美味しかったです。	また行きたい（1年以内）	おいしい海鮮料理を頂けるのが楽しみです。金沢おでんも楽しみにしていたのですが、0.2才の子どもと楽しめる場所が見つけられず断念。お寿司屋さんもなかなか条件に合う場所が見つからなかったので、子ども連れでも行きやすいスポットが探しやすくなるとうれしいなと感じました。	女	1997	愛知県	春日井市	700万円以上 800万円未満	景品が当たる, 石川県のおすすめ観光スポットが見たい	満足	6	千里浜なぎさドライブウェイ。以前訪れた際の爽快感や美しい景色が忘れられず今回も訪れました。美味しい食事と共に満喫してほしいスポットだなと思います。
能登エリア	味な宿　宝仙閣	2026/09/27	同意する	3泊	3泊	能登エリア （和倉温泉、七尾市、輪島市、珠洲市など）	石川県外には泊まらない	職場の同僚	地元の美味しいものを食べる, 出張など仕事関係	飛行機	レンタカー	とても満足	レンタカー使用で色々な場所に寄りながら観光できた	30,000円以上 40,000円未満	50,000円以上 100,000円未満	30,000円以上 40,000円未満	初めて	インターネット・アプリ	のとじま水族館		輪島朝市		5,000円以上 10,000円未満	とても満足	市場で地元の美味しいものたくさん食べれた	とても満足	景色、温泉、部屋全て快適に過ごせた	感じなかった		10	可愛いマスコットのお土産購入できました	また行きたい（1年以内）	現在の状況に満足です	女	1982	北海道	札幌市	300万円以上 400万円未満	石川県のおすすめ観光スポットが見たい	とても満足	10	街の景色、現地の皆さんの優しさ、食事も含む全て
能登エリア	道の駅とぎ海街道	2026/09/27	同意する	日帰り	石川県内には宿泊しない	石川県内には宿泊しない	日帰り	小学生以下連れの家族	名所、旧跡の観光, テーマパーク（遊園地、動物園、博物館など）	自家用車	自家用車			使わない	1,000円以上 3,000円未満	3,000円以上 5,000円未満	初めて	インターネット・アプリ, Instagram	選択なし/該当施設なし	アリス館志賀	選択なし／該当施設なし	能登原子力センター	使わない	とても満足	楽しかったからです	とても満足	楽しかったからです	感じなかった		10	体験が楽しかったです	また行きたい（1年以内）	特になし（現状維持）	男	1990	富山県	富山市	500万円以上 600万円未満	景品が当たる	とても満足	10	能登原子力センターがとても楽しいし、勉強にもなります！
能登エリア	癒しの宿　桔梗庵	2026/09/27	同意する	2泊	1泊	能登エリア （和倉温泉、七尾市、輪島市、珠洲市など）	富山県	友人	ドライブ・ツーリング	自家用車	自家用車			5,000円以上 10,000円未満	5,000円以上 10,000円未満	5,000円以上 10,000円未満	初めて	インターネット・アプリ	千里浜なぎさドライブウェイ	道の駅　赤神、千枚田ポケットパーク	禄剛崎灯台	イカキング、見附島	3,000円以上 5,000円未満	とても満足	景色がきれい、基本入場が無料	とても満足	景色がきれい	感じなかった		8		機会があれば行きたい	ツーリングで伺いました。全体的に最高でしたが、やはり地震の影響で路面が悪くヒヤヒヤしたところがありました。大変だとは思いますが、復興を願っております。応援しております！	男	1998	静岡県	磐田市	500万円以上 600万円未満	なんとなく	満足	8	景色がきれい、食べ物がおいしい、現地の方との心地よいコミュニケーションが多かった
能登エリア	のと鉄道（通常）	2026/09/27	同意する	1泊	石川県内には宿泊しない	石川県内には宿泊しない	富山県	自分ひとり	各種体験（手作り、果物狩りなど）	新幹線	在来線	満足	鉄道旅が好きだから	使わない	40,000円以上 50,000円未満	1,000円以上 3,000円未満	2～5回目	インターネット・アプリ, X(旧：Twitter)	選択なし/該当施設なし	富山駅	選択なし／該当施設なし	穴水駅	1,000円以上 3,000円未満	満足	目当ての鉄印が購入出来たので	どちらでもない	特筆すべき点は無かった	感じなかった		7		機会があれば行きたい	特に無し	男	1982	東京都	八王子市	700万円以上 800万円未満	景品が当たる	満足	8	景色と食事とお酒がある
能登エリア	のとじま水族館	2026/09/27	同意する	1泊	1泊	能登エリア （和倉温泉、七尾市、輪島市、珠洲市など）	石川県外には泊まらない	小学生以下連れの家族	温泉や露天風呂, 地元の美味しいものを食べる, テーマパーク（遊園地、動物園、博物館など）	自家用車	自家用車			50,000円以上 100,000円未満	5,000円以上 10,000円未満	10,000円以上 20,000円未満	2～5回目	TV・ラジオ番組やCM	のとじま水族館		道の駅のとじま		5,000円以上 10,000円未満	とても満足	ジンベエザメが見れました！	とても満足		感じなかった		9		石川県在住	海鮮	男	1973	石川県	野々市市	800万円以上 900万円未満	景品が当たる	とても満足	10	
能登エリア	日本の宿 のと楽	2026/09/27	同意する	1泊	1泊	能登エリア （和倉温泉、七尾市、輪島市、珠洲市など）	石川県外には泊まらない	友人	宿でのんびり過ごす, その他スポーツ（ゴルフ、テニスなど）	自家用車	自家用車			10,000円以上 20,000円未満	3,000円以上 5,000円未満	3,000円以上 5,000円未満	2～5回目	観光展・物産展	選択なし/該当施設なし	能登和倉国際女子オープンテニス	選択なし／該当施設なし	能登和倉国際女子オープンテニス	1,000円以上 3,000円未満	とても満足	テニス試合を楽しみにしているから	とても満足		感じなかった		10	特になし	機会があれば行きたい	特になし	男	1972	東京都	豊島区	1,500万円以上	景品が当たる	とても満足	7	のと楽
能登エリア	のとじま水族館	2026/09/27	同意する	日帰り	石川県内には宿泊しない	石川県内には宿泊しない	石川県外には泊まらない	小学生以下連れの家族	テーマパーク（遊園地、動物園、博物館など）	県外から訪れていない（石川県内在住）	自家用車			10,000円以上 20,000円未満	1,000円以上 3,000円未満	5,000円以上 10,000円未満	6～10回目	ブログ, 友人・知人	選択なし/該当施設なし		選択なし／該当施設なし	はま寿司	5,000円以上 10,000円未満	とても満足	ジンベイザメを見ることができたほか、イルカショーのハロウィンイベントもあったため。	とても満足		感じなかった		10		また行きたい（1年以内）	家族で楽しめる場所、食事、休憩スポット	女	1983	石川県	輪島市	1,000万円以上 1,200万円未満	景品が当たる	とても満足	10	
能登エリア	TOMORU HOTEL	2026/09/27	同意する	1泊	2泊	金沢エリア  （湯涌温泉、深谷温泉、犀川温泉など）	大阪　東京	自分ひとり	友人・親戚を訪ねる	自家用車	自家用車			10,000円以上 20,000円未満	使わない	20,000円以上 30,000円未満	初めて	友人・知人	能登食祭市場		能登食祭市場		10,000円以上 20,000円未満	満足	親切に対応してもらえた	満足	海鮮が豊富でした	感じなかった		10		石川県在住	特になし	女	1974	石川県	穴水町	500万円以上 600万円未満	景品が当たる	満足	10	のんびりドライブがてらに来るにはサイコ～
能登エリア	のとじま水族館	2026/09/27	同意する	4泊以上	4泊以上	能登エリア （和倉温泉、七尾市、輪島市、珠洲市など）	石川県外には泊まらない	親	宿でのんびり過ごす, 温泉や露天風呂, 地元の美味しいものを食べる	新幹線, 在来線	路線バス	満足	13:00台に水族館発の便があるとよりよかったです	100,000円以上	50,000円以上 100,000円未満	30,000円以上 40,000円未満	初めて	新聞・雑誌・ガイドブック	選択なし/該当施設なし	和倉お祭り会館	千里浜なぎさドライブウェイ	気多大社、羽咋コスモ館、金沢城	1,000円以上 3,000円未満	満足	特に不満ないので	とても満足	楽しませようという心意気を随所に感じました	感じなかった		9	ペンギンさんのお散歩は、ちょっとあっという間感があったので、2隊体制くらいでもいいかも	また行きたい（1年以内）	車以外の交通の便がもっとよくなるといいなと…。特に車椅子同伴ではバス利用は難しいので、そこらへんもご一考いただけると嬉しいです。温泉もお魚もあるので、老人同伴旅行がしやすい！というアピールできるといい気がします	女	1967	東京都	大田区	300万円以上 400万円未満	景品が当たる, ひゃくまんさんが好き	とても満足	10	和倉お祭り館、実物は迫力あって、思った以上によかったです
能登エリア	和倉温泉-総湯-	2026/09/27	同意する	日帰り	石川県内には宿泊しない	石川県内には宿泊しない	出張	自分ひとり	出張など仕事関係	自家用車	自家用車			使わない	10,000円以上 20,000円未満	5,000円以上 10,000円未満	11回目以上	インターネット・アプリ	能登食祭市場		選択なし／該当施設なし		1,000円未満	とても満足	清掃が行き届いている	とても満足	泉質がよい	感じなかった	ない	10		また行きたい（1年以内）	なし	男	1971	秋田県	由利本荘市	800万円以上 900万円未満	景品が当たる	とても満足	10	のんびりできる
能登エリア	のとじま水族館	2026/09/27	同意する	1泊	1泊	能登エリア （和倉温泉、七尾市、輪島市、珠洲市など）	石川県外には泊まらない	恋人	宿でのんびり過ごす, 温泉や露天風呂, 地元の美味しいものを食べる, お祭りやイベントへの参加・見物	飛行機	路線バス	不満	飛行機の時間に合った便があると助かります。	10,000円以上 20,000円未満	30,000円以上 40,000円未満	10,000円以上 20,000円未満	初めて	観光展・物産展, 新聞・雑誌・ガイドブック, インターネット・アプリ	選択なし/該当施設なし	ポケモン足湯	選択なし／該当施設なし		3,000円以上 5,000円未満	満足		満足	結構水族館が楽しめた。釣りもできて良かった。	感じなかった		8	食べるところが開いてなかった。	機会があれば行きたい	復興で大変かと思いますが、飛行機からの交通手段がもう少しあると助かります。	男	1992	東京都	品川区	600万円以上 700万円未満	景品が当たる	満足	8	
能登エリア	のとじま水族館	2026/09/27	同意する	1泊	1泊	能登エリア （和倉温泉、七尾市、輪島市、珠洲市など）	石川県外には泊まらない	恋人	宿でのんびり過ごす, 温泉や露天風呂, 名所、旧跡の観光	飛行機	路線バス	不満	・バスの時刻と施設のショーの時間がうまく合わず、ショーが見られなかったので	20,000円以上 30,000円未満	10,000円以上 20,000円未満	10,000円以上 20,000円未満	初めて	観光連盟やDMOのHP, インターネット・アプリ, X(旧：Twitter)	能登食祭市場	ポケモン足湯	選択なし／該当施設なし		1,000円以上 3,000円未満	満足	展示の解説などが面白かった。また、限定グッズなどが充実していた	満足	施設が綺麗で、スタンプラリーもあり楽しかった。	感じなかった		8	飲食の種類をもう少し増やしてほしい	また行きたい（1年以内）	ポケふたを全て回るツアーが欲しいです	女	1999	東京都	大田区	300万円以上 400万円未満	景品が当たる	満足	8	ポケモンコラボが力が入っていて勧めたいと思った。また、食祭市場のジェラートがおいしくて勧めたいと感じた。
金沢エリア	石川県立歴史博物館	2026/09/27	同意する	3泊	3泊	金沢エリア  （湯涌温泉、深谷温泉、犀川温泉など）	石川県外には泊まらない	小学生以下連れの家族	出張など仕事関係	新幹線, 在来線	タクシー	どちらでもない		30,000円以上 40,000円未満	30,000円以上 40,000円未満	20,000円以上 30,000円未満	初めて	観光パンフレット・ポスター	金沢21世紀美術館		選択なし/該当施設なし		1,000円以上 3,000円未満	とても満足	施設の建築が面白く、企画展、常設展示も楽しかった。	とても満足		感じなかった		10		また行きたい（1年以内）	和の要素が混じった洋菓子を食べてみたい。	男	1983	大阪府	堺市堺区	1,000万円以上 1,200万円未満	石川県のおすすめ観光スポットが見たい, 石川県の雑学を知りたい	満足	9	金沢市内はコンパクトに観光しやすい。県内の温泉地もいろいろあり、利用しやすい。
金沢エリア	金沢城公園	2026/09/27	同意する	2泊	2泊	金沢エリア  （湯涌温泉、深谷温泉、犀川温泉など）	石川県外には泊まらない	小学生以下連れの家族	地元の美味しいものを食べる, 買い物、アウトレット	新幹線	徒歩			100,000円以上	1,000円未満	50,000円以上 100,000円未満	2～5回目	インターネット・アプリ, Instagram	ひがし茶屋街		近江町市場		1,000円未満	とても満足	金沢城が想像以上に綺麗で前田家の歴史がわかりやすく学べたため。	とても満足	家族皆楽しく過ごせたため。	感じなかった	特になし	9	ボランティアの方も多く必要十分だと思います。	また行きたい（1年以内）	和菓子。美味しいのは勿論、品があり美しい。	女	1981	石川県	静岡市駿河区	1,500万円以上	景品が当たる	とても満足	10	金沢城。美にこだわる文化や歴史が学べるから。また、それが城以外の街並みにも感じられるから。
加賀エリア	小松空港	2026/09/27	同意する	1泊	1泊	加賀エリア （山代温泉、山中温泉、片山津温泉、粟津温泉、辰口温泉、加賀市、小松市など）	石川県外には泊まらない	中学生以上連れの家族	お祭りやイベントへの参加・見物	自家用車	自家用車			1,000円未満	1,000円以上 3,000円未満	3,000円以上 5,000円未満	2～5回目	観光パンフレット・ポスター	選択なし/該当施設なし	加賀ゆめのゆ	選択なし／該当施設なし	帰宅	5,000円以上 10,000円未満	どちらでもない	店が少ない	どちらでもない	店が少ない	感じなかった		5		機会があれば行きたい	特になし	女	1969	京都府	京田辺市	700万円以上 800万円未満	景品が当たる	満足	6	
加賀エリア	ゆのくに天祥	2026/09/27	同意する	2泊	2泊	金沢エリア  （湯涌温泉、深谷温泉、犀川温泉など）	石川県外には泊まらない	親	温泉や露天風呂, 地元の美味しいものを食べる, まちあるき、都市散策	新幹線	路線バス	満足	バスは観光客でぎゅうぎゅう詰めになっている状態を想像していたが、想像とは異なり空いていたため。	30,000円以上 40,000円未満	10,000円以上 20,000円未満	10,000円以上 20,000円未満	2～5回目	インターネット・アプリ, Instagram	ゆのくにの森	総湯	選択なし／該当施設なし	近江町市場、大野港	5,000円以上 10,000円未満	とても満足	スタッフの方が親しみやすい雰囲気だったため。	とても満足	施設の清掃が行き届いていたため。温泉が広々としており、寛げたため。	感じた	部屋のWi-Fiが少し弱かった。	10	宿泊者向けの無料サービスが充実していた。蒸し温泉まんじゅう、源泉で作る温泉たまご、ドリンクバー開放、蒸しじゃがいも提供などホテルの中だけでかなり楽しめた。担当のスタッフの方は初心者マークをつけていたが、一生懸命接客してくれた。土産売り場も充実しており、土産選びを楽しめた。朝一も開催されていてチェックインからチェックアウトまで時間いっぱい楽しめた。温泉も広々していて素晴らしかった。また来たい。	また行きたい（1年以内）	有名な温泉が湧く地域なので温泉に期待している。土産については地域のものを活かしてほしい。例えば『ノドグロ一夜干し』という商品についてノドグロの産地を確認したら海外産だったということが何度かあった。せっかくなら石川で釣ったノドグロを使って商品を作れば購買意欲がよりそそられると思う。	男	2002	滋賀県	草津市	1,200万円以上 1,500万円未満	景品が当たる, なんとなく	とても満足	10	ゆのくに天祥(宿泊施設)。理由は上記の通り。
加賀エリア	小松空港	2026/09/27	同意する	2泊	2泊	金沢エリア  （湯涌温泉、深谷温泉、犀川温泉など）	石川県外には泊まらない	夫婦2人	花見や紅葉などの自然鑑賞, 名所、旧跡の観光, まちあるき、都市散策, 出張など仕事関係	飛行機	路線バス, 徒歩	満足	バスが多くてよかった。クレジットカードで決済できるのもよかった。	40,000円以上 50,000円未満	50,000円以上 100,000円未満	50,000円以上 100,000円未満	2～5回目	インターネット・アプリ, Instagram	選択なし/該当施設なし		選択なし／該当施設なし		使わない	どちらでもない		どちらでもない		感じなかった		8		機会があれば行きたい	美味しい海鮮を食べたい	男	1991	佐賀県	佐賀市	1,500万円以上	景品が当たる	満足	7	のどぐろが美味しい、兼六園が綺麗
加賀エリア	那谷寺	2026/09/27	同意する	2泊	1泊	加賀エリア （山代温泉、山中温泉、片山津温泉、粟津温泉、辰口温泉、加賀市、小松市など）	長野県	夫婦2人	宿でのんびり過ごす, 地元の美味しいものを食べる, 名所、旧跡の観光	自家用車	自家用車			50,000円以上 100,000円未満	50,000円以上 100,000円未満	20,000円以上 30,000円未満	初めて	インターネット・アプリ	選択なし/該当施設なし		選択なし／該当施設なし	金沢21世紀美術館。図書館	1,000円以上 3,000円未満	とても満足	掃除が行き届いていた。	とても満足	素晴らしい景観、文化財だった。	感じた	石階段が滑りやすくなっていて、気をつけて歩かなければならなかった。場所柄そういうものなのも理解しています。	10	月曜日１４時に訪れたが、お土産屋さんも何もやっていなかった。	また行きたい（1年以内）	加賀温泉郷の温泉を楽しみにしてました。とてもよかったです。	男	1979	茨城県	水戸市	600万円以上 700万円未満	景品が当たる	とても満足	10	温泉が良い。
加賀エリア	いしかわ動物園	2026/09/27	同意する	日帰り	石川県内には宿泊しない	石川県内には宿泊しない	石川県外には泊まらない	夫婦2人	テーマパーク（遊園地、動物園、博物館など）	自家用車	自家用車			使わない	5,000円以上 10,000円未満	3,000円以上 5,000円未満	2～5回目	インターネット・アプリ	選択なし/該当施設なし		選択なし／該当施設なし		3,000円以上 5,000円未満	とても満足	充分楽しめた	とても満足	上記に同じ	感じなかった		10	かわいいお土産が多かった	また行きたい（1年以内）	アクセスしやすく、当日思い立った時に行ける	男	1981	富山県	高岡市	800万円以上 900万円未満	景品が当たる	とても満足	9	手軽に行ける
加賀エリア	小松空港	2026/09/27	同意する	3泊	3泊	能登エリア （和倉温泉、七尾市、輪島市、珠洲市など）	石川県外には泊まらない	夫婦2人	地元の美味しいものを食べる, 航空祭	飛行機	レンタカー, 路線バス	満足	バスが使いやすかった	50,000円以上 100,000円未満	50,000円以上 100,000円未満	30,000円以上 40,000円未満	2～5回目	インターネット・アプリ, Instagram	石川県立航空プラザ		選択なし／該当施設なし	能登半島	30,000円以上 40,000円未満	満足	美味しいものがあった	どちらでもない		感じた	道の交互通行	8		機会があれば行きたい	美味しい魚が食べれる	女	1963	神奈川県	茅ヶ崎市	500万円以上 600万円未満	空港で待ってて目の前にポスターがあったから	満足	8	ドライブしながら観光地をめぐりやすい
加賀エリア	いしかわ動物園	2026/09/27	同意する	日帰り	石川県内には宿泊しない	石川県内には宿泊しない	福井県	小学生以下連れの家族	お祭りやイベントへの参加・見物	自家用車	自家用車			1,000円以上 3,000円未満	1,000円以上 3,000円未満	1,000円以上 3,000円未満	2～5回目	観光パンフレット・ポスター	那谷寺		選択なし／該当施設なし		1,000円以上 3,000円未満	どちらでもない	混んでいた	どちらでもない	混んでいたからあと、暑かった夜だけど	感じた	混んでいて暑かった	6		機会があれば行きたい	マリンスポーツをしたい	男	1992	福井県	越前市	500万円以上 600万円未満	景品が当たる	満足	7	
加賀エリア	のとや	2026/09/27	同意する	1泊	1泊	加賀エリア （山代温泉、山中温泉、片山津温泉、粟津温泉、辰口温泉、加賀市、小松市など）	石川県外には泊まらない	夫婦2人	宿でのんびり過ごす, 地元の美味しいものを食べる, 名所、旧跡の観光, お祭りやイベントへの参加・見物	県外から訪れていない（石川県内在住）	自家用車			20,000円以上 30,000円未満	3,000円以上 5,000円未満	1,000円以上 3,000円未満	初めて	インターネット・アプリ	選択なし/該当施設なし	九谷陶芸村	選択なし／該当施設なし	帰宅	1,000円以上 3,000円未満	どちらでもない	素晴らしい作品がたくさんあったが庶民には手が出ない価格だった。	どちらでもない		感じなかった		5		また行きたい（1年以内）	金沢だけでなく、奥能登にもう少し力を入れてくれるとうれしい	男	1973	石川県	鹿島郡中能登町	300万円以上 400万円未満	景品が当たる, 石川県のおすすめ観光スポットが見たい	満足	10	
加賀エリア	のとや	2026/09/27	同意する	1泊	1泊	加賀エリア （山代温泉、山中温泉、片山津温泉、粟津温泉、辰口温泉、加賀市、小松市など）	石川県外には泊まらない	夫婦2人	宿でのんびり過ごす, 温泉や露天風呂, 地元の美味しいものを食べる, 買い物、アウトレット, お祭りやイベントへの参加・見物	自家用車	自家用車			30,000円以上 40,000円未満	10,000円以上 20,000円未満	3,000円以上 5,000円未満	初めて	インターネット・アプリ	選択なし/該当施設なし	九谷陶芸村、獅子吼高原	選択なし／該当施設なし	仕事なのですぐ帰宅	30,000円以上 40,000円未満	満足	食事は高く値段に見合っていない様に思ったが部屋が綺麗でスタッフのおもてなしが良かった。	満足	館内が綺麗で良かった	感じなかった		7	食事が値段に見合っていないと思う。	機会があれば行きたい	食事で治部煮など加賀料理が出たら嬉しい。加賀棒茶のスィーツなどあればいい。	女	1973	石川県	中能登町	600万円以上 700万円未満	景品が当たる, 石川県のおすすめ観光スポットが見たい	満足	7	獅子吼高原のゴンドラに乗って見る景色が最高だった。
加賀エリア	ポイントバケーション加賀山中	2026/09/27	同意する	4泊以上	2泊	加賀エリア （山代温泉、山中温泉、片山津温泉、粟津温泉、辰口温泉、加賀市、小松市など）	岐阜県	夫婦2人	お祭りやイベントへの参加・見物	自家用車	自家用車			10,000円以上 20,000円未満	5,000円以上 10,000円未満	1,000円未満	2～5回目	会員	選択なし/該当施設なし	自宅	選択なし／該当施設なし	軽井沢	5,000円以上 10,000円未満	満足	安心感	満足	いつも利用している	感じなかった		7	ケータリングの充実	機会があれば行きたい	百万さんグッズ	女	1959	大阪府	四條畷市	400万円以上 500万円未満	景品が当たる, ひゃくまんさんが好き	満足	8	近さ、温泉
加賀エリア	ポイントバケーション加賀山中	2026/09/27	同意する	4泊以上	2泊	加賀エリア （山代温泉、山中温泉、片山津温泉、粟津温泉、辰口温泉、加賀市、小松市など）	岐阜県	夫婦2人	お祭りやイベントへの参加・見物	自家用車	自家用車			5,000円以上 10,000円未満	5,000円以上 10,000円未満	1,000円未満	2～5回目	会員	選択なし/該当施設なし	自宅から	選択なし／該当施設なし	軽井沢	1,000円未満	満足	安心感	どちらでもない	山中温泉なのに泉質が違う	感じなかった		8	ケータリングの充実を望む	機会があれば行きたい	特になし	男	1960	大阪府	四條畷市	400万円以上 500万円未満	景品が当たる	満足	8	温泉、観光スポット
加賀エリア	ゆのくに天祥	2026/09/27	同意する	1泊	1泊	加賀エリア （山代温泉、山中温泉、片山津温泉、粟津温泉、辰口温泉、加賀市、小松市など）	富山県	夫婦2人	温泉や露天風呂, 地元の美味しいものを食べる	自家用車	自家用車			20,000円以上 30,000円未満	5,000円以上 10,000円未満	20,000円以上 30,000円未満	初めて	新聞・雑誌・ガイドブック, TV・ラジオ番組やCM, インターネット・アプリ	那谷寺		選択なし／該当施設なし		3,000円以上 5,000円未満	満足	ロビーで無料のお菓子やデザートがいただけるサービスがあり、温泉卵を作ることができたり、翌朝は蒸したじゃがいものサービスなどもあってとても嬉しいサービスが沢山ありました。	満足	施設のホスピタリティーが素晴らしく、フロントの方、仲居さんなどとても親切でした。	感じなかった		10	お土産を売っている売店がとても充実していて時間がなくてもここで買えるので助かりました。また、九谷焼の商品がリーズナブルな価格で販売されていたので訪れた記念に購入しました。九谷焼というと高くて気軽に買えないイメージでしたが、こういうホテルの売店などに買いやすいものがあると手に取りやすく嬉しいです。	また行きたい（1年以内）	九谷焼のお土産を気軽に買えるお店がもっとあるといいなと思いました。「九谷焼通り」のような 九谷焼のお店が１か所に集まった場所や通りがあると旅行の目的の一つになり嬉しいです。	男	1986	茨城県	水戸市	800万円以上 900万円未満	景品が当たる	満足	10	伝統的な料理など、普段食べることがない料理を食べることでその地域の文化や歴史などにふれる機会にもなり加賀料理はぜひお薦めしたいと思いました。
加賀エリア	ゆのくに天祥	2026/09/27	同意する	1泊	1泊	加賀エリア （山代温泉、山中温泉、片山津温泉、粟津温泉、辰口温泉、加賀市、小松市など）	石川県外には泊まらない	友人	温泉や露天風呂, 地元の美味しいものを食べる	自家用車	自家用車			10,000円以上 20,000円未満	5,000円以上 10,000円未満	10,000円以上 20,000円未満	6～10回目	社交ダンス	選択なし/該当施設なし	地元のスーパーで地元の特産品を買う	選択なし／該当施設なし	地元スーパー	5,000円以上 10,000円未満	とても満足	料理、温泉が良い。温泉卵やお菓子も嬉しい	とても満足	施設やスタッフが良い	感じなかった		10		機会があれば行きたい	海産物や野菜	女	1955	和歌山県	日高郡	200万円以上 300万円未満	景品が当たる	満足	9	温泉、お料理
加賀エリア	ゆのくに天祥	2026/09/27	同意する	1泊	1泊	加賀エリア （山代温泉、山中温泉、片山津温泉、粟津温泉、辰口温泉、加賀市、小松市など）	新潟県	夫婦2人	温泉や露天風呂, 地元の美味しいものを食べる, まちあるき、都市散策	自家用車	自家用車			20,000円以上 30,000円未満	5,000円以上 10,000円未満	5,000円以上 10,000円未満	初めて	インターネット・アプリ	選択なし/該当施設なし		選択なし／該当施設なし	兼六園	5,000円以上 10,000円未満	満足	チェックインの際、泊まる部屋について体調がすぐれず要望を言ったところ、断らずに誠実に真摯に対応していただけました。おかげで気持ちよく泊まることができました。最初からこちらの要望を全く聞き入れず断る宿もあるので大変素晴らしい宿だと思いました。	満足	施設内で無料の飲み物や食べ物があり、食事前や後も楽しめるのが良かったです。	感じた	ロビーの無料の飲み物やお菓子を部屋に持っていけず、ロビーでしかコーヒーを飲めなかったのは残念でした。部屋でおしゃべりしながら頂きたかったです。また、渋滞で宿に少し遅めに着いたため、無料のお饅頭が無くなってしまい食べられなかったのが残念でした。楽しみにしていたのでできるなら、補充しておいていただけたらなと思いました。お風呂の洗面所や部屋に化粧水をつけたりするコットンが無かったのが不便でした。今はほとんどのホテルであるので持参しなかったため、ちょっと困りました。	10	この地域の名物などのお料理が多く出されたのはとてもうれしかったです。宿でしか石川県の特徴的な料理を食べる機会がなかったので、石川県に来たと感じることができました。	また行きたい（1年以内）	石川県らしい食事が宿以外で食べられるお店がもっとあるといいなと思いました。回転寿司や食べ歩き、海鮮丼などのお店は沢山ありますが、宿で食べるような石川県ならではの食べ物がいただけるランチのお店がありそうであまりないので今後そういうお店が増えるとうれしいです。	女	1993	栃木県	宇都宮市	700万円以上 800万円未満	景品が当たる	とても満足	10	料理がとてもおいしく、食材も素晴らしいものが沢山あり、ぜひ薦めたいと思いました。
能登エリア	のとじま水族館	2026/09/27	同意する	日帰り	石川県内には宿泊しない	石川県内には宿泊しない	石川県外には泊まらない	小学生以下連れの家族	テーマパーク（遊園地、動物園、博物館など）	県外から訪れていない（石川県内在住）	自家用車			1,000円以上 3,000円未満	5,000円以上 10,000円未満	3,000円以上 5,000円未満	11回目以上	インターネット・アプリ	選択なし/該当施設なし		選択なし／該当施設なし		5,000円以上 10,000円未満	満足	スタッフの笑顔が素敵でした。ハロウィンのイルカアシカショーで素敵でした	満足	子どもたちが大変喜んでいました。	感じなかった		10	ハロウィンで楽しかったです。さかなくんの絵も見れて良かった。	石川県在住	小さな子どもも含め家族大勢で行ける美味しいご飯が食べたいです。	女	1963	石川県	七尾市	300万円以上 400万円未満	石川県のおすすめ観光スポットが見たい	とても満足	10	何回来てもいつも楽しめる最高の水族館です。
能登エリア	道の駅輪島	2026/09/27	同意する	日帰り	石川県内には宿泊しない	石川県内には宿泊しない	県内の自宅	夫婦2人	名所、旧跡の観光, ドライブ・ツーリング	県外から訪れていない（石川県内在住）	自家用車	どちらでもない	まだ道路の復興がなされておらず、皆さんの不便さが目に見えてつらい	使わない	3,000円以上 5,000円未満	5,000円以上 10,000円未満	初めて	友人・知人	千里浜なぎさドライブウェイ		選択なし／該当施設なし	門前	3,000円以上 5,000円未満	満足	いしるや海苔など目当てのものが買えた	満足	綺麗で整頓されていた	感じなかった		10	輪島塗のお箸を、お手頃な値段でかえた	また行きたい（1年以内）	地元の食材に期待はしているが！観光向けになり高額になりすぎないこと	女	1971	石川県	富来町	1,000万円以上 1,200万円未満	石川県のおすすめ観光スポットが見たい	満足	10	まだ、復興には程遠いことを皆さんに知ってほしいから
能登エリア	海舟	2026/09/27	同意する	1泊	1泊	能登エリア （和倉温泉、七尾市、輪島市、珠洲市など）	石川県外には泊まらない	夫婦2人	宿でのんびり過ごす, 温泉や露天風呂, 地元の美味しいものを食べる, ドライブ・ツーリング	自家用車	自家用車, 旅行会社ツアーバス	満足	運転しないで、楽です。	30,000円以上 40,000円未満	5,000円以上 10,000円未満	10,000円以上 20,000円未満	2～5回目	観光パンフレット・ポスター, インターネット・アプリ	選択なし/該当施設なし		能登食祭市場		3,000円以上 5,000円未満	満足	美味しい寿司か刺し身	満足	名品が揃ってる。	感じなかった		8	飲食が美味しい。土産も一杯、有る。	機会があれば行きたい	アクティビティをアピールして欲しい。	男	1951	長野県	松本市	700万円以上 800万円未満	景品が当たる, 石川県のおすすめ観光スポットが見たい	満足	8	温泉と海が良い。
能登エリア	のとじま水族館	2026/09/27	同意する	日帰り	石川県内には宿泊しない	石川県内には宿泊しない	石川県外には泊まらない	小学生以下連れの家族	花見や紅葉などの自然鑑賞, テーマパーク（遊園地、動物園、博物館など）	自家用車	自家用車			使わない	3,000円以上 5,000円未満	20,000円以上 30,000円未満	11回目以上	インターネット・アプリ, X(旧：Twitter), Facebook	選択なし/該当施設なし	東井栗園	選択なし／該当施設なし	金城温泉元湯	10,000円以上 20,000円未満	満足	ジンベエザメの復活	満足	食事はもう少し頑張ってもらえると嬉しいです。	感じなかった		9		また行きたい（1年以内）	隣県なので珍しさよりも気楽に行ける場所を選んで来ている。何でもかんでも観光価格にならない事を切に祈っています。	男	1983	富山県	魚津市	700万円以上 800万円未満	景品が当たる	満足	8	
能登エリア	のとじま水族館	2026/09/27	同意する	2泊	2泊	能登エリア （和倉温泉、七尾市、輪島市、珠洲市など）	石川県外には泊まらない	小学生以下連れの家族	テーマパーク（遊園地、動物園、博物館など）, 出張など仕事関係	自家用車	自家用車	どちらでもない		20,000円以上 30,000円未満	5,000円以上 10,000円未満	20,000円以上 30,000円未満	2～5回目	インターネット・アプリ	千里浜なぎさドライブウェイ		選択なし／該当施設なし		5,000円以上 10,000円未満	満足		満足		感じた	交通事情	9		機会があれば行きたい	体験型観光	男	1980	岐阜県	岐阜市	1,000万円以上 1,200万円未満	景品が当たる	満足	8	
能登エリア	ホテルルートイン輪島	2026/09/27	同意する	1泊	1泊	能登エリア （和倉温泉、七尾市、輪島市、珠洲市など）	石川県外には泊まらない	友人	地元の美味しいものを食べる, 名所、旧跡の観光, ドライブ・ツーリング	県外から訪れていない（石川県内在住）	バイク	とても満足	天気よく	3,000円以上 5,000円未満	1,000円以上 3,000円未満	3,000円以上 5,000円未満	初めて	インターネット・アプリ, 友人・知人	選択なし/該当施設なし	つばき茶屋	選択なし／該当施設なし	コミセン門前ベース	1,000円未満	とても満足	蕎麦が美味い	とても満足	ゆっくりできた	感じなかった		9		石川県在住	特になし	女	1972	石川県	加賀市	400万円以上 500万円未満	景品が当たる, ひゃくまんさんが好き	とても満足	9	食べ物
能登エリア	のとじま水族館	2026/09/27	同意する	4泊以上	4泊以上	能登エリア （和倉温泉、七尾市、輪島市、珠洲市など）	石川県外には泊まらない	中学生以上連れの家族	宿でのんびり過ごす, 温泉や露天風呂, 地元の美味しいものを食べる	新幹線, 在来線	路線バス	とても満足		100,000円以上	40,000円以上 50,000円未満	40,000円以上 50,000円未満	初めて	新聞・雑誌・ガイドブック	選択なし/該当施設なし	和倉お祭り会館	選択なし／該当施設なし	気多大社、金沢城	1,000円以上 3,000円未満	満足	能登特有のお土産を購入できた。和倉温泉に宿泊したが自家用車利用でないから道の駅に寄らないため、お土産購入できる施設があまりなかった	とても満足	鏡をうまく利用するなど、展示に工夫が見られた	感じた	車椅子利用のため、レストランにエレベーターがなくて利用できなかったので	9	フードコーナーの甘エビの唐揚げ、大変美味しかったのでもっと推していいと思います。お酒のおつまみ系のメニューが多いので、ノンアルビールでいいから置いてほしい。	また行きたい（1年以内）	車椅子利用しやすい施設。歯のよくない者でも食べやすいメニュー、たくさん食べられない人が食べきれる分量（ハーフサイズなど）のメニューがある飲食店。高齢者だけでなく子育て世代にも嬉しいはず	女	1938	東京都	大田区	200万円以上 300万円未満	景品が当たる	とても満足	10	魚介類のおいしさ
能登エリア	のとじま水族館	2026/09/27	同意する	日帰り	4泊以上	加賀エリア （山代温泉、山中温泉、片山津温泉、粟津温泉、辰口温泉、加賀市、小松市など）	石川県外には泊まらない	小学生以下連れの家族	テーマパーク（遊園地、動物園、博物館など）	自家用車	自家用車			使わない	1,000円以上 3,000円未満	5,000円以上 10,000円未満	2～5回目	インターネット・アプリ, Instagram	選択なし/該当施設なし		選択なし／該当施設なし		3,000円以上 5,000円未満	とても満足	ジンベイザメが久しぶりに見れて、震災前に戻ったみたいで感動しました！	とても満足	震災にあったとは思えないほど綺麗で、また来たいと思いました	感じなかった		10		石川県在住	子供と参加できるイベント	女	1986	石川県	小松市	900万円以上 1,000万円未満	景品が当たる	とても満足	10	元気に泳ぐ姿に元気をもらえるジンベイザメ
能登エリア	のとじま水族館	2026/09/27	同意する	1泊	1泊	能登エリア （和倉温泉、七尾市、輪島市、珠洲市など）	石川県外には泊まらない	自分ひとり	テーマパーク（遊園地、動物園、博物館など）, ドライブ・ツーリング	自家用車	レンタカー			10,000円以上 20,000円未満	10,000円以上 20,000円未満	20,000円以上 30,000円未満	2～5回目	観光パンフレット・ポスター, インターネット・アプリ, Facebook	のとじま水族館		道の駅のとじま		3,000円以上 5,000円未満	満足	応援したいと思わせる素朴さ。	満足	地震からの復興の様子も掲示してあり、正直だなと感心しました。	感じなかった		8		また行きたい（1年以内）	美味しい海鮮。	女	1972	群馬県	高崎市	300万円以上 400万円未満	なんとなく	満足	8	能登島の景色。海沿いの家並みは原風景。
能登エリア	のとじま水族館	2026/09/27	同意する	日帰り	石川県内には宿泊しない	石川県内には宿泊しない	石川県外には泊まらない	中学生以上連れの家族	地元の美味しいものを食べる, 名所、旧跡の観光, テーマパーク（遊園地、動物園、博物館など）, ドライブ・ツーリング	自家用車	自家用車			20,000円以上 30,000円未満	5,000円以上 10,000円未満	10,000円以上 20,000円未満	11回目以上	観光展・物産展, TV・ラジオ番組やCM, インターネット・アプリ, Instagram	千里浜なぎさドライブウェイ		道の駅のとじま		10,000円以上 20,000円未満	満足	地元の美味しいもの！	満足		感じなかった		8		また行きたい（1年以内）	ジップライン（アウトドアアクティビティ）つくってほしいです！	女	1980	富山県	射水市	300万円以上 400万円未満	景品が当たる	とても満足	10	食 すっごい美味しいものがたくさんある事！
能登エリア	おくだや	2026/09/27	同意する	1泊	1泊	能登エリア （和倉温泉、七尾市、輪島市、珠洲市など）	石川県外には泊まらない	自分ひとり	宿でのんびり過ごす, 温泉や露天風呂, 地元の美味しいものを食べる	県外から訪れていない（石川県内在住）	自家用車			20,000円以上 30,000円未満	3,000円以上 5,000円未満	10,000円以上 20,000円未満	初めて	インターネット・アプリ	選択なし/該当施設なし	道の駅のと千里浜	能登食祭市場		3,000円以上 5,000円未満	満足	欲しい物が買えた	どちらでもない	いつも利用している	感じなかった		8		また行きたい（1年以内）	年配者にも優しい施設や商品が増えるとよいですね。	女	1972	石川県	金沢市	900万円以上 1,000万円未満	景品が当たる	とても満足	10	よい温泉がたくさんあります。是非皆にも来ていただきたいです。
能登エリア	能登いろは	2026/09/27	同意する	2泊	2泊	能登エリア （和倉温泉、七尾市、輪島市、珠洲市など）	石川県外には泊まらない	自分ひとり	温泉や露天風呂, 地元の美味しいものを食べる, 名所、旧跡の観光, テーマパーク（遊園地、動物園、博物館など）, お祭りやイベントへの参加・見物, 各種体験（手作り、果物狩りなど）	新幹線, 在来線	旅行会社ツアーバス, 路線バス	どちらでもない	本数が少ない	20,000円以上 30,000円未満	30,000円以上 40,000円未満	30,000円以上 40,000円未満	初めて	インターネット・アプリ	道の駅のとじま		のとじま水族館		10,000円以上 20,000円未満	とても満足	不満点が何もなく楽しめた	とても満足	不満点が何もなかった	感じなかった		10	お土産屋さんが充実していたらいい	また行きたい（1年以内）	工芸体験、寿司	女	1987	東京都	江東区	300万円以上 400万円未満	景品が当たる, ひゃくまんさんが好き, ARでひゃくまんさんと写真が撮りたかった, 動く３Dひゃくまんさんを見たい, 石川県のおすすめ観光スポットが見たい, 石川県の雑学を知りたい	とても満足	10	のとじま水族館。一日楽しめた
能登エリア	のと鉄道（通常）	2026/09/27	同意する	日帰り	石川県内には宿泊しない	石川県内には宿泊しない	石川県外には泊まらない	自分ひとり	地元の美味しいものを食べる, スポーツ観戦や芸術鑑賞（コンサート等）	在来線	在来線	満足	のと鉄道はせめて1時間に2本電車を走らせてほしい。	使わない	3,000円以上 5,000円未満	5,000円以上 10,000円未満	6～10回目	Instagram	選択なし/該当施設なし	穴水町プルート	選択なし／該当施設なし	日帰りなので、時間的に他の場所へ行く時間がないから。	1,000円以上 3,000円未満	とても満足	職員の方の対応が良かった。	とても満足		感じなかった		10		石川県在住	特になし。	女	1969	石川県	金沢市	300万円以上 400万円未満	景品が当たる	とても満足	10	能登のお魚が美味しかったので、県外からの友人にもオススメしたい。
能登エリア	素泊まりペンション il Pino（イル・ピーノ）	2026/09/28	同意する	4泊以上	3泊	能登エリア （和倉温泉、七尾市、輪島市、珠洲市など）	長野県	自分ひとり	宿でのんびり過ごす, 温泉や露天風呂, 地元の美味しいものを食べる, 花見や紅葉などの自然鑑賞, 買い物、アウトレット, お祭りやイベントへの参加・見物, ドライブ・ツーリング, 友人・親戚を訪ねる	自家用車, 	自家用車			30,000円以上 40,000円未満	使わない	20,000円以上 30,000円未満	2～5回目	友人・知人	選択なし/該当施設なし	イカの駅つくモール	能登食祭市場		5,000円以上 10,000円未満	とても満足	いつもとても丁寧な対応をしていいただけて、とても落ち着けます。	とても満足	落ち着いて過ごせる。	感じなかった		10	素泊まりなので食事は買い出しか外食ですが、自由度は高いです。	また行きたい（1年以内）	能登地方の公共交通機関。穴水より先は鉄道が廃止されたのでバス等になるので、移動の予定を立てるのが大変。	男	1980	静岡県	静岡市	900万円以上 1,000万円未満	景品が当たる, 石川県のおすすめ観光スポットが見たい, 石川県の雑学を知りたい	とても満足	10	景色。天気が良ければ立山連峰が見え、海もとでも綺麗で、さざ波やタプタプした音に癒されます。
金沢エリア	北陸自動車道　不動寺ＰＡ（上り）	2026/09/28	同意する	1泊	石川県内には宿泊しない	石川県内には宿泊しない	新潟県	自分ひとり	経由地	夜行バス	夜行バス	どちらでもない	特になし	使わない	使わない	使わない	11回目以上	観光パンフレット・ポスター, インターネット・アプリ	選択なし/該当施設なし	米山SA	選択なし/該当施設なし	多賀SA	使わない	どちらでもない	特になし	どちらでもない	特になし	感じなかった		5	特になし	また行きたい（1年以内）	体験型アクテビティ(ろくろ回し等)	男	1971	大阪府	箕面市	700万円以上 800万円未満	景品が当たる	とても満足	10	風情のある街並み
金沢エリア	石川県立歴史博物館	2026/09/28	同意する	2泊	2泊	金沢エリア  （湯涌温泉、深谷温泉、犀川温泉など）	石川県外には泊まらない	夫婦2人	名所、旧跡の観光, まちあるき、都市散策	新幹線	路線バス	どちらでもない	バス停の位置がわかりづらいです。運行会社でバス停が違うのも県外から来た人には厳しいかなと思います、	10,000円以上 20,000円未満	100,000円以上	50,000円以上 100,000円未満	初めて	インターネット・アプリ	兼六園		金沢21世紀美術館		1,000円未満	満足		満足		感じなかった		8		機会があれば行きたい	のどぐろが美味しかったです	女	1974	青森県	八戸市	1,000万円以上 1,200万円未満	景品が当たる	満足	6	兼六園
金沢エリア	石川県立歴史博物館	2026/09/28	同意する	2泊	2泊	金沢エリア  （湯涌温泉、深谷温泉、犀川温泉など）	石川県外には泊まらない	夫婦2人	地元の美味しいものを食べる, 名所、旧跡の観光, まちあるき、都市散策	新幹線	タクシー	とても満足	タクシードライバーが道中、見える施設や景色を説明してくれた	20,000円以上 30,000円未満	40,000円以上 50,000円未満	30,000円以上 40,000円未満	初めて	インターネット・アプリ	尾山神社		金沢21世紀美術館		1,000円以上 3,000円未満	とても満足		とても満足	きれいに清掃されている	感じなかった	総合案内とチケット売場が違うこと	8	前田家のグッズを充実させてほしい	機会があれば行きたい	牛、海産物	男	1977	青森県	八戸市	600万円以上 700万円未満	景品が当たる, なんとなく	とても満足	9	お寿司(特にノドグロ。はまち)
加賀エリア	たがわ龍泉閣	2026/09/28	同意する	3泊	2泊	加賀エリア （山代温泉、山中温泉、片山津温泉、粟津温泉、辰口温泉、加賀市、小松市など）	長野県	夫婦2人	温泉や露天風呂, 航空祭	自家用車	自家用車			20,000円以上 30,000円未満	5,000円以上 10,000円未満	5,000円以上 10,000円未満	初めて	夫におまかせ	選択なし/該当施設なし	小松の自衛隊	選択なし／該当施設なし	長野に移動する為この施設で終了	10,000円以上 20,000円未満	どちらでもない	なんとなく。	満足	なんとなく	感じた	ちょっとお風呂が遠かった	5	特にありません	機会があれば行きたい	特になし	女	1973	栃木県	芳賀町	700万円以上 800万円未満	景品が当たる	満足	7	なんとなく。
加賀エリア	大江戸温泉物語 山中彩朝楽	2026/09/28	同意する	1泊	1泊	加賀エリア （山代温泉、山中温泉、片山津温泉、粟津温泉、辰口温泉、加賀市、小松市など）	石川県外には泊まらない	夫婦2人	お祭りやイベントへの参加・見物	自家用車	自家用車			10,000円以上 20,000円未満	10,000円以上 20,000円未満	10,000円以上 20,000円未満	初めて	インターネット・アプリ	選択なし/該当施設なし	航空祭に来た為	選択なし／該当施設なし	天気が悪いのでどうするか検討中	10,000円以上 20,000円未満	満足	親切で良かったです	満足	ゆっくりできて良かったです	感じなかった		8	食事がおいしかったです	機会があれば行きたい	特になし	女	1970	兵庫県	神戸市	500万円以上 600万円未満	景品が当たる	とても満足	8	お天気次第ですが自然が豊かで良いです
加賀エリア	小松空港	2026/09/28	同意する	3泊	3泊	金沢エリア  （湯涌温泉、深谷温泉、犀川温泉など）	石川県外には泊まらない	自分ひとり	名所、旧跡の観光, スポーツ観戦や芸術鑑賞（コンサート等）	飛行機	路線バス	とても満足	わかりやすく利用しやすい	20,000円以上 30,000円未満	50,000円以上 100,000円未満	20,000円以上 30,000円未満	2～5回目	インターネット・アプリ, X(旧：Twitter), Instagram, Facebook	石川県立航空プラザ		選択なし／該当施設なし	金沢駅	3,000円以上 5,000円未満	満足	充実してた	満足	リーズナブルだった	感じなかった		8	地域の名産を堪能できた	機会があれば行きたい	食べ物もとても美味しく堪能できた	男	1967	東京都	八王子市	600万円以上 700万円未満	なんとなく	とても満足	9	文化施設など見どころが多い
加賀エリア	トレインパーク白山	2026/09/28	同意する	2泊	2泊	加賀エリア （山代温泉、山中温泉、片山津温泉、粟津温泉、辰口温泉、加賀市、小松市など）	石川県外には泊まらない	小学生以下連れの家族	航空祭	自家用車, 新幹線	自家用車	満足	全てのかがやきが小松駅にとまってほしい	10,000円以上 20,000円未満	5,000円以上 10,000円未満	20,000円以上 30,000円未満	2～5回目	Instagram	石川県立航空プラザ	こまつのもり	選択なし／該当施設なし		1,000円以上 3,000円未満	満足		満足	きれいでした。新幹線の車両基地が見えて良かったです	感じなかった		8	飲食店が周りにほしい	また行きたい（1年以内）	特になし	女	1989	埼玉県	入間市	600万円以上 700万円未満	なんとなく	満足	8	
加賀エリア	日本自動車博物館	2026/09/28	同意する	1泊	1泊	加賀エリア （山代温泉、山中温泉、片山津温泉、粟津温泉、辰口温泉、加賀市、小松市など）	石川県外には泊まらない	夫婦2人	お祭りやイベントへの参加・見物	自家用車	自家用車			20,000円以上 30,000円未満	1,000円以上 3,000円未満	3,000円以上 5,000円未満	6～10回目	観光パンフレット・ポスター, インターネット・アプリ	選択なし/該当施設なし	これから、寄る	選択なし／該当施設なし	考え中	3,000円以上 5,000円未満	満足	色々な車を見れた	満足	上記と一緒	感じなかった		8		また行きたい（1年以内）	温泉がたくさんある　魚が美味しい	女	1966	大阪府	枚方市	800万円以上 900万円未満	なんとなく	満足	8	魅了的
加賀エリア	トレインパーク白山	2026/09/28	同意する	1泊	1泊	金沢エリア  （湯涌温泉、深谷温泉、犀川温泉など）	石川県外には泊まらない	小学生以下連れの家族	テーマパーク（遊園地、動物園、博物館など）	新幹線, 在来線	在来線, 徒歩	満足	イベントと重なり混雑しているかと思いましたが問題ありませんでした。	20,000円以上 30,000円未満	40,000円以上 50,000円未満	3,000円以上 5,000円未満	初めて	観光連盟やDMOのHP, Instagram	選択なし/該当施設なし	コマツの社	選択なし／該当施設なし		3,000円以上 5,000円未満	とても満足	子供も遊べるスポットがあったので、沢山遊ぶことができました。	とても満足	シュミレーターや格納庫の展示など普段できない体験をすることができました。	感じた	昼食が食べられる施設や、キッチンカーなどがあればもっと滞在できたのではないかと思います。駅前にもお弁当やコンビニがなかったので、事前に金沢駅で手に入れる必要があったのが少し不便でした。	10	ソフトクリームがあってよかったのですが、飲食店があればなおよかったです。お土産ももっと独自のオリジナル商品(子供が使えそうなタオルやコップなどとの実用商品など)ここでしか買えないものが増えるといいなと思いました。	また行きたい（1年以内）	海産物がとてもおいしかったです。乗り物の博物館やテーマパークがまだまだ沢山あるのでまた訪れたいです。	女	1992	栃木県	日光市	600万円以上 700万円未満	ひゃくまんさんが好き, 石川県のおすすめ観光スポットが見たい, なんとなく	とても満足	10	トレインパーク白山は同じ男の子がいる友人に勧めたいです。
加賀エリア	トレインパーク白山	2026/09/28	同意する	3泊	3泊	加賀エリア （山代温泉、山中温泉、片山津温泉、粟津温泉、辰口温泉、加賀市、小松市など）	石川県外には泊まらない	小学生以下連れの家族	地元の美味しいものを食べる, テーマパーク（遊園地、動物園、博物館など）, お祭りやイベントへの参加・見物	新幹線, 飛行機	タクシー, 在来線	満足	タクシーが十分に利用できたので、移動に困ることはなかったが、バスや電車がもっと多いとより良いと思った	30,000円以上 40,000円未満	20,000円以上 30,000円未満	20,000円以上 30,000円未満	初めて	インターネット・アプリ, X(旧：Twitter), Instagram, タクシードライバーや地元の人	石川県立航空プラザ		選択なし／該当施設なし	こまつの杜	5,000円以上 10,000円未満	とても満足	可愛いグッズがたくさんあり良かった。	とても満足	スタッフさんも、施設設備も子供に優しく過ごしやすかった。	感じた	食事をする場所がもっと近くにあるとよかった。	10	飲食店が施設内にあるとより良かった	また行きたい（1年以内）	子供が集まる施設の周囲に、子供も食べやすいレストランなどがもっとあると嬉しい。	女	1997	神奈川県	川崎市	1,200万円以上 1,500万円未満	景品が当たる	とても満足	8	こまつの杜や航空プラザ、白山トレインパークなど、小さな男の子が楽しめる施設が多数ありよかった。
加賀エリア	いしかわ動物園	2026/09/28	同意する	3泊	2泊	加賀エリア （山代温泉、山中温泉、片山津温泉、粟津温泉、辰口温泉、加賀市、小松市など）	長野	自分ひとり	テーマパーク（遊園地、動物園、博物館など）	新幹線, 飛行機	自家用車			5,000円以上 10,000円未満	20,000円以上 30,000円未満	3,000円以上 5,000円未満	6～10回目	インターネット・アプリ, X(旧：Twitter), Instagram	選択なし/該当施設なし	富山市ファミリーパーク	選択なし／該当施設なし		5,000円以上 10,000円未満	満足		満足		感じた	公共交通機関で平日に来た場合交通手段　能美バスない	8		また行きたい（1年以内）	特になし	女	1971	秋田県	秋田市	700万円以上 800万円未満	景品が当たる	満足	8	
加賀エリア	那谷寺	2026/09/28	同意する	2泊	2泊	加賀エリア （山代温泉、山中温泉、片山津温泉、粟津温泉、辰口温泉、加賀市、小松市など）	石川県外には泊まらない	友人	温泉や露天風呂, 地元の美味しいものを食べる, 名所、旧跡の観光	自家用車	自家用車, 在来線	どちらでもない	公共交通機関が少ない感じなので。	20,000円以上 30,000円未満	3,000円以上 5,000円未満	5,000円以上 10,000円未満	2～5回目	観光パンフレット・ポスター, インターネット・アプリ, 友人・知人	選択なし/該当施設なし		選択なし／該当施設なし	山中温泉	1,000円以上 3,000円未満	満足	秘仏を拝むことができたから	満足	施設がきちんと保存されていた	感じなかった		8		機会があれば行きたい	恩恵と古刹などの観光。また郷土料理を楽しむこと。	男	1970	神奈川県	鎌倉市	1,500万円以上	景品が当たる	満足	8	歴史、温泉、食べ物が豊富たから。
加賀エリア	那谷寺	2026/09/28	同意する	2泊	2泊	加賀エリア （山代温泉、山中温泉、片山津温泉、粟津温泉、辰口温泉、加賀市、小松市など）	富山県	恋人	宿でのんびり過ごす, 温泉や露天風呂, 地元の美味しいものを食べる, 名所、旧跡の観光	自家用車	自家用車			3,000円以上 5,000円未満	20,000円以上 30,000円未満	10,000円以上 20,000円未満	2～5回目	インターネット・アプリ	選択なし/該当施設なし	兼六園	選択なし／該当施設なし	山城温泉	20,000円以上 30,000円未満	満足	親切でした。	満足	広々として、綺麗で、清潔感あり。	感じなかった		8		また行きたい（1年以内）	九谷焼の絵付けなど。	男	1965	神奈川県	横浜市中区	700万円以上 800万円未満	景品が当たる, 石川県のおすすめ観光スポットが見たい	とても満足	10	郷土料理がとても美味しいです！
加賀エリア	いしかわ動物園	2026/09/28	同意する	3泊	3泊	加賀エリア （山代温泉、山中温泉、片山津温泉、粟津温泉、辰口温泉、加賀市、小松市など）	石川県外には泊まらない	夫婦2人	温泉や露天風呂, テーマパーク（遊園地、動物園、博物館など）, お祭りやイベントへの参加・見物	自家用車	自家用車			30,000円以上 40,000円未満	5,000円以上 10,000円未満	5,000円以上 10,000円未満	2～5回目	インターネット・アプリ	選択なし/該当施設なし	小牧基地航空祭	選択なし／該当施設なし		1,000円未満	とても満足	貴重な動物を見ることができた	満足	雨が降って見れない動物もいた	感じなかった		10	飲食はしていない。土産はオリジナル商品があってよかったと思う。	機会があれば行きたい	今で十分です。	女	1974	兵庫県	明石市	900万円以上 1,000万円未満	景品が当たる	とても満足	10	温泉がよかった。
加賀エリア	那谷寺	2026/09/28	同意する	2泊	2泊	加賀エリア （山代温泉、山中温泉、片山津温泉、粟津温泉、辰口温泉、加賀市、小松市など）	石川県外には泊まらない	友人	宿でのんびり過ごす, 温泉や露天風呂, 名所、旧跡の観光, まちあるき、都市散策	自家用車	自家用車	満足	公共交通機関だと難しから	3,000円以上 5,000円未満	5,000円以上 10,000円未満	10,000円以上 20,000円未満	2～5回目	インターネット・アプリ, 友人・知人	選択なし/該当施設なし		選択なし／該当施設なし		1,000円以上 3,000円未満	満足	手入れがいきどどいていたから	満足		感じなかった		9		機会があれば行きたい	食べ物が美味しい	男	1970	神奈川県	鎌倉市	1,500万円以上	景品が当たる	満足	8	お寺の保存がよかった。
加賀エリア	那谷寺	2026/09/28	同意する	2泊	2泊	加賀エリア （山代温泉、山中温泉、片山津温泉、粟津温泉、辰口温泉、加賀市、小松市など）	石川県外には泊まらない	恋人	宿でのんびり過ごす, 温泉や露天風呂, 地元の美味しいものを食べる, 名所、旧跡の観光	自家用車	自家用車			20,000円以上 30,000円未満	10,000円以上 20,000円未満	3,000円以上 5,000円未満	2～5回目	インターネット・アプリ	選択なし/該当施設なし		選択なし／該当施設なし	山城温泉	10,000円以上 20,000円未満	満足	親切な応対に好印象。	とても満足	維持管理が徹底していて、気持ちが良い、	感じなかった		10	九谷焼の絵付けをやってみたい。	また行きたい（1年以内）	伝統芸能を観たい。	男	1965	神奈川県	横浜市中区	700万円以上 800万円未満	景品が当たる, 石川県のおすすめ観光スポットが見たい	とても満足	10	観光スボットが多く、回りやすい。また郷土料理が豊富て美味しい。
能登エリア	のとじま水族館	2026/09/28	同意する	日帰り	石川県内には宿泊しない	石川県内には宿泊しない	富山県	小学生以下連れの家族	テーマパーク（遊園地、動物園、博物館など）	自家用車	自家用車			使わない	1,000円未満	5,000円以上 10,000円未満	6～10回目	TV・ラジオ番組やCM, インターネット・アプリ	選択なし/該当施設なし		選択なし／該当施設なし		5,000円以上 10,000円未満	とても満足	目玉であるジンベエザメ	とても満足	家族も楽しんでいた	感じなかった		10		また行きたい（1年以内）	能登牛、海鮮	男	1991	富山県	富山市	900万円以上 1,000万円未満	なんとなく	とても満足	10	ジンベエザメ
能登エリア	体験交流施設 ラブロ恋路	2026/09/28	同意する	1泊	1泊	能登エリア （和倉温泉、七尾市、輪島市、珠洲市など）	石川県外には泊まらない	夫婦2人	お祭りやイベントへの参加・見物	自家用車	自家用車			10,000円以上 20,000円未満	3,000円以上 5,000円未満	5,000円以上 10,000円未満	初めて	インターネット・アプリ	選択なし/該当施設なし		選択なし／該当施設なし	塩田塩田	1,000円以上 3,000円未満	満足	景色の良さ	満足	景色の良さ	感じなかった		7	おいしかった	また行きたい（1年以内）	酒	女	1966	石川県	金沢	300万円以上 400万円未満	景品が当たる	満足	7	景色
能登エリア	体験交流施設　ラブロ恋路	2026/09/28	同意する	1泊	1泊	能登エリア （和倉温泉、七尾市、輪島市、珠洲市など）	石川県外には泊まらない	夫婦2人	宿でのんびり過ごす, 地元の美味しいものを食べる	自家用車	自家用車			10,000円以上 20,000円未満	3,000円以上 5,000円未満	5,000円以上 10,000円未満	初めて	インターネット・アプリ	選択なし/該当施設なし	すずなり	禄剛崎灯台		10,000円以上 20,000円未満	満足	食事がよい	満足	客室からの眺めがよい	感じなかった		8	良い意味で、気楽に楽しめる	また行きたい（1年以内）	特になし	男	1957	石川県	金沢市	300万円以上 400万円未満	景品が当たる	満足	8	能登の食の豊かさ
能登エリア	のとじま水族館	2026/09/28	同意する	2泊	1泊	加賀エリア （山代温泉、山中温泉、片山津温泉、粟津温泉、辰口温泉、加賀市、小松市など）	富山県	恋人	宿でのんびり過ごす, 温泉や露天風呂, 地元の美味しいものを食べる, 名所、旧跡の観光, テーマパーク（遊園地、動物園、博物館など）	レンタカー	レンタカー	満足	目的地まで待ち時間や乗り換えなどのストレスなく移動できるから	10,000円以上 20,000円未満	20,000円以上 30,000円未満	5,000円以上 10,000円未満	初めて	観光連盟やDMOのHP, インターネット・アプリ, 友人・知人	選択なし/該当施設なし	能登ワイン	能登食祭市場		1,000円以上 3,000円未満	とても満足	イルカショーやジンベイザメ、タイの展示が迫力があった	とても満足	入場料以上に展示が充実していた。能登地震の際の対応の展示などは興味深かった。	感じなかった		10		また行きたい（1年以内）	とくになし	男	2002	京都府	京都市	100万円以上 200万円未満	なんとなく	とても満足	10	料理も美味しくアクセスもいい
能登エリア	いこいの村 能登半島	2026/09/28	同意する	1泊	1泊	能登エリア （和倉温泉、七尾市、輪島市、珠洲市など）	石川県外には泊まらない	夫婦2人	その他スポーツ（ゴルフ、テニスなど）, 	自家用車	自家用車			10,000円以上 20,000円未満	5,000円以上 10,000円未満	5,000円以上 10,000円未満	11回目以上	インターネット・アプリ	能登食祭市場		道の駅のとじま		5,000円以上 10,000円未満	とても満足	おいいしいから	満足	良かった	感じなかった		8		また行きたい（1年以内）	おいいしいもの	男	1956	滋賀県	大津市	300万円以上 400万円未満	景品が当たる	満足	8	
能登エリア	のとじま水族館	2026/09/28	同意する	2泊	2泊	能登エリア （和倉温泉、七尾市、輪島市、珠洲市など）	石川県外には泊まらない	小学生以下連れの家族	テーマパーク（遊園地、動物園、博物館など）, ポケモンスタンプラリー	レンタカー	レンタカー			5,000円以上 10,000円未満	20,000円以上 30,000円未満	10,000円以上 20,000円未満	初めて	インターネット・アプリ, Chat GPT	千里浜なぎさドライブウェイ	能登ポケモン空港、千枚田	選択なし／該当施設なし	和倉温泉	1,000円以上 3,000円未満	とても満足	ジンベエザメ、ブリカンパチヒラマサの展示が他にあまり無い	とても満足	上記と同じ	感じなかった		10	釣りセンターで釣った魚を調理してもらえると嬉しいです	また行きたい（1年以内）	特になし	男	1987	神奈川県	川崎市	1,000万円以上 1,200万円未満	石川県のおすすめ観光スポットが見たい, 石川県の雑学を知りたい, なんとなく	とても満足	10	能登島水族館、ジンベエザメがいる
能登エリア	海舟	2026/09/28	同意する	1泊	1泊	能登エリア （和倉温泉、七尾市、輪島市、珠洲市など）	富山県	夫婦2人	宿でのんびり過ごす, 温泉や露天風呂, 地元の美味しいものを食べる	自家用車	自家用車			10,000円以上 20,000円未満	1,000円未満	20,000円以上 30,000円未満	初めて	インターネット・アプリ	のとじま水族館		のとじま水族館		3,000円以上 5,000円未満	満足	雨でも楽しめる室内施設であったし、大人でも楽しめた所が良かった	満足	全体的に満足したので	感じなかった		8	宿で遅めの朝食（9時）とってきたので、あまり飲食しなかったのですが、美味しそうなのがあったので、次回また楽しみにきたいです。	機会があれば行きたい	都会にはないゆるゆるした時間、新鮮な魚介類と美味しいお米は極上だと思います	女	1972	富山県	砺波市	700万円以上 800万円未満	景品が当たる, ひゃくまんさんが好き, 石川県のおすすめ観光スポットが見たい	満足	8	能登の里山感やゆったりした時間の流れなどを体感するにはもってこいです。ただ車でないと行きにくい所もあり、交通機関が細部まで行き届かないのが難ですが…
能登エリア	海舟	2026/09/28	同意する	1泊	1泊	能登エリア （和倉温泉、七尾市、輪島市、珠洲市など）	長野、山梨	親	宿でのんびり過ごす, 温泉や露天風呂, 地元の美味しいものを食べる, 母親の誕生日祝い	県外から訪れていない（石川県内在住）	自家用車			30,000円以上 40,000円未満	3,000円以上 5,000円未満	10,000円以上 20,000円未満	2～5回目	友人・知人	千里浜なぎさドライブウェイ		選択なし／該当施設なし	のと空港、奥能登、千枚田	40,000円以上 50,000円未満	とても満足	全てが良かった。ケチっていること少しもないしむしろこちらがいいの？ほんとに？てなるくらいでした🥺ᩚ🪽	とても満足	不快と思うことがなかった、！施設の清潔さも、環境も、人柄もごはんも最高です！本当に何度も来たいと思う素敵な宿でした。	感じなかった		10	強いて言うなら夜泣きそばがもう少し遅い時間までやってくれると後半のご飯の人も楽しめるかなと思った！でも自分がご飯楽しみすぎて食い意地張りすぎて沢山食べたから食べる時間がなかっただけなのもあるし、温泉もゆっくりつかりたかったので、、でもほんとに強いて言うならです。ほんとにご飯永遠食べたいくらい最高でした。飲み物も無料で美味しいものいっぱい飲めて幸せです🫶🏽🍒	石川県在住	釣り体験とかしたらいいのにと思います！漁師さんの多い町だし！そしたら観光客も県外県内からも沢山来そう！釣り好きな人多いですし！	女	2000	石川県	金沢市	300万円以上 400万円未満	景品が当たる, 石川をもっとみんなに好きになってもらいたい！沢山来て欲しい！能登がんばれ！！！	とても満足	10	晴れていたら景色が最高なのでドライブに持ってこいです！おすすめ出来ます🫶🏽☀️あと空気もいい！
能登エリア	海舟	2026/09/28	同意する	1泊	2泊	能登エリア （和倉温泉、七尾市、輪島市、珠洲市など）	石川県外には泊まらない	夫婦2人	宿でのんびり過ごす, 温泉や露天風呂, 地元の美味しいものを食べる	自家用車	自家用車			50,000円以上 100,000円未満	10,000円以上 20,000円未満	10,000円以上 20,000円未満	初めて	インターネット・アプリ, Instagram	のとじま水族館		選択なし／該当施設なし		3,000円以上 5,000円未満	とても満足		とても満足	客室露天風呂、貸切露天風呂	感じなかった		9		また行きたい（1年以内）	特になし	男	1998	長野県	飯田市	1,000万円以上 1,200万円未満	景品が当たる	満足	9	刺身の美味しさ、能登海舟さんの綺麗さ
能登エリア	大呑ビレッジ「遊心庵」	2026/09/28	同意する	2泊	石川県内には宿泊しない	石川県内には宿泊しない	石川県外には泊まらない	恋人	宿でのんびり過ごす, 地元の美味しいものを食べる, 名所、旧跡の観光, まちあるき、都市散策, 出張など仕事関係	県外から訪れていない（石川県内在住）	自家用車			50,000円以上 100,000円未満	3,000円以上 5,000円未満	20,000円以上 30,000円未満	初めて	インターネット・アプリ	選択なし/該当施設なし	穴水	能登食祭市場		1,000円以上 3,000円未満	どちらでもない	環境は素晴らしく景色も最高ですが、案内に虫が多数侵入していること、敷地内での作業がある場合は知らせて欲しかった。	どちらでもない	上記の通りです。景色が素晴らしいのでいずれまた来たいと思っています。	感じた	電波が入りにくいです	4	ハンモック、バーベキューは最高です。能登島で買った海鮮を食べれてすごく良かったです。	石川県在住	美味しいラーメン、ステーキ屋ができて欲しい🙏	男	2001	石川県	金沢市	600万円以上 700万円未満	景品が当たる, 石川県のおすすめ観光スポットが見たい	どちらでもない	9	景色と海鮮の美味しさ
能登エリア	道の駅織姫の里なかのと	2026/09/28	同意する	日帰り	2泊	金沢エリア  （湯涌温泉、深谷温泉、犀川温泉など）	石川県外には泊まらない	自分ひとり	地元の美味しいものを食べる, 名所、旧跡の観光, 買い物、アウトレット, 友人・親戚を訪ねる	レンタカー, 新幹線	レンタカー	どちらでもない		10,000円以上 20,000円未満	30,000円以上 40,000円未満	20,000円以上 30,000円未満	2～5回目	Instagram, 友人・知人, 観光協会等の案内所	千里浜なぎさドライブウェイ	近江町市場	能登食祭市場		1,000円以上 3,000円未満	満足		満足		感じなかった		8		また行きたい（1年以内）	市内から能登へのアクセスがバスなのでできるといい	女	1988	東京都	世田谷区	300万円以上 400万円未満	景品が当たる, ひゃくまんさんが好き	とても満足	9	海鮮物を食べる
能登エリア	のとじま水族館	2026/09/28	同意する	2泊	2泊	能登エリア （和倉温泉、七尾市、輪島市、珠洲市など）	石川県外には泊まらない	親	宿でのんびり過ごす, 温泉や露天風呂, 地元の美味しいものを食べる, 名所、旧跡の観光	新幹線	レンタカー	とても満足	快適に過ごせた	50,000円以上 100,000円未満	50,000円以上 100,000円未満	20,000円以上 30,000円未満	初めて	新聞・雑誌・ガイドブック, インターネット・アプリ	千里浜なぎさドライブウェイ		選択なし／該当施設なし		1,000円以上 3,000円未満	とても満足	震災から頑張って立ち上がっている様子が見られてよかった	とても満足		感じなかった		10	のとじま水族館オリジナルグッズが豊富にあると嬉しい	機会があれば行きたい	特になし	男	1991	東京都	文京区	400万円以上 500万円未満	なんとなく	とても満足	10	
能登エリア	のとじま水族館	2026/09/28	同意する	4泊以上	4泊以上	能登エリア （和倉温泉、七尾市、輪島市、珠洲市など）	新潟県	小学生以下連れの家族	宿でのんびり過ごす, 温泉や露天風呂, 地元の美味しいものを食べる, テーマパーク（遊園地、動物園、博物館など）	自家用車	自家用車			100,000円以上	使わない	100,000円以上	初めて	観光展・物産展, 新聞・雑誌・ガイドブック, インターネット・アプリ	選択なし/該当施設なし		道の駅のとじま		100,000円以上	とても満足		とても満足		感じなかった		8		また行きたい（1年以内）	能登の名物がよくわからないので、グルメマップが欲しいです！	無回答	1993	東京都	府中市	1,500万円以上	景品が当たる, 石川県のおすすめ観光スポットが見たい, なんとなく	とても満足	7	自然の好きな家族なので大満足でした。うるさい外国人の観光も少ないのもストレスが少なく過ごせました。ただ、のんびりや自然の好きでない家族にはおすすめしない(したくない)ので7点です。
能登エリア	のとじま水族館	2026/09/28	同意する	1泊	石川県内には宿泊しない	石川県内には宿泊しない	富山県	小学生以下連れの家族	テーマパーク（遊園地、動物園、博物館など）	自家用車	自家用車			使わない	10,000円以上 20,000円未満	10,000円以上 20,000円未満	初めて	インターネット・アプリ, X(旧：Twitter), Instagram	選択なし/該当施設なし		選択なし／該当施設なし		10,000円以上 20,000円未満	とても満足	展示方法の工夫が楽しかった	とても満足	全てが楽しい	感じなかった		10	オリジナルグッズを増やして欲しい	また行きたい（1年以内）	特になし	男	1982	群馬県	高崎市	500万円以上 600万円未満	景品が当たる	とても満足	10	食の充実と自然
金沢エリア	石川県立歴史博物館	2026/09/28	同意する	1泊	1泊	金沢エリア  （湯涌温泉、深谷温泉、犀川温泉など）	石川県外には泊まらない	自分ひとり	宿でのんびり過ごす, 地元の美味しいものを食べる, 名所、旧跡の観光	新幹線	路線バス, 徒歩	満足	観光案内の方が丁寧に教えてくださる	40,000円以上 50,000円未満	20,000円以上 30,000円未満	40,000円以上 50,000円未満	初めて	観光展・物産展, 観光パンフレット・ポスター, X(旧：Twitter), Instagram	選択なし/該当施設なし	駅でポスターを見たので最初にきました	近江町市場		3,000円以上 5,000円未満	満足	とても綺麗	とても満足	静かで綺麗	感じなかった		8		機会があれば行きたい	特になし	女	1972	千葉県	佐倉市	400万円以上 500万円未満	なんとなく	満足	8	食事が美味しい
金沢エリア	金沢中央観光案内所	2026/09/28	同意する	2泊	2泊	金沢エリア  （湯涌温泉、深谷温泉、犀川温泉など）	石川県外には泊まらない	夫婦2人	地元の美味しいものを食べる, 名所、旧跡の観光, 買い物、アウトレット	旅行会社ツアーバス	旅行会社ツアーバス	とても満足	楽	20,000円以上 30,000円未満	1,000円以上 3,000円未満	20,000円以上 30,000円未満	2～5回目	観光展・物産展, 新聞・雑誌・ガイドブック, TV・ラジオ番組やCM, 観光パンフレット・ポスター	尾山神社		近江町市場		10,000円以上 20,000円未満	とても満足	お寿司が美味しい	とても満足	観光地が沢山ある	感じなかった		10		また行きたい（1年以内）	見所が沢山あって楽しい	女	1961	神奈川県	横浜市中区大里町	1,000万円以上 1,200万円未満	景品が当たる, 石川県のおすすめ観光スポットが見たい	とても満足	10	東尋坊が素晴らしあっ
金沢エリア	兼六園	2026/09/28	同意する	2泊	1泊	金沢エリア  （湯涌温泉、深谷温泉、犀川温泉など）	石川県外には泊まらない	友人	温泉や露天風呂, 地元の美味しいものを食べる, 花見や紅葉などの自然鑑賞, 名所、旧跡の観光, 買い物、アウトレット, まちあるき、都市散策	飛行機, 旅行会社ツアーバス	徒歩			5,000円以上 10,000円未満	20,000円以上 30,000円未満	20,000円以上 30,000円未満	初めて	新聞・雑誌・ガイドブック, TV・ラジオ番組やCM, 観光パンフレット・ポスター, インターネット・アプリ, X(旧：Twitter), Instagram, 友人・知人, タクシードライバーや地元の人	近江町市場	金沢21世紀美術館、石浦神社、本多の森公園	ひがし茶屋街	金沢城、金沢駅、	1,000円未満	とても満足	お店でによって違う食べ物があった	とても満足	景色がきれいだった	感じた	自分がどこにいるかわからなくなった。七福神の石がどれがどの神様か知りたかった。	8	いかだんごも、お茶もアイスも美味しくいただきました。	機会があれば行きたい	21時過ぎのごはん屋さん	女	1997	北海道	夕張郡栗山町	600万円以上 700万円未満	景品が当たる	とても満足	9	近江市場
金沢エリア	スーパーホテルPremier金沢駅東口	2026/09/28	同意する	1泊	1泊	金沢エリア  （湯涌温泉、深谷温泉、犀川温泉など）	石川県外には泊まらない	自分ひとり	地元の美味しいものを食べる, 名所、旧跡の観光, 買い物、アウトレット	新幹線	徒歩			5,000円以上 10,000円未満	使わない	40,000円以上 50,000円未満	初めて	観光展・物産展	ひがし茶屋街		金沢21世紀美術館		40,000円以上 50,000円未満	とても満足	美味しいものをたくさん食べれた	とても満足	美味しいものをたくさん食べれた	感じなかった		10	お土産を買う場所がほしい	また行きたい（1年以内）	和菓子	女	2002	埼玉県	ふじみ野市	100万円以上 200万円未満	景品が当たる, ひゃくまんさんが好き, ARでひゃくまんさんと写真が撮りたかった, 動く３Dひゃくまんさんを見たい, 石川県のおすすめ観光スポットが見たい, 石川県の雑学を知りたい	とても満足	10	美味しいものがたくさんあって胃袋が足りない…
金沢エリア	変なホテル金沢　香林坊	2026/09/28	同意する	2泊	2泊	金沢エリア  （湯涌温泉、深谷温泉、犀川温泉など）	石川県外には泊まらない	夫婦2人	地元の美味しいものを食べる, 名所、旧跡の観光	新幹線	徒歩			10,000円以上 20,000円未満	40,000円以上 50,000円未満	10,000円以上 20,000円未満	初めて	Instagram	兼六園		近江町市場		使わない	どちらでもない		どちらでもない		感じなかった		5		機会があれば行きたい	特になし	女	1998	長崎県	長崎市	900万円以上 1,000万円未満	ひゃくまんさんが好き	満足	8	綺麗な街並み、道路が広い
加賀エリア	大江戸温泉物語Premium 山中グランドホテル	2026/09/28	同意する	1泊	1泊	加賀エリア （山代温泉、山中温泉、片山津温泉、粟津温泉、辰口温泉、加賀市、小松市など）	石川県外には泊まらない	自分ひとり	温泉や露天風呂	自家用車	自家用車			10,000円以上 20,000円未満	3,000円以上 5,000円未満	使わない	2～5回目	インターネット・アプリ	選択なし/該当施設なし		選択なし／該当施設なし	21世紀美術館	1,000円以上 3,000円未満	満足	楽しかった	満足	特になし	感じなかった		8		また行きたい（1年以内）	特になし	女	1990	富山県	高岡市	300万円以上 400万円未満	景品が当たる	満足	9	満足したから
加賀エリア	ゆのくに天祥	2026/09/28	同意する	1泊	4泊以上	加賀エリア （山代温泉、山中温泉、片山津温泉、粟津温泉、辰口温泉、加賀市、小松市など）	石川県外には泊まらない	親	宿でのんびり過ごす, 温泉や露天風呂, 地元の美味しいものを食べる	在来線, 飛行機	在来線, 路線バス	満足	本数が多くて便利だった	30,000円以上 40,000円未満	20,000円以上 30,000円未満	30,000円以上 40,000円未満	2～5回目	インターネット・アプリ, Instagram	選択なし/該当施設なし	こまつの杜	石川県立航空プラザ		20,000円以上 30,000円未満	とても満足	おもてなしが素晴らしい	とても満足	楽しめた	感じなかった	なし	9	いろいろ楽しめて充実した時間でした	機会があれば行きたい	石川でしか食べれないもの、買えない土産、できないアクティビティがあるとより訪れたいと思う。	女	1997	北海道	札幌市	400万円以上 500万円未満	ひゃくまんさんが好き, 石川県のおすすめ観光スポットが見たい	満足	9	観光施設が多く、食べ物が美味しい
加賀エリア	小松空港	2026/09/28	同意する	4泊以上	3泊	加賀エリア （山代温泉、山中温泉、片山津温泉、粟津温泉、辰口温泉、加賀市、小松市など）	福井県	姉妹	宿でのんびり過ごす, 温泉や露天風呂, 地元の美味しいものを食べる, 名所、旧跡の観光	飛行機, 旅行会社ツアーバス	旅行会社ツアーバス	満足	道順がスムーズ	使わない	10,000円以上 20,000円未満	使わない	2～5回目	新聞・雑誌・ガイドブック, TV・ラジオ番組やCM	選択なし/該当施設なし	兼六園	選択なし／該当施設なし	九谷焼満月	3,000円以上 5,000円未満	満足	ゆっくり九谷焼を見れた	満足	食事も美味しかった	感じなかった		8	高価だが、普段見れないものを見れた	機会があれば行きたい	金沢駅周辺で色々観光ができる	女	1972	鳥取県	西伯郡南部町	300万円以上 400万円未満	ひゃくまんさんが好き	満足	8	兼六園　ゆっくり観光できる
加賀エリア	ゆのくに天祥	2026/09/28	同意する	2泊	2泊	加賀エリア （山代温泉、山中温泉、片山津温泉、粟津温泉、辰口温泉、加賀市、小松市など）	石川県外には泊まらない	友人	宿でのんびり過ごす, 温泉や露天風呂, 買い物、アウトレット, お祭りやイベントへの参加・見物, 蓮の空コラボのスタンプラリー	新幹線	レンタカー, 無料の送迎バス	とても満足	チェックインやチェックアウトに即した時間帯で複数回送迎していただいたのに好感が持てた	50,000円以上 100,000円未満	20,000円以上 30,000円未満	40,000円以上 50,000円未満	初めて	蓮の空の劇中で登場したこと	ゆのくにの森		選択なし／該当施設なし		5,000円以上 10,000円未満	とても満足	輪島塗の館では非常に勉強になる輪島塗の解説をいただけたため	とても満足	各館の充実具合が素晴らしかったことに加え、見た目も楽しめるオブジェクトも多くあったため	感じなかった		10	どれも良かったです。また行きたいと思います。	また行きたい（1年以内）	蓮の空とのコラボ	男	1991	東京都	武蔵野市	800万円以上 900万円未満	石川のことが好きだから	とても満足	10	近江町市場のガス海老は東京じゃ食べられないのでぜひ勧めたいです。また、輪島塗の館も解説だけでも非常に楽しめるので、ゆのくにの森もオススメです。そしてなにより、ゆのくに天祥のおもてなしは今まで泊まった旅館の中でも過去最高レベルだったので、オススメできます。
加賀エリア	旅亭 萬葉	2026/09/28	同意する	1泊	1泊	金沢エリア  （湯涌温泉、深谷温泉、犀川温泉など）	石川県外には泊まらない	恋人	宿でのんびり過ごす, 温泉や露天風呂, 地元の美味しいものを食べる	自家用車	自家用車	とても満足	ドライブプランでいい宿に巡り会えたから	40,000円以上 50,000円未満	40,000円以上 50,000円未満	3,000円以上 5,000円未満	2～5回目	Instagram	選択なし/該当施設なし	いきいき市場	選択なし／該当施設なし	石浦神社、天徳院	10,000円以上 20,000円未満	とても満足	おいしかった	とても満足	おいしかった	感じなかった		10	魚新鮮だった	また行きたい（1年以内）	これ以上あったらすごいと思う	女	2002	愛知県	一宮市	500万円以上 600万円未満	景品が当たる	とても満足	10	美味しいし、楽しいとこも多いし、景色もいい
加賀エリア	ゆのくに天祥	2026/09/28	同意する	3泊	3泊	加賀エリア （山代温泉、山中温泉、片山津温泉、粟津温泉、辰口温泉、加賀市、小松市など）	石川県外には泊まらない	親	温泉や露天風呂, 地元の美味しいものを食べる, 名所、旧跡の観光, まちあるき、都市散策	新幹線, 飛行機	新幹線、送迎バス	とても満足	送迎バスの時間が概ね新幹線の時間と連携され、数も充分確保されている	100,000円以上	50,000円以上 100,000円未満	50,000円以上 100,000円未満	6～10回目	観光連盟やDMOのHP, X(旧：Twitter), ブログ, タクシードライバーや地元の人	選択なし/該当施設なし	にし茶屋街	選択なし／該当施設なし	帰宅	50,000円以上 100,000円未満	とても満足	風呂の質、管理状態、接客の親切さ、料理の味など、すべてにおいて期待を超えていた	とても満足	施設が大きく古いにもかかわらず、それを感じさせることがないほど施設の管理が頻繁で隅々まで行われていることが感じられた	感じなかった		10	お土産については、より石川県や加賀市に根付いた、かつ地元で人気なものがあったらより良かったと感じる	また行きたい（1年以内）	石川県は特に地元ならではの食べ物やお土産が多く、他県に比べて「地域を感じられる」ことができ、旅先が「石川県でなければならない」理由になっている	無回答	1997	千葉県	柏市	500万円以上 600万円未満	石川県の雑学を知りたい, 今後のよりよい観光対策の策定に役立つことをねがって	とても満足	10	歴史と文化を感じられるさまざまな名所(武家文化の兼六園、昔ながらの茶屋の趣、現代の芸術が感じられる美術館、博物館、建築物など)が密集され、かつ人混みも少なく、ゆったりとした旅ができる点
加賀エリア	ゆのくに天祥	2026/09/28	同意する	2泊	2泊	加賀エリア （山代温泉、山中温泉、片山津温泉、粟津温泉、辰口温泉、加賀市、小松市など）	石川県外には泊まらない	小学生以下連れの家族	宿でのんびり過ごす, 温泉や露天風呂, 地元の美味しいものを食べる, プール	自家用車	自家用車			30,000円以上 40,000円未満	5,000円以上 10,000円未満	使わない	初めて	インターネット・アプリ, Instagram, 各旅行予約サイト	選択なし/該当施設なし		ゆのくにの森	ほうじ茶屋さん	3,000円以上 5,000円未満	満足	色々見れたから	満足	広くて自然もあり、いろんなものを見れたり体験ができたから、子供達も楽しんでいた	感じた	休憩に座ったりできるスペースが少なかった、途中の甘味処も寄りたいと思ったが席が無くて諦めた。	7	飲食スペースの座れるところを増やしてほしいと思った、日陰が欲しかった	また行きたい（1年以内）	棒茶も有名かと思うのでもっと身近に感じられたらいいなと思った。	女	1992	富山県	富山市	700万円以上 800万円未満	景品が当たる	とても満足	10	ゆのくに天祥の大浴場が良く3箇所を朝晩で巡れて2泊して正解だったしプールや卓球にロビーでの温泉たまご作りやサービスの飲食など贅沢な時間でした。食事もとても美味しかったです。２日目の夕食がトマトだらけだったのは驚きましたが。
加賀エリア	たちばな四季亭	2026/09/28	同意する	1泊	石川県内には宿泊しない	加賀エリア （山代温泉、山中温泉、片山津温泉、粟津温泉、辰口温泉、加賀市、小松市など）	石川県外には泊まらない	親　兄弟	宿でのんびり過ごす, 温泉や露天風呂, 地元の美味しいものを食べる	新幹線	宿の送迎	満足	駅から宿に直接来ること出来たから	50,000円以上 100,000円未満	3,000円以上 5,000円未満	10,000円以上 20,000円未満	2～5回目	新聞・雑誌・ガイドブック, TV・ラジオ番組やCM, 観光パンフレット・ポスター, 観光協会等の案内所	選択なし/該当施設なし	家から新幹線に乗って直接来たから	選択なし／該当施設なし	高齢者がいるので、観光は無理	使わない	満足	料理も美味しい　風呂もよかった	満足	部屋食が出来たから	感じた	鍵が二つ欲しかった	7		機会があれば行きたい	特になし	女	1962	新潟県	長岡市	300万円以上 400万円未満	景品が当たる, 石川県のおすすめ観光スポットが見たい, 石川県の雑学を知りたい	どちらでもない	6	
加賀エリア	トレインパーク白山	2026/09/28	同意する	2泊	1泊	白山エリア （一里野温泉、白峰温泉、白山市など）	滋賀県	夫婦2人	名所、旧跡の観光, テーマパーク（遊園地、動物園、博物館など）, 友人・親戚を訪ねる	自家用車	自家用車			使わない	5,000円以上 10,000円未満	3,000円以上 5,000円未満	初めて	インターネット・アプリ, 友人・知人	選択なし/該当施設なし		選択なし／該当施設なし	鳥越城	1,000円以上 3,000円未満	とても満足	大変興味深かった	とても満足		感じなかった		10		機会があれば行きたい	特になし	女	1983	愛知県	あま市	900万円以上 1,000万円未満	なんとなく	とても満足	10	
加賀エリア	トレインパーク白山	2026/09/29	同意する	1泊	1泊	白山エリア （一里野温泉、白峰温泉、白山市など）	石川県外には泊まらない	夫婦2人	宿でのんびり過ごす, 地元の美味しいものを食べる, 名所、旧跡の観光, ドライブ・ツーリング	自家用車	自家用車			10,000円以上 20,000円未満	10,000円以上 20,000円未満	10,000円以上 20,000円未満	初めて	観光パンフレット・ポスター	石川県立航空プラザ		日本自動車博物館		3,000円以上 5,000円未満	満足	いろいろな展示物が見られた	満足	貴重な物が見られた	感じなかった	なし	7		機会があれば行きたい	スナック菓子ビーバーの小袋が20袋ぐらい入った大袋	男	1968	愛知県	岡崎市	1,200万円以上 1,500万円未満	景品が当たる	満足	8	新幹線が間近で見られる
能登エリア	休暇村能登千里浜	2026/09/28	同意する	日帰り	1泊	金沢エリア  （湯涌温泉、深谷温泉、犀川温泉など）	石川県外には泊まらない	夫婦2人	小松基地航空祭	自家用車	自家用車			10,000円以上 20,000円未満	20,000円以上 30,000円未満	20,000円以上 30,000円未満	初めて	インターネット・アプリ	千里浜なぎさドライブウェイ		選択なし／該当施設なし	自宅直行	1,000円以上 3,000円未満	とても満足	日帰り温泉の受付締切時間を過ぎても入浴させてくれた	とても満足	従業員さんがいい人	感じなかった	なし	9	次はキャンプをしにきたい	機会があれば行きたい	海鮮を楽しむ	男	1986	兵庫県	明石市	700万円以上 800万円未満	抽選があるため。当たりますように。	とても満足	9	海鮮丼とおでんがおいしいため
能登エリア	のとじま水族館	2026/09/28	同意する	1泊	1泊	金沢エリア  （湯涌温泉、深谷温泉、犀川温泉など）	石川県外には泊まらない	小学生以下連れの家族	テーマパーク（遊園地、動物園、博物館など）, アウトドア（海水浴、釣り、登山など）	自家用車	自家用車			10,000円以上 20,000円未満	5,000円以上 10,000円未満	10,000円以上 20,000円未満	2～5回目	X(旧：Twitter), Instagram	選択なし/該当施設なし	いしかわ動物園	道の駅のとじま		3,000円以上 5,000円未満	満足	チケットが可愛い、ポケモンのイベントがあった　ジンベイザメのクイズが面白かった　イルカショーのクオリティが高かった	満足	ベビーカーで行ったが、帰りの帰路でスロープがあるところはこちらからと分かりやすい案内があって助かった	感じなかった		8	0歳児と行ったが、お土産コーナーで0歳から使える布絵本があって可愛くて購入した！お土産の種類がたくさんあって良かった	石川県在住	赤ちゃんでも使えるもの、食べられるもの、おもちゃだと買ってしまうと思う	女	1995	石川県	金沢市	500万円以上 600万円未満	景品が当たる, ひゃくまんさんが好き, 石川県のおすすめ観光スポットが見たい	満足	8	イルカショー　ハロウィンにちなんでストーリー性があり見応えがあってよかった！とても面白かった
能登エリア	のとじま水族館	2026/09/28	同意する	2泊	2泊	能登エリア （和倉温泉、七尾市、輪島市、珠洲市など）	石川県外には泊まらない	夫婦2人	宿でのんびり過ごす, 温泉や露天風呂, 友人・親戚を訪ねる	自家用車	自家用車			20,000円以上 30,000円未満	3,000円以上 5,000円未満	5,000円以上 10,000円未満	初めて	観光展・物産展, インターネット・アプリ	能登食祭市場		選択なし／該当施設なし		3,000円以上 5,000円未満	満足	コンパクトで回りやすい　掃除も行き届いている	満足	ジンベエザメが見れる施設は珍しいから	感じなかった		7	ショーの時間が10時台に集中してて間に合わなかったのでもっと分散させてほしい	機会があれば行きたい	金沢以外にも素晴らしい施設はあるからもっとアピールしたほうがいい	女	1993	東京都	中野区	1,500万円以上	景品が当たる, 石川県のおすすめ観光スポットが見たい	満足	7	
能登エリア	味な宿　宝仙閣	2026/09/28	同意する	1泊	2泊	能登エリア （和倉温泉、七尾市、輪島市、珠洲市など）	福井県	友人	温泉や露天風呂, 名所、旧跡の観光, 買い物、アウトレット, ポケモン	自家用車	自家用車			30,000円以上 40,000円未満	20,000円以上 30,000円未満	5,000円以上 10,000円未満	初めて	友人・知人	輪島朝市		のとじま水族館		1,000円以上 3,000円未満	満足		とても満足	施設の方々が皆、とても親切だった	感じた	昭和時代に建てられた古い建物のため、客室内のコンセントが少ない。またお茶を飲むためには扉を2つ開けて洗面所まで行かねばならず導線が悪く感じた。	10	久しぶりにとてもおいしい懐石料理を食べた。特に料理に使われている出汁が、大変おいしい。	機会があれば行きたい	石川県「らしさ」がよくわからないので、地元側が推しを作っても良いのではないか	女	1981	愛知県	北名古屋市	300万円以上 400万円未満	なんとなく	とても満足	9	能登半島は思ったよりもコンパクトなので、2日もあればぐるっと回ることができる。
金沢エリア	河北亭	2026/09/29	同意する	1泊	2泊	金沢エリア  （湯涌温泉、深谷温泉、犀川温泉など）	石川県外には泊まらない	夫婦2人	地元の美味しいものを食べる, 名所、旧跡の観光, 買い物、アウトレット	自家用車	在来線			40,000円以上 50,000円未満	20,000円以上 30,000円未満	30,000円以上 40,000円未満	2～5回目	新聞・雑誌・ガイドブック, インターネット・アプリ	近江町市場		選択なし/該当施設なし		20,000円以上 30,000円未満	満足	離れの部屋が趣きがあった。	満足	こじんまりしていて、ゆっくり出来た。	感じなかった		8	夕食、朝食ともに丁度良かった。	また行きたい（1年以内）	全て美味しかった。	女	1965	茨城県	水戸市	300万円以上 400万円未満	景品が当たる	とても満足	10	金沢公園
金沢エリア	石川県立音楽堂	2026/09/29	同意する	日帰り	石川県内には宿泊しない	石川県内には宿泊しない	石川県外には泊まらない	夫婦2人	地元の美味しいものを食べる, 名所、旧跡の観光, まちあるき、都市散策	旅行会社ツアーバス	旅行会社ツアーバス	とても満足	バスにゆっくり乗って担当者さんの面白い説明を聞いたからです。	3,000円以上 5,000円未満	3,000円以上 5,000円未満	3,000円以上 5,000円未満	2～5回目	新聞・雑誌・ガイドブック, 観光パンフレット・ポスター, 観光連盟やDMOのHP, インターネット・アプリ	選択なし/該当施設なし	石川県立美術館	選択なし/該当施設なし	石川県文化財保存修復工房	使わない	とても満足	とても立派な仕事をされていたからです	とても満足	なかなか見れない工程を見れたからです	感じなかった		10		また行きたい（1年以内）	石川県は観光も食どれも素晴らしいです	女	1962	石川県	輪島市	400万円以上 500万円未満	景品が当たる	とても満足	10	素晴らしい文化財だからです
金沢エリア	香林坊地下駐車場	2026/09/29	同意する	1泊	1泊	金沢エリア  （湯涌温泉、深谷温泉、犀川温泉など）	石川県外には泊まらない	自分ひとり	地元の美味しいものを食べる, まちあるき、都市散策, 友人・親戚を訪ねる	自家用車	自家用車			使わない	1,000円以上 3,000円未満	10,000円以上 20,000円未満	11回目以上	観光展・物産展, 新聞・雑誌・ガイドブック, インターネット・アプリ, X(旧：Twitter), 友人・知人	金沢21世紀美術館	香林坊大和	近江町市場		5,000円以上 10,000円未満	とても満足	ダンダダン展ありがとう	とても満足		感じなかった		10		石川県在住	治部に食べれるところ増やして！県内のご飯気軽に食べれるとこ増やして!	女	1980	石川県	野々市	400万円以上 500万円未満	ひゃくまんさんが好き, 動く３Dひゃくまんさんを見たい	とても満足	10	ダンダダン展と万博グッズ販売してた
加賀エリア	大江戸温泉物語Premium 山中グランドホテル	2026/09/29	同意する	1泊	1泊	加賀エリア （山代温泉、山中温泉、片山津温泉、粟津温泉、辰口温泉、加賀市、小松市など）	石川県外には泊まらない	夫婦2人	温泉や露天風呂, 地元の美味しいものを食べる, 名所、旧跡の観光	自家用車	自家用車			10,000円以上 20,000円未満	1,000円以上 3,000円未満	10,000円以上 20,000円未満	初めて	インターネット・アプリ	石川県立航空プラザ		日本自動車博物館		10,000円以上 20,000円未満	満足	コスパ大	満足	コスパ大	感じなかった		8		機会があれば行きたい	特になし	女	1957	三重県	四日市市	200万円以上 300万円未満	景品が当たる	満足	8	
加賀エリア	大江戸温泉物語Premium 山中グランドホテル	2026/09/29	同意する	1泊	1泊	加賀エリア （山代温泉、山中温泉、片山津温泉、粟津温泉、辰口温泉、加賀市、小松市など）	石川県外には泊まらない	夫婦2人	温泉や露天風呂, テーマパーク（遊園地、動物園、博物館など）	自家用車	自家用車			10,000円以上 20,000円未満	3,000円以上 5,000円未満	10,000円以上 20,000円未満	初めて	インターネット・アプリ	選択なし/該当施設なし		日本自動車博物館		1,000円以上 3,000円未満	満足	親切	満足	コスパ良い	感じなかった		8		機会があれば行きたい	特になし	男	1958	三重県	四日市市	200万円以上 300万円未満	景品が当たる	満足	8	親切
加賀エリア	大江戸温泉物語Premium 山下家	2026/09/29	同意する	1泊	1泊	加賀エリア （山代温泉、山中温泉、片山津温泉、粟津温泉、辰口温泉、加賀市、小松市など）	石川県外には泊まらない	夫婦2人	温泉や露天風呂	自家用車	自家用車			10,000円以上 20,000円未満	1,000円以上 3,000円未満	使わない	11回目以上	観光パンフレット・ポスター, 観光連盟やDMOのHP	選択なし/該当施設なし		選択なし／該当施設なし	あまり興味がない	1,000円以上 3,000円未満	とても満足	食事がいい	とても満足	動線がわかりやすい	感じなかった		5		また行きたい（1年以内）	特になし	男	1953	愛知県	一宮市	100万円以上 200万円未満	景品が当たる	とても満足	5	金沢
加賀エリア	小松空港	2026/09/29	同意する	3泊	石川県内には宿泊しない	石川県内には宿泊しない	青森県	自分ひとり	出張など仕事関係	飛行機	路線バス			10,000円以上 20,000円未満	10,000円以上 20,000円未満	5,000円以上 10,000円未満	2～5回目	インターネット・アプリ	選択なし/該当施設なし		石川県立航空プラザ		1,000円以上 3,000円未満	満足		満足		感じた	コンセントの位置をもっと人の視線の向かない方にして欲しいです	7	うどんが美味しかったです	石川県在住	地元の人のおすすめを知りたい	女	2003	石川県	金沢市	100万円以上 200万円未満	景品が当たる, なんとなく	満足	9	
加賀エリア	小松空港	2026/09/29	同意する	3泊	2泊	金沢エリア  （湯涌温泉、深谷温泉、犀川温泉など）	富山県	恋人	地元の美味しいものを食べる, まちあるき、都市散策	飛行機	レンタカー	とても満足	渋滞も少なく、道路も整備されており走りやすかった	30,000円以上 40,000円未満	50,000円以上 100,000円未満	10,000円以上 20,000円未満	初めて	インターネット・アプリ, Instagram	選択なし/該当施設なし	兼六園	選択なし／該当施設なし	帰宅	5,000円以上 10,000円未満	とても満足		とても満足		感じなかった		9	コンセントがほしい	機会があれば行きたい	特になし	女	1998	沖縄県	石垣市	500万円以上 600万円未満	景品が当たる	とても満足	10	ご飯が美味しく自然が豊かで楽しめた
加賀エリア	小松空港	2026/09/29	同意する	3泊	2泊	金沢エリア  （湯涌温泉、深谷温泉、犀川温泉など）	富山県	恋人	宿でのんびり過ごす, 温泉や露天風呂, 地元の美味しいものを食べる, まちあるき、都市散策	飛行機	レンタカー	満足	道が広く交通量もそこまで多くないため、運転しやすかった	30,000円以上 40,000円未満	50,000円以上 100,000円未満	10,000円以上 20,000円未満	初めて	インターネット・アプリ, Instagram	選択なし/該当施設なし	湯桶温泉、ひがし茶屋街、兼六園	選択なし／該当施設なし		5,000円以上 10,000円未満	満足		どちらでもない	充電できる設備が欲しい	感じなかった		8		機会があれば行きたい	特になし	男	2000	沖縄県	石垣市	500万円以上 600万円未満	景品が当たる	とても満足	9	旅館がとても良かった
加賀エリア	小松空港	2026/09/29	同意する	4泊以上	3泊	金沢エリア  （湯涌温泉、深谷温泉、犀川温泉など）	沖縄	自分ひとり	地元の美味しいものを食べる, まちあるき、都市散策, 友人・親戚を訪ねる	飛行機	レンタカー	満足	深夜も借りられるレンタカー屋がほぼないのだけ不満	使わない	30,000円以上 40,000円未満	40,000円以上 50,000円未満	初めて	友人・知人, タクシードライバーや地元の人, 	選択なし/該当施設なし		選択なし／該当施設なし	沖縄空港	1,000円以上 3,000円未満	満足	お土産が豊富！	満足	アクセスが限られている点が不便	感じた	レンタカー店が遠い。	7	レストランの営業時間がもう少し長いと助かる	また行きたい（1年以内）	食べ物	男	1984	東京都	墨田区	1,500万円以上	景品が当たる, ひゃくまんさんが好き	とても満足	10	魚
能登エリア	日本の宿 のと楽	2026/09/29	同意する	2泊	2泊	加賀エリア （山代温泉、山中温泉、片山津温泉、粟津温泉、辰口温泉、加賀市、小松市など）	石川県外には泊まらない	夫婦2人	温泉や露天風呂, 地元の美味しいものを食べる, 名所、旧跡の観光, 買い物、アウトレット	新幹線, 旅行会社ツアーバス	自家用車, 旅行会社ツアーバス	満足		20,000円以上 30,000円未満	5,000円以上 10,000円未満	10,000円以上 20,000円未満	初めて	新聞・雑誌・ガイドブック	禄剛崎灯台		道の駅のとじま		3,000円以上 5,000円未満	満足	品数が豊富	満足		感じなかった		9		機会があれば行きたい	海鮮がとても美味しいのでそれをいかしたもの。子どもが楽しめる施設。	女	1956	愛知県	蒲郡市	300万円以上 400万円未満	景品が当たる, 石川県のおすすめ観光スポットが見たい	満足	8	
能登エリア	田の浦荘	2026/09/29	同意する	3泊	3泊	能登エリア （和倉温泉、七尾市、輪島市、珠洲市など）	石川県外には泊まらない	親	宿でのんびり過ごす, 温泉や露天風呂, 地元の美味しいものを食べる, 名所、旧跡の観光, 各種体験（手作り、果物狩りなど）, 友人・親戚を訪ねる	飛行機	自家用車			30,000円以上 40,000円未満	30,000円以上 40,000円未満	10,000円以上 20,000円未満	初めて	友人・知人	禄剛崎灯台		道の駅のとじま		10,000円以上 20,000円未満	満足		満足		感じた	隣室の宿泊者が深夜までテレビの音をさせていてよく眠れなかった	9	お料理が本当においしかった！	また行きたい（1年以内）	ポケモンではない、能登の地元に基づいたPR．真脇縄文遺跡はもっと注目されて然るべきだと思う。	女	1960	東京都	世田谷区	100万円以上 200万円未満	景品が当たる	とても満足	10	震災後の現在の状況を実際に見ることが大切だと思う。ボランティアできる力が無くても、旅することは大切だと思う。
能登エリア	海舟	2026/09/29	同意する	1泊	2泊	能登エリア （和倉温泉、七尾市、輪島市、珠洲市など）	福井県	夫婦2人	宿でのんびり過ごす, 温泉や露天風呂	自家用車	レンタカー	とても満足	魚が美味しかった	50,000円以上 100,000円未満	20,000円以上 30,000円未満	40,000円以上 50,000円未満	初めて	インターネット・アプリ	選択なし/該当施設なし	和倉温泉でゆっくり	選択なし／該当施設なし	帰ります	10,000円以上 20,000円未満	とても満足	すべて	とても満足	すべて	感じなかった		8		機会があれば行きたい	特になし	男	1956	東京都	西東京市	300万円以上 400万円未満	景品が当たる	とても満足	8	
能登エリア	のと里山空港	2026/09/29	同意する	1泊	1泊	能登エリア （和倉温泉、七尾市、輪島市、珠洲市など）	石川県外には泊まらない	夫婦2人	宿でのんびり過ごす, 温泉や露天風呂, 地元の美味しいものを食べる, 名所、旧跡の観光, ドライブ・ツーリング	飛行機	レンタカー	とても満足	空港からレンタカーができて楽!	30,000円以上 40,000円未満	20,000円以上 30,000円未満	30,000円以上 40,000円未満	初めて	観光展・物産展, 新聞・雑誌・ガイドブック	選択なし/該当施設なし		道の駅のとじま		20,000円以上 30,000円未満	とても満足	見るとこが充実していた!	とても満足	わざわざ立ち寄りたくなるから!	感じなかった		10	海鮮などを楽しみにきたから良かった！	また行きたい（1年以内）	海鮮と酒のマリアージュをまたしたい!	男	1995	東京都	台東区	800万円以上 900万円未満	景品が当たる, ひゃくまんさんが好き	とても満足	10	食べ物がおいしく、非常に満足して酒も良かった
能登エリア	のと里山空港	2026/09/29	同意する	1泊	1泊	能登エリア （和倉温泉、七尾市、輪島市、珠洲市など）	石川県外には泊まらない	夫婦2人	宿でのんびり過ごす, 地元の美味しいものを食べる, 名所、旧跡の観光, 買い物、アウトレット, まちあるき、都市散策	飛行機	レンタカー	とても満足	色々なところに寄り道できるから	10,000円以上 20,000円未満	5,000円以上 10,000円未満	10,000円以上 20,000円未満	初めて	観光展・物産展	禄剛崎灯台		道の駅のとじま	飛田水産	3,000円以上 5,000円未満	とても満足	景色が綺麗でした。	とても満足	地産地消、美味しかったです。	感じなかった	道路など、復興応援しています。	10		また行きたい（1年以内）	特になし	女	1994	東京都	台東区	800万円以上 900万円未満	景品が当たる	とても満足	10	自然豊かで、美味しいものもたくさんありました。
能登エリア	のとじま水族館	2026/09/29	同意する	2泊	2泊	能登エリア （和倉温泉、七尾市、輪島市、珠洲市など）	石川県外には泊まらない	夫婦2人	宿でのんびり過ごす, 温泉や露天風呂, 地元の美味しいものを食べる, 名所、旧跡の観光, テーマパーク（遊園地、動物園、博物館など）, 買い物、アウトレット, まちあるき、都市散策, 各種体験（手作り、果物狩りなど）, 結婚記念日旅行	自家用車	自家用車	とても満足	車が走りやすい、広い道が多い、景色が綺麗	30,000円以上 40,000円未満	10,000円以上 20,000円未満	40,000円以上 50,000円未満	2～5回目	インターネット・アプリ, 友人・知人, ラブライブ!の蓮の空	のとじま水族館	近江町市場　東茶屋街　兼六園　尾山神社	道の駅のとじま		3,000円以上 5,000円未満	とても満足	展示品や魚たち、イルカショーが素敵。ジンベエザメも戻ってきて嬉しい。	とても満足	前質問と同様	感じなかった		10		また行きたい（1年以内）	伝統工芸体験	女	1995	新潟県	柏崎市	800万円以上 900万円未満	ひゃくまんさんが好き	とても満足	10	のとじま水族館
能登エリア	のとじま水族館	2026/09/29	同意する	日帰り	石川県内には宿泊しない	石川県内には宿泊しない	石川県外には泊まらない	団体旅行	けんせいばす	県外から訪れていない（石川県内在住）	旅行会社ツアーバス	満足		10,000円以上 20,000円未満	3,000円以上 5,000円未満	5,000円以上 10,000円未満	11回目以上	友人・知人	選択なし/該当施設なし	とと楽ランチと七尾美術館	選択なし／該当施設なし		使わない	満足		満足	ハロウィンいるかショー	感じなかった		8		また行きたい（1年以内）	能登復興祈願	女	1969	石川県	かほく市	1,000万円以上 1,200万円未満	景品が当たる	とても満足	9	
金沢エリア	西茶屋資料館	2026/09/29	同意する	1泊	1泊	金沢エリア  （湯涌温泉、深谷温泉、犀川温泉など）	岐阜県	友人	宿でのんびり過ごす, 地元の美味しいものを食べる, 名所、旧跡の観光	自家用車	路線バス	満足	楽だから	10,000円以上 20,000円未満	10,000円以上 20,000円未満	20,000円以上 30,000円未満	初めて	観光協会等の案内所	ひがし茶屋街		兼六園		30,000円以上 40,000円未満	とても満足	ゆったり	満足	ゆったり	感じなかった		10		また行きたい（1年以内）	九谷焼好きです	女	1964	愛知県	名古屋	600万円以上 700万円未満	景品が当たる	とても満足	10	ゆったり
金沢エリア	金沢駅	2026/09/29	同意する	2泊	2泊	金沢エリア  （湯涌温泉、深谷温泉、犀川温泉など）	石川県外には泊まらない	友人	地元の美味しいものを食べる, 名所、旧跡の観光, 買い物、アウトレット, スポーツ観戦や芸術鑑賞（コンサート等）	自家用車	自家用車			10,000円以上 20,000円未満	10,000円以上 20,000円未満	40,000円以上 50,000円未満	初めて	インターネット・アプリ	兼六園		選択なし/該当施設なし	金沢ゴーゴーカレースタジアム	10,000円以上 20,000円未満	とても満足	広くて綺麗で快適だったから。	とても満足		感じなかった		8		機会があれば行きたい	お魚が美味しく、醤油が濃厚でお刺身に合って美味しかったです。	女	1990	静岡県	静岡市	400万円以上 500万円未満	景品が当たる, 石川県のおすすめ観光スポットが見たい	とても満足	7	金沢駅近くに行くところが集まっていて行動しやすいから。
金沢エリア	金沢駅	2026/09/29	同意する	1泊	1泊	金沢エリア  （湯涌温泉、深谷温泉、犀川温泉など）	石川県外には泊まらない	中学生以上連れの家族	地元の美味しいものを食べる, 名所、旧跡の観光	新幹線, 在来線	路線バス	満足	バスの利便性がとても良いから	10,000円以上 20,000円未満	10,000円以上 20,000円未満	20,000円以上 30,000円未満	初めて	インターネット・アプリ, 友人・知人	兼六園		金沢21世紀美術館		1,000円以上 3,000円未満	満足		満足		感じた	トイレの場所	9		機会があれば行きたい	特になし	女	1967	長野県	松本市	400万円以上 500万円未満	景品が当たる, ひゃくまんさんが好き	満足	9	
金沢エリア	金沢中央観光案内所	2026/09/29	同意する	2泊	2泊	金沢エリア  （湯涌温泉、深谷温泉、犀川温泉など）	石川県外には泊まらない	自分ひとり	名所、旧跡の観光, まちあるき、都市散策, アニメの舞台を巡る	新幹線, 在来線	徒歩			10,000円以上 20,000円未満	10,000円以上 20,000円未満	10,000円以上 20,000円未満	2～5回目	新聞・雑誌・ガイドブック, 観光パンフレット・ポスター	尾山神社		選択なし/該当施設なし	石川県立図書館	使わない	とても満足		とても満足	ゆっくりと休憩できたから。	感じなかった		10	さまざまなパンフレットが置いてあり、目移りしてしまうほど充実していた。	また行きたい（1年以内）	特になし	男	2006	愛知県	あま市	500万円以上 600万円未満	景品が当たる	とても満足	10	豊かな自然と、行く先々の人のあたたかさ。
金沢エリア	KKRホテル金沢	2026/09/29	同意する	2泊	2泊	加賀エリア （山代温泉、山中温泉、片山津温泉、粟津温泉、辰口温泉、加賀市、小松市など）	石川県外には泊まらない	夫婦2人	宿でのんびり過ごす, 温泉や露天風呂, 地元の美味しいものを食べる, 名所、旧跡の観光	自家用車	自家用車			50,000円以上 100,000円未満	30,000円以上 40,000円未満	20,000円以上 30,000円未満	2～5回目	観光展・物産展, 観光パンフレット・ポスター, Instagram, Facebook, 	近江町市場		尾山神社		3,000円以上 5,000円未満	とても満足	地場産食べ物を食べれた	とても満足		感じなかった		10		また行きたい（1年以内）	米、のどくろ	男	1967	神奈川県	横浜市	500万円以上 600万円未満	景品が当たる	とても満足	10	のどくろの姿焼き
加賀エリア	加賀伝統工芸村　ゆのくにの森	2026/09/29	同意する	1泊	1泊	加賀エリア （山代温泉、山中温泉、片山津温泉、粟津温泉、辰口温泉、加賀市、小松市など）	石川県外には泊まらない	団体旅行	温泉や露天風呂, 地元の美味しいものを食べる, 名所、旧跡の観光, 買い物、アウトレット	旅行会社ツアーバス	旅行会社ツアーバス	とても満足	バス快適です	30,000円以上 40,000円未満	10,000円以上 20,000円未満	30,000円以上 40,000円未満	初めて	インターネット・アプリ	選択なし/該当施設なし		選択なし／該当施設なし	辰口温泉にて宿泊	1,000円以上 3,000円未満	どちらでもない	金箔体験の方がすごく無愛想	どちらでもない	お食事の所方もあまり感じ良くなかった	感じた	全体的に年配の女性が無愛想	7	食べ物の試食があるといいと思いました	機会があれば行きたい	お土産買うの楽しみにしてます	女	1968	大阪府	大阪市住吉区	900万円以上 1,000万円未満	景品が当たる	満足	7	まだないです
加賀エリア	加賀伝統工芸村　ゆのくにの森	2026/09/29	同意する	1泊	1泊	加賀エリア （山代温泉、山中温泉、片山津温泉、粟津温泉、辰口温泉、加賀市、小松市など）	石川県外には泊まらない	団体旅行	温泉や露天風呂, 地元の美味しいものを食べる, テーマパーク（遊園地、動物園、博物館など）	旅行会社ツアーバス	旅行会社ツアーバス	とても満足	皆さん、とても丁寧に案内してくださりるのて	40,000円以上 50,000円未満	20,000円以上 30,000円未満	40,000円以上 50,000円未満	初めて	観光パンフレット・ポスター	那谷寺		選択なし／該当施設なし	九谷焼美術館	1,000円未満	とても満足		とても満足		感じなかった		10	この施設にもっとゆっくり来たいと思いました。	また行きたい（1年以内）	お寿司が食べたいです。	女	1969	大阪府	大阪市	300万円以上 400万円未満	ひゃくまんさんが好き, ARでひゃくまんさんと写真が撮りたかった, 動く３Dひゃくまんさんを見たい	とても満足	10	食べ物が、何を食べても美味しいから
加賀エリア	加賀伝統工芸村　ゆのくにの森	2026/09/29	同意する	1泊	1泊	加賀エリア （山代温泉、山中温泉、片山津温泉、粟津温泉、辰口温泉、加賀市、小松市など）	石川県外には泊まらない	団体旅行	まちあるき、都市散策, 各種体験（手作り、果物狩りなど）	旅行会社ツアーバス	旅行会社ツアーバス	満足		20,000円以上 30,000円未満	20,000円以上 30,000円未満	30,000円以上 40,000円未満	初めて	観光協会等の案内所	ゆのくにの森		ゆのくにの森		1,000円以上 3,000円未満	どちらでもない	施設に入るのに、入場料がいる？	どちらでもない	入場料とる程の施設とはおもえない	感じた		4		どちらともいえない	特になし	無回答	1966	大阪府	大阪市	500万円以上 600万円未満	景品が当たる, ひゃくまんさんが好き	どちらでもない	4	
加賀エリア	いしかわ動物園	2026/09/29	同意する	1泊	1泊	加賀エリア （山代温泉、山中温泉、片山津温泉、粟津温泉、辰口温泉、加賀市、小松市など）	石川県外には泊まらない	小学生以下連れの家族	宿でのんびり過ごす, 温泉や露天風呂, 地元の美味しいものを食べる, テーマパーク（遊園地、動物園、博物館など）	自家用車	自家用車			10,000円以上 20,000円未満	10,000円以上 20,000円未満	3,000円以上 5,000円未満	2～5回目	インターネット・アプリ, X(旧：Twitter), Instagram, 友人・知人	那谷寺		木場潟公園		20,000円以上 30,000円未満	満足	大人も子供も楽しめたから。	満足	少し活気が足りないかなという印象だったから。	感じた	仕方ないことだがトイレがもう少し綺麗であって欲しかった。	8	やや物足りなさを感じた。	また行きたい（1年以内）	食事が本当に美味しくて素晴らしいです。	男	1991	石川県	金沢市	800万円以上 900万円未満	景品が当たる	とても満足	9	食事がとにかく美味しい。
加賀エリア	小松空港	2026/09/29	同意する	1泊	1泊	金沢エリア  （湯涌温泉、深谷温泉、犀川温泉など）	石川県外には泊まらない	親	地元の美味しいものを食べる	飛行機	飛行機	満足	時間通りに着いた	20,000円以上 30,000円未満	10,000円以上 20,000円未満	10,000円以上 20,000円未満	初めて	インターネット・アプリ, X(旧：Twitter), Instagram	選択なし/該当施設なし		選択なし／該当施設なし		使わない	どちらでもない		どちらでもない		感じなかった		8		機会があれば行きたい	とてもおいしかったです	女	2002	埼玉県	所沢市	500万円以上 600万円未満	なんとなく	とても満足	10	お魚料理
加賀エリア	たちばな四季亭	2026/09/29	同意する	1泊	1泊	加賀エリア （山代温泉、山中温泉、片山津温泉、粟津温泉、辰口温泉、加賀市、小松市など）	石川県外には泊まらない	夫婦2人	温泉や露天風呂, 地元の美味しいものを食べる	新幹線, 在来線	在来線	満足	新幹線で早く到着できる	50,000円以上 100,000円未満	5,000円以上 10,000円未満	20,000円以上 30,000円未満	2～5回目	インターネット・アプリ	選択なし/該当施設なし	観光は魅力がない	選択なし／該当施設なし		使わない	とても満足	中居さん、きびきびしていました	とても満足	料理長が握ってくれるお寿司最高でした	感じなかった		8	美味しかったです	また行きたい（1年以内）	特に無し	女	1963	奈良県	奈良市	500万円以上 600万円未満	景品が当たる	とても満足	8	旅館も清潔、とにかく料理が美味しい 部屋の露天風呂も良かった
加賀エリア	ゆのくに天祥	2026/09/29	同意する	1泊	1泊	加賀エリア （山代温泉、山中温泉、片山津温泉、粟津温泉、辰口温泉、加賀市、小松市など）	石川県外には泊まらない	親、甥、夫婦二人	温泉や露天風呂, 地元の美味しいものを食べる	レンタカー	レンタカー	とても満足	自家用車より広く、乗っていても楽でした。	20,000円以上 30,000円未満	3,000円以上 5,000円未満	10,000円以上 20,000円未満	初めて	インターネット・アプリ	選択なし/該当施設なし		日本自動車博物館		1,000円以上 3,000円未満	どちらでもない	特にサービスを受けていません。	満足	古い自動車が懐かしかったけど、男の人ほど、感動しなかった。	感じなかった		5	食事がとてもおいしかったし、量もよかった。1階でふるまわれた温泉卵や小さなお菓子等、工夫があった。	機会があれば行きたい	誰もが行くことができる、回転寿司がとてもおいしかった。	女	1965	岐阜県	岐阜市	300万円以上 400万円未満	景品が当たる	とても満足	10	回転寿司がおいしかったし、ゆのくに天祥が宿泊してよかった。
能登エリア	のと里山空港	2026/09/29	同意する	1泊	1泊	金沢エリア  （湯涌温泉、深谷温泉、犀川温泉など）	石川県外には泊まらない	夫婦2人	奥能登への訪問	飛行機	旅行会社ツアーバス	満足	能登の現状を見聞きしながらの行程	10,000円以上 20,000円未満	10,000円以上 20,000円未満	20,000円以上 30,000円未満	初めて	X(旧：Twitter)	千里浜なぎさドライブウェイ		選択なし／該当施設なし	帰るので	3,000円以上 5,000円未満	満足		満足	ピカチュウ	感じなかった		8		また行きたい（1年以内）	地域の産業と繋がりの深いお土産（例えば林業）	男	1964	神奈川県	横浜市	600万円以上 700万円未満	景品が当たる, 石川県のおすすめ観光スポットが見たい	満足	9	地震等の災害の復興状況
能登エリア	のと里山空港	2026/09/29	同意する	1泊	1泊	能登エリア （和倉温泉、七尾市、輪島市、珠洲市など）	石川県外には泊まらない	夫婦2人	宿でのんびり過ごす, 温泉や露天風呂, 地元の美味しいものを食べる, 名所、旧跡の観光, 買い物、アウトレット	飛行機	レンタカー	とても満足	色々と寄り道できました。	20,000円以上 30,000円未満	10,000円以上 20,000円未満	20,000円以上 30,000円未満	初めて	観光展・物産展	禄剛崎灯台	見附島	道の駅のとじま		5,000円以上 10,000円未満	とても満足	綺麗な景色をみついでに、美味しいものも買えました。	とても満足	自然豊かなところで、地産地消のものを頂けて幸せです。	感じた		10	海鮮が美味しかったです。	また行きたい（1年以内）	復興を応援しています。	女	1994	東京都	台東区	800万円以上 900万円未満	景品が当たる, 石川県のおすすめ観光スポットが見たい	とても満足	10	海鮮が特に勧めたいです。
能登エリア	真脇ポーレポーレ	2026/09/29	同意する	1泊	1泊	能登エリア （和倉温泉、七尾市、輪島市、珠洲市など）	石川県外には泊まらない	夫婦2人	地元の美味しいものを食べる, 買い物、アウトレット, ドライブ・ツーリング	飛行機	レンタカー	とても満足	色々なところに寄り道できました。	20,000円以上 30,000円未満	20,000円以上 30,000円未満	20,000円以上 30,000円未満	初めて	観光展・物産展	禄剛崎灯台		道の駅のとじま		20,000円以上 30,000円未満	満足	スタッフが愛想がない	満足		感じた		10		また行きたい（1年以内）	地酒と食の豊富さ	女	1995	東京都	台東区	800万円以上 900万円未満	景品が当たる, 石川県のおすすめ観光スポットが見たい	満足	10	海鮮が美味しい!
能登エリア	真脇ポーレポーレ	2026/09/29	同意する	1泊	1泊	能登エリア （和倉温泉、七尾市、輪島市、珠洲市など）	石川県外には泊まらない	夫婦2人	宿でのんびり過ごす, 温泉や露天風呂, 地元の美味しいものを食べる, ドライブ・ツーリング	飛行機	レンタカー	とても満足	空港ですぐ借りれたから良かった	30,000円以上 40,000円未満	20,000円以上 30,000円未満	20,000円以上 30,000円未満	初めて	観光展・物産展, 観光連盟やDMOのHP, ブログ	選択なし/該当施設なし		道の駅のとじま		30,000円以上 40,000円未満	とても満足		満足	すこし老朽化とスタッフの挨拶がないのが気になった	感じなかった		9		また行きたい（1年以内）	地酒と海鮮が美味しいです	女	1994	東京都	台東区	900万円以上 1,000万円未満	景品が当たる	満足	9	海鮮の良さと地酒のよさ
金沢エリア	石川県観光物産館	2026/09/30	同意する	2泊	2泊	金沢エリア  （湯涌温泉、深谷温泉、犀川温泉など）	石川県外には泊まらない	小学生以下連れの家族	地元の美味しいものを食べる, 名所、旧跡の観光, 各種体験（手作り、果物狩りなど）	新幹線	徒歩			10,000円以上 20,000円未満	30,000円以上 40,000円未満	30,000円以上 40,000円未満	2～5回目	新聞・雑誌・ガイドブック, 観光パンフレット・ポスター, インターネット・アプリ, X(旧：Twitter), Instagram, ブログ	近江町市場		尾山神社		5,000円以上 10,000円未満	とても満足	体験が楽しかった。和菓子はお得だと思う。教えて下さる方も親切だった。	とても満足	お手頃の価格で、体験活動ができたので。	感じた	和式トイレ	10	和菓子は金券もついていてお得。起き上がりこぼしも楽しかった。金箔、太鼓作りは教えてくださる方が親切だった。作った和菓子を抹茶と一緒にいただけるのは良い（初日に訪れたので、家に帰って、お茶を点てていただくことも出来ないため）	機会があれば行きたい	飲食→魚介類、北海道とは違った繊細な上品な味付け	女	1978	東京都	新宿区	1,200万円以上 1,500万円未満	景品が当たる	とても満足	10	食事
金沢エリア	石川県立歴史博物館	2026/09/30	同意する	日帰り	石川県内には宿泊しない	石川県内には宿泊しない	日帰り	自分ひとり	テーマパーク（遊園地、動物園、博物館など）, 買い物、アウトレット	県内	路線バス, 徒歩	満足	バスの運転手の方の案内が詳しかった	使わない	1,000円未満	3,000円以上 5,000円未満	2～5回目	観光パンフレット・ポスター	兼六園		金沢21世紀美術館		1,000円未満	とても満足	ゆったりと詳しく展示されていたから	とても満足	受付案内の方が丁寧だったから	感じなかった		9	次回はお土産も購入したい	石川県在住	新鮮で高品質	女	1969	石川県	羽咋市	300万円以上 400万円未満	景品が当たる, ひゃくまんさんが好き, 石川県のおすすめ観光スポットが見たい	満足	10	ゆったりと美術や芸術、歴史に浸れるから
加賀エリア	大江戸温泉物語 山中彩朝楽	2026/09/30	同意する	1泊	1泊	加賀エリア （山代温泉、山中温泉、片山津温泉、粟津温泉、辰口温泉、加賀市、小松市など）	石川県外には泊まらない	中学生以上連れの家族	宿でのんびり過ごす, 温泉や露天風呂	自家用車	自家用車	とても満足		10,000円以上 20,000円未満	1,000円未満	1,000円未満	初めて	インターネット・アプリ	選択なし/該当施設なし	道の駅	選択なし／該当施設なし		3,000円以上 5,000円未満	満足		満足		感じた	部屋から風呂と部屋からレストランまでの移動。	5		どちらともいえない	特になし	女	1998	石川県	白山市	300万円以上 400万円未満	景品が当たる	満足	9	
加賀エリア	瑠璃光	2026/09/30	同意する	2泊	2泊	加賀エリア （山代温泉、山中温泉、片山津温泉、粟津温泉、辰口温泉、加賀市、小松市など）	石川県外には泊まらない	団体旅行	温泉や露天風呂, 地元の美味しいものを食べる, 名所、旧跡の観光, テーマパーク（遊園地、動物園、博物館など）, まちあるき、都市散策	飛行機	旅行会社ツアーバス	満足	渋滞がなかったから	30,000円以上 40,000円未満	10,000円以上 20,000円未満	1,000円以上 3,000円未満	初めて	旅行会社	月うさぎの里		選択なし／該当施設なし	安宅住吉神社	1,000円未満	満足	義経勧進帳の場所だから	満足	歴史的な絵が残っているから	感じなかった		8	特に無し	機会があれば行きたい	特に無し	男	1955	神奈川県	川崎区	300万円以上 400万円未満	石川県の雑学を知りたい	満足	8	福井、金沢にも交通便利だから
加賀エリア	大江戸温泉物語Premium 山下家	2026/09/30	同意する	1泊	1泊	加賀エリア （山代温泉、山中温泉、片山津温泉、粟津温泉、辰口温泉、加賀市、小松市など）	石川県外には泊まらない	友人	宿でのんびり過ごす, 温泉や露天風呂, 地元の美味しいものを食べる	新幹線, 在来線	在来線	満足	温泉がいいのと食べ物が美味しい	1,000円以上 3,000円未満	20,000円以上 30,000円未満	5,000円以上 10,000円未満	6～10回目	インターネット・アプリ	ゆのくにの森		那谷寺		10,000円以上 20,000円未満	満足	見物して良かった	満足	色んな物を見れました	感じなかった		6	季節の料理が出て良かった	また行きたい（1年以内）	前に金沢に行ったんですがもう一度兼六園に行きたいです	男	1958	大阪府	泉大津市	300万円以上 400万円未満	景品が当たる, ARでひゃくまんさんと写真が撮りたかった, 石川県のおすすめ観光スポットが見たい	満足	7	安く泊まられて良かった
加賀エリア	サイエンスヒルズこまつ ひととものづくり科学館	2026/09/30	同意する	2泊	2泊	加賀エリア （山代温泉、山中温泉、片山津温泉、粟津温泉、辰口温泉、加賀市、小松市など）	石川県外には泊まらない	自分ひとり	宿でのんびり過ごす, 温泉や露天風呂, 地元の美味しいものを食べる	飛行機	徒歩	満足	早いから	10,000円以上 20,000円未満	5,000円以上 10,000円未満	10,000円以上 20,000円未満	初めて	インターネット・アプリ	木場潟公園		那谷寺		3,000円以上 5,000円未満	満足	勉強になったから	満足	楽しかったから	感じなかった		8	聞こえないのでロボットが字幕になると助かる	また行きたい（1年以内）	バリアフリー	女	1960	東京都	国分寺市	100万円未満	景品が当たる	満足	8	自然が綺麗
加賀エリア	白山比咩神社	2026/09/30	同意する	日帰り	石川県内には宿泊しない	石川県内には宿泊しない	富山県	夫婦2人	名所、旧跡の観光	旅行会社ツアーバス	自家用車			5,000円以上 10,000円未満	5,000円以上 10,000円未満	5,000円以上 10,000円未満	初めて	新聞・雑誌・ガイドブック	石川県立航空プラザ		選択なし／該当施設なし	発電所	1,000円以上 3,000円未満	満足	とても静か	満足	手入れがされている	感じなかった		7	特になし	機会があれば行きたい	石川と分かるもの	男	1956	富山県	富山市	400万円以上 500万円未満	なんとなく	満足	8	千里浜
加賀エリア	山代温泉　総湯	2026/09/30	同意する	2泊	1泊	加賀エリア （山代温泉、山中温泉、片山津温泉、粟津温泉、辰口温泉、加賀市、小松市など）	福井県	親	宿でのんびり過ごす, 温泉や露天風呂, 地元の美味しいものを食べる, 花見や紅葉などの自然鑑賞, 名所、旧跡の観光	レンタカー, 新幹線	レンタカー	とても満足	レンタカーだと、自由に好きなところに好きなタイミングで立ち寄れるから	50,000円以上 100,000円未満	1,000円以上 3,000円未満	1,000円未満	初めて	新聞・雑誌・ガイドブック, 観光パンフレット・ポスター	那谷寺		選択なし／該当施設なし	恐竜博物館	1,000円未満	とても満足	温泉たまごアイスクリームが美味しく、祖父母と楽しい時間を過ごせたから	とても満足		感じなかった		10		また行きたい（1年以内）	苗字が石川なので、石川さん割引があったら面白いと思います！	女	2002	埼玉県	川越市	600万円以上 700万円未満	景品が当たる	とても満足	10	緑が多くて人も優しい
加賀エリア	大江戸温泉物語Premium 山下家	2026/09/30	同意する	1泊	1泊	加賀エリア （山代温泉、山中温泉、片山津温泉、粟津温泉、辰口温泉、加賀市、小松市など）	石川県外には泊まらない	親	宿でのんびり過ごす, 温泉や露天風呂, 地元の美味しいものを食べる	新幹線, 在来線	旅行会社ツアーバス	満足	普段使わない路線だったけど、スムーズに乗り継ぎ出来た	10,000円以上 20,000円未満	5,000円以上 10,000円未満	10,000円以上 20,000円未満	初めて	インターネット・アプリ	選択なし/該当施設なし		選択なし／該当施設なし	服部神社	3,000円以上 5,000円未満	とても満足	久しぶりにのんびり出来た	とても満足		感じなかった		8		機会があれば行きたい	特になし	女	2000	大阪府	大阪市港区	300万円以上 400万円未満	景品が当たる	どちらでもない	7	
加賀エリア	大江戸温泉物語Premium 山下家	2026/09/30	同意する	1泊	1泊	加賀エリア （山代温泉、山中温泉、片山津温泉、粟津温泉、辰口温泉、加賀市、小松市など）	石川県外には泊まらない	中学生以上連れの家族	宿でのんびり過ごす	新幹線	送迎バス	満足	新幹線で来たのでとても便利だった。	10,000円以上 20,000円未満	5,000円以上 10,000円未満	10,000円以上 20,000円未満	初めて	インターネット・アプリ	選択なし/該当施設なし		選択なし／該当施設なし		5,000円以上 10,000円未満	満足	料理。温泉。	満足		感じなかった		8		機会があれば行きたい	特になし	女	1969	大阪府	港区	1,000万円以上 1,200万円未満	景品が当たる	どちらでもない	8	
加賀エリア	白山比咩神社	2026/09/30	同意する	日帰り	石川県内には宿泊しない	石川県内には宿泊しない	石川県外には泊まらない	団体旅行	名所、旧跡の観光	旅行会社ツアーバス	旅行会社ツアーバス	満足	バスが広い	使わない	1,000円以上 3,000円未満	5,000円以上 10,000円未満	2～5回目	新聞・雑誌・ガイドブック	選択なし/該当施設なし		選択なし／該当施設なし	一里野温泉	1,000円以上 3,000円未満	満足	景色が良い	満足	ご飯が美味しい	感じなかった		6		また行きたい（1年以内）	値段がわりと高め	女	1960	富山県	高岡市	300万円以上 400万円未満	景品が当たる	満足	8	自然と街の共存
加賀エリア	白山比咩神社	2026/09/30	同意する	日帰り	石川県内には宿泊しない	石川県内には宿泊しない	富山県	夫婦2人	地元の美味しいものを食べる, 名所、旧跡の観光	旅行会社ツアーバス	旅行会社ツアーバス	とても満足	ツアーは、観光地に連れて行ってくれるから楽	使わない	10,000円以上 20,000円未満	5,000円以上 10,000円未満	初めて	新聞・雑誌・ガイドブック, インターネット・アプリ	選択なし/該当施設なし	白山比え神社　	選択なし／該当施設なし	高原ホテル	1,000円以上 3,000円未満	満足	とても綺麗で良かった	満足	気遣いが良かった	感じなかった		9		機会があれば行きたい	特になし	女	1958	富山県	中新川郡	100万円以上 200万円未満	景品が当たる	とても満足	9	バスツアーで色々連れて行ってくれて楽しいかった
加賀エリア	いしかわ動物園	2026/09/30	同意する	日帰り	石川県内には宿泊しない	石川県内には宿泊しない	石川県外には泊まらない	小学生以下連れの家族	テーマパーク（遊園地、動物園、博物館など）	自家用車	自家用車			使わない	3,000円以上 5,000円未満	1,000円以上 3,000円未満	2～5回目	インターネット・アプリ	選択なし/該当施設なし		選択なし／該当施設なし		3,000円以上 5,000円未満	満足	売店に日やけ止めや虫除けがあって助かった	とても満足	珍しい動物もいて２度目だが楽しめた	感じなかった		10		また行きたい（1年以内）	特になし	女	1983	福井県	福井市	800万円以上 900万円未満	旅先のアンケートはいつもやっているので	とても満足	10	いしかわ動物園は子どもだけでなく大人も一度は行ってみた方が良い場所と思う
加賀エリア	加賀伝統工芸村　ゆのくにの森	2026/09/30	同意する	日帰り	石川県内には宿泊しない	白山エリア （一里野温泉、白峰温泉、白山市など）	石川県白山市	親	各種体験（手作り、果物狩りなど）	自家用車	自家用車	とても満足	全ての体験活動がひとつの施設で利用できるから	10,000円以上 20,000円未満	5,000円以上 10,000円未満	3,000円以上 5,000円未満	11回目以上	友人・知人	ゆのくにの森		那谷寺		5,000円以上 10,000円未満	とても満足	素晴らしい	とても満足	接客が良いから	感じた	英語の表示があれば良い	2	雑貨店が気に入りました	また行きたい（1年以内）	能登のアクティビティを増やしてほしい	女	1998	石川県	白山市	200万円以上 300万円未満	ひゃくまんさんが好き, ARでひゃくまんさんと写真が撮りたかった	とても満足	2	友達
加賀エリア	いしかわ動物園	2026/09/30	同意する	3泊	石川県内には宿泊しない	石川県内には宿泊しない	富山県	自分ひとり	テーマパーク（遊園地、動物園、博物館など）, スポーツ観戦や芸術鑑賞（コンサート等）	新幹線	在来線, 路線バス	とても不満	便が少ない	10,000円以上 20,000円未満	5,000円以上 10,000円未満	30,000円以上 40,000円未満	初めて	インターネット・アプリ	選択なし/該当施設なし		選択なし／該当施設なし		1,000円未満	とても満足	最高	とても満足	とてもいい	感じなかった		10		また行きたい（1年以内）	なし	男	1957	埼玉県	川口	500万円以上 600万円未満	景品が当たる	満足	10	いしかわ動物園
加賀エリア	白山比咩神社	2026/09/30	同意する	2泊	石川県内には宿泊しない	石川県内には宿泊しない	富山県	夫婦2人	神社仏閣巡り	自家用車	自家用車			使わない	1,000円以上 3,000円未満	20,000円以上 30,000円未満	2～5回目	インターネット・アプリ	選択なし/該当施設なし	白山比咩神社 	選択なし／該当施設なし		1,000円未満	とても満足	とても清々しくパワーを頂けるから	とても満足	同上	感じなかった		10		機会があれば行きたい	特になし	女	1990	埼玉県	川島町	400万円以上 500万円未満	景品が当たる	満足	10	
加賀エリア	小松空港	2026/09/30	同意する	2泊	2泊	金沢エリア  （湯涌温泉、深谷温泉、犀川温泉など）	石川県外には泊まらない	自分ひとり	地元の美味しいものを食べる, 名所、旧跡の観光, 友人・親戚を訪ねる	新幹線, 飛行機	タクシー	とても満足	とても親切な応対をして頂いた	40,000円以上 50,000円未満	30,000円以上 40,000円未満	50,000円以上 100,000円未満	2～5回目	新聞・雑誌・ガイドブック, インターネット・アプリ, 友人・知人	選択なし/該当施設なし	忍者寺、21世紀美術館、	選択なし／該当施設なし	帰宅	使わない	満足	商品数が少ないと感じた	満足	綺麗で清潔であった	感じなかった		5	数が少ないと感じた	機会があれば行きたい	特になし	男	1974	鹿児島県	鹿児島市	900万円以上 1,000万円未満	石川県の雑学を知りたい	とても満足	10	歴史を感じることができる
能登エリア	のと鉄道（通常）	2026/09/30	同意する	日帰り	石川県内には宿泊しない	石川県内には宿泊しない	石川県外には泊まらない	自分ひとり	地元の美味しいものを食べる, 花見や紅葉などの自然鑑賞, まちあるき、都市散策	在来線, 夜行バス	夜行バス	満足	横浜からでも行きやすい	5,000円以上 10,000円未満	5,000円以上 10,000円未満	10,000円以上 20,000円未満	2～5回目	Instagram, Googleマップ	選択なし/該当施設なし	高岡駅	能登食祭市場	和倉温泉	3,000円以上 5,000円未満	とても満足	のどかで良い	とても満足		感じなかった		8	車を使わない人向けの観光ロードを知りたい	また行きたい（1年以内）	ご当地お土産	女	2002	東京都	目黒区	200万円以上 300万円未満	景品が当たる, 石川県のおすすめ観光スポットが見たい	とても満足	8	人が少ない、食べ物が美味しい、晴れてる
能登エリア	コスモアイル羽咋	2026/09/30	同意する	4泊以上	1泊	能登エリア （和倉温泉、七尾市、輪島市、珠洲市など）	岐阜県	夫婦2人	名所、旧跡の観光, テーマパーク（遊園地、動物園、博物館など）	自家用車	自家用車			10,000円以上 20,000円未満	5,000円以上 10,000円未満	5,000円以上 10,000円未満	2～5回目	インターネット・アプリ	のとじま水族館		能登食祭市場		5,000円以上 10,000円未満	満足	分かりやすい説明	とても満足	静かでゆっくり観覧出来る	感じなかった		10	ちょうど良い	また行きたい（1年以内）	観光案内書パンフレットの充実	男	1955	北海道	木古内	200万円以上 300万円未満	なんとなく	とても満足	10	美味しいものが沢山あるから
能登エリア	コスモアイル羽咋	2026/09/30	同意する	1泊	1泊	能登エリア （和倉温泉、七尾市、輪島市、珠洲市など）	石川県外には泊まらない	親	宿でのんびり過ごす, 温泉や露天風呂	自家用車	自家用車		自然豊か	10,000円以上 20,000円未満	10,000円以上 20,000円未満	5,000円以上 10,000円未満	6～10回目	インターネット・アプリ, ブログ	千里浜なぎさドライブウェイ		能登食祭市場		5,000円以上 10,000円未満	どちらでもない		とても満足	知らない事が知れました	感じなかった		4		機会があれば行きたい	わからない	女	1968	兵庫県	尼崎市	1,000万円以上 1,200万円未満	景品が当たる	満足	2	
能登エリア	のとじま水族館	2026/09/30	同意する	日帰り	石川県内には宿泊しない	石川県内には宿泊しない	富山県	友人	地元の美味しいものを食べる, まちあるき、都市散策, ドライブ・ツーリング	自家用車	自家用車			使わない	1,000円以上 3,000円未満	10,000円以上 20,000円未満	初めて	友人・知人	能登食祭市場		道の駅のとじま		3,000円以上 5,000円未満	とても満足	みんなかわいい🙌	とても満足	季節のイベントもあります	感じなかった		10	お昼を食べる店を増やして欲しいですね	機会があれば行きたい	観光スポットでは物価少し高め感じました、仕方ないかもしれません	女	1996	富山県	高岡市	300万円以上 400万円未満	石川県のおすすめ観光スポットが見たい, 石川県の雑学を知りたい	とても満足	10	水族館の期間限定イベントとスタッフの元気さが良いです！
能登エリア	コスモアイル羽咋	2026/09/30	同意する	3泊	2泊	能登エリア （和倉温泉、七尾市、輪島市、珠洲市など）	京都	夫婦2人	宿でのんびり過ごす, 地元の美味しいものを食べる, テーマパーク（遊園地、動物園、博物館など）, 買い物、アウトレット, まちあるき、都市散策, 友人・親戚を訪ねる	自家用車	自家用車			10,000円以上 20,000円未満	30,000円以上 40,000円未満	10,000円以上 20,000円未満	2～5回目	新聞・雑誌・ガイドブック, TV・ラジオ番組やCM, 観光パンフレット・ポスター, インターネット・アプリ, 観光協会等の案内所	千里浜なぎさドライブウェイ		選択なし／該当施設なし	休暇村	10,000円以上 20,000円未満	どちらでもない	まだ行ってない	どちらでもない		感じなかった		0		機会があれば行きたい	海鮮や色々もっと楽しみたい	男	1954	千葉県	成田市	200万円以上 300万円未満	なんとなく	満足	8	
金沢エリア	石川県立歴史博物館	2026/09/30	同意する	3泊	3泊	金沢エリア  （湯涌温泉、深谷温泉、犀川温泉など）	石川県外には泊まらない	中学生以上連れの家族	宿でのんびり過ごす, 地元の美味しいものを食べる, まちあるき、都市散策	飛行機	徒歩			10,000円以上 20,000円未満	1,000円未満	20,000円以上 30,000円未満	初めて	観光パンフレット・ポスター	兼六園		選択なし/該当施設なし	ホテル	1,000円未満	とても満足	為になる小さな教養を得られた。	とても満足	静謐でゆっくり休憩できる	感じなかった		9	写真撮影の可否の案内をもう少し出したら良いと思う	機会があれば行きたい	軽食を気軽に取れるところを充実してほしい	女	1958	神奈川県	横浜市	500万円以上 600万円未満	景品が当たる	満足	9	金沢は文化を感じる
金沢エリア	金沢城公園	2026/09/30	同意する	4泊以上	4泊以上	金沢エリア  （湯涌温泉、深谷温泉、犀川温泉など）	石川県外には泊まらない	中学生以上連れの家族	友人・親戚を訪ねる	自家用車	自家用車			使わない	10,000円以上 20,000円未満	50,000円以上 100,000円未満	2～5回目	観光展・物産展, 新聞・雑誌・ガイドブック, 観光パンフレット・ポスター, Instagram	兼六園	石川県立図書館	尾山神社	香林坊散策	1,000円以上 3,000円未満	満足	石垣が、とても綺麗。ライトアップも美しく夜散策が楽しいです。本当に魅せる城と感動します。	とても満足	映像が美しく二の丸御殿完成の時が楽しみです。	感じなかった		10		石川県在住	寿司や魚介だけでなく、揚げ物好き、そしてたこ焼きがどこでも品数多く美味しいです。お能は他の観光地では観る事が難しいので、もっと観て頂きたいと思います。音楽堂もサントリーホールや紀尾井ホールに負けず劣らず素晴らしく図書館と同じくらい魅せられ施設と思います。金沢大好きです。	女	1975	茨城県	古河市	1,000万円以上 1,200万円未満	景品が当たる, 金沢が好きだから	とても満足	10	街並みが綺麗。市民が箒で綺麗にしている姿も見るし、金沢の文化に誇りを待ち文化を守り引き継ぐ努力が素晴らしい。日本文化が失いかけてる地方都市の見本になると思う。能楽堂も音楽堂も素晴らしいです。私は能と音楽も金沢の誇る文化、観光客にもっと観て感じて頂きたいと思います。
金沢エリア	金沢中央観光案内所	2026/09/30	同意する	2泊	2泊	金沢エリア  （湯涌温泉、深谷温泉、犀川温泉など）	石川県外には泊まらない	夫婦2人	地元の美味しいものを食べる, 名所、旧跡の観光, まちあるき、都市散策	新幹線	在来線, 路線バス	満足	バスの本数がしっかりあり、待たされる事がなかった。運転手さんの対応も良かった。	20,000円以上 30,000円未満	5,000円以上 10,000円未満	20,000円以上 30,000円未満	初めて	インターネット・アプリ, X(旧：Twitter), Instagram	金沢21世紀美術館		兼六園		1,000円以上 3,000円未満	満足		満足		感じなかった		9		また行きたい（1年以内）	海産物がとても美味しかったです！	男	1993	東京都	小金井市	500万円以上 600万円未満	景品が当たる	とても満足	10	飲食店がどこも美味しくてリーズナブル。車がなくてもバスや電車で巡る事ができる。
金沢エリア	トリフィートホテル&ポッド金沢百万石通	2026/09/30	同意する	3泊	3泊	金沢エリア  （湯涌温泉、深谷温泉、犀川温泉など）	石川県外には泊まらない	夫婦2人	地元の美味しいものを食べる, 名所、旧跡の観光	新幹線	タクシー, 徒歩	満足	待たずに乗れた。	50,000円以上 100,000円未満	20,000円以上 30,000円未満	50,000円以上 100,000円未満	2～5回目	友人・知人	兼六園		金沢21世紀美術館		1,000円以上 3,000円未満	どちらでもない		満足	清潔感、メンテナンスが行き届いていた。	感じなかった		10	街並み、建物　佇まいがとても良い	また行きたい（1年以内）	街並みのアート感素晴らしい。	男	1948	神奈川県	藤沢市	1,000万円以上 1,200万円未満	なんとなく	とても満足	10	街並みが昔と現代の日本の良さを取り入れた ところが素晴らしいと思う。
金沢エリア	天然温泉加賀の湧泉　ドーミーイン金沢	2026/09/30	同意する	2泊	2泊	金沢エリア  （湯涌温泉、深谷温泉、犀川温泉など）	石川県外には泊まらない	恋人	地元の美味しいものを食べる, 名所、旧跡の観光, まちあるき、都市散策	自家用車	自家用車			10,000円以上 20,000円未満	10,000円以上 20,000円未満	20,000円以上 30,000円未満	2～5回目	友人・知人	近江町市場		金沢21世紀美術館		3,000円以上 5,000円未満	とても満足	スタッフの方がとても親切でサービスが良かった	とても満足	アイスのサービスや朝食がおいしかった	感じなかった		10		また行きたい（1年以内）	たろうの羊羹がとってもおいしかった、お気に入りのお土産です。	女	1993	愛知県	名古屋市北区	200万円以上 300万円未満	景品が当たる	とても満足	10	日本酒がおいしすぎて飲みすぎました
加賀エリア	小松空港	2026/09/30	同意する	1泊	1泊	金沢エリア  （湯涌温泉、深谷温泉、犀川温泉など）	石川県外には泊まらない	自分ひとり	宿でのんびり過ごす, 名所、旧跡の観光, まちあるき、都市散策	飛行機	路線バス	とても満足	安全運転だった	20,000円以上 30,000円未満	20,000円以上 30,000円未満	5,000円以上 10,000円未満	2～5回目	観光展・物産展, 観光パンフレット・ポスター, インターネット・アプリ, X(旧：Twitter)	選択なし/該当施設なし		選択なし／該当施設なし		1,000円以上 3,000円未満	満足	金沢駅が充実していた	満足	飛行機がよく見える	感じなかった		7		また行きたい（1年以内）	1人でも安全に観光できる	女	1970	東京都	練馬区	500万円以上 600万円未満	景品が当たる, ひゃくまんさんが好き, 石川県のおすすめ観光スポットが見たい, 石川県の雑学を知りたい	とても満足	10	石川県立図書館
加賀エリア	小松空港	2026/09/30	同意する	4泊以上	4泊以上	金沢エリア  （湯涌温泉、深谷温泉、犀川温泉など）	石川県外には泊まらない	中学生以上連れの家族	宿でのんびり過ごす, 温泉や露天風呂, 地元の美味しいものを食べる, 名所、旧跡の観光, まちあるき、都市散策, ドライブ・ツーリング	飛行機	レンタカー, タクシー	とても満足	運転手が親切	20,000円以上 30,000円未満	20,000円以上 30,000円未満	5,000円以上 10,000円未満	6～10回目	新聞・雑誌・ガイドブック, 観光パンフレット・ポスター, インターネット・アプリ	選択なし/該当施設なし		選択なし／該当施設なし		使わない	どちらでもない		どちらでもない		感じなかった		0		機会があれば行きたい	特になし	男	1958	東京都	文京区	1,200万円以上 1,500万円未満	景品が当たる	とても満足	9	京都ほど混んでいない。
加賀エリア	那谷寺	2026/09/30	同意する	日帰り	石川県内には宿泊しない	石川県内には宿泊しない	石川県外には泊まらない	自分ひとり	温泉や露天風呂, 名所、旧跡の観光	在来線, レンタルサイクル	路線バス, レンタサイクル	不満	粟津温泉から駅までのバスの本数は少ない。	使わない	3,000円以上 5,000円未満	1,000円以上 3,000円未満	2～5回目	観光協会等の案内所	選択なし/該当施設なし		選択なし／該当施設なし	粟津温泉総湯	1,000円未満	満足	温泉の質が良い	満足		感じた	名所巡りをしたかったけど、巡りバス少ない。レンタルサイクルがあるけど、夕方や夜に走るならがあぶない	9	台湾からの直行便が多いから　台湾語のパンフレットあったら嬉しい	また行きたい（1年以内）	自転車用の専用ロードと車道が近いので、怖いですね。	女	1984	石川県	野々市市	600万円以上 700万円未満	景品が当たる, 石川県のおすすめ観光スポットが見たい	満足	8	のんびり感じられた
加賀エリア	たちばな四季亭	2026/09/30	同意する	3泊	1泊	加賀エリア （山代温泉、山中温泉、片山津温泉、粟津温泉、辰口温泉、加賀市、小松市など）	福井県	夫婦2人	宿でのんびり過ごす, 温泉や露天風呂, 地元の美味しいものを食べる, 買い物、アウトレット, その他スポーツ（ゴルフ、テニスなど）	自家用車	自家用車	満足		50,000円以上 100,000円未満	5,000円以上 10,000円未満	5,000円以上 10,000円未満	初めて	インターネット・アプリ	選択なし/該当施設なし		選択なし／該当施設なし	獅子吼高原パラグライダー	1,000円以上 3,000円未満	満足		とても満足	サービスも丁寧だった	感じなかった		9		また行きたい（1年以内）	特になし	女	1997	静岡県	静岡市	800万円以上 900万円未満	景品が当たる, 石川県のおすすめ観光スポットが見たい, 石川県の雑学を知りたい	満足	9	
能登エリア	のとじま水族館	2026/09/30	同意する	4泊以上	4泊以上	能登エリア （和倉温泉、七尾市、輪島市、珠洲市など）	石川県外には泊まらない	夫婦2人	宿でのんびり過ごす, 地元の美味しいものを食べる, 花見や紅葉などの自然鑑賞, ドライブ・ツーリング, 友人・親戚を訪ねる	飛行機	レンタカー	満足	能登の海岸線の風景を楽しみながら移動出来たから	30,000円以上 40,000円未満	40,000円以上 50,000円未満	30,000円以上 40,000円未満	2～5回目	観光パンフレット・ポスター, インターネット・アプリ, Instagram, 友人・知人	道の駅のとじま		千里浜なぎさドライブウェイ		3,000円以上 5,000円未満	とても満足	ジンベエザメ目的で訪れたが、震災時から営業再開までの経緯をまとめた展示もとても良かった	とても満足	水族館の良さと能登島の自然豊かな景色も楽しめて良かった	感じなかった		10	海洋生物のぬいぐるみ等のお土産やカプセルトイが充実していて良かった	また行きたい（1年以内）	美味しい海鮮を手軽に味わえるお土産の種類が増えると嬉しい	女	1987	千葉県	千葉市花見川区	900万円以上 1,000万円未満	景品が当たる	とても満足	10	美味しい食事と美しい景色で心身ともに癒された旅になったから
金沢エリア	KOKOHOTEL Premier 金沢香林坊	2026/10/01	同意する	2泊	2泊	金沢エリア  （湯涌温泉、深谷温泉、犀川温泉など）	石川県外には泊まらない	自分ひとり	地元の美味しいものを食べる, 名所、旧跡の観光, まちあるき、都市散策, 各種体験（手作り、果物狩りなど）, 友人・親戚を訪ねる	新幹線	徒歩			5,000円以上 10,000円未満	20,000円以上 30,000円未満	30,000円以上 40,000円未満	初めて	インターネット・アプリ, Instagram	金沢21世紀美術館		兼六園		使わない	満足	目的地に近い	満足	快適に過ごせた	感じなかった		7	朝食混みあわずよかった	機会があれば行きたい	徒歩でも回れるのがありがたい　古い街並みと新しい街が混在していて楽しい	女	1965	東京都	東村山市	600万円以上 700万円未満	景品が当たる	とても満足	8	九谷焼絵付け体験　思い出と記念になる
金沢エリア	石川県観光物産館	2026/10/01	同意する	1泊	1泊	金沢エリア  （湯涌温泉、深谷温泉、犀川温泉など）	石川県外には泊まらない	親	宿でのんびり過ごす, 温泉や露天風呂, 地元の美味しいものを食べる, お祭りやイベントへの参加・見物	新幹線	路線バス	満足	空いていたから	50,000円以上 100,000円未満	20,000円以上 30,000円未満	20,000円以上 30,000円未満	初めて	新聞・雑誌・ガイドブック, Instagram	近江町市場		ひがし茶屋街		10,000円以上 20,000円未満	とても満足	和菓子楽しかった	満足	綺麗だった	感じなかった		10		また行きたい（1年以内）	特になし	女	2004	埼玉県	さいたま市	600万円以上 700万円未満	景品が当たる	とても満足	10	
加賀エリア	サンシティーホテル山代	2026/10/01	同意する	1泊	1泊	加賀エリア （山代温泉、山中温泉、片山津温泉、粟津温泉、辰口温泉、加賀市、小松市など）	石川県外には泊まらない	小学生以下連れの家族	お祭りやイベントへの参加・見物	自家用車	自家用車			10,000円以上 20,000円未満	20,000円以上 30,000円未満	5,000円以上 10,000円未満	初めて	インターネット・アプリ	石川県立航空プラザ		選択なし／該当施設なし		1,000円以上 3,000円未満	満足		満足		感じた	大浴場がほしかった	7		機会があれば行きたい	特になし	女	1986	大阪府	箕面市	1,000万円以上 1,200万円未満	景品が当たる	満足	6	
加賀エリア	大江戸温泉物語Premium 山下家	2026/10/01	同意する	4泊以上	4泊以上	加賀エリア （山代温泉、山中温泉、片山津温泉、粟津温泉、辰口温泉、加賀市、小松市など）	福井県	職場の同僚	出張など仕事関係	自家用車	自家用車	とても満足	好きなところにストレスなく行ける	30,000円以上 40,000円未満	5,000円以上 10,000円未満	5,000円以上 10,000円未満	2～5回目	新聞・雑誌・ガイドブック	選択なし/該当施設なし	美術館	選択なし／該当施設なし		使わない	満足	ご飯がおいしかった	満足		感じなかった		8		機会があれば行きたい	特なし	女	1986	奈良県	橿原市	900万円以上 1,000万円未満	景品が当たる	満足	8	温泉
加賀エリア	白山比咩神社	2026/10/01	同意する	日帰り	石川県内には宿泊しない	石川県内には宿泊しない	富山県	夫婦2人	名所、旧跡の観光, 買い物、アウトレット	自家用車	自家用車			使わない	5,000円以上 10,000円未満	5,000円以上 10,000円未満	2～5回目	観光パンフレット・ポスター, インターネット・アプリ	那谷寺	兼六園	那谷寺		3,000円以上 5,000円未満	どちらでもない	なんとなく	どちらでもない	なんとなく	感じた	トイレが汚い	6		どちらともいえない	特に無し	男	1959	富山県	黒部市	300万円以上 400万円未満	景品が当たる	どちらでもない	5	
加賀エリア	いしかわ動物園	2026/10/01	同意する	日帰り	石川県内には宿泊しない	石川県内には宿泊しない	石川県外には泊まらない	学校関係（修学旅行・社会科見学等）	テーマパーク（遊園地、動物園、博物館など）	貸し切りバス	貸し切りバス	満足	団体できて、遊べました	使わない	3,000円以上 5,000円未満	5,000円以上 10,000円未満	初めて	友人・知人	選択なし/該当施設なし		選択なし／該当施設なし	アドベンチャーガーデン能美	1,000円以上 3,000円未満	満足	遊べる	満足	楽しめる	感じなかった		7	もう少し飲食があるとなおいいです	また行きたい（1年以内）	特になし	男	1976	福井県	若狭町	800万円以上 900万円未満	なんとなく	満足	7	いしかわ動物園
加賀エリア	道の駅瀬女	2026/10/01	同意する	日帰り	石川県内には宿泊しない	石川県内には宿泊しない	石川県外には泊まらない	友人	温泉や露天風呂, 買い物、アウトレット	自家用車	自家用車			5,000円以上 10,000円未満	3,000円以上 5,000円未満	3,000円以上 5,000円未満	11回目以上	観光展・物産展, 新聞・雑誌・ガイドブック, 観光パンフレット・ポスター, Instagram	那谷寺		選択なし／該当施設なし	にしやま旅館	5,000円以上 10,000円未満	とても満足	なめこ	とても満足	トイレが綺麗	感じなかった		10		また行きたい（1年以内）	日持ちするお土産	女	1983	石川県	白山市	500万円以上 600万円未満	景品が当たる, 石川県のおすすめ観光スポットが見たい	とても満足	10	那谷寺綺麗　特別拝観の後ろの庭が綺麗　西山旅館のお湯最高
加賀エリア	道の駅瀬女	2026/10/01	同意する	日帰り	石川県内には宿泊しない	石川県内には宿泊しない	石川県外には泊まらない	友人	温泉や露天風呂, 地元の美味しいものを食べる, 花見や紅葉などの自然鑑賞, 名所、旧跡の観光, 買い物、アウトレット, 友人・親戚を訪ねる	自家用車	自家用車			使わない	3,000円以上 5,000円未満	3,000円以上 5,000円未満	11回目以上	よく休憩がてら。楽しんでます。	選択なし/該当施設なし		選択なし／該当施設なし	中宮温泉	1,000円未満	とても満足	美味しいものがたくさん。	とても満足	入りやすい。	感じなかった		10	パンと、地物野菜は必ず見ます。冬前の餅米とか。	また行きたい（1年以内）	伝統工芸の体験	女	1975	福井県	大野市	100万円以上 200万円未満	景品が当たる, 石川県のおすすめ観光スポットが見たい, 石川県の雑学を知りたい, なんとなく	とても満足	10	
加賀エリア	小松空港	2026/10/01	同意する	4泊以上	4泊以上	金沢エリア  （湯涌温泉、深谷温泉、犀川温泉など）	石川県外には泊まらない	団体旅行	お祭りやイベントへの参加・見物, その他スポーツ（ゴルフ、テニスなど）	飛行機	レンタカー	とても満足	便利でした。	20,000円以上 30,000円未満	10,000円以上 20,000円未満	20,000円以上 30,000円未満	2～5回目	友人・知人	選択なし/該当施設なし	兼六園	石川県立航空プラザ		20,000円以上 30,000円未満	とても満足	便利でした！	とても満足	便利	感じなかった		10	こじんまりと主要なものがあってよかったです！	また行きたい（1年以内）	和菓子が美味しいです！	女	1971	宮崎県	宮崎市	300万円以上 400万円未満	景品が当たる	とても満足	10	交通便利で食べ物美味しい
加賀エリア	ゆのくに天祥	2026/10/01	同意する	3泊	1泊	加賀エリア （山代温泉、山中温泉、片山津温泉、粟津温泉、辰口温泉、加賀市、小松市など）	富山県	家族	宿でのんびり過ごす, 温泉や露天風呂, 地元の美味しいものを食べる, 花見や紅葉などの自然鑑賞, 名所、旧跡の観光, 買い物、アウトレット	自家用車	自家用車			50,000円以上 100,000円未満	10,000円以上 20,000円未満	10,000円以上 20,000円未満	2～5回目	インターネット・アプリ, 友人・知人	月うさぎの里		選択なし／該当施設なし	白山比咩神社	3,000円以上 5,000円未満	満足	楽しめました。	とても満足	家族皆で楽しませて頂いた。	感じなかった		10	石川へはなかなか行く機会がないですが、又、行きたいと思いました。	また行きたい（1年以内）	海や温泉、神社仏閣	女	1976	長野県	小布施町	400万円以上 500万円未満	景品が当たる, ひゃくまんさんが好き, ARでひゃくまんさんと写真が撮りたかった, 動く３Dひゃくまんさんを見たい, 石川県のおすすめ観光スポットが見たい, 石川県の雑学を知りたい	とても満足	10	
加賀エリア	小松空港	2026/10/01	同意する	4泊以上	4泊以上	加賀エリア （山代温泉、山中温泉、片山津温泉、粟津温泉、辰口温泉、加賀市、小松市など）	石川県外には泊まらない	団体旅行	その他スポーツ（ゴルフ、テニスなど）	飛行機	レンタカー	とても満足	レンタカーが便利でした	10,000円以上 20,000円未満	3,000円以上 5,000円未満	5,000円以上 10,000円未満	初めて	インターネット・アプリ	選択なし/該当施設なし	片山津ゴルフ	選択なし／該当施設なし	ゴルフ場	1,000円以上 3,000円未満	とても満足	ゴルフ場も綺麗でとてもずばらしい	とても満足	皆さんが優しい	感じなかった	便利だった	9		機会があれば行きたい	色んなお店が欲しいです	女	1963	宮崎県	延岡市	500万円以上 600万円未満	景品が当たる	とても満足	9	お魚が美味しかった。
加賀エリア	小松空港	2026/10/01	同意する	4泊以上	4泊以上	加賀エリア （山代温泉、山中温泉、片山津温泉、粟津温泉、辰口温泉、加賀市、小松市など）	石川県外には泊まらない	ゴルフ仲間	温泉や露天風呂, その他スポーツ（ゴルフ、テニスなど）	レンタカー, 飛行機	レンタカー会社のマイクロバス	満足	親切だった	40,000円以上 50,000円未満	50,000円以上 100,000円未満	40,000円以上 50,000円未満	初めて	友人・知人	選択なし/該当施設なし	兼六園	選択なし／該当施設なし	21世紀美術館	3,000円以上 5,000円未満	満足	綺麗	満足	楽しい	感じなかった		8		機会があれば行きたい	美味しい	女	1968	茨城県	水戸市	1,000万円以上 1,200万円未満	景品が当たる	満足	8	
能登エリア	休暇村能登千里浜	2026/10/01	同意する	2泊	2泊	能登エリア （和倉温泉、七尾市、輪島市、珠洲市など）	石川県外には泊まらない	夫婦2人	地元の美味しいものを食べる, 買い物、アウトレット, まちあるき、都市散策	飛行機, 旅行会社ツアーバス	旅行会社ツアーバス, 飛行機	満足	親切丁寧だった	10,000円以上 20,000円未満	30,000円以上 40,000円未満	20,000円以上 30,000円未満	初めて	利用旅行会社トラピックス	選択なし/該当施設なし		千里浜なぎさドライブウェイ		使わない	満足	ステキだった	満足	きれいだった	感じなかった		8	素晴らしかった	機会があれば行きたい	宅配でいろいろなものを注文できるようにしてほしい	女	1949	東京都	品川区	300万円以上 400万円未満	ひゃくまんさんが好き	満足	9	食べものが美味しい
能登エリア	能登九十九湾 百楽荘	2026/10/01	同意する	2泊	2泊	能登エリア （和倉温泉、七尾市、輪島市、珠洲市など）	石川県外には泊まらない	夫婦2人	宿でのんびり過ごす	自家用車	自家用車			10,000円以上 20,000円未満	5,000円以上 10,000円未満	10,000円以上 20,000円未満	11回目以上	ブログ	選択なし/該当施設なし		選択なし／該当施設なし		5,000円以上 10,000円未満	とても満足	料理、釣り	とても満足		感じなかった		10	釣りができる	また行きたい（1年以内）	食事が美味しい	女	1968	愛知県	知多郡美浜町	600万円以上 700万円未満	景品が当たる	とても満足	10	
能登エリア	のとじま水族館	2026/10/01	同意する	1泊	1泊	能登エリア （和倉温泉、七尾市、輪島市、珠洲市など）	石川県外には泊まらない	小学生以下連れの家族	宿でのんびり過ごす, 温泉や露天風呂, 地元の美味しいものを食べる	自家用車	自家用車			10,000円以上 20,000円未満	5,000円以上 10,000円未満	40,000円以上 50,000円未満	2～5回目	インターネット・アプリ, Instagram	千里浜なぎさドライブウェイ		のとじま水族館		5,000円以上 10,000円未満	とても満足	こどもが喜んでいたから	とても満足	海はきれいで水族館は迫力があった	感じなかった		10		また行きたい（1年以内）	海鮮、和菓子	男	1991	京都府	京都市伏見区	600万円以上 700万円未満	景品が当たる, ARでひゃくまんさんと写真が撮りたかった	とても満足	10	勧めたいものは全部です
能登エリア	のとじま水族館	2026/10/01	同意する	2泊	2泊	金沢エリア  （湯涌温泉、深谷温泉、犀川温泉など）	石川県外には泊まらない	恋人	地元の美味しいものを食べる, テーマパーク（遊園地、動物園、博物館など）, 買い物、アウトレット	新幹線	レンタカー	とても満足		1,000円以上 3,000円未満	5,000円以上 10,000円未満	10,000円以上 20,000円未満	初めて	X(旧：Twitter), Facebook	千里浜なぎさドライブウェイ		道の駅のとじま		10,000円以上 20,000円未満	とても満足	楽しかったです	とても満足		感じなかった		10		また行きたい（1年以内）	町が綺麗で、気候も良く、美味しいものがたくさんあり、楽しい県だなと思いました。移住したいです。	男	2002	神奈川県	横浜市青葉区	100万円以上 200万円未満	景品が当たる, なんとなく	とても満足	10	
能登エリア	のとじま水族館	2026/10/01	同意する	4泊以上	3泊	金沢エリア  （湯涌温泉、深谷温泉、犀川温泉など）	富山県	恋人	温泉や露天風呂, 地元の美味しいものを食べる, 名所、旧跡の観光, まちあるき、都市散策, ドライブ・ツーリング	新幹線	レンタカー			5,000円以上 10,000円未満	5,000円以上 10,000円未満	10,000円以上 20,000円未満	2～5回目	TV・ラジオ番組やCM, インターネット・アプリ, Instagram, 友人・知人	千里浜なぎさドライブウェイ		能登食祭市場		1,000円以上 3,000円未満	とても満足	ジンベイザメがとても近くで見れたからです！！初めてこんなに近くで見れました。	とても満足	とっても綺麗で落ち着いていてよかったです！	感じなかった		10		また行きたい（1年以内）	特になし	女	2004	東京都	新宿区	1,500万円以上	景品が当たる	とても満足	10	ご飯がとにかく美味しいからです！
金沢エリア	屋内木育施設 もりのひみつきち	2026/10/01	同意する	日帰り	4泊以上	加賀エリア （山代温泉、山中温泉、片山津温泉、粟津温泉、辰口温泉、加賀市、小松市など）	石川県外には泊まらない	小学生以下連れの家族	宿でのんびり過ごす	自家用車	自家用車	とても満足	充実できた	10,000円以上 20,000円未満	10,000円以上 20,000円未満	5,000円以上 10,000円未満	2～5回目	友人・知人	選択なし/該当施設なし		金沢21世紀美術館		使わない	とても満足	子供でも楽しめた	とても満足		感じなかった		10		また行きたい（1年以内）	特になし	女	1989	福井県	福井市	700万円以上 800万円未満	景品が当たる	とても満足	10	
金沢エリア	ビジネスホテル　レマン	2026/10/01	同意する	1泊	1泊	金沢エリア  （湯涌温泉、深谷温泉、犀川温泉など）	岐阜県	友人	地元の美味しいものを食べる, 花見や紅葉などの自然鑑賞, 名所、旧跡の観光, まちあるき、都市散策, 友人・親戚を訪ねる	バイク	バイク	とても満足	駐車位置も丁寧に教えていただきました。	5,000円以上 10,000円未満	10,000円以上 20,000円未満	10,000円以上 20,000円未満	初めて	新聞・雑誌・ガイドブック, インターネット・アプリ	選択なし/該当施設なし	白川郷	金沢21世紀美術館	白川郷	5,000円以上 10,000円未満	とても満足	親切丁寧なスタッフさんがいました。。	とても満足	掃除がいきとどいていた	感じた	くし、ファブリックスプレー、	10	スナック併設はとてもよかったです	また行きたい（1年以内）	美味しいグルメがいっぱい、	女	1976	東京都	東京江戸川区	900万円以上 1,000万円未満	景品が当たる, 動く３Dひゃくまんさんを見たい	とても満足	10	街も楽しい 山のほう、海のほうも、 楽しかったです。
金沢エリア	金沢駅	2026/10/02	同意する	2泊	2泊	金沢エリア  （湯涌温泉、深谷温泉、犀川温泉など）	石川県外には泊まらない	小学生以下連れの家族	地元の美味しいものを食べる, 名所、旧跡の観光, まちあるき、都市散策, 各種体験（手作り、果物狩りなど）	新幹線, 在来線	在来線	満足	初めて北陸新幹線かがやき！に乗って、子供も大人もわくわくしました！	20,000円以上 30,000円未満	20,000円以上 30,000円未満	20,000円以上 30,000円未満	初めて	インターネット・アプリ, Instagram	ひがし茶屋街		兼六園		3,000円以上 5,000円未満	満足	東茶屋街は風情があって、入り組んだ街並みが魅力的だった。金粉貼り体験をしたのですが、家族で楽しめたし、店員さんもとても親切で良い思い出になりました。	満足	兼六園も東茶屋街も、観光客がが多いのに綺麗にされていた。非日常の空間でした。	感じた	バス停や行き先が、調べてはいても、ちょっと迷ったりした。	10	東茶屋街で行った、『美かざりあさの』さんで、スタッフの中国出身の方がとても優しく丁寧に教えて下さり、とっても良い気持ちで素敵な思い出になりました。	機会があれば行きたい	石川県の日本酒を試飲できる場所。	女	1983	埼玉県	川越市	400万円以上 500万円未満	ひゃくまんさんが好き, なんとなく	満足	9	県立図書館がとっても素敵でした！！建物のつくりもそうですし、こんな場所が近くにあればいいなぁと思える(子供が小さくても、一緒に行ける)場所ですね！　石川県素敵です。
加賀エリア	小松空港	2026/10/01	同意する	2泊	2泊	能登エリア （和倉温泉、七尾市、輪島市、珠洲市など）	石川県外には泊まらない	夫婦2人	地元の美味しいものを食べる, 名所、旧跡の観光, 	レンタカー, 飛行機	レンタカー	満足	景観が変わっていても素敵でした。	40,000円以上 50,000円未満	40,000円以上 50,000円未満	50,000円以上 100,000円未満	初めて	TV・ラジオ番組やCM, インターネット・アプリ	石川県立航空プラザ		石川県立航空プラザ		5,000円以上 10,000円未満	どちらでもない		どちらでもない		感じなかった		5		また行きたい（1年以内）	美味しかった	男	1963	長崎県	東彼杵郡川棚町	300万円以上 400万円未満	景品が当たる	とても満足	9	復興のありのままが見られた
加賀エリア	小松空港	2026/10/01	同意する	2泊	2泊	能登エリア （和倉温泉、七尾市、輪島市、珠洲市など）	石川県外には泊まらない	夫婦2人	温泉や露天風呂, 地元の美味しいものを食べる, 名所、旧跡の観光, テーマパーク（遊園地、動物園、博物館など）, 買い物、アウトレット, まちあるき、都市散策, 各種体験（手作り、果物狩りなど）, ドライブ・ツーリング	レンタカー, 飛行機	レンタカー	とても満足	空港とのアクセスが良かった	10,000円以上 20,000円未満	5,000円以上 10,000円未満	5,000円以上 10,000円未満	2～5回目	TV・ラジオ番組やCM, インターネット・アプリ, タクシードライバーや地元の人	選択なし/該当施設なし	金沢城　兼六園	選択なし／該当施設なし	福岡	1,000円以上 3,000円未満	どちらでもない	買い物しなかった	満足	カウンターの方の親切さ	感じなかった		9		また行きたい（1年以内）	海鮮	女	1963	長崎県	川棚町	300万円以上 400万円未満	景品が当たる, なんとなく	とても満足	9	能登半島　和倉温泉
加賀エリア	ポイントバケーション加賀山中	2026/10/01	同意する	4泊以上	4泊以上	加賀エリア （山代温泉、山中温泉、片山津温泉、粟津温泉、辰口温泉、加賀市、小松市など）	福井県	夫婦2人	宿でのんびり過ごす, 温泉や露天風呂, 地元の美味しいものを食べる, 名所、旧跡の観光	自家用車	自家用車			10,000円以上 20,000円未満	20,000円以上 30,000円未満	10,000円以上 20,000円未満	2～5回目	インターネット・アプリ	選択なし/該当施設なし	片山津	選択なし／該当施設なし	永平寺	10,000円以上 20,000円未満	満足	温泉	満足	部屋の間取り	感じなかった		8	お土産	また行きたい（1年以内）	海鮮	男	1965	兵庫県	西宮市	600万円以上 700万円未満	石川県のおすすめ観光スポットが見たい	満足	8	周辺観光
加賀エリア	小松空港	2026/10/01	同意する	日帰り	石川県内には宿泊しない	石川県内には宿泊しない	福井県	自分ひとり	お祭りやイベントへの参加・見物, ドライブ・ツーリング	自家用車	自家用車			使わない	3,000円以上 5,000円未満	5,000円以上 10,000円未満	11回目以上	インターネット・アプリ	木場潟公園		月うさぎの里		1,000円以上 3,000円未満	満足	ふつうに満足	満足	悪くなければ満足しているとおもう	感じなかった		5		機会があれば行きたい	特のなし	男	1963	神奈川県	川崎市中原区	1,000万円以上 1,200万円未満	景品が当たる	満足	6	バイパスは走りやすいが、金沢駅周辺はわかりにくく、走りにくかった。
能登エリア	ホテルアリヴィオ	2026/10/01	同意する	4泊以上	2泊	能登エリア （和倉温泉、七尾市、輪島市、珠洲市など）	福井県	自分ひとり	出張など仕事関係	自家用車	自家用車			5,000円以上 10,000円未満	3,000円以上 5,000円未満	1,000円以上 3,000円未満	11回目以上	インターネット・アプリ	選択なし/該当施設なし		千里浜なぎさドライブウェイ		5,000円以上 10,000円未満	満足	朝食	満足		感じなかった		10		また行きたい（1年以内）	温泉	男	1963	富山県	富山市  	800万円以上 900万円未満	景品が当たる	とても満足	10	海がきれい
加賀エリア	道の駅しらやまさん	2026/10/02	同意する	日帰り	石川県内には宿泊しない	石川県内には宿泊しない	石川県外には泊まらない	自分ひとり	友人・親戚を訪ねる, 石拾い	自家用車	自家用車			使わない	3,000円以上 5,000円未満	10,000円以上 20,000円未満	2～5回目	観光パンフレット・ポスター	選択なし/該当施設なし		選択なし／該当施設なし		1,000円未満	どちらでもない		どちらでもない		感じなかった		7		また行きたい（1年以内）	特になし	女	1978	新潟県	魚沼市	500万円以上 600万円未満	景品が当たる, 石川県のおすすめ観光スポットが見たい, 石川県の雑学を知りたい	満足	8	金沢市周辺に見どころが集中していて観光しやすいから
加賀エリア	小松空港	2026/10/02	同意する	2泊	2泊	能登エリア （和倉温泉、七尾市、輪島市、珠洲市など）	石川県外には泊まらない	団体旅行	出張など仕事関係	自家用車, 飛行機	旅行会社ツアーバス	満足	ゆったりできるスペースがあったこと	30,000円以上 40,000円未満	40,000円以上 50,000円未満	10,000円以上 20,000円未満	2～5回目	観光連盟やDMOのHP, インターネット・アプリ	選択なし/該当施設なし	兼六園	選択なし／該当施設なし	最後の施設のため	10,000円以上 20,000円未満	満足	目的のお土産を購入できたため	満足	清潔であるため	感じなかった		8	特になし	機会があれば行きたい	新鮮な海産物	男	1969	高知県	高知市	1,200万円以上 1,500万円未満	景品が当たる	満足	8	金沢市の食事
能登エリア	いこいの村 能登半島	2026/10/02	同意する	2泊	3泊	能登エリア （和倉温泉、七尾市、輪島市、珠洲市など）	石川県外には泊まらない	夫婦2人	宿でのんびり過ごす, 温泉や露天風呂, 地元の美味しいものを食べる, 出張など仕事関係	自家用車	自家用車		石川の出会う人皆さん優しい。魚が美味しい。	50,000円以上 100,000円未満	5,000円以上 10,000円未満	30,000円以上 40,000円未満	初めて	観光展・物産展	道の駅のとじま		千里浜なぎさドライブウェイ		5,000円以上 10,000円未満	満足	大浴場の気持ちよさ、人の優しさ、朝の食事のちょうど良さが心地よかった。石川が大好きです。また来ます。	満足	過不足のないサービスが心地よい	感じなかった		10		また行きたい（1年以内）	魚が美味しい	女	1978	長野県	長野市	1,500万円以上	景品が当たる, ひゃくまんさんが好き	とても満足	10	石川の人の優しさ
能登エリア	ホテルルートイン輪島	2026/10/02	同意する	2泊	2泊	能登エリア （和倉温泉、七尾市、輪島市、珠洲市など）	石川県外には泊まらない	職場の同僚	温泉や露天風呂, 地元の美味しいものを食べる, 買い物、アウトレット, 出張など仕事関係	飛行機	タクシー	とても満足	空港からスムーズだった。	10,000円以上 20,000円未満	30,000円以上 40,000円未満	20,000円以上 30,000円未満	2～5回目	観光協会等の案内所	輪島朝市		道の駅のとじま		5,000円以上 10,000円未満	とても満足	箸をお土産に買った。	とても満足		感じなかった		8	飲食施設は少なめと感じた。	また行きたい（1年以内）	その土地の企業が作っているおつまみ	男	1981	東京都	品川区	1,500万円以上	なんとなく	とても満足	9	復興がまだみちなかばであること。
能登エリア	のとじま水族館	2026/10/02	同意する	2泊	石川県内には宿泊しない	石川県内には宿泊しない	富山県	恋人	地元の美味しいものを食べる	自家用車	自家用車			10,000円以上 20,000円未満	1,000円以上 3,000円未満	20,000円以上 30,000円未満	初めて	インターネット・アプリ, Instagram	能登食祭市場		道の駅のとじま		5,000円以上 10,000円未満	とても満足	新鮮でお手頃に美味しいものをたくさん食べることができた。	満足	ほどよく清掃も届いており快適に過ごすことはできました	感じなかった		8	平日に訪れたため、各ショーなどを間近でみることができ、人があまりいないので快適に鑑賞することができました。距離もゆとりを持ってのんびりと回ることができたので良かったです。	機会があれば行きたい	その場所限定！などのものやこれがご当地グルメです！といった明確なものがあると手に取りやすかったり気になりやすいと思いました。	女	2002	東京都	多摩市	700万円以上 800万円未満	景品が当たる	とても満足	8	市場。新鮮な海鮮がとてもたくさん食べられたため。
金沢エリア	KKRホテル金沢	2026/10/02	同意する	1泊	1泊	金沢エリア  （湯涌温泉、深谷温泉、犀川温泉など）	石川県外には泊まらない	小学生以下連れの家族	地元の美味しいものを食べる, 名所、旧跡の観光	新幹線, 飛行機	レンタカー			5,000円以上 10,000円未満	30,000円以上 40,000円未満	10,000円以上 20,000円未満	2～5回目	友人・知人	選択なし/該当施設なし		近江町市場		3,000円以上 5,000円未満	満足		満足		感じなかった		8		機会があれば行きたい	新鮮な魚の料理	女	1982	東京都	千代田区	1,000万円以上 1,200万円未満	景品が当たる	満足	9	美味しい食事
金沢エリア	アパホテル〈金沢駅前〉	2026/10/02	同意する	1泊	1泊	金沢エリア  （湯涌温泉、深谷温泉、犀川温泉など）	富山県	夫婦2人	温泉や露天風呂, 地元の美味しいものを食べる	新幹線	在来線	とても満足	駅が近い	10,000円以上 20,000円未満	40,000円以上 50,000円未満	10,000円以上 20,000円未満	2～5回目	新聞・雑誌・ガイドブック	兼六園		金沢21世紀美術館		3,000円以上 5,000円未満	とても満足	自然を堪能した	とても満足	次の観光地が近い	感じなかった	なし	10		また行きたい（1年以内）	土産ものが豊富	女	1963	東京都	荒川区	500万円以上 600万円未満	ひゃくまんさんが好き	とても満足	10	21世紀美術館
金沢エリア	ガーデンホテル金沢	2026/10/02	同意する	2泊	2泊	金沢エリア  （湯涌温泉、深谷温泉、犀川温泉など）	石川県外には泊まらない	自分ひとり	出張など仕事関係, 食事、地元のBAR	新幹線	徒歩			10,000円以上 20,000円未満	10,000円以上 20,000円未満	5,000円以上 10,000円未満	2～5回目	友人・知人	選択なし/該当施設なし		選択なし/該当施設なし		1,000円未満	満足		どちらでもない	設備に過不足は感じなかったが、古さの目立つ部分が多少あった。	感じなかった		7		機会があれば行きたい	海産物。時期を変えてまた来たいと思った。	男	1987	大阪府	淀川区	500万円以上 600万円未満	景品が当たる, なんとなく	満足	9	地物の海産物が美味しかったので。
加賀エリア	道の駅「こまつ木場潟」	2026/10/02	同意する	2泊	2泊	金沢エリア  （湯涌温泉、深谷温泉、犀川温泉など）	石川県外には泊まらない	小学生以下連れの家族	温泉や露天風呂, 地元の美味しいものを食べる, テーマパーク（遊園地、動物園、博物館など）	新幹線, 在来線	レンタカー	とても満足	自分のペースで、好きなところをまわれる。荷物ものせられてるので便利。	5,000円以上 10,000円未満	20,000円以上 30,000円未満	30,000円以上 40,000円未満	2～5回目	Instagram, グーグルマップ	石川県立航空プラザ		選択なし／該当施設なし	レモンの湯（金沢市）	1,000円未満	満足	直売所ならではの地元のお菓子が売っていた。	満足	夕方だったので荷物が少なかったが、地元ならではのものが売っていてよかった。	感じなかった		9	地元の方が食べている地元の商品が見れてよかった。食事処は時間的に使わなかったが、おいしそうなものがあったので、昼の時間に来ることがあれば食べてみたい。	また行きたい（1年以内）	かけ流しの温泉（共同浴場）があるのは貴重です。金沢から行きやすい施設が多く、嬉しいです。長続きしてほしい。	女	1987	東京都	国分寺市	1,000万円以上 1,200万円未満	景品が当たる, ひゃくまんさんが好き, 動く３Dひゃくまんさんを見たい	とても満足	9	魚がし食堂東力店　安くてお腹いっぱい魚が食べられる。日本海産の魚が美味しい。
加賀エリア	山代温泉　総湯	2026/10/02	同意する	3泊	3泊	能登エリア （和倉温泉、七尾市、輪島市、珠洲市など）	石川県外には泊まらない	自分ひとり	温泉や露天風呂, 地元の美味しいものを食べる, 名所、旧跡の観光, ドライブ・ツーリング, 石川県と蓮ノ空コラボの聖地巡礼	自家用車	自家用車			20,000円以上 30,000円未満	20,000円以上 30,000円未満	10,000円以上 20,000円未満	初めて	蓮ノ空コラボのキャンペーンページ	選択なし/該当施設なし	山中温泉	選択なし／該当施設なし	金沢市内	1,000円以上 3,000円未満	とても満足	温泉ソフトが美味しかった	とても満足	綺麗で居心地が良かった	感じなかった		10		また行きたい（1年以内）	その土地ならではの食事が食べたい	男	1996	三重県	四日市市	800万円以上 900万円未満	景品が当たる, 石川県のおすすめ観光スポットが見たい	とても満足	10	観光できる場所が非常に多い
加賀エリア	小松空港	2026/10/02	同意する	4泊以上	4泊以上	加賀エリア （山代温泉、山中温泉、片山津温泉、粟津温泉、辰口温泉、加賀市、小松市など）	石川県外には泊まらない	職場の同僚	出張など仕事関係	在来線	在来線	満足	便数が多いので利用しやすい	1,000円以上 3,000円未満	5,000円以上 10,000円未満	1,000円未満	2～5回目	タクシードライバーや地元の人	選択なし/該当施設なし		選択なし／該当施設なし		1,000円以上 3,000円未満	満足	土産物が20時過ぎでも営業していて、品揃えが良い	満足	飲食店が19時30分過ぎにやっていないのが残念。他は快適	感じなかった		6		機会があれば行きたい	魚が安くて美味しい	男	1990	東京都	文京区	800万円以上 900万円未満	景品が当たる, 石川県のおすすめ観光スポットが見たい	満足	8	自然が豊か
加賀エリア	白峰温泉総湯	2026/10/02	同意する	1泊	石川県内には宿泊しない	石川県内には宿泊しない	福井県	自分ひとり	百名山	自家用車	自家用車			使わない	5,000円以上 10,000円未満	10,000円以上 20,000円未満	初めて	インターネット・アプリ	選択なし/該当施設なし	白山登山	選択なし／該当施設なし	福井県の荒島岳	1,000円未満	とても満足	いい旅館の温泉かと思ったくらいキレイだった	とても満足	露天風呂	感じた	ご飯屋さんが併設されてない	9		機会があれば行きたい	白山からの帰り、ご飯屋さんやコンビニがない	女	1984	静岡県	周智郡森町	900万円以上 1,000万円未満	景品が当たる	満足	8	
能登エリア	日本の宿 のと楽	2026/10/02	同意する	2泊	2泊	能登エリア （和倉温泉、七尾市、輪島市、珠洲市など）	石川県外には泊まらない	2人の子供と3人で	温泉や露天風呂, 地元の美味しいものを食べる, 買い物、アウトレット, まちあるき、都市散策, 復興支援	新幹線	レンタカー	満足	レンタカーでもリラックス出来る良い車だった。	30,000円以上 40,000円未満	30,000円以上 40,000円未満	5,000円以上 10,000円未満	初めて	新聞・雑誌・ガイドブック, 観光パンフレット・ポスター, インターネット・アプリ	千里浜なぎさドライブウェイ		輪島朝市		1,000円以上 3,000円未満	どちらでもない		満足	景色が素晴らしい	感じた	衛生的な感じに程遠く感じる	7		機会があれば行きたい	なし	女	1955	東京都	世田谷区	900万円以上 1,000万円未満	石川県のおすすめ観光スポットが見たい, 石川県の雑学を知りたい	満足	8	人が素晴らしいです。
能登エリア	ホテルアリヴィオ	2026/10/02	同意する	4泊以上	2泊	能登エリア （和倉温泉、七尾市、輪島市、珠洲市など）	岐阜県	夫婦2人	温泉や露天風呂, 地元の美味しいものを食べる, 買い物、アウトレット, まちあるき、都市散策, 震災復興の応援	自家用車	バイク			20,000円以上 30,000円未満	10,000円以上 20,000円未満	10,000円以上 20,000円未満	2～5回目	観光展・物産展, TV・ラジオ番組やCM, 観光パンフレット・ポスター, インターネット・アプリ	千里浜なぎさドライブウェイ		輪島朝市		10,000円以上 20,000円未満	とても満足	何回でも行きたくなる	とても満足	良い体験ができる	感じなかった		10	元気になれる　応援したい	また行きたい（1年以内）	食べ物がなんでもおいしい	男	1968	東京都	目黒区	400万円以上 500万円未満	景品が当たる, ひゃくまんさんが好き, 石川県のおすすめ観光スポットが見たい, 石川県の雑学を知りたい	とても満足	10	自然環境の良さ
能登エリア	のとじま水族館	2026/10/02	同意する	2泊	石川県内には宿泊しない	石川県内には宿泊しない	富山県	親	テーマパーク（遊園地、動物園、博物館など）	レンタカー	レンタカー	満足		使わない	5,000円以上 10,000円未満	3,000円以上 5,000円未満	初めて	友人・知人	選択なし/該当施設なし		道の駅のとじま		1,000円以上 3,000円未満	とても満足	ジンベイザメのお食事タイムが見ごたえがあった	とても満足		感じなかった		9	ショーがおもしろかった。	また行きたい（1年以内）	食事やおみやげもののイチオシがわかりやすいとうれしい。	女	1999	長野県	佐久市	400万円以上 500万円未満	景品が当たる	とても満足	9	
金沢エリア	妙立寺	2026/10/03	同意する	1泊	1泊	金沢エリア  （湯涌温泉、深谷温泉、犀川温泉など）	石川県外には泊まらない	夫婦2人	名所、旧跡の観光, テーマパーク（遊園地、動物園、博物館など）, 競馬	新幹線	路線バス, 徒歩	満足		5,000円以上 10,000円未満	1,000円以上 3,000円未満	5,000円以上 10,000円未満	初めて	Googleマップ	尾山神社		選択なし/該当施設なし	金沢競馬場	1,000円以上 3,000円未満	とても満足	おもしろかった	とても満足	施設がおもしろい、案内が丁寧	感じなかった		10		機会があれば行きたい	温泉	男	2000	埼玉県	富士見市	1,000万円以上 1,200万円未満	景品が当たる	とても満足	10	
金沢エリア	妙立寺	2026/10/03	同意する	1泊	1泊	金沢エリア  （湯涌温泉、深谷温泉、犀川温泉など）	石川県外には泊まらない	夫婦2人	地元の美味しいものを食べる, 名所、旧跡の観光, 競馬	新幹線	路線バス, 徒歩	とても満足	アクセスがしやすかったため	10,000円以上 20,000円未満	3,000円以上 5,000円未満	5,000円以上 10,000円未満	2～5回目	友人・知人	尾山神社		近江町市場		1,000円以上 3,000円未満	とても満足	面白かった	とても満足	解説付きで境内を巡るのがとても面白かったです。	感じなかった		10	犬が可愛かったです	また行きたい（1年以内）	温泉　関東にないローカル飲食店	女	1999	埼玉県	富士見市	500万円以上 600万円未満	景品が当たる, 石川県のおすすめ観光スポットが見たい	とても満足	10	妙立寺がとても面白かったため
金沢エリア	金沢中央観光案内所	2026/10/03	同意する	1泊	1泊	金沢エリア  （湯涌温泉、深谷温泉、犀川温泉など）	石川県外には泊まらない	自分ひとり	地元の美味しいものを食べる, 花見や紅葉などの自然鑑賞, 名所、旧跡の観光, テーマパーク（遊園地、動物園、博物館など）	新幹線, 在来線	路線バス	とても満足	バスが本数多い	10,000円以上 20,000円未満	10,000円以上 20,000円未満	20,000円以上 30,000円未満	6～10回目	新聞・雑誌・ガイドブック, インターネット・アプリ, 観光協会等の案内所	尾山神社		選択なし/該当施設なし	帰る	使わない	とても満足	情報が多い	とても満足		感じなかった		10		また行きたい（1年以内）	石川県立美術館へのアクセス	女	1960	愛知県	名古屋市	300万円以上 400万円未満	景品が当たる	とても満足	10	寿司が美味しい。県立美術館がお気に入り。兼六園も毎回行く。
加賀エリア	ゆのくに天祥	2026/10/03	同意する	1泊	2泊	加賀エリア （山代温泉、山中温泉、片山津温泉、粟津温泉、辰口温泉、加賀市、小松市など）	石川県外には泊まらない	職場の同僚	温泉や露天風呂, 地元の美味しいものを食べる, 名所、旧跡の観光	新幹線	旅館の送迎バス	とても満足	お任せできて楽だった	20,000円以上 30,000円未満	20,000円以上 30,000円未満	3,000円以上 5,000円未満	初めて	インターネット・アプリ	ゆのくにの森		選択なし／該当施設なし		3,000円以上 5,000円未満	満足	快適だった	満足		感じなかった		7		機会があれば行きたい	食べ歩き	男	1974	岩手県	北上市	500万円以上 600万円未満	景品が当たる, 石川県のおすすめ観光スポットが見たい	とても満足	10	食べ物が美味しく、街も趣があって良かった
加賀エリア	ゆのくに天祥	2026/10/03	同意する	1泊	1泊	加賀エリア （山代温泉、山中温泉、片山津温泉、粟津温泉、辰口温泉、加賀市、小松市など）	石川県外には泊まらない	妹	宿でのんびり過ごす, 温泉や露天風呂, 地元の美味しいものを食べる, 名所、旧跡の観光, まちあるき、都市散策, 各種体験（手作り、果物狩りなど）	自家用車	自家用車			40,000円以上 50,000円未満	20,000円以上 30,000円未満	10,000円以上 20,000円未満	2～5回目	観光パンフレット・ポスター	選択なし/該当施設なし	兼六園	ゆのくにの森		3,000円以上 5,000円未満	満足	朝市がよかった	満足	朝市がよかった	感じた	トイレの扉が外れかけていた	8	食事美味しかったです	機会があれば行きたい	新しいものをどんどん増やしてほしい	女	1962	三重県	津市	500万円以上 600万円未満	景品が当たる, 石川県のおすすめ観光スポットが見たい	とても満足	8	体験
加賀エリア	ゆのくに天祥	2026/10/03	同意する	1泊	1泊	加賀エリア （山代温泉、山中温泉、片山津温泉、粟津温泉、辰口温泉、加賀市、小松市など）	石川県外には泊まらない	親	宿でのんびり過ごす, 温泉や露天風呂	自家用車	自家用車	満足	温泉がたくさんあってよかった	30,000円以上 40,000円未満	20,000円以上 30,000円未満	10,000円以上 20,000円未満	初めて	観光展・物産展	那谷寺		ゆのくにの森		10,000円以上 20,000円未満	とても満足	料理もおもてなしも最高でした…	とても満足	接客が気持ちよかった	感じなかった		9		また行きたい（1年以内）	加賀野菜の料理	男	1969	富山県	高岡市	800万円以上 900万円未満	景品が当たる, ひゃくまんさんが好き	とても満足	8	施設の気持ち良さ
加賀エリア	ゆのくに天祥	2026/10/03	同意する	1泊	1泊	加賀エリア （山代温泉、山中温泉、片山津温泉、粟津温泉、辰口温泉、加賀市、小松市など）	石川県外には泊まらない	姉	宿でのんびり過ごす, 温泉や露天風呂, 地元の美味しいものを食べる, 名所、旧跡の観光	自家用車	自家用車			使わない	3,000円以上 5,000円未満	5,000円以上 10,000円未満	初めて	カタログギフト	選択なし/該当施設なし	兼六園	ゆのくにの森		1,000円以上 3,000円未満	満足	どこも清潔で綺麗	満足	上記と同じ	感じなかった		7	施設も綺麗で、無料のサービスがあって楽しく過ごせました	また行きたい（1年以内）	金箔　お酒	女	1967	三重県	鈴鹿市	300万円以上 400万円未満	景品が当たる	満足	9	金沢駅周辺に行けなかったので行ってみたい
加賀エリア	いしかわ動物園	2026/10/03	同意する	日帰り	石川県内には宿泊しない	石川県内には宿泊しない	石川県外には泊まらない	小学生以下連れの家族	テーマパーク（遊園地、動物園、博物館など）	県外から訪れていない（石川県内在住）	自家用車			使わない	5,000円以上 10,000円未満	使わない	2～5回目	インターネット・アプリ	選択なし/該当施設なし		選択なし／該当施設なし		3,000円以上 5,000円未満	満足		とても満足		感じなかった		9		また行きたい（1年以内）	動物園にいろいろ飲食があれば良い	男	1983	石川県	野々市市	900万円以上 1,000万円未満	景品が当たる	満足	8	楽しい施設がたくさんあること
加賀エリア	那谷寺	2026/10/03	同意する	3泊	3泊	加賀エリア （山代温泉、山中温泉、片山津温泉、粟津温泉、辰口温泉、加賀市、小松市など）	石川県外には泊まらない	友人	宿でのんびり過ごす, 温泉や露天風呂, 地元の美味しいものを食べる, 名所、旧跡の観光	新幹線, キャンバス	路線バス	満足	キャンバスがあって、助かりましたが、逆回りがあったらもっと便利だと思いました	40,000円以上 50,000円未満	10,000円以上 20,000円未満	30,000円以上 40,000円未満	初めて	インターネット・アプリ	選択なし/該当施設なし	川床	選択なし／該当施設なし	総湯	1,000円以上 3,000円未満	とても満足	とてもいい場所でした	とても満足	良いお寺でした	感じた	バスの本数の少なさ	9	お団子、ごま豆腐おいしかったです	機会があれば行きたい	特になし	女	1974	東京都	板橋区	700万円以上 800万円未満	景品が当たる, ひゃくまんさんが好き	とても満足	10	食べ物がおいしい
加賀エリア	那谷寺	2026/10/03	同意する	3泊	3泊	加賀エリア （山代温泉、山中温泉、片山津温泉、粟津温泉、辰口温泉、加賀市、小松市など）	石川県外には泊まらない	友人	温泉や露天風呂, 地元の美味しいものを食べる, 名所、旧跡の観光, まちあるき、都市散策	新幹線	路線バス	満足	タクシー利用の予定だったが、思いがけずキャンバスに乗ることができ、節約になった	50,000円以上 100,000円未満	10,000円以上 20,000円未満	30,000円以上 40,000円未満	初めて	インターネット・アプリ	選択なし/該当施設なし	鶴仙の川床　	選択なし／該当施設なし	古総湯	1,000円以上 3,000円未満	満足	楽しかった	とても満足	景色がよかった	感じなかった		10	店員さんが親切	機会があれば行きたい	美味しい食事を食べたい	女	1975	東京都	板橋区	600万円以上 700万円未満	景品が当たる	とても満足	10	美味しいものがたくさんだから
加賀エリア	山代温泉　総湯	2026/10/03	同意する	日帰り	石川県内には宿泊しない	石川県内には宿泊しない	滋賀県	親	温泉や露天風呂, 地元の美味しいものを食べる	自家用車	自家用車			使わない	5,000円以上 10,000円未満	5,000円以上 10,000円未満	2～5回目	観光パンフレット・ポスター	月うさぎの里		ゆのくにの森		5,000円以上 10,000円未満	どちらでもない	普通	どちらでもない	普通	感じなかった	普通	10		機会があれば行きたい	特になし	男	2008	滋賀県	甲賀市	300万円以上 400万円未満	景品が当たる	満足	8	温泉街がある
加賀エリア	いしかわ動物園	2026/10/03	同意する	日帰り	1泊	金沢エリア  （湯涌温泉、深谷温泉、犀川温泉など）	石川県外には泊まらない	小学生以下連れの家族	テーマパーク（遊園地、動物園、博物館など）	自家用車	自家用車			30,000円以上 40,000円未満	10,000円以上 20,000円未満	3,000円以上 5,000円未満	初めて	インターネット・アプリ	木場潟公園		選択なし／該当施設なし		使わない	どちらでもない		どちらでもない		感じなかった		8		また行きたい（1年以内）	小さな子供でも食べれるもの、アレルギー対応のものがあると嬉しいです。	女	1996	石川県	羽咋市千代町	800万円以上 900万円未満	景品が当たる, ひゃくまんさんが好き	とても満足	8	いしかわ動物園は子供連れにも楽しめてとても良かったです！
加賀エリア	里山自然学校　こまつ滝ヶ原	2026/10/03	同意する	日帰り	1泊	能登エリア （和倉温泉、七尾市、輪島市、珠洲市など）	富山県	自分ひとり	温泉や露天風呂, 地元の美味しいものを食べる, まちあるき、都市散策	自家用車	自家用車	とても満足	ゆっくり回れる	使わない	1,000円未満	1,000円未満	11回目以上	観光展・物産展	那谷寺		木場潟公園		1,000円以上 3,000円未満	とても満足	人が温かい	とても満足	食事が美味しい	感じなかった		10		石川県在住	自然を生かしたイベントがほしいです	女	1966	石川県	小松市	100万円以上 200万円未満	景品が当たる	とても満足	10	朝の那谷寺
加賀エリア	ふれあい昆虫館	2026/10/03	同意する	日帰り	石川県内には宿泊しない	石川県内には宿泊しない	富山県	家族で	地元の美味しいものを食べる	自家用車	自家用車			10,000円以上 20,000円未満	10,000円以上 20,000円未満	3,000円以上 5,000円未満	初めて	インターネット・アプリ	石川県立航空プラザ		石川県立航空プラザ		1,000円以上 3,000円未満	とても満足	景色最高	とても満足	チョウ珍しい	感じた		10	変わったものあっていい	また行きたい（1年以内）	お米凄ーく美味しいです	女	1969	富山県	立山町	200万円以上 300万円未満	景品が当たる	とても満足	10	石川県のお米ひゃくまんこくまい美味しい
加賀エリア	白山比咩神社	2026/10/03	同意する	1泊	1泊	加賀エリア （山代温泉、山中温泉、片山津温泉、粟津温泉、辰口温泉、加賀市、小松市など）	石川県外には泊まらない	恋人	宿でのんびり過ごす, 温泉や露天風呂, 地元の美味しいものを食べる	自家用車	自家用車			40,000円以上 50,000円未満	10,000円以上 20,000円未満	5,000円以上 10,000円未満	2～5回目	友人・知人	月うさぎの里		選択なし／該当施設なし		1,000円以上 3,000円未満	とても満足	気持ちがいい	とても満足	空気がいい	感じなかった		10		また行きたい（1年以内）	特になし	女	1983	岐阜県	各務原市川島	100万円以上 200万円未満	景品が当たる	とても満足	10	白山神社
加賀エリア	小松空港	2026/10/03	同意する	3泊	2泊	金沢エリア  （湯涌温泉、深谷温泉、犀川温泉など）	東京	自分ひとり	まちあるき、都市散策, 各種体験（手作り、果物狩りなど）, 友人・親戚を訪ねる	新幹線, 飛行機	路線バス	満足		10,000円以上 20,000円未満	30,000円以上 40,000円未満	30,000円以上 40,000円未満	初めて	TV・ラジオ番組やCM, 観光パンフレット・ポスター	選択なし/該当施設なし	こまつ　　みよっさ	選択なし／該当施設なし		3,000円以上 5,000円未満	満足	みよっさでは、予約が取れなかったため見学のみでした。残念でした。	満足		感じなかった		5	小松空港なので、勧めるにも直行便がないし、難しいかも。空弁は良かったですよ！	機会があれば行きたい	地震の後で大変だと思いますが、防災、減災を県として先進的に行って欲しい	女	1977	長崎県	東彼杵郡	700万円以上 800万円未満	景品が当たる	とても満足	10	日本の文化が詰まっていました！工芸品もそうですし、街並みも良かったです。
加賀エリア	いしかわ動物園	2026/10/03	同意する	日帰り	石川県内には宿泊しない	石川県内には宿泊しない	東京	親	泊まらない	使わない	レンタカー	満足	らく	使わない	使わない	使わない	11回目以上	観光展・物産展	選択なし/該当施設なし	ない	選択なし／該当施設なし	ない	使わない	満足	楽しい綺麗	とても満足	色々な動物がいる	感じなかった	不満じゃない	9	楽しい	石川県在住	ない	男	2010	石川県	金沢市	100万円未満	景品が当たる	満足	8	友人
能登エリア	民宿旅館 夢ふぶき	2026/10/03	同意する	4泊以上	1泊	能登エリア （和倉温泉、七尾市、輪島市、珠洲市など）	北海道、山形、福島、福井、鳥取、大分、鹿児島	自分ひとり	ドライブ・ツーリング, ボランティア	自家用車, バイク	自家用車, バイク			5,000円以上 10,000円未満	100,000円以上	10,000円以上 20,000円未満	初めて	インターネット・アプリ, 友人・知人	千里浜なぎさドライブウェイ		千里浜なぎさドライブウェイ		3,000円以上 5,000円未満	とても満足	急な宿泊のお願いに対応いただいた	満足		感じなかった		8		また行きたい（1年以内）	千里浜の走行期間が長くなるよう養浜を頑張ってほしい	男	1987	広島県	広島市南区	600万円以上 700万円未満	景品が当たる, 石川県のおすすめ観光スポットが見たい	とても満足	9	
能登エリア	ホテルルートイン輪島	2026/10/03	同意する	2泊	2泊	能登エリア （和倉温泉、七尾市、輪島市、珠洲市など）	石川県外には泊まらない	親	宿でのんびり過ごす, 温泉や露天風呂, 地元の美味しいものを食べる, 名所、旧跡の観光, テーマパーク（遊園地、動物園、博物館など）, 買い物、アウトレット, お祭りやイベントへの参加・見物, まちあるき、都市散策, ドライブ・ツーリング, ポケモンスタンプラリー	在来線, 飛行機	レンタカー	とても満足	レンタカーでいろんな場所を巡れて楽しかったから	30,000円以上 40,000円未満	50,000円以上 100,000円未満	30,000円以上 40,000円未満	初めて	インターネット・アプリ	選択なし/該当施設なし	やなぎだ植物公園、道の駅千枚田ポケットパーク、道の駅すず塩田村	千里浜なぎさドライブウェイ		5,000円以上 10,000円未満	とても満足	朝ごはんも夕ごはんも美味しく、部屋の居心地や寝心地も良かったから	とても満足	温泉もありコインランドリーも充実してて良かった	感じた	宿泊した部屋のドアがゆるいらしく、オートロックが閉まらなかった事があった	9		機会があれば行きたい	お土産のお菓子の種類がやや物足りない	女	1987	埼玉県	入間市	900万円以上 1,000万円未満	景品が当たる, なんとなく	とても満足	10	ポケモンスタンプラリーが楽しかったので
能登エリア	のと里山空港	2026/10/03	同意する	2泊	2泊	加賀エリア （山代温泉、山中温泉、片山津温泉、粟津温泉、辰口温泉、加賀市、小松市など）	石川県外には泊まらない	夫婦2人	温泉や露天風呂, 地元の美味しいものを食べる	新幹線	旅行会社ツアーバス	満足	北陸新幹線が初めてで良かった	50,000円以上 100,000円未満	使わない	40,000円以上 50,000円未満	2～5回目	新聞・雑誌・ガイドブック, 観光パンフレット・ポスター	千里浜なぎさドライブウェイ		輪島朝市		3,000円以上 5,000円未満	満足		どちらでもない	何処ででも買える物	感じなかった		5	特になし	どちらともいえない	2つのホテルの料理が同じだったので違う料理の方ががよかった	女	1951	京都府	相楽郡精華町	400万円以上 500万円未満	景品が当たる	どちらでもない	5	ホテルにアルコールソフトドリンクの飲み放題がついていた
能登エリア	のとじま水族館	2026/10/03	同意する	日帰り	石川県内には宿泊しない	石川県内には宿泊しない	石川県外には泊まらない	中学生以上連れの家族	テーマパーク（遊園地、動物園、博物館など）	県外から訪れていない（石川県内在住）	自家用車			1,000円以上 3,000円未満	3,000円以上 5,000円未満	1,000円以上 3,000円未満	2～5回目	TV・ラジオ番組やCM	選択なし/該当施設なし		選択なし／該当施設なし	足湯	1,000円以上 3,000円未満	とても満足	何度来ても楽しめる	とても満足	何度来ても飽きない	感じなかった		10	値下げして欲しい	石川県在住	値下げして欲しい	男	1983	石川県	金沢市	800万円以上 900万円未満	景品が当たる	とても満足	10	新しいジンベイザメ
能登エリア	のとじま水族館	2026/10/03	同意する	日帰り	石川県内には宿泊しない	石川県内には宿泊しない	石川県外には泊まらない	夫婦2人	ドライブ・ツーリング	県外から訪れていない（石川県内在住）	自家用車			20,000円以上 30,000円未満	10,000円以上 20,000円未満	10,000円以上 20,000円未満	11回目以上	TV・ラジオ番組やCM	道の駅のとじま		選択なし／該当施設なし	帰る	1,000円以上 3,000円未満	満足	普通	満足	普通	感じなかった		8		また行きたい（1年以内）	特になし	女	1968	石川県	金沢市	1,500万円以上	景品が当たる	満足	5	
能登エリア	のと里山里海ミュージアム	2026/10/03	同意する	4泊以上	4泊以上	金沢エリア  （湯涌温泉、深谷温泉、犀川温泉など）	福井県	中学生以上連れの家族	宿でのんびり過ごす, 温泉や露天風呂, 地元の美味しいものを食べる, 花見や紅葉などの自然鑑賞, 名所、旧跡の観光, テーマパーク（遊園地、動物園、博物館など）, 買い物、アウトレット, お祭りやイベントへの参加・見物, スポーツ観戦や芸術鑑賞（コンサート等）, アウトドア（海水浴、釣り、登山など）, まちあるき、都市散策, 各種体験（手作り、果物狩りなど）, スキー・スノボ・マリンスポーツ, その他スポーツ（ゴルフ、テニスなど）, ドライブ・ツーリング, 友人・親戚を訪ねる, 出張など仕事関係	自家用車	自家用車	とても満足	面白い🤣	100,000円以上	100,000円以上	100,000円以上	初めて	観光展・物産展	のとじま水族館		選択なし／該当施設なし		1,000円以上 3,000円未満	とても満足		とても満足	無料で館内を回れて充実した時間を過ごせたから	感じなかった		10		また行きたい（1年以内）	特になし	男	1986	石川県	野々市市	1,200万円以上 1,500万円未満	景品が当たる, ひゃくまんさんが好き	とても満足	10	
能登エリア	道の駅織姫の里なかのと	2026/10/03	同意する	日帰り	石川県内には宿泊しない	石川県内には宿泊しない	石川県外には泊まらない	小学生以下連れの家族	地元の美味しいものを食べる, 友人・親戚を訪ねる	自家用車	自家用車			10,000円以上 20,000円未満	10,000円以上 20,000円未満	10,000円以上 20,000円未満	2～5回目	観光展・物産展, 友人・知人	千里浜なぎさドライブウェイ		能登食祭市場		1,000円以上 3,000円未満	満足	地場物が安い	満足	施設がきれい	感じなかった		10		また行きたい（1年以内）	特になし	女	1961	富山県	射水市	300万円以上 400万円未満	景品が当たる	満足	9	ゆっくりできる
金沢エリア	西茶屋資料館	2026/10/03	同意する	日帰り	石川県内には宿泊しない	石川県内には宿泊しない	石川県外には泊まらない	親	地元の美味しいものを食べる	自家用車	自家用車			使わない	1,000円以上 3,000円未満	5,000円以上 10,000円未満	11回目以上	TV・ラジオ番組やCM	選択なし/該当施設なし		選択なし/該当施設なし		使わない	とても満足	知らなかったことが知れた	満足		感じなかった		9		また行きたい（1年以内）	低単価で楽しめるもの	女	1999	福井県	福井市	400万円以上 500万円未満	景品が当たる, ひゃくまんさんが好き	とても満足	10	
金沢エリア	兼六園	2026/10/03	同意する	1泊	1泊	能登エリア （和倉温泉、七尾市、輪島市、珠洲市など）	石川県外には泊まらない	自分ひとり	名所、旧跡の観光	新幹線	徒歩			10,000円以上 20,000円未満	10,000円以上 20,000円未満	3,000円以上 5,000円未満	初めて	インターネット・アプリ	兼六園		ひがし茶屋街		1,000円未満	満足	名所が見れたから	満足	よく整備されていたから	感じなかった		8		また行きたい（1年以内）	美味しい海鮮	女	1997	神奈川県	横浜市緑区	300万円以上 400万円未満	景品が当たる	満足	8	
金沢エリア	夢ミルク館（ホリ牧場）	2026/10/03	同意する	日帰り	石川県内には宿泊しない	石川県内には宿泊しない	石川県外には泊まらない	夫婦2人	地元の美味しいものを食べる, 名所、旧跡の観光	自家用車	自家用車			使わない	1,000円以上 3,000円未満	5,000円以上 10,000円未満	2～5回目	インターネット・アプリ	選択なし/該当施設なし	魚市場	選択なし/該当施設なし	白山イオン	1,000円以上 3,000円未満	満足	美味しかった	満足		感じなかった		9	ミルクまぜまぜソフトは混ぜてあるともっと良かった	また行きたい（1年以内）	魚市場のように、目の前のものをすぐに食べられる視察	女	1968	福井県	福井市西開発	400万円以上 500万円未満	景品が当たる	満足	8	家族
金沢エリア	兼六駐車場	2026/10/03	同意する	2泊	2泊	金沢エリア  （湯涌温泉、深谷温泉、犀川温泉など）	石川県外には泊まらない	恋人	宿でのんびり過ごす, 地元の美味しいものを食べる, 名所、旧跡の観光, テーマパーク（遊園地、動物園、博物館など）, 買い物、アウトレット	自家用車	自家用車			20,000円以上 30,000円未満	5,000円以上 10,000円未満	20,000円以上 30,000円未満	初めて	インターネット・アプリ, Instagram, 友人・知人	兼六園	金沢城公園	ひがし茶屋街		1,000円以上 3,000円未満	満足	入場料が安く見応えがあったから。	とても満足	見応えがあったから。	感じなかった		8	茶屋がたくさんあって休憩しやすかった。	機会があれば行きたい	飲食店の値段をもう少し安くして欲しい	女	1990	静岡県	静岡市	400万円以上 500万円未満	景品が当たる, 石川県のおすすめ観光スポットが見たい	とても満足	9	金沢市内に観光スポットが集まっていて観光しやすい。
金沢エリア	KKRホテル金沢	2026/10/03	同意する	1泊	1泊	金沢エリア  （湯涌温泉、深谷温泉、犀川温泉など）	石川県外には泊まらない	友人	温泉や露天風呂, 地元の美味しいものを食べる, 名所、旧跡の観光, まちあるき、都市散策	新幹線	徒歩			10,000円以上 20,000円未満	10,000円以上 20,000円未満	50,000円以上 100,000円未満	初めて	観光展・物産展, 観光パンフレット・ポスター, 友人・知人, タクシードライバーや地元の人	ひがし茶屋街		近江町市場		20,000円以上 30,000円未満	とても満足	お勧めしたもらった白玉とほうじ茶が美味しくてお土産に買った。	とても満足	お店も人も活気が溢れていて、とても楽しかった。今回は和装(袴)で訪れたのでいろいろ声をかけていただいて嬉しかった。	感じなかった	特になし	10	お土産も美味しそうだけどお店現地で食べる方が雰囲気も相まって素敵だったので、次は家族を連れて遊びに行きたい。	また行きたい（1年以内）	ほうじ茶とそれを注げるオシャレな器が欲しい	男	1997	神奈川県	川崎市幸区	300万円以上 400万円未満	景品が当たる, 動く３Dひゃくまんさんを見たい, 石川県のおすすめ観光スポットが見たい, 石川県の雑学を知りたい	とても満足	10	のどぐろ釜飯(近江町市場)が本当に美味しかったので勧めたい。イクラとの相性がとても良かった。
金沢エリア	金沢中央観光案内所	2026/10/03	同意する	2泊	2泊	金沢エリア  （湯涌温泉、深谷温泉、犀川温泉など）	石川県外には泊まらない	友人	地元の美味しいものを食べる	新幹線	路線バス	不満	バスしかなくて、混んでいるし、移動が大変だった	50,000円以上 100,000円未満	40,000円以上 50,000円未満	40,000円以上 50,000円未満	初めて	新聞・雑誌・ガイドブック	近江町市場		選択なし/該当施設なし	九谷焼体験	5,000円以上 10,000円未満	満足		満足		感じなかった		6		機会があれば行きたい	お酒がとにかく美味しくて、たくさんいただきました	女	1980	神奈川県	茅ヶ崎市	1,200万円以上 1,500万円未満	景品が当たる	満足	3	食事が魅力的
金沢エリア	ホテルビスタ金沢	2026/10/03	同意する	2泊	2泊	金沢エリア  （湯涌温泉、深谷温泉、犀川温泉など）	石川県外には泊まらない	夫婦2人	出張など仕事関係	新幹線	タクシー, 徒歩	とても満足	親切だった	20,000円以上 30,000円未満	10,000円以上 20,000円未満	20,000円以上 30,000円未満	初めて	インターネット・アプリ, 口コミ、綺麗さ、トイレ風呂別	ひがし茶屋街		選択なし/該当施設なし		10,000円以上 20,000円未満	とても満足	良かった	とても満足	みんな親切、町が綺麗	感じなかった		10		機会があれば行きたい	飲食美味しいけど、施設によっての値段が違いすぎる	女	1973	神奈川県	横浜市	200万円以上 300万円未満	景品が当たる, ひゃくまんさんが好き	とても満足	10	町が綺麗、人が親切
加賀エリア	小松空港	2026/10/03	同意する	2泊	2泊	金沢エリア  （湯涌温泉、深谷温泉、犀川温泉など）	石川県外には泊まらない	友人	名所、旧跡の観光	飛行機	レンタカー	満足	スムーズに降車した店舗から送ってもらえた	10,000円以上 20,000円未満	20,000円以上 30,000円未満	30,000円以上 40,000円未満	初めて	TV・ラジオ番組やCM, インターネット・アプリ, Instagram, 友人・知人	選択なし/該当施設なし		選択なし／該当施設なし		1,000円以上 3,000円未満	どちらでもない	時間を潰す箇所が少ない	どちらでもない		感じなかった		5		機会があれば行きたい	バスが交通系ICを使えると嬉しい	女	1965	北海道	札幌市	200万円以上 300万円未満	景品が当たる	満足	7	料理と観光名所が満足
加賀エリア	山代温泉　総湯	2026/10/03	同意する	2泊	1泊	加賀エリア （山代温泉、山中温泉、片山津温泉、粟津温泉、辰口温泉、加賀市、小松市など）	福井県	夫婦2人	子どもの家族と会う	新幹線	子どもの車	満足	道が広くてまっすぐなので間違えにくい	40,000円以上 50,000円未満	50,000円以上 100,000円未満	40,000円以上 50,000円未満	初めて	新聞・雑誌・ガイドブック, 友人・知人	選択なし/該当施設なし	なし	選択なし／該当施設なし	なし	1,000円以上 3,000円未満	満足	風情があって良い	満足	伝統を感じることができた	感じた	対応がつっけんどんに感じた	7	いいと思います	機会があれば行きたい	おすすめの場所やおいしくてリーズナブル、地域民おすすめの場所を発信してほしい	女	1964	山口県	山口市	100万円未満	景品が当たる	満足	8	風情がある
加賀エリア	小松空港	2026/10/03	同意する	2泊	2泊	金沢エリア  （湯涌温泉、深谷温泉、犀川温泉など）	石川県外には泊まらない	友人	地元の美味しいものを食べる, 名所、旧跡の観光	飛行機	レンタカー	満足	レンタカーでのアクセスが良かった	10,000円以上 20,000円未満	20,000円以上 30,000円未満	30,000円以上 40,000円未満	2～5回目	観光連盟やDMOのHP, インターネット・アプリ, 友人・知人	選択なし/該当施設なし	兼六園　近江町市場　金沢城公園	選択なし／該当施設なし	帰路に着くため	1,000円以上 3,000円未満	満足	食事が美味しかった	満足	清潔	感じなかった		8		機会があれば行きたい	特になし	男	1964	北海道	札幌市	800万円以上 900万円未満	景品が当たる	満足	8	景色が良い　観光客へおもてなし、サービスが良い
加賀エリア	かがにこにこパーク	2026/10/03	同意する	日帰り	石川県内には宿泊しない	石川県内には宿泊しない	石川県外には泊まらない	小学生以下連れの家族	テーマパーク（遊園地、動物園、博物館など）, 買い物、アウトレット	自家用車	自家用車			5,000円以上 10,000円未満	5,000円以上 10,000円未満	1,000円以上 3,000円未満	2～5回目	インターネット・アプリ	月うさぎの里		選択なし／該当施設なし		1,000円未満	とても満足	施設もきれいで子供が喜んでいた。	とても満足		感じなかった		9		また行きたい（1年以内）	アウトレットが完成したらまたきたい。	女	1990	福井県	福井市	700万円以上 800万円未満	景品が当たる	とても満足	9	
加賀エリア	白山比咩神社	2026/10/03	同意する	1泊	1泊	加賀エリア （山代温泉、山中温泉、片山津温泉、粟津温泉、辰口温泉、加賀市、小松市など）	石川県外には泊まらない	友人	温泉や露天風呂, 神社、御朱印巡り	自家用車	自家用車	とても満足	道がひろいし、車で動きやすい	20,000円以上 30,000円未満	5,000円以上 10,000円未満	5,000円以上 10,000円未満	6～10回目	観光展・物産展, インターネット・アプリ, Instagram	月うさぎの里	白山比咩神社	ゆのくにの森		3,000円以上 5,000円未満	満足		満足		感じなかった		8	石川専用のかっぱエビせんをつくってほしい。かっぱエビせん好きだから	機会があれば行きたい	刺身が美味しい	男	1984	愛知県	愛西市	700万円以上 800万円未満	景品が当たる	満足	8	愛知県からいきやすいのと、涼しいのと、外国人すくないから
加賀エリア	いしかわ動物園	2026/10/03	同意する	日帰り	石川県内には宿泊しない	石川県内には宿泊しない	石川県外には泊まらない	小学生以下連れの家族	テーマパーク（遊園地、動物園、博物館など）	自家用車	自家用車			使わない	3,000円以上 5,000円未満	1,000円以上 3,000円未満	2～5回目	子供の希望	選択なし/該当施設なし		選択なし／該当施設なし		1,000円未満	とても満足	子供が楽しめた	とても満足	適度な移動距離だった	感じなかった		9		また行きたい（1年以内）	特になし	女	1988	福井県	鯖江市	200万円以上 300万円未満	景品が当たる	とても満足	9	
加賀エリア	ゆのくに天祥	2026/10/03	同意する	3泊	3泊	加賀エリア （山代温泉、山中温泉、片山津温泉、粟津温泉、辰口温泉、加賀市、小松市など）	石川県外には泊まらない	友人	温泉や露天風呂, 地元の美味しいものを食べる, 名所、旧跡の観光, テーマパーク（遊園地、動物園、博物館など）, まちあるき、都市散策	新幹線	在来線, 送迎バス	とても満足	特に不便もなく時間通り運行していたため	50,000円以上 100,000円未満	30,000円以上 40,000円未満	10,000円以上 20,000円未満	初めて	インターネット・アプリ	那谷寺		月うさぎの里		3,000円以上 5,000円未満	とても満足	全てが高品質で間食サービスなどの豊富さもだが、細やかで気遣いが行き届いた諸々が素晴らしかった	とても満足	建物や部屋は綺麗でサービスやラウンジなどもありどこでもリラックスできた	感じた	夜遅い時間など温泉に入れないこと	10	食事はどれも美味しく、朝市など購買意欲がそそられる仕組みが良かった	また行きたい（1年以内）	生食以外の海産物を使った料理	男	1998	神奈川県	川崎市多摩区	200万円以上 300万円未満	景品が当たる, なんとなく	とても満足	10	アクセスの良さと観光客に対するフレンドリーさ
加賀エリア	小松空港	2026/10/03	同意する	2泊	1泊	金沢エリア  （湯涌温泉、深谷温泉、犀川温泉など）	富山県	親	地元の美味しいものを食べる	飛行機	自家用車	どちらでもない	土地が広いが公共交通機関が大きく充実しているわけではない	5,000円以上 10,000円未満	50,000円以上 100,000円未満	3,000円以上 5,000円未満	2～5回目	インターネット・アプリ	選択なし/該当施設なし	？	選択なし／該当施設なし	魅力を感じないため	使わない	どちらでもない		どちらでもない		感じなかった		5		また行きたい（1年以内）	海鮮	男	1992	東京都	杉並区	1,000万円以上 1,200万円未満	景品が当たる	とても満足	9	選ぶと食がとても良い
加賀エリア	変なホテル　小松駅前	2026/10/03	同意する	3泊	3泊	加賀エリア （山代温泉、山中温泉、片山津温泉、粟津温泉、辰口温泉、加賀市、小松市など）	石川県外には泊まらない	職場の同僚	出張など仕事関係	新幹線	新幹線	満足	新幹線が混んでます	10,000円以上 20,000円未満	10,000円以上 20,000円未満	3,000円以上 5,000円未満	6～10回目	仕事で来てます	選択なし/該当施設なし	小松公園	選択なし／該当施設なし	仕事で来てます	使わない	どちらでもない	ホテルは大満足してます	とても満足	コスメが充実してます	感じなかった	喫煙出来る部屋が有れば嬉しいです	8	自動販売機が充実してます	機会があれば行きたい	旬な魚料理	男	1967	埼玉県	八潮市古新田	400万円以上 500万円未満	景品が当たる	満足	8	街並みが綺麗な事
加賀エリア	小松空港	2026/10/03	同意する	2泊	石川県内には宿泊しない	石川県内には宿泊しない	福井県	中学生以上連れの家族	温泉や露天風呂, テーマパーク（遊園地、動物園、博物館など）	飛行機	レンタカー	満足	自由度	使わない	3,000円以上 5,000円未満	3,000円以上 5,000円未満	2～5回目	インターネット・アプリ	選択なし/該当施設なし	福井恐竜博物館	選択なし／該当施設なし	なし	3,000円以上 5,000円未満	満足	お土産屋は充実していた	どちらでもない	特に際立ったものはない	感じなかった		6	もう少し増やしたほうがよい	機会があれば行きたい	海産物が素晴らしい	男	1960	埼玉県	富士見市	300万円以上 400万円未満	景品が当たる	満足	7	食材
加賀エリア	変なホテル　小松駅前	2026/10/03	同意する	3泊	4泊以上	加賀エリア （山代温泉、山中温泉、片山津温泉、粟津温泉、辰口温泉、加賀市、小松市など）	富山県	職場の同僚	出張など仕事関係	新幹線	タクシー	満足	タクシーは何度か利用してますけどドライバーさんの受答えがとても親切だなと感じる	3,000円以上 5,000円未満	20,000円以上 30,000円未満	10,000円以上 20,000円未満	11回目以上	友人・知人	選択なし/該当施設なし		選択なし／該当施設なし		10,000円以上 20,000円未満	どちらでもない	全施設を回りたいからまだ決断できないから	不満	禁煙だから	感じた	携帯の充電ケーブルがあるのに充電ができなかった	6	朝ごはんが美味しい	また行きたい（1年以内）	特になし	男	1967	埼玉県	三郷市	1,500万円以上	肉が欲しいから	どちらでもない	8	魚が美味しい
加賀エリア	白峰温泉総湯	2026/10/03	同意する	日帰り	石川県内には宿泊しない	石川県内には宿泊しない	石川県外には泊まらない	夫婦2人	温泉や露天風呂	自家用車	自家用車			1,000円未満	1,000円未満	使わない	初めて	友人・知人	選択なし/該当施設なし		選択なし／該当施設なし		1,000円未満	とても満足	きれいな施設だった	とても満足		感じなかった		10		石川県在住	特になし	女	1991	石川県	金沢市	900万円以上 1,000万円未満	景品が当たる	満足	7	
加賀エリア	道の駅「こまつ木場潟」	2026/10/03	同意する	日帰り	石川県内には宿泊しない	石川県内には宿泊しない	石川県外には泊まらない	中学生以上連れの家族	地元の美味しいものを食べる, 買い物、アウトレット	自家用車	自家用車			使わない	10,000円以上 20,000円未満	5,000円以上 10,000円未満	11回目以上	インターネット・アプリ	選択なし/該当施設なし		選択なし／該当施設なし		5,000円以上 10,000円未満	不満	売り切ればっかりだったから	満足	朝行くと賑やかで楽しみ	感じなかった		7	試食があったらいい	機会があれば行きたい	白山の道の駅のご飯が高くてまずくてがっかり	女	1974	富山県	魚津市	500万円以上 600万円未満	景品が当たる	満足	5	
加賀エリア	小松空港	2026/10/04	同意する	3泊	3泊	加賀エリア （山代温泉、山中温泉、片山津温泉、粟津温泉、辰口温泉、加賀市、小松市など）	石川県外には泊まらない	自分ひとり	温泉や露天風呂, 地元の美味しいものを食べる, 買い物、アウトレット, まちあるき、都市散策	在来線, 飛行機	在来線, 路線バス	とても不満	バスの本数が少ないのと、電車との乗り継ぎ時間を考えると駅で待つ時間が長かったのでもったいない	20,000円以上 30,000円未満	20,000円以上 30,000円未満	30,000円以上 40,000円未満	11回目以上	インターネット・アプリ, 観光協会等の案内所	選択なし/該当施設なし	金沢駅周辺のショッピング場所	選択なし／該当施設なし	粟津温泉旅館の周辺	3,000円以上 5,000円未満	とても不満	お土産物屋がないし周辺もバスの時間を考えると移動に不便なので、本当は那智寺へ行きたかったがやめて加賀温泉方面へ向かった	とても不満	先に書いたように何もないし車がないとどこへも行けない。足湯や温泉はいいが	感じた	レンタル自転車での移動も考えたが、アカウント登録できず使えなかった。有人での貸し出しがあれば良かったのに、残念。	2	温泉スーパーの食事は美味しかった。コンビニとドラッグストア、酒屋さんくらいしかなくさびれた感がしてびっくりした。	また行きたい（1年以内）	お魚料理が好き。金沢と加賀温泉初めて訪れた頃に回転寿司を食べに行って寿司に満足できなかったので以来回転寿司は行かない。海鮮丼の方が量が多くて食べ応えも見た目も好き。(他県では回転寿司食べるが、石川県ではハズレ店が多い)もっとクオリティ上げてほしい。のどぐろや金目鯛の煮付け食べてみたいが情報を知らないので静岡県でしか食べたことがない。1人でも気軽に入れるお店があれば情報知りたい。	女	1978	東京都	品川区	700万円以上 800万円未満	景品が当たる	どちらでもない	5	レンタカーは必要だと薦めたい。あと、買い物するならスーパーか金沢駅周辺がオススメ。金沢駅近のおさかな料理屋さんが好きで毎回行っている(かなり並ぶところ)店員さんも元気が良くて今回の滞在では到着後すぐの夜と金沢駅を去る直前の昼に２回行った。市場店で知ってから駅にもあるとわかりハマっている。
能登エリア	和倉温泉観光案内所	2026/10/03	同意する	日帰り	石川県内には宿泊しない	石川県内には宿泊しない	富山県	団体旅行	温泉や露天風呂, 地元の美味しいものを食べる, 名所、旧跡の観光, テーマパーク（遊園地、動物園、博物館など）, 買い物、アウトレット, まちあるき、都市散策	旅行会社ツアーバス	旅行会社ツアーバス	満足	自分の体が楽	使わない	1,000円以上 3,000円未満	20,000円以上 30,000円未満	2～5回目	職場からのおすすめ	能登食祭市場		能登食祭市場		20,000円以上 30,000円未満	満足	観光バスで楽	満足	現地ボランティアが丁寧	感じなかった		8		また行きたい（1年以内）	海鮮に期待	男	1958	富山県	高岡市	500万円以上 600万円未満	景品が当たる	満足	8	
能登エリア	のとじま水族館	2026/10/03	同意する	日帰り	石川県内には宿泊しない	石川県内には宿泊しない	富山県	夫婦2人	お祭りやイベントへの参加・見物, 	旅行会社ツアーバス	旅行会社ツアーバス	とても満足	色々な施設による事が出来、又復興の状態も見ることが出来た	30,000円以上 40,000円未満	10,000円以上 20,000円未満	10,000円以上 20,000円未満	6～10回目	観光パンフレット・ポスター	のとじま水族館	お祭り会館	道の駅のとじま		10,000円以上 20,000円未満	とても満足	食品が色々あった	とても満足	品揃え	感じなかった		8		また行きたい（1年以内）	かきをたべたい	女	1960	富山県	高岡市	300万円以上 400万円未満	石川県のおすすめ観光スポットが見たい	満足	10	復興を見てほしい
能登エリア	いこいの村 能登半島	2026/10/03	同意する	1泊	1泊	能登エリア （和倉温泉、七尾市、輪島市、珠洲市など）	石川県外には泊まらない	夫婦2人	宿でのんびり過ごす, 帰省	自家用車	自家用車			10,000円以上 20,000円未満	10,000円以上 20,000円未満	20,000円以上 30,000円未満	2～5回目	旅行サイト	選択なし/該当施設なし	なし	選択なし／該当施設なし	しお	5,000円以上 10,000円未満	とても満足	ゆったり	満足	卓球は、無料だと助かる。	感じた	有料な物	10	米粉のお土産があると良い。小麦粉でなく。	また行きたい（1年以内）	いこいの村滑り台があるといい。	女	1980	愛知県	名古屋市区	100万円未満	景品が当たる, なんとなく	とても満足	10	被災したから
能登エリア	おくだや	2026/10/03	同意する	1泊	1泊	能登エリア （和倉温泉、七尾市、輪島市、珠洲市など）	石川県外には泊まらない	恋人	宿でのんびり過ごす, 温泉や露天風呂	自家用車	自家用車			10,000円以上 20,000円未満	5,000円以上 10,000円未満	20,000円以上 30,000円未満	初めて	X(旧：Twitter)	選択なし/該当施設なし	富山市ガラス美術館	のとじま水族館		1,000円以上 3,000円未満	とても満足	丁寧て真心ある接客	とても満足		感じなかった		10		また行きたい（1年以内）	海の幸、コンテンポラリーにアレンジされた伝統工芸品	女	1990	愛知県	名古屋市	400万円以上 500万円未満	景品が当たる	とても満足	10	
能登エリア	民宿 わじま	2026/10/03	同意する	1泊	1泊	能登エリア （和倉温泉、七尾市、輪島市、珠洲市など）	石川県外には泊まらない	自分ひとり	温泉や露天風呂, 地元の美味しいものを食べる, お祭りやイベントへの参加・見物	自家用車	自家用車			5,000円以上 10,000円未満	10,000円以上 20,000円未満	20,000円以上 30,000円未満	初めて	インターネット・アプリ, X(旧：Twitter)	選択なし/該当施設なし	マリンタウン特設会場（イベント会場）	輪島朝市		5,000円以上 10,000円未満	とても満足	欲しい品物がある為	とても満足	スーパーでも買い物（地元商品）できるから	感じなかった		8	ある意味なんでも揃っているから良い	機会があれば行きたい	輪島は復興途中なので致し方ないが、飲食店の選択肢が他の街より乏しい。	男	1970	大阪府	茨木市	400万円以上 500万円未満	回答が参考になれば	とても満足	8	アニメ等コンテンツの旅ですが、必要な情報、物品も有り、とても良かった。
能登エリア	ホテルアリヴィオ	2026/10/03	同意する	2泊	2泊	能登エリア （和倉温泉、七尾市、輪島市、珠洲市など）	石川県外には泊まらない	自分ひとり	お祭りやイベントへの参加・見物, ドライブ・ツーリング, 友人・親戚を訪ねる	バイク	バイク			20,000円以上 30,000円未満	10,000円以上 20,000円未満	10,000円以上 20,000円未満	初めて	新聞・雑誌・ガイドブック, インターネット・アプリ	千里浜なぎさドライブウェイ		のとじま水族館		1,000円以上 3,000円未満	とても満足	対応が笑顔で良かった	とても満足	清潔に清掃されていました	感じなかった		10	コーヒー24Hと朝食が美味しかった	また行きたい（1年以内）	海鮮料理が何処に行っても美味しい	女	1956	京都府	三宅町	500万円以上 600万円未満	景品が当たる, 石川県の雑学を知りたい	とても満足	10	何度も（特に能登半島）来ていますが、何処に行っても笑顔で対応してもらい満足です
能登エリア	TOMORU HOTEL	2026/10/03	同意する	3泊	3泊	能登エリア （和倉温泉、七尾市、輪島市、珠洲市など）	石川県外には泊まらない	自分ひとり	温泉や露天風呂, 名所、旧跡の観光, テーマパーク（遊園地、動物園、博物館など）	レンタカー	レンタカー	満足	色々な場所へ行けたため	5,000円以上 10,000円未満	20,000円以上 30,000円未満	10,000円以上 20,000円未満	2～5回目	インターネット・アプリ	のとじま水族館		能登食祭市場		5,000円以上 10,000円未満	満足	水族館のいろいろな催しが見れたため	満足	広くてよかった	感じなかった		9	色々飲食できればよかった	機会があれば行きたい	特になし	男	1984	千葉県	八千代市	700万円以上 800万円未満	なんとなく	満足	8	魚が美味しかった
能登エリア	体験交流施設　ラブロ恋路	2026/10/03	同意する	日帰り	石川県内には宿泊しない	能登エリア （和倉温泉、七尾市、輪島市、珠洲市など）	福島県	自分ひとり	出張など仕事関係	自家用車	自家用車			使わない	20,000円以上 30,000円未満	50,000円以上 100,000円未満	11回目以上	観光パンフレット・ポスター	能登食祭市場		道の駅のとじま		1,000円未満	どちらでもない	日帰り温泉時間外で未利用	どちらでもない	未利用	感じなかった		8	ネット情報と差があった	また行きたい（1年以内）	特になし	男	1950	福島県	双葉郡広野町	500万円以上 600万円未満	景品が当たる	どちらでもない	5	ない
能登エリア	おくだや	2026/10/03	同意する	1泊	1泊	能登エリア （和倉温泉、七尾市、輪島市、珠洲市など）	石川県外には泊まらない	中学生以上連れの家族	温泉や露天風呂, お祭りやイベントへの参加・見物	新幹線, 飛行機	旅行会社ツアーバス	とても満足	ツアーが楽しかった	10,000円以上 20,000円未満	40,000円以上 50,000円未満	20,000円以上 30,000円未満	初めて	インターネット・アプリ	選択なし/該当施設なし	ニンフィアwithLoveモニュメント	選択なし／該当施設なし	金沢　21世紀美術館	10,000円以上 20,000円未満	とても満足	とても丁寧でした	とても満足	お風呂が素敵	感じた	食事がない	9	部屋の飲み物がコンプリメンタリーだった	機会があれば行きたい	魚介が美味しい	女	1969	栃木県	宇都宮市	1,000万円以上 1,200万円未満	景品が当たる	とても満足	9	ポケモンが可愛いかった
能登エリア	休暇村能登千里浜	2026/10/03	同意する	1泊	1泊	能登エリア （和倉温泉、七尾市、輪島市、珠洲市など）	石川県外には泊まらない	小学生以下連れの家族	宿でのんびり過ごす, 温泉や露天風呂, 地元の美味しいものを食べる	自家用車	自家用車	満足	混雑する道がほとんどなかった	10,000円以上 20,000円未満	3,000円以上 5,000円未満	3,000円以上 5,000円未満	初めて	インターネット・アプリ	選択なし/該当施設なし		道の駅のとじま		3,000円以上 5,000円未満	満足	地域のものをたくさん売っている	満足	全体的に清潔	感じなかった		7	「魚屋さんの昼定食」を月火以外も食べられると嬉しいです	機会があれば行きたい	道の駅のレストランのメニューに石川の食材を使ったものがもっとあるといい。	女	1989	滋賀県	野洲市	800万円以上 900万円未満	景品が当たる	満足	7	温泉。泉質がよくリフレッシュになる。
能登エリア	ホテル海望	2026/10/03	同意する	1泊	1泊	能登エリア （和倉温泉、七尾市、輪島市、珠洲市など）	石川県外には泊まらない	親	温泉や露天風呂, 地元の美味しいものを食べる, 名所、旧跡の観光	県外から訪れていない（石川県内在住）	自家用車			20,000円以上 30,000円未満	3,000円以上 5,000円未満	5,000円以上 10,000円未満	初めて	インターネット・アプリ	能登食祭市場		道の駅のとじま		5,000円以上 10,000円未満	とても満足		とても満足		感じなかった		10		石川県在住	特になし	女	1991	石川県	金沢市	1,000万円以上 1,200万円未満	景品が当たる, 石川県の雑学を知りたい	とても満足	10	食事がとても美味しいです！スタッフの方もとても親切で祖父母と父親が大喜びで、とても嬉しかったです。 部屋からの景色もとても綺麗で感動しました！
能登エリア	のとじま水族館	2026/10/03	同意する	1泊	1泊	能登エリア （和倉温泉、七尾市、輪島市、珠洲市など）	石川県外には泊まらない	友人	宿でのんびり過ごす, 温泉や露天風呂, 地元の美味しいものを食べる, まちあるき、都市散策, スキー・スノボ・マリンスポーツ, 能登島でのドルフィンスイム	自家用車	自家用車			40,000円以上 50,000円未満	20,000円以上 30,000円未満	40,000円以上 50,000円未満	6～10回目	X(旧：Twitter), Instagram	能登食祭市場		道の駅のとじま		1,000円以上 3,000円未満	とても満足	ジンベイザメが入ったと聞き、会いに来た	とても満足	施設は古いながらも、大型水槽の展示は他の水族館とも引けを取らない程圧巻でした。	感じなかった		10		また行きたい（1年以内）	ドルフィンスイムがとても素晴らしい。野生のイルカと泳げる場所は日本で3カ所しかないので。	男	1991	千葉県	千葉市中央区	600万円以上 700万円未満	石川県のおすすめ観光スポットが見たい	とても満足	10	能登島での美しい風景。
金沢エリア	スーパーホテルPremier金沢駅東口	2026/10/04	同意する	1泊	1泊	金沢エリア  （湯涌温泉、深谷温泉、犀川温泉など）	石川県外には泊まらない	友人	お祭りやイベントへの参加・見物	自家用車	自家用車			10,000円以上 20,000円未満	5,000円以上 10,000円未満	5,000円以上 10,000円未満	初めて	友人・知人	選択なし/該当施設なし	日本自動車博物館　日本航空博物館	選択なし/該当施設なし	金沢城	1,000円以上 3,000円未満	とても満足	清潔、接客、各種サービス、サービス券	とても満足	入浴時もキーで安心　入浴の混雑状況がわかる	感じた	暗証キー番号を忘れた時	10		機会があれば行きたい	特になし	女	1958	山形県	米沢市	600万円以上 700万円未満	景品が当たる	とても満足	10	
金沢エリア	トリフィートホテル&ポッド金沢百万石通	2026/10/04	同意する	2泊	2泊	金沢エリア  （湯涌温泉、深谷温泉、犀川温泉など）	石川県外には泊まらない	自分ひとり	地元の美味しいものを食べる, スポーツ観戦や芸術鑑賞（コンサート等）	自家用車	自家用車			10,000円以上 20,000円未満	10,000円以上 20,000円未満	20,000円以上 30,000円未満	初めて	インターネット・アプリ	金沢21世紀美術館		選択なし/該当施設なし	金沢競馬場	1,000円未満	とても満足	ポッドということで大丈夫かな？って思いましたがベッドが良く。ゆっくり寝られました。	とても満足	お風呂がとてもよかった。サウナも満足しました。	感じた	やはり音が筒抜けなのは少し神経質になりました。	9	いろんな施策(ぬい活等)してるようで、次回はいろいろ準備していこうかなと思いました。	また行きたい（1年以内）	地の、海や野のごはんをおいしくいただきたいので石川県に来ています。今回も満足です。	男	1976	愛知県	武豊町	300万円以上 400万円未満	景品が当たる, ひゃくまんさんが好き, 石川県の雑学を知りたい	とても満足	10	金沢21世紀美術館の独創性
加賀エリア	大江戸温泉物語 山中彩朝楽	2026/10/04	同意する	1泊	1泊	加賀エリア （山代温泉、山中温泉、片山津温泉、粟津温泉、辰口温泉、加賀市、小松市など）	石川県外には泊まらない	夫婦2人	宿でのんびり過ごす, 温泉や露天風呂	自家用車	自家用車			20,000円以上 30,000円未満	20,000円以上 30,000円未満	5,000円以上 10,000円未満	初めて	インターネット・アプリ	木場潟公園		選択なし／該当施設なし		20,000円以上 30,000円未満	とても満足	お風呂が良かった	とても満足		感じなかった		9		どちらともいえない	特になし	男	1970	石川県	内灘町	500万円以上 600万円未満	景品が当たる	満足	9	
加賀エリア	加賀の宿宝生亭	2026/10/04	同意する	1泊	1泊	加賀エリア （山代温泉、山中温泉、片山津温泉、粟津温泉、辰口温泉、加賀市、小松市など）	石川県外には泊まらない	小学生以下連れの家族	宿でのんびり過ごす, 温泉や露天風呂, 地元の美味しいものを食べる	自家用車	自家用車			50,000円以上 100,000円未満	10,000円以上 20,000円未満	1,000円以上 3,000円未満	2～5回目	インターネット・アプリ, Instagram	選択なし/該当施設なし		選択なし／該当施設なし		20,000円以上 30,000円未満	とても満足	子供連れの家族が多く、ぐずったりして泣いても、お互い様という感じで安心して利用できた。	とても満足	キッズスペースなど、子供向けのスペースが多いところ。	感じなかった		10		また行きたい（1年以内）	特になし	女	2001	富山県	富山市	400万円以上 500万円未満	景品が当たる	とても満足	10	宿泊先が過ごしやすくて、また来たいと思ったから。
加賀エリア	山代温泉　総湯	2026/10/04	同意する	1泊	1泊	加賀エリア （山代温泉、山中温泉、片山津温泉、粟津温泉、辰口温泉、加賀市、小松市など）	石川県外には泊まらない	小学生以下連れの家族	温泉や露天風呂, 地元の美味しいものを食べる	新幹線, 在来線	徒歩			5,000円以上 10,000円未満	5,000円以上 10,000円未満	5,000円以上 10,000円未満	2～5回目	新聞・雑誌・ガイドブック, 観光パンフレット・ポスター	選択なし/該当施設なし		選択なし／該当施設なし	雪の科学館	1,000円以上 3,000円未満	とても満足	実験、わ見たり自分でも体験できて想像以上だった。	満足	総合的に満足だが、ミュージアムショップの品揃えが少ないのと、アクセスするバスの本数が少ないことがマイナスポイント。	感じなかった		9	十件や体験は良かった	機会があれば行きたい	加賀温泉自体にあまり名物になる飲食物はないと感じた。名物は温泉卵か加賀パフェなのか。やはり石川県のメインは金沢か。また、関西からだと北陸新幹線開通後は敦賀での乗り換えが必要になり、サンダーバードだけで行かれなくなったことがアクセスの悪さに繋がっている。北陸新幹線が延伸されればまた違うのかもしれない。ただ新幹線開通後、加賀温泉駅周辺は大変奇麗に整備され、以前よりかなり良くなっていたので、もっと多くの人に魅力を知ってもらいたい。加賀温泉駅から出ているキャンバスの乗車料金が路線バスと比べて高すぎるので乗らなかった。路線バスと同程度の1乗車3百円、1日券も千円が妥当だと思う。	女	1971	和歌山県	和歌山市	1,500万円以上	景品が当たる	満足	9	温泉
加賀エリア	大江戸温泉物語 山中彩朝楽	2026/10/04	同意する	1泊	1泊	加賀エリア （山代温泉、山中温泉、片山津温泉、粟津温泉、辰口温泉、加賀市、小松市など）	石川県外には泊まらない	夫婦2人	宿でのんびり過ごす	自家用車	自家用車			10,000円以上 20,000円未満	5,000円以上 10,000円未満	1,000円以上 3,000円未満	初めて	インターネット・アプリ	選択なし/該当施設なし	宇奈月	選択なし／該当施設なし	家に帰ります。	10,000円以上 20,000円未満	満足	とても施設が綺麗でした。	満足	部屋が良かった。	感じなかった		8		機会があれば行きたい	特になし	女	1965	富山県	小矢部市	200万円以上 300万円未満	景品が当たる	満足	8	女性に喜ばれる。
加賀エリア	白峰温泉総湯	2026/10/04	同意する	1泊	1泊	白山エリア （一里野温泉、白峰温泉、白山市など）	石川県外には泊まらない	夫婦2人	アウトドア（海水浴、釣り、登山など）	自家用車	自家用車	とても満足	いつも綺麗な施設で大好きです。	5,000円以上 10,000円未満	3,000円以上 5,000円未満	使わない	11回目以上	Instagram	選択なし/該当施設なし		選択なし／該当施設なし		使わない	とても満足		とても満足		感じなかった		10	使用したことないです	また行きたい（1年以内）	もっと駅からいろんな登山に行けると嬉しい	女	1974	福井県	福井市	1,500万円以上	景品が当たる, 石川県のおすすめ観光スポットが見たい	とても満足	10	どの施設も綺麗
加賀エリア	白山比咩神社	2026/10/04	同意する	2泊	2泊	金沢エリア  （湯涌温泉、深谷温泉、犀川温泉など）	石川県外には泊まらない	友人	宿でのんびり過ごす, 地元の美味しいものを食べる, まちあるき、都市散策, ドライブ・ツーリング	レンタカー, 新幹線	レンタカー	とても満足	バスなどの乗り換え時間がなくスムーズに来ることができた	5,000円以上 10,000円未満	20,000円以上 30,000円未満	3,000円以上 5,000円未満	2～5回目	インターネット・アプリ, Instagram	選択なし/該当施設なし	近江町市場寿司、ファンファーレ(パン屋)、金剱宮	選択なし／該当施設なし	野々市市内、1の1	1,000円以上 3,000円未満	とても満足	御朱印の受け取りも対応もスムーズ	とても満足	幻想的な空間だった、施設やトイレなど綺麗だった。	感じなかった		8		また行きたい（1年以内）	今のままで良い	女	1975	岡山県	赤磐市	700万円以上 800万円未満	景品が当たる, 石川県のおすすめ観光スポットが見たい	満足	8	お寿司の美味しさ
加賀エリア	小松空港	2026/10/04	同意する	3泊	1泊	加賀エリア （山代温泉、山中温泉、片山津温泉、粟津温泉、辰口温泉、加賀市、小松市など）	福井県	自分ひとり	出張など仕事関係	飛行機	路線バス	不満	便数が少なく、バスが狭い	5,000円以上 10,000円未満	5,000円以上 10,000円未満	20,000円以上 30,000円未満	2～5回目	新聞・雑誌・ガイドブック, インターネット・アプリ, Instagram	選択なし/該当施設なし	小松駅	選択なし／該当施設なし		5,000円以上 10,000円未満	満足	食事が美味しかった。	満足		感じなかった		9		機会があれば行きたい	お寿司をリーズナブルな値段で楽しみたい	男	1977	佐賀県	神埼市	800万円以上 900万円未満	景品が当たる	満足	9	食べ物が美味しい
加賀エリア	市民工房うるわし	2026/10/04	同意する	日帰り	石川県内には宿泊しない	石川県内には宿泊しない	石川県外には泊まらない	夫婦2人	お祭りやイベントへの参加・見物	県外から訪れていない（石川県内在住）	自家用車			使わない	1,000円以上 3,000円未満	使わない	6～10回目	インターネット・アプリ	選択なし/該当施設なし	うるわし	選択なし／該当施設なし	ピーノ	1,000円未満	満足		どちらでもない		感じた	駐車場	7		石川県在住	石川県は海山に囲まれて美味しいまのが沢山ある	女	1955	石川県	白山市	200万円以上 300万円未満	景品が当たる	満足	8	秋の町歩き
加賀エリア	小松空港	2026/10/04	同意する	3泊	3泊	金沢エリア  （湯涌温泉、深谷温泉、犀川温泉など）	石川県外には泊まらない	小学生以下連れの家族	地元の美味しいものを食べる, 名所、旧跡の観光	飛行機	レンタカー, タクシー	満足	年寄りも一緒だったので自由度高い方がよかった	100,000円以上	100,000円以上	100,000円以上	2～5回目	インターネット・アプリ, ブログ	選択なし/該当施設なし	黒部ダム	選択なし／該当施設なし		10,000円以上 20,000円未満	とても満足	ゆっくりできた	とても満足	ゆっくりできた	感じなかった		10	楽しめた	機会があれば行きたい	特になし	男	1980	熊本県	合志市	1,000万円以上 1,200万円未満	景品が当たる	とても満足	10	のどぐろ飯
加賀エリア	トレインパーク白山	2026/10/04	同意する	1泊	1泊	金沢エリア  （湯涌温泉、深谷温泉、犀川温泉など）	石川県外には泊まらない	小学生以下連れの家族	部活	自家用車	自家用車			30,000円以上 40,000円未満	30,000円以上 40,000円未満	10,000円以上 20,000円未満	初めて	新聞・雑誌・ガイドブック	日本自動車博物館		選択なし／該当施設なし		1,000円以上 3,000円未満	不満	利用料が高い	どちらでもない	料金が高く感じる	感じた	展望デッキに出る方法がわかりにくい	7		機会があれば行きたい	のどぐろ	男	1984	広島県	広島市	700万円以上 800万円未満	景品が当たる	満足	9	
加賀エリア	いしかわ動物園	2026/10/04	同意する	1泊	1泊	金沢エリア  （湯涌温泉、深谷温泉、犀川温泉など）	石川県外には泊まらない	友人	友人・親戚を訪ねる	自家用車	自家用車	とても満足	駐車場がたくさんある	10,000円以上 20,000円未満	30,000円以上 40,000円未満	5,000円以上 10,000円未満	初めて	観光パンフレット・ポスター, インターネット・アプリ, Instagram	選択なし/該当施設なし	近江市場	選択なし／該当施設なし		1,000円以上 3,000円未満	とても満足	全ての動物がかわいかった	とても満足		感じなかった		8		機会があれば行きたい	特になし	女	1998	静岡県	三島市	300万円以上 400万円未満	景品が当たる	とても満足	8	
加賀エリア	小松空港	2026/10/04	同意する	2泊	2泊	金沢エリア  （湯涌温泉、深谷温泉、犀川温泉など）	石川県外には泊まらない	夫婦2人	宿でのんびり過ごす, 温泉や露天風呂, 地元の美味しいものを食べる, 名所、旧跡の観光, 買い物、アウトレット, まちあるき、都市散策	在来線, 飛行機	路線バス, 徒歩	満足	空港行きバスの支払いの説明がわかりやすかった	30,000円以上 40,000円未満	50,000円以上 100,000円未満	40,000円以上 50,000円未満	初めて	観光パンフレット・ポスター, インターネット・アプリ, X(旧：Twitter), Instagram, タクシードライバーや地元の人	選択なし/該当施設なし	金沢駅	選択なし／該当施設なし	新千歳空港	1,000円以上 3,000円未満	満足	お土産を購入出来るお店がある、うどんが美味しかった	満足	充電スポットがある。座るところも多く、お手洗いも混んでいなかった。新千歳空港と比べてしまうところは少しある	感じなかった	特になし	8	小松うどんが美味しかった。	機会があれば行きたい	地酒や鮨、のどぐろがとても美味しいのでまた楽しみたい。	女	1991	北海道	中央区	700万円以上 800万円未満	景品が当たる, なんとなく	満足	8	小松弥助が味も接客も良かった。茶屋街も趣があってまた行きたい。近江市場は活気があった。
加賀エリア	ピーノ	2026/10/04	同意する	日帰り	石川県内には宿泊しない	石川県内には宿泊しない	石川県外には泊まらない	夫婦2人	お祭りやイベントへの参加・見物	県外から訪れていない（石川県内在住）	自家用車			使わない	1,000円以上 3,000円未満	1,000円未満	11回目以上	インターネット・アプリ	選択なし/該当施設なし	松任図書館	選択なし／該当施設なし		1,000円未満	満足	前に知ってる時よりきれいになってた	満足	整備されてた	感じた	駐車場	7		石川県在住	なんでも美味しい	男	1951	石川県	白山市	200万円以上 300万円未満		満足	8	美味しい食べ物
加賀エリア	小松空港	2026/10/04	同意する	日帰り	石川県内には宿泊しない	石川県内には宿泊しない	石川県外には泊まらない	自分ひとり	名所、旧跡の観光	新幹線, 飛行機	路線バス			使わない	3,000円以上 5,000円未満	30,000円以上 40,000円未満	2～5回目	Instagram	選択なし/該当施設なし	白山比売神社	選択なし／該当施設なし		1,000円以上 3,000円未満	満足	トイレがきれい	満足	買い物しやすい	感じなかった		9		また行きたい（1年以内）	特になし	男	1966	千葉県	市川市	900万円以上 1,000万円未満	景品が当たる	とても満足	10	
能登エリア	田の浦荘	2026/10/04	同意する	2泊	2泊	能登エリア （和倉温泉、七尾市、輪島市、珠洲市など）	石川県外には泊まらない	職場の同僚	地元の美味しいものを食べる, 出張など仕事関係	レンタカー, 新幹線	レンタカー	とても満足	非常に快適に来ることができました。疲労感も少なかったです。	10,000円以上 20,000円未満	20,000円以上 30,000円未満	5,000円以上 10,000円未満	2～5回目	友人・知人	選択なし/該当施設なし	真脇遺跡公園に訪れたため	選択なし／該当施設なし	真脇遺跡公園に訪れるため	5,000円以上 10,000円未満	とても満足	目的を達成できたため	とても満足	目的を達成できたため	感じなかった		10		また行きたい（1年以内）	美味しい食事と綺麗な景色	女	2005	愛知県	春日井市	800万円以上 900万円未満	施設の方に教えていただいたため	とても満足	10	
能登エリア	田の浦荘	2026/10/04	同意する	2泊	2泊	能登エリア （和倉温泉、七尾市、輪島市、珠洲市など）	石川県外には泊まらない	職場の同僚	出張など仕事関係	新幹線	レンタカー	満足	駅前にレンタカーが多い	20,000円以上 30,000円未満	20,000円以上 30,000円未満	5,000円以上 10,000円未満	2～5回目	インターネット・アプリ	道の駅のとじま		選択なし／該当施設なし	真脇遺跡	1,000円以上 3,000円未満	満足	施設が綺麗だった	満足	風光明媚であった	感じなかった		10		機会があれば行きたい	特になし	女	1990	愛知県	名古屋市中村区	500万円以上 600万円未満	景品が当たる	満足	10	
能登エリア	民宿 海岸通り	2026/10/04	同意する	1泊	1泊	能登エリア （和倉温泉、七尾市、輪島市、珠洲市など）	岐阜県	職場の同僚	宿でのんびり過ごす, 温泉や露天風呂, お祭りやイベントへの参加・見物	自家用車	自家用車	とても満足	海が綺麗のんびり出来る景色が良いお刺身等食材が嬉しい	20,000円以上 30,000円未満	3,000円以上 5,000円未満	3,000円以上 5,000円未満	6～10回目	観光パンフレット・ポスター, インターネット・アプリ, 友人・知人	能登食祭市場		禄剛崎灯台		5,000円以上 10,000円未満	満足		満足		感じなかった		10	何もない	また行きたい（1年以内）	海鮮	女	1953	石川県	金沢市	300万円以上 400万円未満	景品が当たる	満足	10	温泉
能登エリア	田の浦荘	2026/10/04	同意する	2泊	2泊	能登エリア （和倉温泉、七尾市、輪島市、珠洲市など）	石川県外には泊まらない	団体旅行	出張など仕事関係	新幹線	レンタカー	満足	金沢駅前にレンタカー店が多い	20,000円以上 30,000円未満	20,000円以上 30,000円未満	5,000円以上 10,000円未満	2～5回目	観光連盟やDMOのHP, インターネット・アプリ, X(旧：Twitter)	道の駅のとじま		選択なし／該当施設なし	真脇遺跡	1,000円以上 3,000円未満	とても満足	施設が綺麗だった	とても満足	風光明媚であった	感じなかった		10		機会があれば行きたい	特になし	女	1990	愛知県	名古屋市中村区	500万円以上 600万円未満	景品が当たる	とても満足	10	自然の景観と昔ながらの街並みが綺麗であった。
能登エリア	のと鉄道（通常）	2026/10/04	同意する	3泊	1泊	能登エリア （和倉温泉、七尾市、輪島市、珠洲市など）	富山県	自分ひとり	お祭りやイベントへの参加・見物	夜行バス	路線バス	満足	バスの減便で、スケジュールが窮屈になった	5,000円以上 10,000円未満	5,000円以上 10,000円未満	5,000円以上 10,000円未満	11回目以上	観光展・物産展, 観光パンフレット・ポスター, インターネット・アプリ, Instagram, Facebook, 観光協会等の案内所	選択なし/該当施設なし	特になし	選択なし／該当施設なし	特になし	使わない	どちらでもない	開館時間前	どちらでもない	開館時間前	感じなかった		8		また行きたい（1年以内）	復興に頑張っていただいて、今までどおりの魅力ある石川県てあってくださいませ	男	1961	京都府	京都市	600万円以上 700万円未満	石川県の魅力向上に参考になるのならと	満足	9	人が親切・優しい、食べ物が美味しい
能登エリア	ホテルルートイン七尾駅東	2026/10/04	同意する	3泊	3泊	能登エリア （和倉温泉、七尾市、輪島市、珠洲市など）	石川県外には泊まらない	夫婦2人	地元の美味しいものを食べる, 名所、旧跡の観光, 復興応援	自家用車	自家用車			50,000円以上 100,000円未満	5,000円以上 10,000円未満	20,000円以上 30,000円未満	2～5回目	インターネット・アプリ, ブログ	能登食祭市場		禄剛崎灯台		3,000円以上 5,000円未満	満足	能登の名産品が集まっていて興味深かった	満足	能登らしい風景に出会えた	感じなかった		10	能登の文化をこれからも発信し続けてください	機会があれば行きたい	流行りもんではなく、この土地ならではの文化を伝承していってほしい	女	1953	愛知県	岡崎市	300万円以上 400万円未満	景品が当たる, 石川県のおすすめ観光スポットが見たい, 石川県の雑学を知りたい	満足	10	能登らしさ　自然や文化が好き
能登エリア	のとじま水族館	2026/10/04	同意する	1泊	1泊	能登エリア （和倉温泉、七尾市、輪島市、珠洲市など）	岐阜県	親	テーマパーク（遊園地、動物園、博物館など）	自家用車	自家用車			5,000円以上 10,000円未満	5,000円以上 10,000円未満	20,000円以上 30,000円未満	2～5回目	X(旧：Twitter), 友人・知人	輪島朝市		のとじま水族館		10,000円以上 20,000円未満	とても満足	食事がおいしかったです。	とても満足	ジンベイザメを見ることができました。	感じた	移動時間が長時間になるため、会話の話題が無くなり同じ話を繰り返すのでつまらないと言われて悲しい。	10	無理を承知でジンベイザメをペアにして下さい。	また行きたい（1年以内）	一軍のプロ野球が見たいです。	女	2002	岐阜県	岐阜市	1,500万円以上	景品が当たる	とても満足	10	のとじま水族館が完全復活してると思います。
能登エリア	のとじま水族館	2026/10/04	同意する	日帰り	石川県内には宿泊しない	石川県内には宿泊しない	日帰りの為、宿泊しない	小学生以下連れの家族	地元の美味しいものを食べる, テーマパーク（遊園地、動物園、博物館など）	自家用車	自家用車			10,000円以上 20,000円未満	5,000円以上 10,000円未満	3,000円以上 5,000円未満	2～5回目	インターネット・アプリ	道の駅のとじま		能登食祭市場		1,000円以上 3,000円未満	満足		満足	ジンベイザメが再び観れた	感じなかった		9		また行きたい（1年以内）	特に無し	男	1978	富山県	富山市大泉東町	500万円以上 600万円未満	なんとなく	満足	8	
能登エリア	おくだや	2026/10/04	同意する	1泊	1泊	能登エリア （和倉温泉、七尾市、輪島市、珠洲市など）	石川県外には泊まらない	恋人	宿でのんびり過ごす, 温泉や露天風呂, テーマパーク（遊園地、動物園、博物館など）	自家用車	自家用車			10,000円以上 20,000円未満	5,000円以上 10,000円未満	10,000円以上 20,000円未満	初めて	インターネット・アプリ	選択なし/該当施設なし	富山市ガラス美術館	のとじま水族館		1,000円以上 3,000円未満	とても満足	一棟貸し、客室露天風呂	とても満足	真心ある接客、部屋のデザインの良さ	感じなかった		10	たまたまポケモン足湯のタオルが購入できたことが幸い	また行きたい（1年以内）	現代の暮らしに馴染む伝統工芸品が欲しい	女	1990	愛知県	名古屋市	400万円以上 500万円未満	景品が当たる	とても満足	10	渋滞や混雑のない旅ができた
能登エリア	和倉温泉-総湯-	2026/10/04	同意する	2泊	2泊	能登エリア （和倉温泉、七尾市、輪島市、珠洲市など）	石川県外には泊まらない	友人	宿でのんびり過ごす, 温泉や露天風呂, 地元の美味しいものを食べる, 買い物、アウトレット, まちあるき、都市散策, 友人・親戚を訪ねる	自家用車	自家用車			20,000円以上 30,000円未満	使わない	30,000円以上 40,000円未満	2～5回目	観光パンフレット・ポスター, 観光協会等の案内所	選択なし/該当施設なし	地元のスーパー	選択なし／該当施設なし	青林寺　瑞龍寺	1,000円未満	とても満足	手頃なお値段で温泉にゆっくりと入れて素敵	とても満足	ゆっくり落ち着いた空間	感じなかった		8		また行きたい（1年以内）	美味しいものがある	女	1970	愛知県	知多郡	300万円以上 400万円未満	景品が当たる, ひゃくまんさんが好き	とても満足	10	人 温泉 食べ物屋さん
能登エリア	のとじま水族館	2026/10/04	同意する	日帰り	石川県内には宿泊しない	石川県内には宿泊しない	石川県外には泊まらない	夫婦2人	テーマパーク（遊園地、動物園、博物館など）	自家用車	自家用車			使わない	使わない	1,000円以上 3,000円未満	2～5回目	何度も行きたくなるところだから	のとじま水族館		選択なし／該当施設なし		3,000円以上 5,000円未満	どちらでもない		満足	何か楽しくなる	感じなかった		10		また行きたい（1年以内）	特になし	男	1972	福井県	越前市	1,500万円以上	景品が当たる	満足	10	地元から近くで遊べる
能登エリア	のとじま水族館	2026/10/04	同意する	日帰り	石川県内には宿泊しない	石川県内には宿泊しない	富山県	親	ドライブ・ツーリング, のとじま水族館	自家用車	自家用車			使わない	3,000円以上 5,000円未満	3,000円以上 5,000円未満	11回目以上	TV・ラジオ番組やCM, インターネット・アプリ	選択なし/該当施設なし	和倉温泉	能登食祭市場		10,000円以上 20,000円未満	満足	能登地震からの復刻支援がとても良い	とても満足	ジンベイザメの復活がとても嬉しい	感じなかった		10	お土産など面白かったので次は友人や恋人と行きたいと思ってます	また行きたい（1年以内）	とくになし	男	2002	富山県	富山市	600万円以上 700万円未満	景品が当たる	とても満足	10	のとじま水族館がとてもいいのでぜひ行くべき！
能登エリア	おくだや	2026/10/04	同意する	1泊	1泊	能登エリア （和倉温泉、七尾市、輪島市、珠洲市など）	石川県外には泊まらない	夫婦2人	宿でのんびり過ごす, 温泉や露天風呂, 地元の美味しいものを食べる, 出張など仕事関係	自家用車	自家用車			10,000円以上 20,000円未満	10,000円以上 20,000円未満	20,000円以上 30,000円未満	初めて	インターネット・アプリ	選択なし/該当施設なし	金沢　ひがし茶屋街	選択なし／該当施設なし	能登島ガラス美術館	1,000円未満	満足	分かりやすい説明と展示	満足	モダンな施設と展示区分	感じなかった		7	施設内にみやげ店を併設	機会があれば行きたい	石川県の特色を生かした食事	男	1964	兵庫県	丹波市	400万円以上 500万円未満	景品が当たる	どちらでもない	6	金沢ひがし茶屋街の街並みと各種店舗
能登エリア	ホテルルートイン輪島	2026/10/04	同意する	2泊	2泊	能登エリア （和倉温泉、七尾市、輪島市、珠洲市など）	石川県外には泊まらない	自分ひとり	名所、旧跡の観光	新幹線	路線バス	どちらでもない	接続がなかなか難しい	40,000円以上 50,000円未満	30,000円以上 40,000円未満	10,000円以上 20,000円未満	6～10回目	新聞・雑誌・ガイドブック, 観光パンフレット・ポスター, 観光協会等の案内所	選択なし/該当施設なし	穴水　珠洲	選択なし／該当施設なし		10,000円以上 20,000円未満	どちらでもない		満足		感じた	バス停から少し歩く	7		また行きたい（1年以内）	見どころは沢山あるが、混雑している。事前予約ばかりで気軽に観光が難しい。	女	1969	茨城県	日立市	500万円以上 600万円未満	なんとなく	どちらでもない	8	
能登エリア	のとじま水族館	2026/10/04	同意する	日帰り	石川県内には宿泊しない	石川県内には宿泊しない	石川県外には泊まらない	夫婦2人	テーマパーク（遊園地、動物園、博物館など）	自家用車	自家用車			使わない	5,000円以上 10,000円未満	5,000円以上 10,000円未満	2～5回目	インターネット・アプリ, X(旧：Twitter)	選択なし/該当施設なし		道の駅のとじま		1,000円以上 3,000円未満	満足	ジンベエザメに再びあえたため。	とても満足	復活おめでとうございます！	感じなかった		8		機会があれば行きたい	特になし	女	1993	大阪府	高槻市	1,200万円以上 1,500万円未満	景品が当たる	満足	8	
能登エリア	のとじま水族館	2026/10/04	同意する	日帰り	石川県内には宿泊しない	石川県内には宿泊しない	富山県	友人	テーマパーク（遊園地、動物園、博物館など）	自家用車	自家用車	とても満足	車でアクセスしやすい	1,000円以上 3,000円未満	1,000円以上 3,000円未満	3,000円以上 5,000円未満	2～5回目	友人・知人	能登食祭市場		選択なし／該当施設なし		1,000円以上 3,000円未満	とても満足	ジンベイザメ	とても満足		感じなかった		9		また行きたい（1年以内）	特になし	女	2002	富山県	富山市	200万円以上 300万円未満	景品が当たる	とても満足	10	
能登エリア	コスモアイル羽咋	2026/10/04	同意する	日帰り	石川県内には宿泊しない	加賀エリア （山代温泉、山中温泉、片山津温泉、粟津温泉、辰口温泉、加賀市、小松市など）	岐阜県	友人	地元の美味しいものを食べる, 名所、旧跡の観光, 買い物、アウトレット	旅行会社ツアーバス	旅行会社ツアーバス	満足	どこも楽しかった	5,000円以上 10,000円未満	3,000円以上 5,000円未満	5,000円以上 10,000円未満	初めて	新聞・雑誌・ガイドブック	千里浜なぎさドライブウェイ		千里浜なぎさドライブウェイ		1,000円以上 3,000円未満	満足	以外と楽しめた	どちらでもない	古かった	感じなかった		7		どちらともいえない	ゆっくりきたいです	女	1972	愛知県	日進市	200万円以上 300万円未満	石川県のおすすめ観光スポットが見たい	満足	8	
能登エリア	海舟	2026/10/04	同意する	2泊	2泊	能登エリア （和倉温泉、七尾市、輪島市、珠洲市など）	石川県外には泊まらない	夫婦2人	温泉や露天風呂, 地元の美味しいものを食べる	在来線, 旅行会社ツアーバス	旅行会社ツアーバス	満足	時間通りに動けた	20,000円以上 30,000円未満	20,000円以上 30,000円未満	20,000円以上 30,000円未満	初めて	観光パンフレット・ポスター, インターネット・アプリ	千里浜なぎさドライブウェイ	巌門クルーズ	選択なし／該当施設なし		3,000円以上 5,000円未満	とても満足	景色良くて料理も美味しかった	とても満足	海が見えて良かった	感じなかった		9	食事も美味しく雰囲気も良かった	機会があれば行きたい	海産物、農産物も美味しいのでいい訪問することで復興の手助けをしたい	男	1957	奈良県	奈良市	600万円以上 700万円未満	景品が当たる	満足	9	子どもたち 復興の手助けとなるから
能登エリア	コスモアイル羽咋	2026/10/04	同意する	2泊	2泊	金沢エリア  （湯涌温泉、深谷温泉、犀川温泉など）	石川県外には泊まらない	恋人	温泉や露天風呂, 名所、旧跡の観光	レンタカー, 新幹線	レンタカー	満足	交通の便利さ	10,000円以上 20,000円未満	10,000円以上 20,000円未満	10,000円以上 20,000円未満	初めて	新聞・雑誌・ガイドブック, 友人・知人	道の駅のとじま		選択なし／該当施設なし	気多大社	3,000円以上 5,000円未満	満足	ここならではのものが買えた	とても満足	宇宙のことが好きだから	感じなかった		10	施設ならではのものがもっと増えてもいい	機会があれば行きたい	限定品があれば	男	1985	東京都	台東区	500万円以上 600万円未満	景品が当たる	とても満足	10	動きやすい
能登エリア	コスモアイル羽咋	2026/10/04	同意する	2泊	2泊	金沢エリア  （湯涌温泉、深谷温泉、犀川温泉など）	石川県外には泊まらない	恋人	地元の美味しいものを食べる, 花見や紅葉などの自然鑑賞, 名所、旧跡の観光, まちあるき、都市散策	新幹線	レンタカー	満足	駐車場にスムーズに停められた	50,000円以上 100,000円未満	40,000円以上 50,000円未満	30,000円以上 40,000円未満	初めて	新聞・雑誌・ガイドブック, インターネット・アプリ, 友人・知人, 観光協会等の案内所	千里浜なぎさドライブウェイ		選択なし／該当施設なし	氣多大社	5,000円以上 10,000円未満	満足	物販の商品が可愛くて買ってしまった	満足	展示の映像コンテンツが良かった	感じなかった		8		また行きたい（1年以内）	特になし	女	1988	東京都	足立区	700万円以上 800万円未満	景品が当たる	満足	8	コンパクトにまとまっていて観光しやすい
能登エリア	能登KNOT, LABO & Gallery	2026/10/04	同意する	4泊以上	4泊以上	能登エリア （和倉温泉、七尾市、輪島市、珠洲市など）	石川県外には泊まらない	自分ひとり	地元の美味しいものを食べる, 花見や紅葉などの自然鑑賞, 名所、旧跡の観光, お祭りやイベントへの参加・見物, まちあるき、都市散策, ドライブ・ツーリング, 出張など仕事関係	自家用車	タクシー, 路線バス			50,000円以上 100,000円未満	50,000円以上 100,000円未満	50,000円以上 100,000円未満	初めて	新聞・雑誌・ガイドブック, 観光パンフレット・ポスター, インターネット・アプリ	能登食祭市場		のとじま水族館		3,000円以上 5,000円未満	満足		満足		感じた	交通の便	3		機会があれば行きたい	里海里山の恵みを生かした食事や体験がもっとできると良いと思います	男	1977	愛知県	東海市	700万円以上 800万円未満	景品が当たる	満足	5	
能登エリア	のとじま水族館	2026/10/04	同意する	日帰り	1泊	能登エリア （和倉温泉、七尾市、輪島市、珠洲市など）	石川県外には泊まらない	恋人	地元の美味しいものを食べる	自家用車	自家用車			10,000円以上 20,000円未満	10,000円以上 20,000円未満	10,000円以上 20,000円未満	11回目以上	観光展・物産展, 新聞・雑誌・ガイドブック, インターネット・アプリ, 友人・知人	のとじま水族館		能登食祭市場		5,000円以上 10,000円未満	とても満足	楽しく過ごせたから。	とても満足	楽しく過ごせたから。	感じなかった		8	人形がかわいい	石川県在住	特にない	女	1998	石川県	かほく市	400万円以上 500万円未満	景品が当たる, ひゃくまんさんが好き, 石川県のおすすめ観光スポットが見たい	とても満足	10	のとじま水族館
能登エリア	のとじま水族館	2026/10/04	同意する	日帰り	石川県内には宿泊しない	石川県内には宿泊しない	石川県外には泊まらない	小学生以下連れの家族	テーマパーク（遊園地、動物園、博物館など）	自家用車	自家用車			使わない	使わない	1,000円以上 3,000円未満	11回目以上	Instagram	選択なし/該当施設なし		道の駅のとじま		1,000円以上 3,000円未満	とても満足	子供も大人も楽しめた	とても満足	見応えあった	感じなかった		10	もっとオリジナルグッズを増やして欲しい	また行きたい（1年以内）	特になし	女	1987	石川県	金沢市	300万円以上 400万円未満	景品が当たる	とても満足	10	楽しめる場所が多いから
能登エリア	のとじま水族館	2026/10/04	同意する	日帰り	石川県内には宿泊しない	石川県内には宿泊しない	石川県外には泊まらない	小学生以下連れの家族	地元の美味しいものを食べる, テーマパーク（遊園地、動物園、博物館など）	自家用車	自家用車			使わない	使わない	5,000円以上 10,000円未満	2～5回目	TV・ラジオ番組やCM, X(旧：Twitter), Instagram, Facebook	選択なし/該当施設なし		能登食祭市場		1,000円以上 3,000円未満	とても満足	美味しかった為	とても満足		感じなかった		10		また行きたい（1年以内）	特にありません	男	1984	富山県	富山市	500万円以上 600万円未満	景品が当たる	とても満足	10	
能登エリア	道の駅輪島	2026/10/04	同意する	日帰り	石川県内には宿泊しない	石川県内には宿泊しない	石川県外には泊まらない	小学生以下連れの家族	ポケモンスタンプ集め	自家用車	自家用車	とても満足	家からアクセスしやすい	使わない	1,000円未満	1,000円以上 3,000円未満	初めて	ポケモンスタンプの冊子	のとじま水族館		選択なし／該当施設なし	道の駅すずなり	1,000円未満	とても満足	お店も多く楽しかった	とても満足	施設がきれいだった	感じなかった		10		また行きたい（1年以内）	飲食店がもっと増えると嬉しい	女	1991	石川県	加賀市	1,000万円以上 1,200万円未満	景品が当たる	とても満足	10	能登島水族館
能登エリア	おくだや	2026/10/04	同意する	1泊	1泊	能登エリア （和倉温泉、七尾市、輪島市、珠洲市など）	石川県外には泊まらない	小学生以下連れの家族	宿でのんびり過ごす, 温泉や露天風呂	自家用車	自家用車			30,000円以上 40,000円未満	3,000円以上 5,000円未満	10,000円以上 20,000円未満	初めて	TV・ラジオ番組やCM, インターネット・アプリ	選択なし/該当施設なし	能登ミルク	のとじま水族館		使わない	とても満足	施設が新しくとても綺麗なこと。	とても満足	上記に加え、チェックイン時の対応も良かった。	感じなかった		8		石川県在住	特になし	女	1998	石川県	金沢市	500万円以上 600万円未満	景品が当たる	とても満足	10	
金沢エリア	金沢港クルーズターミナル	2026/10/04	同意する	日帰り	4泊以上	金沢エリア  （湯涌温泉、深谷温泉、犀川温泉など）	石川県外には泊まらない	自分ひとり	地元の美味しいものを食べる, 花見や紅葉などの自然鑑賞, 名所、旧跡の観光, 買い物、アウトレット, まちあるき、都市散策	自家用車	自家用車			10,000円以上 20,000円未満	1,000円未満	5,000円以上 10,000円未満	初めて	新聞・雑誌・ガイドブック	ひがし茶屋街	大野町	選択なし/該当施設なし	金沢海みらい図書館、金沢港いきいき魚市	3,000円以上 5,000円未満	満足	充電設備を準備してほしい	満足		感じた	充電設備を準備してほしい	5		機会があれば行きたい	特に無し	男	1975	愛知県	岡崎市	400万円以上 500万円未満	ひゃくまんさんが好き	満足	7	
金沢エリア	石川県観光物産館	2026/10/04	同意する	2泊	2泊	金沢エリア  （湯涌温泉、深谷温泉、犀川温泉など）	石川県外には泊まらない	友人	宿でのんびり過ごす, 地元の美味しいものを食べる, まちあるき、都市散策	新幹線	タクシー, 徒歩	満足	親切に対応してくれました。	40,000円以上 50,000円未満	20,000円以上 30,000円未満	30,000円以上 40,000円未満	初めて	インターネット・アプリ	ひがし茶屋街		選択なし/該当施設なし	西茶屋　賛否両論	1,000円以上 3,000円未満	どちらでもない		どちらでもない		感じなかった		5		また行きたい（1年以内）	特になし	女	1971	千葉県	市原市	800万円以上 900万円未満	景品が当たる	満足	8	海鮮
金沢エリア	加賀友禅会館（加賀友禅ミュージアムそめりあ）	2026/10/04	同意する	1泊	1泊	加賀エリア （山代温泉、山中温泉、片山津温泉、粟津温泉、辰口温泉、加賀市、小松市など）	石川県外には泊まらない	妹と自分の子供1人	温泉や露天風呂, 名所、旧跡の観光, スポーツ観戦や芸術鑑賞（コンサート等）	自家用車	自家用車			10,000円以上 20,000円未満	3,000円以上 5,000円未満	5,000円以上 10,000円未満	初めて	インターネット・アプリ	選択なし/該当施設なし	山代温泉	ひがし茶屋街		1,000円未満	満足	良い作品を見ることができて満足	不満	展示が意外に少なかったので。	感じなかった		3		また行きたい（1年以内）	価格帯はこのままで…	女	1992	京都府	京都市	1,200万円以上 1,500万円未満	景品が当たる	満足	8	
金沢エリア	KOKOHOTEL Premier 金沢香林坊	2026/10/04	同意する	1泊	1泊	金沢エリア  （湯涌温泉、深谷温泉、犀川温泉など）	石川県外には泊まらない	自分ひとり	地元の美味しいものを食べる, 名所、旧跡の観光, まちあるき、都市散策	飛行機	路線バス	とても満足	便の量に多少があるが、乗れるので便利で嬉しい	10,000円以上 20,000円未満	10,000円以上 20,000円未満	20,000円以上 30,000円未満	初めて	インターネット・アプリ, 旅行会社のサイト	選択なし/該当施設なし	初めての金沢旅	近江町市場		5,000円以上 10,000円未満	満足	お店により対応が違っていた。くじ引きがあと2枚でキリが良かったが最後に入ったお店はくれなかった。	満足	お店により対応が違っていた。くじ引きがあと2枚でキリが良かったが最後に入ったお店はくれなかった。	感じた	お店により対応が違っていた。くじ引きがあと2枚でキリが良かったが最後に入ったお店はくれなかった。	8	大口水産さんはせっかくのキャンペーンなのでまた買い物して貯めて下さいね！とにこやかだったがまるこう商店はキャンペーンなんてって感じでレジ横にあったチケットはもらえなかった。	また行きたい（1年以内）	金沢おでんはお店回ったが混んでいて中々入れなかった。	女	1964	東京都	品川区	400万円以上 500万円未満	景品が当たる, 石川県のおすすめ観光スポットが見たい, 石川県の雑学を知りたい	満足	9	とても良いところ！お天気が良かったら最高ですね！
金沢エリア	KOKOHOTEL Premier 金沢香林坊	2026/10/04	同意する	1泊	1泊	金沢エリア  （湯涌温泉、深谷温泉、犀川温泉など）	福井県	夫婦2人	地元の美味しいものを食べる, スポーツ観戦や芸術鑑賞（コンサート等）	新幹線	徒歩			10,000円以上 20,000円未満	20,000円以上 30,000円未満	20,000円以上 30,000円未満	2～5回目	X(旧：Twitter), Instagram, Facebook	兼六園		ひがし茶屋街		10,000円以上 20,000円未満	とても満足		とても満足	綺麗	感じなかった		7		また行きたい（1年以内）	魚	男	1970	栃木県	野木町	800万円以上 900万円未満	景品が当たる	とても満足	9	
金沢エリア	KOKOHOTEL Premier 金沢香林坊	2026/10/04	同意する	1泊	1泊	金沢エリア  （湯涌温泉、深谷温泉、犀川温泉など）	石川県外には泊まらない	夫婦2人	スポーツ観戦や芸術鑑賞（コンサート等）	新幹線	徒歩			10,000円以上 20,000円未満	20,000円以上 30,000円未満	10,000円以上 20,000円未満	2～5回目	YouTube 	選択なし/該当施設なし	北國ホール	選択なし/該当施設なし	イキイキ市場	5,000円以上 10,000円未満	とても満足	毎度きている	とても満足	他より安くて美味しい	感じた	遠い	10	海鮮	また行きたい（1年以内）	北海道と同じくらい美味しいものたくさんあります	女	1975	栃木県	下都賀郡	800万円以上 900万円未満	景品が当たる	とても満足	10	食べ物が美味しい
加賀エリア	山代温泉　総湯	2026/10/04	同意する	1泊	1泊	加賀エリア （山代温泉、山中温泉、片山津温泉、粟津温泉、辰口温泉、加賀市、小松市など）	石川県外には泊まらない	親	温泉や露天風呂	自家用車	自家用車			3,000円以上 5,000円未満	3,000円以上 5,000円未満	使わない	初めて	インターネット・アプリ	那谷寺		選択なし／該当施設なし		1,000円以上 3,000円未満	満足	おいしそうだった	満足	静かでよかった	感じなかった		10		また行きたい（1年以内）	特になし	女	1995	富山県	高岡市	200万円以上 300万円未満	景品が当たる	満足	9	しずかで良かった 綺麗だった
加賀エリア	トレインパーク白山	2026/10/04	同意する	日帰り	石川県内には宿泊しない	石川県内には宿泊しない	福井県	小学生以下連れの家族	テーマパーク（遊園地、動物園、博物館など）	自家用車	自家用車	とても満足	子供がとても喜んでいた	30,000円以上 40,000円未満	5,000円以上 10,000円未満	5,000円以上 10,000円未満	初めて	友人・知人	選択なし/該当施設なし		選択なし／該当施設なし		5,000円以上 10,000円未満	とても満足	子どもが喜んでいた	とても満足	子どもが喜んでいた	感じなかった		10	新幹線の服が可愛かった	また行きたい（1年以内）	特になし	女	1989	福井県	福井市	1,000万円以上 1,200万円未満	景品が当たる	満足	7	
加賀エリア	昭和湯治の宿 緑華苑	2026/10/04	同意する	日帰り	石川県内には宿泊しない	石川県内には宿泊しない	石川県外には泊まらない	夫婦2人	温泉や露天風呂	自家用車	自家用車			使わない	3,000円以上 5,000円未満	1,000円未満	初めて	新聞・雑誌・ガイドブック	木場潟公園		ゆのくにの森		5,000円以上 10,000円未満	満足	色々な体験が出来るから	満足	楽しいから	感じなかった		8		また行きたい（1年以内）	うどんの出汁を含め料理の味が良い	女	1968	石川県	内灘町	600万円以上 700万円未満	景品が当たる	満足	8	温泉が沢山ある　
加賀エリア	昭和湯治の宿 緑華苑	2026/10/04	同意する	日帰り	石川県内には宿泊しない	白山エリア （一里野温泉、白峰温泉、白山市など）	岐阜県	夫婦2人	温泉や露天風呂	自家用車	自家用車		温泉の質がいい	10,000円以上 20,000円未満	5,000円以上 10,000円未満	5,000円以上 10,000円未満	初めて	新聞・雑誌・ガイドブック	選択なし/該当施設なし		選択なし／該当施設なし	何処にもよらない	1,000円未満	満足	接客が優しい	満足	落ち着いた雰囲気がいい	感じた	お風呂のトイレがウォレットではないのが残念	1		どちらともいえない	なし	男	1965	石川県	河北郡内灘町	500万円以上 600万円未満	景品が当たる	満足	2	優しさ
加賀エリア	北陸自動車道　尼御前ＳＡ（上り）	2026/10/04	同意する	2泊	石川県内には宿泊しない	石川県内には宿泊しない	長野県	親	地元の美味しいものを食べる	自家用車	自家用車			使わない	3,000円以上 5,000円未満	使わない	2～5回目	インターネット・アプリ	選択なし/該当施設なし		選択なし／該当施設なし		1,000円以上 3,000円未満	満足	飲食したが、美味しかったから	満足	清潔で使いやすかったから	感じなかった		8	あおさ塩ラーメンを食べましたがとても美味しかったです	また行きたい（1年以内）	海鮮、地酒、和菓子	女	1971	鳥取県	米子市	800万円以上 900万円未満	なんとなく	満足	10	今回は通過の際立ち寄っただけですが、石川県には何度も訪れていてとてもいいところなので、是非色んな人に薦めたいです
加賀エリア	トレインパーク白山	2026/10/04	同意する	日帰り	石川県内には宿泊しない	石川県内には宿泊しない	石川県外には泊まらない	夫婦2人	ドライブ・ツーリング	県外から訪れていない（石川県内在住）	自家用車			使わない	1,000円以上 3,000円未満	1,000円未満	初めて	TV・ラジオ番組やCM	選択なし/該当施設なし		選択なし／該当施設なし	せせらぎの湯	1,000円未満	とても満足	子ども向けかと思ったけど、楽しめた。整備施設がある事を知らなかった。	とても満足	新幹線が通るのを見れたり、工夫がされていると思った。	感じなかった		10	整備施設の見学が良かった。	また行きたい（1年以内）	中心街ではなくて、郊外にいろいろ行きたい。	女	1971	石川県	金沢市	900万円以上 1,000万円未満	景品が当たる	とても満足	10	トレインパーク白山
加賀エリア	ゆのくに天祥	2026/10/04	同意する	1泊	1泊	加賀エリア （山代温泉、山中温泉、片山津温泉、粟津温泉、辰口温泉、加賀市、小松市など）	富山県	団体旅行	温泉や露天風呂, 名所、旧跡の観光	飛行機, 旅行会社ツアーバス	旅行会社ツアーバス	とても満足	ホテル目の前に駐車場がある	10,000円以上 20,000円未満	5,000円以上 10,000円未満	50,000円以上 100,000円未満	初めて	友人・知人	選択なし/該当施設なし	千里浜なぎさドライブウェイからホテルに向かった	選択なし／該当施設なし	永平寺にいくため	10,000円以上 20,000円未満	とても満足	スタッフの対応もよいし、ロビーでのサービスも豊富で天気が悪くてもホテル内で楽しめた。	とても満足	スタッフの対応もよいし食事も美味しかった。	感じなかった		10	温泉卵づくりも特別感があってよかった。	また行きたい（1年以内）	ポケモンとのタイアップがもっと増えると嬉しい。小松空港でもあると嬉しい。	女	1994	沖縄県	うるま市	200万円以上 300万円未満	景品が当たる, 石川県のおすすめ観光スポットが見たい, 石川県の雑学を知りたい, ポケモンコラボをもっと増やしてほしい	満足	10	食事がとにかく何を食べてもおいしい。お土産も魅力的。
加賀エリア	小松空港	2026/10/04	同意する	2泊	2泊	金沢エリア  （湯涌温泉、深谷温泉、犀川温泉など）	石川県外には泊まらない	友人	地元の美味しいものを食べる, 花見や紅葉などの自然鑑賞, 名所、旧跡の観光, テーマパーク（遊園地、動物園、博物館など）, まちあるき、都市散策, ドライブ・ツーリング	飛行機	路線バス	どちらでもない		10,000円以上 20,000円未満	20,000円以上 30,000円未満	30,000円以上 40,000円未満	2～5回目	観光展・物産展, 観光パンフレット・ポスター, インターネット・アプリ, Instagram, 友人・知人	選択なし/該当施設なし		選択なし／該当施設なし		3,000円以上 5,000円未満	満足		満足		感じた	飲食店が最終便より前に閉まってしまって残念	6		機会があれば行きたい	輪島の方面に行きましたが、暫定2車線や交互通行の道路が多いため、道路面での復興・建設に重点を置いていただきたいです。とてもいいところでした。	男	2001	北海道	白石区	500万円以上 600万円未満	景品が当たる, なんとなく	満足	8	
加賀エリア	大江戸温泉物語Premium 山下家	2026/10/04	同意する	1泊	1泊	加賀エリア （山代温泉、山中温泉、片山津温泉、粟津温泉、辰口温泉、加賀市、小松市など）	石川県外には泊まらない	夫婦2人	温泉や露天風呂, 地元の美味しいものを食べる, 名所、旧跡の観光	自家用車	自家用車			30,000円以上 40,000円未満	10,000円以上 20,000円未満	10,000円以上 20,000円未満	初めて	観光パンフレット・ポスター, インターネット・アプリ	選択なし/該当施設なし	金沢城	選択なし／該当施設なし		20,000円以上 30,000円未満	満足	お部屋	満足	露天風呂	感じた	エレベーター	6		また行きたい（1年以内）	とくになし	女	1971	愛知県	稲沢市	500万円以上 600万円未満	景品が当たる	とても満足	10	駐車場代が安い食事がおいしい
能登エリア	のとじま水族館	2026/10/04	同意する	1泊	1泊	能登エリア （和倉温泉、七尾市、輪島市、珠洲市など）	石川県外には泊まらない	小学生以下連れの家族	アウトドア（海水浴、釣り、登山など）	県外から訪れていない（石川県内在住）	自家用車	とても満足	景色が素晴らしい	5,000円以上 10,000円未満	1,000円以上 3,000円未満	5,000円以上 10,000円未満	11回目以上	インターネット・アプリ	道の駅のとじま	ひょっこり温泉	選択なし／該当施設なし	帰宅	1,000円以上 3,000円未満	とても満足	楽しい	満足	食事をする場所が少ない	感じなかった		10	特になし	石川県在住	特になし	女	1961	石川県	金沢市横山町	900万円以上 1,000万円未満	景品が当たる	とても満足	10	景色が素晴らしい
能登エリア	おくだや	2026/10/04	同意する	1泊	1泊	能登エリア （和倉温泉、七尾市、輪島市、珠洲市など）	石川県外には泊まらない	小学生以下連れの家族	宿でのんびり過ごす	自家用車	自家用車			50,000円以上 100,000円未満	20,000円以上 30,000円未満	50,000円以上 100,000円未満	初めて	インターネット・アプリ	のとじま水族館		のとじま水族館		30,000円以上 40,000円未満	とても満足	スタッフの丁寧さ、宿の清潔さ	とても満足		感じなかった		10		また行きたい（1年以内）	水族館	女	1989	滋賀県	彦根市	800万円以上 900万円未満	景品が当たる	とても満足	10	
能登エリア	コスモアイル羽咋	2026/10/04	同意する	1泊	1泊	金沢エリア  （湯涌温泉、深谷温泉、犀川温泉など）	石川県外には泊まらない	夫婦2人	お祭りやイベントへの参加・見物	自家用車	自家用車			10,000円以上 20,000円未満	10,000円以上 20,000円未満	10,000円以上 20,000円未満	初めて	観光展・物産展	千里浜なぎさドライブウェイ		千里浜なぎさドライブウェイ		1,000円以上 3,000円未満	満足	九谷焼のガチャ	満足	九谷焼のガチャ	感じなかった		8		機会があれば行きたい	特になし	男	1980	山梨県	甲府市	1,000万円以上 1,200万円未満	景品が当たる	満足	8	千里浜が良かった
能登エリア	ホテル海望	2026/10/04	同意する	1泊	石川県内には宿泊しない	能登エリア （和倉温泉、七尾市、輪島市、珠洲市など）	石川県外には泊まらない	自分ひとり	宿でのんびり過ごす, 温泉や露天風呂, 地元の美味しいものを食べる	新幹線, 飛行機	在来線, 徒歩	満足	地元感を感じられたから	10,000円以上 20,000円未満	30,000円以上 40,000円未満	20,000円以上 30,000円未満	初めて	インターネット・アプリ	選択なし/該当施設なし	のと里山空港	のとじま水族館		5,000円以上 10,000円未満	満足	水族館が好きだから	満足	復興を応援したいから	感じなかった		8	飲食の場所が増えるとよい	機会があれば行きたい	美味しい！	女	1973	神奈川県	相模原市	1,000万円以上 1,200万円未満	景品が当たる	満足	8	復興の頑張りを応援したいところ
能登エリア	のとじま水族館	2026/10/04	同意する	2泊	2泊	金沢エリア  （湯涌温泉、深谷温泉、犀川温泉など）	石川県外には泊まらない	恋人	地元の美味しいものを食べる, 名所、旧跡の観光, テーマパーク（遊園地、動物園、博物館など）, まちあるき、都市散策	新幹線	レンタカー	どちらでもない	電車で行けるとなおよし！	5,000円以上 10,000円未満	40,000円以上 50,000円未満	10,000円以上 20,000円未満	初めて	サプライズでした！	千里浜なぎさドライブウェイ		道の駅のとじま		3,000円以上 5,000円未満	とても満足	本当に楽しい最高でした！	とても満足	ジンベイザメを上から見れるなんて！最高です！	感じなかった		10		また行きたい（1年以内）	石川県はどんどん魚食べたいです！	男	2000	東京都	大田区	300万円以上 400万円未満	景品が当たる	とても満足	10	ご飯美味しい！観光名所行きやすい！綺麗！幸せでした！
金沢エリア	金沢中央観光案内所	2026/10/05	同意する	1泊	1泊	金沢エリア  （湯涌温泉、深谷温泉、犀川温泉など）	石川県外には泊まらない	友人	蓮ノ空の聖地巡礼とグルメ旅	自家用車	自家用車			5,000円以上 10,000円未満	5,000円以上 10,000円未満	10,000円以上 20,000円未満	11回目以上	インターネット・アプリ	ひがし茶屋街		兼六園		使わない	満足	施設がキレイだった	満足		感じなかった		9		また行きたい（1年以内）	海鮮を気軽に(リーズナブル)食べ歩きたい	男	1986	大阪府	大阪市	300万円以上 400万円未満	景品が当たる, ひゃくまんさんが好き	とても満足	10	食べ物が美味しい温泉もいろいろある最高
金沢エリア	だるまや旅館	2026/10/05	同意する	日帰り	石川県内には宿泊しない	石川県内には宿泊しない	岐阜県	恋人	地元の美味しいものを食べる, お祭りやイベントへの参加・見物	県外から訪れていない（石川県内在住）	自家用車	とても満足	ご飯も美味しくて人もいい！	5,000円以上 10,000円未満	1,000円以上 3,000円未満	3,000円以上 5,000円未満	2～5回目	Instagram, 友人・知人	ひがし茶屋街		近江町市場		3,000円以上 5,000円未満	とても満足	肉も魚も美味い！	とても満足	最高です！	感じなかった		10		また行きたい（1年以内）	寿司！	女	1997	石川県	白山市	200万円以上 300万円未満	ひゃくまんさんが好き, 石川県の雑学を知りたい	とても満足	10	
加賀エリア	ゆのくに天祥	2026/10/05	同意する	2泊	2泊	金沢エリア  （湯涌温泉、深谷温泉、犀川温泉など）	石川県外には泊まらない	団体旅行	地元の美味しいものを食べる, 名所、旧跡の観光	飛行機, 旅行会社ツアーバス	旅行会社ツアーバス	満足		50,000円以上 100,000円未満	30,000円以上 40,000円未満	30,000円以上 40,000円未満	初めて	インターネット・アプリ, Instagram, 観光協会等の案内所	選択なし/該当施設なし		選択なし／該当施設なし		5,000円以上 10,000円未満	満足		満足	ティシュペーパーと配布されるお水がなくもう少し。	感じなかった		6		機会があれば行きたい	お米とお酒が美味しかったです。お米も施設内で買えたら嬉しいです。	女	1999	熊本県	熊本市	200万円以上 300万円未満	景品が当たる, 石川県のおすすめ観光スポットが見たい	満足	7	
加賀エリア	いしかわ動物園	2026/10/05	同意する	1泊	1泊	金沢エリア  （湯涌温泉、深谷温泉、犀川温泉など）	石川県外には泊まらない	夫婦と友人２人	地元の美味しいものを食べる, 名所、旧跡の観光, テーマパーク（遊園地、動物園、博物館など）, 友人・親戚を訪ねる	自家用車	自家用車			10,000円以上 20,000円未満	10,000円以上 20,000円未満	10,000円以上 20,000円未満	2～5回目	新聞・雑誌・ガイドブック, 観光パンフレット・ポスター, インターネット・アプリ, X(旧：Twitter), Instagram	選択なし/該当施設なし	金沢駅、近江町市場、兼六園、ポケモンマンホール	選択なし／該当施設なし	この施設の後帰路	3,000円以上 5,000円未満	とても満足	動物たちが可愛く、飼育員も挨拶や解説をその都度してくれたため。	とても満足	施設はきれいに掃除されており、動物たちも幸せそうだったため。	感じなかった		9	もう少しお土産となるものを置いて欲しい。特にこの園オリジナルのお菓子など	また行きたい（1年以内）	美味しいお酒と肴	男	1997	静岡県	三島市	400万円以上 500万円未満	景品が当たる	満足	9	
加賀エリア	いしかわ動物園	2026/10/05	同意する	日帰り	石川県内には宿泊しない	石川県内には宿泊しない	福井県	小学生以下連れの家族	テーマパーク（遊園地、動物園、博物館など）	県外から訪れていない（石川県内在住）	自家用車	満足		3,000円以上 5,000円未満	5,000円以上 10,000円未満	3,000円以上 5,000円未満	2～5回目	インターネット・アプリ	選択なし/該当施設なし		選択なし／該当施設なし	辰口公園	1,000円以上 3,000円未満	満足	子どもたちのお土産も買えて満足	満足		感じなかった		9	子どもが喜ぶ可愛いお土産があってよかった。	機会があれば行きたい	特になし	女	1987	石川県	河北郡	300万円以上 400万円未満	景品が当たる	とても満足	9	
加賀エリア	山代温泉　古総湯	2026/10/05	同意する	1泊	1泊	加賀エリア （山代温泉、山中温泉、片山津温泉、粟津温泉、辰口温泉、加賀市、小松市など）	石川県外には泊まらない	友人	温泉や露天風呂, 地元の美味しいものを食べる, 名所、旧跡の観光	自家用車	自家用車			10,000円以上 20,000円未満	10,000円以上 20,000円未満	5,000円以上 10,000円未満	初めて	インターネット・アプリ	那谷寺		選択なし／該当施設なし		3,000円以上 5,000円未満	とても満足	山代温泉の魅力に取り憑かれた。	とても満足		感じなかった		10		また行きたい（1年以内）	日本酒、海産物に魅力を感じる。	男	1978	滋賀県	大津市	800万円以上 900万円未満	景品が当たる	とても満足	10	
加賀エリア	いしかわ動物園	2026/10/05	同意する	1泊	1泊	金沢エリア  （湯涌温泉、深谷温泉、犀川温泉など）	石川県外には泊まらない	小学生以下連れの家族	地元の美味しいものを食べる, 友人・親戚を訪ねる, いしかわ動物園	自家用車	自家用車			5,000円以上 10,000円未満	5,000円以上 10,000円未満	使わない	初めて	google map	選択なし/該当施設なし	石川県立図書館	選択なし／該当施設なし		1,000円未満	満足	購入を迷った商品を後刻ネット検索したところ、園内て購入していたら割高だったため。	とても満足	平日だったことありましたが、様々な角度から動物が見れるような設計であったため。	感じなかった		9		また行きたい（1年以内）	特になし	女	1987	兵庫県	宝塚市	1,000万円以上 1,200万円未満	ひゃくまんさんが好き	とても満足	9	海鮮がおいしい、動物園が見やすい。
加賀エリア	いしかわ動物園	2026/10/05	同意する	日帰り	石川県内には宿泊しない	石川県内には宿泊しない	石川県外には泊まらない	夫婦2人	テーマパーク（遊園地、動物園、博物館など）	自家用車	自家用車			使わない	5,000円以上 10,000円未満	10,000円以上 20,000円未満	2～5回目	友人・知人	選択なし/該当施設なし		選択なし／該当施設なし		3,000円以上 5,000円未満	とても満足	お気に入りの動物に出会える	とても満足	人が少なく思う存分好きな動物を観ることができる	感じなかった		10	もう少しオリジナルグッズの展開をしてほしい。推しの動物のグッズを沢山買いたいです	また行きたい（1年以内）	ご飯も美味しいので次はご飯も含めて旅行をしたい	男	1988	岐阜県	大垣市	600万円以上 700万円未満	景品が当たる	とても満足	10	いしかわ動物園　のんびりとまわれて癒される
能登エリア	ビジネスホテル　羽音碧々	2026/10/05	同意する	1泊	1泊	金沢エリア  （湯涌温泉、深谷温泉、犀川温泉など）	石川県外には泊まらない	自分ひとり	お祭りやイベントへの参加・見物	新幹線	徒歩			10,000円以上 20,000円未満	10,000円以上 20,000円未満	3,000円以上 5,000円未満	初めて	観光展・物産展	道の駅のとじま		選択なし／該当施設なし		3,000円以上 5,000円未満	とても満足	施設が綺麗だった	満足	綺麗だった	感じなかった		8		機会があれば行きたい	マラソン大会	男	1974	北海道	札幌市	1,200万円以上 1,500万円未満	景品が当たる	とても満足	8	景色
能登エリア	道の駅織姫の里なかのと	2026/10/05	同意する	4泊以上	4泊以上	能登エリア （和倉温泉、七尾市、輪島市、珠洲市など）	石川県外には泊まらない	自分ひとり	トキモニタリングボランティア	自家用車, カーフェリー	自家用車	とても満足	電車だと不便	40,000円以上 50,000円未満	40,000円以上 50,000円未満	40,000円以上 50,000円未満	初めて	友人・知人	千里浜なぎさドライブウェイ		選択なし／該当施設なし	休暇村能登千里浜	5,000円以上 10,000円未満	満足	お土産頼まれてたので揃って良かった	満足	トイレがキレイ	感じなかった		9	車じゃないと来れないのが道の駅。仕方無いけど電車で旅行の人には向かないし、車ならではお土産をポンポン積み込める。	機会があれば行きたい	能登牛食べてみたかった	女	1965	新潟県	佐渡市	100万円未満	なんとなく	満足	9	自然がある場所と都会な場所があって良いですね。
能登エリア	禄光旅館	2026/10/05	同意する	2泊	2泊	能登エリア （和倉温泉、七尾市、輪島市、珠洲市など）	石川県外には泊まらない	友人	温泉や露天風呂, 地元の美味しいものを食べる, 名所、旧跡の観光, キャラクターコンテンツとのコラボイベント（ラブライブ！、ポケモン）	夜行バス	自家用車			20,000円以上 30,000円未満	10,000円以上 20,000円未満	50,000円以上 100,000円未満	初めて	インターネット・アプリ	選択なし/該当施設なし	道の駅すずなり	禄剛崎灯台		10,000円以上 20,000円未満	満足		満足		感じなかった		9		また行きたい（1年以内）	海産物	男	1996	神奈川県	川崎市	500万円以上 600万円未満	なんとなく	とても満足	9	道の駅能登食祭市場　アクセスの良さと海鮮の選択肢の豊富さ
能登エリア	土とDISCO	2026/10/05	同意する	2泊	2泊	能登エリア （和倉温泉、七尾市、輪島市、珠洲市など）	石川県外には泊まらない	友人	温泉や露天風呂, 地元の美味しいものを食べる, 名所、旧跡の観光, お祭りやイベントへの参加・見物, まちあるき、都市散策	新幹線, 飛行機	レンタカー	満足		40,000円以上 50,000円未満	20,000円以上 30,000円未満	20,000円以上 30,000円未満	6～10回目	X(旧：Twitter), Instagram, 友人・知人	のとじま水族館		選択なし／該当施設なし		10,000円以上 20,000円未満	満足	オーナーとのふれあいと料理、古民家での宿泊を楽しむことができた	満足	同上	感じなかった		9		また行きたい（1年以内）	特になし	男	1993	神奈川県	横浜市	500万円以上 600万円未満	景品が当たる	とても満足	10	初めての能登旅行で想像以上の景色や体験ができたから
能登エリア	のとじま水族館	2026/10/05	同意する	日帰り	石川県内には宿泊しない	石川県内には宿泊しない	石川県外には泊まらない	小学生以下連れの家族	地元の美味しいものを食べる, テーマパーク（遊園地、動物園、博物館など）, ドライブ・ツーリング	県外から訪れていない（石川県内在住）	自家用車			使わない	1,000円以上 3,000円未満	5,000円以上 10,000円未満	2～5回目	TV・ラジオ番組やCM, インターネット・アプリ, X(旧：Twitter), Instagram	選択なし/該当施設なし	1番最初にこちらへ訪れたため	道の駅のとじま		3,000円以上 5,000円未満	満足	楽しかったです	満足	楽しかったです	感じなかった		8	くじ引きが好きですが、どれも欲しい!とはならなかったので引けなくて残念でした。お土産ショップが退場してからなのが少し残念でした	石川県在住	県外出身で詳しくは無いので海鮮のお店がどこがおすすめかもっとよく知りたい。	女	1986	石川県	小松市	400万円以上 500万円未満	景品が当たる	満足	7	自然豊かで人混みは殆ど無いこと
能登エリア	のとじま水族館	2026/10/05	同意する	1泊	石川県内には宿泊しない	能登エリア （和倉温泉、七尾市、輪島市、珠洲市など）	石川県外には泊まらない	自分ひとり	宿でのんびり過ごす, 温泉や露天風呂, 地元の美味しいものを食べる, テーマパーク（遊園地、動物園、博物館など）	新幹線, 飛行機	路線バス	不満	本数が少ない	10,000円以上 20,000円未満	5,000円以上 10,000円未満	10,000円以上 20,000円未満	初めて	インターネット・アプリ	選択なし/該当施設なし	和倉温泉	選択なし／該当施設なし		5,000円以上 10,000円未満	満足	ショーがたくさんある	満足	ショーがたくさんある	感じた	バスの本数が少ない	8	飲食店が少ない	機会があれば行きたい	気軽に食べられるところを増やしてほしい	女	1973	神奈川県	相模原市	1,000万円以上 1,200万円未満	景品が当たる	満足	8	復興頑張ってる
能登エリア	能登中島駅	2026/10/05	同意する	1泊	1泊	加賀エリア （山代温泉、山中温泉、片山津温泉、粟津温泉、辰口温泉、加賀市、小松市など）	福井県	友人	温泉や露天風呂, 地元の美味しいものを食べる, 買い物、アウトレット	旅行会社ツアーバス	旅行会社ツアーバス	とても満足	バスツアーだったので、快適でした。	20,000円以上 30,000円未満	10,000円以上 20,000円未満	3,000円以上 5,000円未満	初めて	インターネット・アプリ, 友人・知人	千里浜なぎさドライブウェイ		道の駅のとじま		3,000円以上 5,000円未満	どちらでもない	問題なく買い物できました。	満足	楽しかった。	感じなかった		10	良かったです。	また行きたい（1年以内）	特にない	女	1968	愛知県	名古屋市	400万円以上 500万円未満	景品が当たる	とても満足	10	食べ物が美味しかった。
能登エリア	能登中島駅	2026/10/05	同意する	1泊	1泊	加賀エリア （山代温泉、山中温泉、片山津温泉、粟津温泉、辰口温泉、加賀市、小松市など）	福井県	友人	温泉や露天風呂, 地元の美味しいものを食べる	バスツアー	旅行会社ツアーバス	とても満足	駅のめの前で下車	20,000円以上 30,000円未満	使わない	1,000円以上 3,000円未満	初めて	インターネット・アプリ	千里浜なぎさドライブウェイ		選択なし／該当施設なし		1,000円以上 3,000円未満	とても満足	レトロ感	とても満足	レトロ感	感じなかった		9		また行きたい（1年以内）	今のままで十分	女	1968	愛知県	木曽川街	1,200万円以上 1,500万円未満	景品が当たる, 石川県の雑学を知りたい	とても満足	9	街の方のあたたかさ
能登エリア	のとじま水族館	2026/10/05	同意する	2泊	2泊	金沢エリア  （湯涌温泉、深谷温泉、犀川温泉など）	石川県外には泊まらない	夫婦2人	出張など仕事関係	新幹線	路線バス			10,000円以上 20,000円未満	10,000円以上 20,000円未満	10,000円以上 20,000円未満	2～5回目	インターネット・アプリ	能登食祭市場		選択なし／該当施設なし		1,000円以上 3,000円未満	とても満足		とても満足	展示がきれいで見やすい	感じた	交通	9		また行きたい（1年以内）	魚介類の料理	男	1980	埼玉県	新座市	100万円以上 200万円未満	景品が当たる	とても満足	10	
金沢エリア	スーパーホテルPremier金沢駅東口	2026/10/05	同意する	1泊	1泊	金沢エリア  （湯涌温泉、深谷温泉、犀川温泉など）	石川県外には泊まらない	夫婦2人	地元の美味しいものを食べる, 名所、旧跡の観光	新幹線	路線バス, 徒歩	満足	suicaが使えないバスには戸惑った。	10,000円以上 20,000円未満	20,000円以上 30,000円未満	20,000円以上 30,000円未満	初めて	インターネット・アプリ	兼六園		金沢21世紀美術館		1,000円以上 3,000円未満	満足	定番だから	満足	少し行きづらい	感じなかった		10	施設がキレイ	機会があれば行きたい	今のままで満足	男	1986	群馬県	高崎市	900万円以上 1,000万円未満	景品が当たる	とても満足	10	図書館良かったです
金沢エリア	金沢城公園	2026/10/05	同意する	2泊	2泊	金沢エリア  （湯涌温泉、深谷温泉、犀川温泉など）	石川県外には泊まらない	友人	温泉や露天風呂, 地元の美味しいものを食べる, 名所、旧跡の観光, まちあるき、都市散策, ドライブ・ツーリング	自家用車	路線バス	満足	1日800円金沢町周遊バスは本数も多く、よかった。	20,000円以上 30,000円未満	20,000円以上 30,000円未満	10,000円以上 20,000円未満	初めて	観光パンフレット・ポスター, 観光協会等の案内所	兼六園		金沢21世紀美術館		1,000円以上 3,000円未満	とても満足	ランチの時間で、お寿司、お茶菓子、飲み物がセットになったランチがあり、食器やお盆が金沢らしくておしゃれな感じでよかった。	とても満足	お城の風景をみながら、ランチができてよかった。	感じなかった		10	ランチのお寿司、お菓子、飲み物のセット器やお盆も金沢らしくておしゃれな感じで美味しいかいただきました。	機会があれば行きたい	特になし	無回答	1963	千葉県	香取市	200万円以上 300万円未満	景品が当たる	とても満足	10	
金沢エリア	トリフィートホテル&ポッド金沢百万石通	2026/10/05	同意する	2泊	2泊	金沢エリア  （湯涌温泉、深谷温泉、犀川温泉など）	石川県外には泊まらない	自分ひとり	出張など仕事関係	新幹線, 高速バス	路線バス	満足	行きは名古屋から高速バス。時間はかかりますが、お安いので満足。帰りは東京まで新幹線ですが、新幹線が平日でも混みあっているのが残念。もう少し運行本数を増やしてほしい	5,000円以上 10,000円未満	30,000円以上 40,000円未満	5,000円以上 10,000円未満	11回目以上	観光パンフレット・ポスター, Instagram	尾山神社		選択なし/該当施設なし		1,000円未満	とても満足	尾山神社参拝させていただくとスッキリした気分になるので。	とても満足	地元のかたが大事にされている印象。掃除が行き届いている	感じなかった		9	初回は御朱印を頂くためにお呼びだしするのをためらった。	また行きたい（1年以内）	上記記載しましたが、震災その後を県外の方に伝えてほしいです。	女	1978	東京都	調布市	1,200万円以上 1,500万円未満	景品が当たる, アンケートに回答した内容です	とても満足	9	能登に里山道路を使っていきましたが、完全復旧までには時間がかかると感じました。考えさせられる1日でした。震災から数年経ちますが、まだまだ時間がかかることを見て感じてほしいと思います。
加賀エリア	昭和湯治の宿 緑華苑	2026/10/05	同意する	1泊	3泊	金沢エリア  （湯涌温泉、深谷温泉、犀川温泉など）	福井県	小学生以下連れの家族	名所、旧跡の観光, テーマパーク（遊園地、動物園、博物館など）	飛行機	レンタカー	満足	観光地、スーパーからも分かりやすかったです	30,000円以上 40,000円未満	50,000円以上 100,000円未満	100,000円以上	初めて	新聞・雑誌・ガイドブック, インターネット・アプリ	選択なし/該当施設なし	一乗谷遺跡、丸岡城	選択なし／該当施設なし	旅館	10,000円以上 20,000円未満	とても満足	温泉宿に無料マッサージ機がありました	とても満足	湯加減が丁度良かった	感じなかった		9		機会があれば行きたい	もっと生麩の専門店があるといいです	女	1982	埼玉県	鴻巣市	700万円以上 800万円未満	景品が当たる	とても満足	8	海鮮が美味しかった
加賀エリア	山代温泉　総湯	2026/10/05	同意する	1泊	1泊	加賀エリア （山代温泉、山中温泉、片山津温泉、粟津温泉、辰口温泉、加賀市、小松市など）	石川県外には泊まらない	小学生以下連れの家族	宿でのんびり過ごす, 温泉や露天風呂, テーマパーク（遊園地、動物園、博物館など）	自家用車	自家用車			30,000円以上 40,000円未満	10,000円以上 20,000円未満	5,000円以上 10,000円未満	初めて	インターネット・アプリ, Instagram	選択なし/該当施設なし		選択なし／該当施設なし		10,000円以上 20,000円未満	とても満足	綺麗で清潔感があったから	とても満足	働いてるいる人がハキハキしている	感じなかった		10	ドリンクバーにご当地ジュースなどあればお土産として買いやすいと思います	また行きたい（1年以内）	特になし	男	1990	大阪府	枚方市	400万円以上 500万円未満	景品が当たる	とても満足	10	整体がとても良かった
加賀エリア	小松空港	2026/10/05	同意する	1泊	1泊	加賀エリア （山代温泉、山中温泉、片山津温泉、粟津温泉、辰口温泉、加賀市、小松市など）	石川県外には泊まらない	自分ひとり	温泉や露天風呂, 地元の美味しいものを食べる, 名所、旧跡の観光	飛行機	路線バス	どちらでもない	もう少しバスの本数が多いと助かるから	30,000円以上 40,000円未満	30,000円以上 40,000円未満	1,000円以上 3,000円未満	初めて	インターネット・アプリ	選択なし/該当施設なし	加賀温泉	選択なし／該当施設なし		3,000円以上 5,000円未満	満足	過不足なく必要なものがあるから	満足	コンパクトで使いやすい	感じなかった		9	欲しいものが大体揃いました	また行きたい（1年以内）	海の幸、お酒、自然揃っていてうれしいです。	女	1975	東京都	港区	1,500万円以上	景品が当たる	とても満足	10	食事が美味しいし、親切な人が多かった
加賀エリア	小松空港	2026/10/05	同意する	4泊以上	石川県内には宿泊しない	石川県内には宿泊しない	福井県	自分ひとり	友人・親戚を訪ねる, 帰省	飛行機	自家用車			使わない	使わない	使わない	11回目以上	Instagram, 友人・知人	選択なし/該当施設なし		選択なし／該当施設なし		使わない	とても満足	空港スタッフの対応が良かったから	満足		感じた	車でないとこれない	7		機会があれば行きたい	レジャー施設	女	1996	神奈川県	横浜市青葉区	600万円以上 700万円未満	景品が当たる	満足	8	
能登エリア	民宿 寅さん	2026/10/05	同意する	4泊以上	4泊以上	能登エリア （和倉温泉、七尾市、輪島市、珠洲市など）	石川県外には泊まらない	職場の同僚	出張など仕事関係	自家用車	自家用車	とても満足		5,000円以上 10,000円未満	1,000円以上 3,000円未満	5,000円以上 10,000円未満	初めて	インターネット・アプリ	道の駅のとじま		選択なし／該当施設なし		5,000円以上 10,000円未満	満足	接客	満足	接客	感じなかった		8		機会があれば行きたい	特になし	男	1995	愛知県	名古屋市名東区	400万円以上 500万円未満	石川県のおすすめ観光スポットが見たい	満足	8	
能登エリア	和倉温泉-総湯-	2026/10/05	同意する	日帰り	石川県内には宿泊しない	石川県内には宿泊しない	石川県外には泊まらない	小学生以下連れの家族	テーマパーク（遊園地、動物園、博物館など）	自家用車	自家用車			使わない	使わない	1,000円以上 3,000円未満	初めて	タクシードライバーや地元の人	のとじま水族館		選択なし／該当施設なし		1,000円未満	とても満足	安くていいお湯で設備も充実していて大満足です	とても満足	きれいで使いやすい	感じなかった		10	時間が遅くてお土産買えず、今度は早めに来ます	また行きたい（1年以内）	おいしいアイスまた食べに来ます	女	1980	富山県	富山市	400万円以上 500万円未満	景品が当たる, 石川県のおすすめ観光スポットが見たい	とても満足	10	近くて気軽に行けるので
金沢エリア	屋内木育施設 もりのひみつきち	2026/10/06	同意する	日帰り	石川県内には宿泊しない	石川県内には宿泊しない	石川県外には泊まらない	小学生以下連れの家族	テーマパーク（遊園地、動物園、博物館など）, アウトドア（海水浴、釣り、登山など）	自家用車	自家用車			使わない	使わない	1,000円以上 3,000円未満	11回目以上	インターネット・アプリ	選択なし/該当施設なし		選択なし/該当施設なし		1,000円未満	とても満足	雨天でも子供が思いっきり楽しめるから。別の石川県内の遊び場に行く予定でしたが雨天のため急遽もりのひみつきちに伺いました。	とても満足	遊具の種類が多く、多様な遊びができるため。	感じなかった		10		また行きたい（1年以内）	雨天、冬場だと雪が多いので、天候に関係なく楽しめる場所の情報がほしい。また冬季は閉鎖になる施設も多いため、冬季の楽しみ方をもっと知りたい。	女	1981	富山県	高岡市	900万円以上 1,000万円未満	景品が当たる, 石川県のおすすめ観光スポットが見たい, 石川県の雑学を知りたい	とても満足	10	
金沢エリア	KOKOHOTEL Premier 金沢香林坊	2026/10/06	同意する	2泊	2泊	金沢エリア  （湯涌温泉、深谷温泉、犀川温泉など）	石川県外には泊まらない	地域団体のメンバー	地元の美味しいものを食べる, まちあるき、都市散策	新幹線, 在来線	徒歩			10,000円以上 20,000円未満	10,000円以上 20,000円未満	30,000円以上 40,000円未満	初めて	インターネット・アプリ	選択なし/該当施設なし		選択なし/該当施設なし	観光を兼ねてランニングした	1,000円未満	とても満足		とても満足		感じた	土地勘がないので、道に迷った	7		また行きたい（1年以内）	日本酒と新鮮な魚	男	1979	兵庫県	西宮市	900万円以上 1,000万円未満	景品が当たる	とても満足	10	ご飯が美味しい。街がきれい。
加賀エリア	大江戸温泉物語Premium 山下家	2026/10/06	同意する	1泊	1泊	加賀エリア （山代温泉、山中温泉、片山津温泉、粟津温泉、辰口温泉、加賀市、小松市など）	石川県外には泊まらない	友人	その他スポーツ（ゴルフ、テニスなど）	自家用車	自家用車			50,000円以上 100,000円未満	50,000円以上 100,000円未満	10,000円以上 20,000円未満	6～10回目	インターネット・アプリ	選択なし/該当施設なし		選択なし／該当施設なし		50,000円以上 100,000円未満	とても満足	食べ物が美味しい	とても満足	快適に過ごせる	感じなかった		10		また行きたい（1年以内）	蟹が魅力	女	1967	岐阜県	高山市	700万円以上 800万円未満	景品が当たる	とても満足	10	
加賀エリア	ゆのくに天祥	2026/10/06	同意する	1泊	2泊	加賀エリア （山代温泉、山中温泉、片山津温泉、粟津温泉、辰口温泉、加賀市、小松市など）	石川県外には泊まらない	中学生以上連れの家族	宿でのんびり過ごす, 温泉や露天風呂, 地元の美味しいものを食べる, 名所、旧跡の観光	新幹線	路線バス	とても満足	とても素敵な旅館でした	40,000円以上 50,000円未満	50,000円以上 100,000円未満	50,000円以上 100,000円未満	初めて	インターネット・アプリ	那谷寺		ゆのくにの森		5,000円以上 10,000円未満	とても満足	楽しかった	とても満足	対応が素敵でした	感じなかった		10		機会があれば行きたい	特になし	女	1970	神奈川県	相模原市	300万円以上 400万円未満	景品が当たる	とても満足	10	お魚がとても美味しい
加賀エリア	ゆのくに天祥	2026/10/06	同意する	2泊	2泊	加賀エリア （山代温泉、山中温泉、片山津温泉、粟津温泉、辰口温泉、加賀市、小松市など）	石川県外には泊まらない	夫婦2人	宿でのんびり過ごす, 温泉や露天風呂, 地元の美味しいものを食べる	新幹線, 在来線	ホテルの送迎バス		私達が来るまで他のお客様も乗っていたけど待っていてくれた	30,000円以上 40,000円未満	10,000円以上 20,000円未満	5,000円以上 10,000円未満	2～5回目	観光パンフレット・ポスター, インターネット・アプリ	選択なし/該当施設なし	出発時間がお昼前だったので電車乗り継いでいたらもう午後2時過ぎていた	石川県立航空プラザ		3,000円以上 5,000円未満	とても満足	ドリンク、お菓子のサービスなどなどがとても充実している	とても満足	食事の時の給仕がとても丁寧で嬉しい、御礼をしたかったがタイミングがなかった〜	感じなかった		10	大浴場が充実していて気持ちのいいお湯でした	機会があれば行きたい	特になし	女	1960	愛知県	岡崎市百々町	300万円以上 400万円未満	景品が当たる, 石川県のおすすめ観光スポットが見たい, 石川県の雑学を知りたい	満足	9	食べ物が美味しい
加賀エリア	大江戸温泉物語Premium 山中グランドホテル	2026/10/06	同意する	1泊	1泊	加賀エリア （山代温泉、山中温泉、片山津温泉、粟津温泉、辰口温泉、加賀市、小松市など）	石川県外には泊まらない	夫婦2人	温泉や露天風呂	自家用車	自家用車			10,000円以上 20,000円未満	5,000円以上 10,000円未満	3,000円以上 5,000円未満	2～5回目	インターネット・アプリ	那谷寺		選択なし／該当施設なし		1,000円以上 3,000円未満	満足	温泉が良かった	満足	のんびり	感じた	風呂まで遠い	7	温泉が良かった	また行きたい（1年以内）	安くて綺麗な温泉	女	1965	富山県	富山市	600万円以上 700万円未満	景品が当たる, 石川県のおすすめ観光スポットが見たい	満足	9	温泉
加賀エリア	小松空港	2026/10/06	同意する	1泊	1泊	金沢エリア  （湯涌温泉、深谷温泉、犀川温泉など）	石川県外には泊まらない	夫婦2人	宿でのんびり過ごす, 地元の美味しいものを食べる	自家用車	自家用車			10,000円以上 20,000円未満	20,000円以上 30,000円未満	3,000円以上 5,000円未満	11回目以上	観光パンフレット・ポスター, インターネット・アプリ	那谷寺		選択なし／該当施設なし		3,000円以上 5,000円未満	満足	景観が綺麗	満足	自然や歴史を感じる事ができる	感じなかった		7		また行きたい（1年以内）	美味しい魚の寿司　	男	1974	福井県	坂井市	1,000万円以上 1,200万円未満	景品が当たる	満足	7	食べ物　特に魚
加賀エリア	小松空港	2026/10/06	同意する	2泊	2泊	金沢エリア  （湯涌温泉、深谷温泉、犀川温泉など）	石川県外には泊まらない	自分ひとり	温泉や露天風呂, 地元の美味しいものを食べる	在来線, 飛行機	在来線, 路線バス	満足	IRいしかわの本数が1時間に1本か2本と少なかったが利便性はすごくやったです。	30,000円以上 40,000円未満	50,000円以上 100,000円未満	30,000円以上 40,000円未満	初めて	インターネット・アプリ	選択なし/該当施設なし	金沢駅	月うさぎの里	ホテルのため	100,000円以上	とても満足	温泉が気持ちよかった	とても満足	同上	感じなかった		7		機会があれば行きたい	売り切れが多くてなかなか特産品を食べられなかったのが残念でした。	女	1991	北海道	札幌市	300万円以上 400万円未満	景品が当たる	満足	6	金沢おでんが美味しかった！
加賀エリア	航空プラザ	2026/10/06	同意する	1泊	1泊	金沢エリア  （湯涌温泉、深谷温泉、犀川温泉など）	石川県外には泊まらない	小学生以下連れの家族	地元の美味しいものを食べる, 名所、旧跡の観光, まちあるき、都市散策	自家用車	自家用車			10,000円以上 20,000円未満	20,000円以上 30,000円未満	5,000円以上 10,000円未満	初めて	観光連盟やDMOのHP, 友人・知人	石川県立航空プラザ		選択なし／該当施設なし		使わない	満足		とても満足	飛行機の仕組みや模型等だけでなく、遊具もあり楽しく過ごせました。また機会があれば訪れたいです。	感じなかった		8		また行きたい（1年以内）	特になし	女	1968	愛知県	半田市	700万円以上 800万円未満	景品が当たる, 動く３Dひゃくまんさんを見たい, 石川県のおすすめ観光スポットが見たい	満足	8	
能登エリア	能登漁火ユースホステル	2026/10/06	同意する	2泊	2泊	能登エリア （和倉温泉、七尾市、輪島市、珠洲市など）	石川県外には泊まらない	学校関係（修学旅行・社会科見学等）	地元の美味しいものを食べる, 出張など仕事関係	自家用車, 旅行会社ツアーバス	自家用車			5,000円以上 10,000円未満	3,000円以上 5,000円未満	10,000円以上 20,000円未満	2～5回目	友人・知人	千里浜なぎさドライブウェイ		能登食祭市場		5,000円以上 10,000円未満	とても満足	夕食がとにかく美味しい、景色もよく静か、スタッフの方が素敵	とても満足	部屋は居心地がいい	感じなかった		7		また行きたい（1年以内）	飲食店が増えるとうれしい	男	2002	京都府	京都市	600万円以上 700万円未満	景品が当たる	とても満足	7	食、被災の現状を知ること
能登エリア	旅館 やまもと	2026/10/06	同意する	4泊以上	4泊以上	能登エリア （和倉温泉、七尾市、輪島市、珠洲市など）	石川県外には泊まらない	職場の同僚	出張など仕事関係	自家用車, 会社の車	会社の車	とても満足	燃料も会社持ちのため	使わない	使わない	1,000円未満	2～5回目	元請の用意	のとじま水族館		千里浜なぎさドライブウェイ		1,000円未満	とても満足	女将さんの笑顔に癒されます	とても満足	きれいだし心遣いがとてもいいです。	感じなかった		10		また行きたい（1年以内）	特になし	男	1998	福井県	福井市	400万円以上 500万円未満	景品が当たる	とても満足	10	静かで落ち着ける場所
能登エリア	能登漁火ユースホステル	2026/10/06	同意する	2泊	2泊	能登エリア （和倉温泉、七尾市、輪島市、珠洲市など）	石川県外には泊まらない	学校関係（修学旅行・社会科見学等）	出張など仕事関係	自家用車	自家用車	とても満足		5,000円以上 10,000円未満	10,000円以上 20,000円未満	5,000円以上 10,000円未満	2～5回目	友人・知人	千里浜なぎさドライブウェイ		のとじま水族館		使わない	とても満足		とても満足	砂浜を車で走れるのは珍しいから	感じなかった		10	景色が美しくて大満足でした！	また行きたい（1年以内）	ビオトープをしたら良いと思った	女	2002	京都府	京都市	100万円未満	なんとなく	とても満足	9	交通アクセスは少し悪いが、景色も美しく、海鮮も美味しい。いかの駅つくもーるが面白いと思った
能登エリア	民宿 あづま	2026/10/06	同意する	4泊以上	4泊以上	能登エリア （和倉温泉、七尾市、輪島市、珠洲市など）	石川県外には泊まらない	自分ひとり	出張など仕事関係	自家用車	自家用車			5,000円以上 10,000円未満	5,000円以上 10,000円未満	10,000円以上 20,000円未満	初めて	友人・知人	選択なし/該当施設なし	道の駅すすなり	選択なし／該当施設なし	無し	使わない	どちらでもない	現状知ってるのでコメントできない	どちらでもない	現状知ってるのでコメントできない	感じた	まだ被災地だな	5		機会があれば行きたい	特に無し	男	1966	石川県	白山市	1,500万円以上	景品が当たる	どちらでもない	8	震災復興を見るのは良い経験
能登エリア	休暇村能登千里浜	2026/10/06	同意する	2泊	2泊	能登エリア （和倉温泉、七尾市、輪島市、珠洲市など）	石川県外には泊まらない	夫婦2人	温泉や露天風呂, 地元の美味しいものを食べる	自家用車	自家用車			30,000円以上 40,000円未満	5,000円以上 10,000円未満	5,000円以上 10,000円未満	2～5回目	新聞・雑誌・ガイドブック, 観光パンフレット・ポスター, インターネット・アプリ	千里浜なぎさドライブウェイ	能登島レストハウス	道の駅のとじま	能登ミルク	1,000円以上 3,000円未満	とても満足	とても美味しい。	とても満足	美味しい。	感じなかった		7	リラックスできた。	また行きたい（1年以内）	蟹が楽しみ。	男	1953	愛知県	小牧市	600万円以上 700万円未満	景品が当たる	満足	8	海の幸
能登エリア	のとじま水族館	2026/10/06	同意する	1泊	1泊	能登エリア （和倉温泉、七尾市、輪島市、珠洲市など）	石川県外には泊まらない	小学生以下連れの家族	温泉や露天風呂, テーマパーク（遊園地、動物園、博物館など）, ポケモン(足湯、ポケふた)	自家用車	自家用車			10,000円以上 20,000円未満	1,000円以上 3,000円未満	5,000円以上 10,000円未満	2～5回目	インターネット・アプリ, Instagram, 楽天トラベル	能登食祭市場		選択なし／該当施設なし	のとじま水族館→のと楽→ポケモン足湯→のとミルク	1,000円以上 3,000円未満	とても満足	ジンベイザメが帰ってきて嬉しい！2歳の子に見せられてよかった。	とても満足	子連れが利用しやすい規模、施設の方も親切だった。暗いエリアが少なくこどもが見やすい。プロジェクションマッピングも喜んでいた。	感じた	やむを得ないが、ベビーカー(0歳児)だと迂回が大きかったり、帰りの坂道が結構きつかった。	10	富山から久しぶりの能登旅行になりました。また遊びに来たいです！	また行きたい（1年以内）	のと楽にて九谷焼のかわいいペンダントを購入した。今はレトロなものが流行っているので、各地のお土産屋さんにもっとカジュアルな九谷があってもいいかも。	女	1990	富山県	射水市	800万円以上 900万円未満	景品が当たる, ひゃくまんさんが好き, 石川県のおすすめ観光スポットが見たい	とても満足	10	のとじま水族館最高！！ 水族館の授乳室が増えていてとても助かった。 欲しいお土産があまりなくて、お金をもっと使いたかったが使えず…それが心残り
能登エリア	のと里山空港	2026/10/06	同意する	2泊	2泊	能登エリア （和倉温泉、七尾市、輪島市、珠洲市など）	石川県外には泊まらない	兄弟	宿でのんびり過ごす, 友人・親戚を訪ねる	飛行機	飛行場	とても満足	これから楽しむ	10,000円以上 20,000円未満	20,000円以上 30,000円未満	40,000円以上 50,000円未満	2～5回目	インターネット・アプリ	選択なし/該当施設なし	こレから行く	輪島朝市		使わない	とても満足	飛行場のため分からない	とても満足	飛行場のため分からない	感じなかった		6	これから	機会があれば行きたい	特になし	女	1951	千葉県	南房総市	300万円以上 400万円未満	石川県のおすすめ観光スポットが見たい	満足	7	これか探す
能登エリア	のと里山海道　西山パーキング	2026/10/06	同意する	1泊	1泊	能登エリア （和倉温泉、七尾市、輪島市、珠洲市など）	車中泊	夫婦2人	温泉や露天風呂, 買い物、アウトレット, アウトドア（海水浴、釣り、登山など）, ドライブ・ツーリング	自家用車	自家用車			10,000円以上 20,000円未満	5,000円以上 10,000円未満	5,000円以上 10,000円未満	11回目以上	観光パンフレット・ポスター, 観光協会等の案内所	選択なし/該当施設なし	道の駅　中島	選択なし／該当施設なし	津幡駅　津幡村市役所	3,000円以上 5,000円未満	満足	地物産が色々とあり見応えあり、いつもお土産を買ってます。　駐車場からお手洗いも近く混んで無いので便利です。木曜にやってます。	満足		感じた	食事が出来ない所です	9	市場よ様にお魚があるので、嬉しいです	また行きたい（1年以内）	地物産の物で復興に少しでも貢献したいです	女	1964	岐阜県	高山市	500万円以上 600万円未満	景品が当たる	満足	9	高松の道の駅から見る海🌊ぶどうのオブジェが好きです
能登エリア	のとじま水族館	2026/10/06	同意する	4泊以上	2泊	金沢エリア  （湯涌温泉、深谷温泉、犀川温泉など）	福井県	親	名所、旧跡の観光, テーマパーク（遊園地、動物園、博物館など）	自家用車	自家用車			20,000円以上 30,000円未満	10,000円以上 20,000円未満	20,000円以上 30,000円未満	初めて	TV・ラジオ番組やCM	選択なし/該当施設なし	当該施設だった	道の駅のとじま		3,000円以上 5,000円未満	満足	お土産を買えた	満足	ジンベエザメが見られた	感じなかった		7	お菓子の種類が増えると良い	機会があれば行きたい	特になし	女	2004	千葉県	松戸市	400万円以上 500万円未満	景品が当たる	とても満足	9	温泉 
金沢エリア	天然温泉加賀の湧泉　ドーミーイン金沢	2026/10/06	同意する	4泊以上	1泊	金沢エリア  （湯涌温泉、深谷温泉、犀川温泉など）	富山県	夫婦2人	温泉や露天風呂, 地元の美味しいものを食べる, 名所、旧跡の観光	自家用車	自家用車			10,000円以上 20,000円未満	20,000円以上 30,000円未満	10,000円以上 20,000円未満	初めて	インターネット・アプリ	ひがし茶屋街		近江町市場		30,000円以上 40,000円未満	満足	朝食バイキング、夜鳴きそば	満足		感じなかった		8		機会があれば行きたい	特に無し	女	1961	静岡県	焼津市	500万円以上 600万円未満	景品が当たる	満足	8	城下町
金沢エリア	KKRホテル金沢	2026/10/06	同意する	3泊	2泊	金沢エリア  （湯涌温泉、深谷温泉、犀川温泉など）	福井県	自分ひとり	名所、旧跡の観光	新幹線, 在来線	在来線	満足	新幹線は速くて便利	3,000円以上 5,000円未満	20,000円以上 30,000円未満	10,000円以上 20,000円未満	6～10回目	観光展・物産展	兼六園		選択なし/該当施設なし	能登	3,000円以上 5,000円未満	満足	人が優しい	満足		感じた		8		また行きたい（1年以内）	のと鉄道　関係者が頑張っている	女	1957	広島県	広島市南区	400万円以上 500万円未満	景品が当たる, 石川県のおすすめ観光スポットが見たい	満足	9	能登　復興をみてほしい
加賀エリア	大江戸温泉物語 わんわんリゾート　粟津	2026/10/06	同意する	1泊	1泊	加賀エリア （山代温泉、山中温泉、片山津温泉、粟津温泉、辰口温泉、加賀市、小松市など）	石川県外には泊まらない	夫婦2人	宿でのんびり過ごす, 温泉や露天風呂	自家用車	自家用車			20,000円以上 30,000円未満	1,000円以上 3,000円未満	1,000円未満	初めて	インターネット・アプリ	選択なし/該当施設なし		選択なし／該当施設なし		30,000円以上 40,000円未満	満足	コスパ	満足	コスパ	感じなかった		7		機会があれば行きたい	特になし	男	1964	石川県	金沢市	600万円以上 700万円未満	景品が当たる	満足	7	
加賀エリア	小松空港	2026/10/06	同意する	2泊	2泊	加賀エリア （山代温泉、山中温泉、片山津温泉、粟津温泉、辰口温泉、加賀市、小松市など）	石川県外には泊まらない	団体旅行	地元の美味しいものを食べる, 名所、旧跡の観光, 買い物、アウトレット	飛行機	旅行会社ツアーバス	とても満足	経験値の高いバスガイドさんで、観光を満喫できたので	10,000円以上 20,000円未満	40,000円以上 50,000円未満	50,000円以上 100,000円未満	初めて	インターネット・アプリ	ゆのくにの森		選択なし／該当施設なし		5,000円以上 10,000円未満	満足	現地の方の対応に温かみを感じた	満足	快適な時間を過ごせました	感じなかった		3		機会があれば行きたい	特になし	男	1963	熊本県	熊本市	500万円以上 600万円未満	ひゃくまんさんが好き	満足	3	
加賀エリア	小松空港	2026/10/06	同意する	2泊	2泊	金沢エリア  （湯涌温泉、深谷温泉、犀川温泉など）	石川県外には泊まらない	親戚	宿でのんびり過ごす, 地元の美味しいものを食べる, 名所、旧跡の観光	飛行機	レンタカー	満足	6人で来たのですがレンタカーで色々回れて好きなタイミングご飯や観光ができて楽しかった！	30,000円以上 40,000円未満	20,000円以上 30,000円未満	30,000円以上 40,000円未満	2～5回目	TV・ラジオ番組やCM, インターネット・アプリ, X(旧：Twitter), 友人・知人	選択なし/該当施設なし	観光は2ヶ所しか行かなかった！	選択なし／該当施設なし	来れるかわからない。	50,000円以上 100,000円未満	どちらでもない	天気が悪かったがゆっくりできた。	満足	綺麗でした！	感じなかった	特に無い。	10		機会があれば行きたい	栗羊羹、金箔ラスク	女	1962	千葉県	我孫子市	600万円以上 700万円未満	景品が当たる	とても満足	8	遠いので！
加賀エリア	航空プラザ	2026/10/06	同意する	1泊	1泊	金沢エリア  （湯涌温泉、深谷温泉、犀川温泉など）	石川県外には泊まらない	親	温泉や露天風呂, 地元の美味しいものを食べる, 名所、旧跡の観光	新幹線	リムジンバス	とても満足	近かった	10,000円以上 20,000円未満	30,000円以上 40,000円未満	3,000円以上 5,000円未満	2～5回目	新聞・雑誌・ガイドブック, インターネット・アプリ, ブログ	選択なし/該当施設なし	小松空港	選択なし／該当施設なし	金沢駅	1,000円未満	とても満足	丁寧な接客。清潔な設備。充実した展示。入館無料とは思えなかった。	とても満足	前の設問と同じ	感じなかった		10	大人でも気軽にシミュレータを使用できるのが良かった。	また行きたい（1年以内）	のどぐろを堪能したい。	女	1989	埼玉県	草加市	300万円以上 400万円未満	景品が当たる, なんとなく	とても満足	10	のどぐろが特に美味しい　金沢市内はバスで移動が楽
加賀エリア	小松空港	2026/10/06	同意する	1泊	1泊	金沢エリア  （湯涌温泉、深谷温泉、犀川温泉など）	石川県外には泊まらない	恋人	地元の美味しいものを食べる, まちあるき、都市散策	在来線, 飛行機	路線バス	満足	渋滞にかからず来れたから。	10,000円以上 20,000円未満	20,000円以上 30,000円未満	1,000円以上 3,000円未満	11回目以上	TV・ラジオ番組やCM, インターネット・アプリ, X(旧：Twitter), Instagram, Facebook	選択なし/該当施設なし		選択なし／該当施設なし		使わない	どちらでもない		どちらでもない		感じなかった		5		また行きたい（1年以内）	カニ、海鮮、おでんなど	男	1982	東京都	品川区	1,200万円以上 1,500万円未満	景品が当たる	とても満足	10	美味しいものが多い
加賀エリア	山代温泉　総湯	2026/10/06	同意する	3泊	3泊	加賀エリア （山代温泉、山中温泉、片山津温泉、粟津温泉、辰口温泉、加賀市、小松市など）	石川県外には泊まらない	友人	ラブライブ！蓮ノ空女学院石川大観光Ⅱコラボスタンプラリー	新幹線	自家用車			50,000円以上 100,000円未満	20,000円以上 30,000円未満	30,000円以上 40,000円未満	初めて	インターネット・アプリ	選択なし/該当施設なし	山中温泉総湯	ゆのくにの森		1,000円以上 3,000円未満	とても満足	温玉ソフトが美味しい！	とても満足	売店の休憩スペースが広い	感じなかった		10	温玉ソフトが初めての味すぎておもしろい。	また行きたい（1年以内）	香箱がにが食べたいので、旬の時期に訪れたい。	女	1994	福島県	郡山市	700万円以上 800万円未満	景品が当たる, ひゃくまんさんが好き	とても満足	10	魚がおいしい！ガスエビがお気に入りです。
加賀エリア	小松空港	2026/10/06	同意する	2泊	2泊	金沢エリア  （湯涌温泉、深谷温泉、犀川温泉など）	石川県外には泊まらない	友人	地元の美味しいものを食べる, 名所、旧跡の観光	在来線, 飛行機	在来線, 路線バス	満足	不便さはないため。	5,000円以上 10,000円未満	40,000円以上 50,000円未満	3,000円以上 5,000円未満	2～5回目	インターネット・アプリ, X(旧：Twitter), Instagram	選択なし/該当施設なし	斉や、片折などの飲食店が主です。	選択なし／該当施設なし	同上	3,000円以上 5,000円未満	とても満足	お土産などのラインナップも良く、過ごしやすい。	とても満足	同上	感じなかった		10	とても良いと思います。	また行きたい（1年以内）	美味しいご飯、美しい街並み、綺麗な自然	男	1998	東京都	港区	1,000万円以上 1,200万円未満	景品が当たる, 石川県のおすすめ観光スポットが見たい	とても満足	10	和食と金沢の街並み
加賀エリア	小松空港	2026/10/06	同意する	日帰り	石川県内には宿泊しない	石川県内には宿泊しない	石川県外には泊まらない	職場の同僚	地元の美味しいものを食べる, 名所、旧跡の観光, 買い物、アウトレット	在来線, 飛行機	在来線			10,000円以上 20,000円未満	30,000円以上 40,000円未満	3,000円以上 5,000円未満	初めて	X(旧：Twitter), Instagram	選択なし/該当施設なし		選択なし／該当施設なし	兼六園、石浦神社、もりもり寿司	10,000円以上 20,000円未満	とても満足	美味しかったです。	とても満足	静かだった	感じなかった	特になし	10	また訪れたいと思いました	また行きたい（1年以内）	特になし	女	2000	千葉県	成田市	300万円以上 400万円未満	景品が当たる, 石川県のおすすめ観光スポットが見たい	とても満足	10	静かですが利便性が高く
加賀エリア	小松空港	2026/10/06	同意する	日帰り	石川県内には宿泊しない	石川県内には宿泊しない	石川県外には泊まらない	友人	地元の美味しいものを食べる, 名所、旧跡の観光, まちあるき、都市散策	飛行機	路線バス	とても満足	乗り心地がとてもよかったです。	20,000円以上 30,000円未満	10,000円以上 20,000円未満	20,000円以上 30,000円未満	2～5回目	Instagram	選択なし/該当施設なし	兼六園、石浦神社、ひがし茶屋街、もりもり寿司	選択なし／該当施設なし	なし	3,000円以上 5,000円未満	とても満足	石川県の名物がたくさんあってお土産を買うことができ満足しました。	とても満足	コンパクトで周りやすかったです。	感じなかった	特になし	10		また行きたい（1年以内）	石川県の名物の味とポテトチップスなどのスナック菓子のコラボがあると嬉しいです。	女	1998	千葉県	成田市	300万円以上 400万円未満	景品が当たる, 石川県のおすすめ観光スポットが見たい	とても満足	10	兼六園で自然を感じることができリフレッシュできました。
加賀エリア	ゆのくに天祥	2026/10/06	同意する	2泊	2泊	加賀エリア （山代温泉、山中温泉、片山津温泉、粟津温泉、辰口温泉、加賀市、小松市など）	石川県外には泊まらない	夫婦2人	温泉や露天風呂, 地元の美味しいものを食べる, 名所、旧跡の観光	自家用車	自家用車			100,000円以上	30,000円以上 40,000円未満	10,000円以上 20,000円未満	初めて	インターネット・アプリ, ユーチューブ	選択なし/該当施設なし	兼六園	選択なし／該当施設なし	帰宅予定	100,000円以上	とても満足	無料サービスが充実、接客が非常に良い	とても満足	同上	感じた	脱衣所にバスタオルがない。お風呂場に物を置く棚がない	9	売店のおみやげの種類が少ない	また行きたい（1年以内）	美味しい海鮮	男	1981	大阪府	吹田市	800万円以上 900万円未満	景品が当たる	とても満足	9	ゆのくにの森で体験時に非常に親切にしていただけた。
加賀エリア	ゆのくに天祥	2026/10/06	同意する	2泊	2泊	加賀エリア （山代温泉、山中温泉、片山津温泉、粟津温泉、辰口温泉、加賀市、小松市など）	石川県外には泊まらない	夫婦2人	宿でのんびり過ごす, 温泉や露天風呂, 地元の美味しいものを食べる, 名所、旧跡の観光, 買い物、アウトレット, 各種体験（手作り、果物狩りなど）	自家用車	自家用車			50,000円以上 100,000円未満	30,000円以上 40,000円未満	5,000円以上 10,000円未満	初めて	インターネット・アプリ	選択なし/該当施設なし	兼六園	選択なし／該当施設なし	帰宅予定	50,000円以上 100,000円未満	満足	担当してくれた知念さんの笑顔と丁寧な接客に癒されました。	満足	無料サービスの充実。料理がどれも美味しかった。	感じた	お土産を10個以上購入したのですが、1回のお会計で1袋までは無料だが2袋目から料金がかかると言われました。普段大阪でお買い物している時はお土産用の紙袋は買った分の数だけは小分け用の袋を無料で入れてくれます。本日は欲しい袋の数だけお会計を何度も何度もやり直し袋をもらいました。かなりの人数へお土産を配るからです。全国で指折りのおもてなしの宿と聞きました。袋ぐらいケチケチせず購入分までは無料でつけたらいかがでしょうか？それから、お風呂の備え付けのシャンプー、リンス、コンディショナーが3箇所ともヌメヌメぬるぬるでした。もう少し洗って清潔にして欲しいです。	8	お土産を10個以上購入したのですが、1回のお会計で1袋までは無料だが2袋目から料金がかかると言われました。普段大阪でお買い物している時はお土産用の紙袋は買った分の数だけは小分け用の袋を無料で入れてくれます。本日は欲しい袋の数だけお会計を何度も何度もやり直し袋をもらいました。かなりの人数へお土産を配るからです。全国で指折りのおもてなしの宿と聞きました。袋ぐらいケチケチせず購入分までは無料でつけたらいかがでしょうか？それから、お風呂の備え付けのシャンプー、リンス、コンディショナーが3箇所ともヌメヌメぬるぬるでした。もう少し洗って清潔にして欲しいです。また浴場内に自分で持ち込んだお風呂セットのポーチなどをおける台を設置して欲しいです。大阪のお風呂はどこも当たり前に設置してあります。	また行きたい（1年以内）	お土産を10個以上購入したのですが、1回のお会計で1袋までは無料だが2袋目から料金がかかると言われました。普段大阪でお買い物している時はお土産用の紙袋は買った分の数だけは小分け用の袋を無料で入れてくれます。本日は欲しい袋の数だけお会計を何度も何度もやり直し袋をもらいました。かなりの人数へお土産を配るからです。全国で指折りのおもてなしの宿と聞きました。袋ぐらいケチケチせず購入分までは無料でつけたらいかがでしょうか？カニのお料理を食べたのですが、エプロンの支給やこまめなおしぼり交換や最後に手拭き用のおしぼりと一緒にレモンを添えるなどの工夫はいかがでしょうか？	女	1978	大阪府	吹田市	800万円以上 900万円未満	景品が当たる	満足	8	ゆのくに天祥やゆのくにの森。両親を連れてきても喜んでくれそうだから。
能登エリア	コーストテーブルハナレ	2026/10/06	同意する	2泊	2泊	能登エリア （和倉温泉、七尾市、輪島市、珠洲市など）	石川県外には泊まらない	職場の同僚	出張など仕事関係	自家用車	自家用車	どちらでもない	道の段差が激しい	5,000円以上 10,000円未満	3,000円以上 5,000円未満	3,000円以上 5,000円未満	2～5回目	GoogleMAP	のとじま水族館		道の駅のとじま		5,000円以上 10,000円未満	満足	キッチンが使えたら助かります	満足		感じた	キッチンの流しが使えればありがたかった	10		また行きたい（1年以内）	海が綺麗でダイビング出来たらいいなぁと思いました。	女	1989	富山県	富山市	300万円以上 400万円未満	景品が当たる	とても満足	9	
金沢エリア	変なホテル金沢　香林坊	2026/10/07	同意する	1泊	1泊	金沢エリア  （湯涌温泉、深谷温泉、犀川温泉など）	石川県外には泊まらない	友人	買い物、アウトレット	自家用車	自家用車			30,000円以上 40,000円未満	5,000円以上 10,000円未満	20,000円以上 30,000円未満	初めて	友人・知人	兼六園		近江町市場		5,000円以上 10,000円未満	満足	価格	満足	静かだった	感じなかった		7		機会があれば行きたい	特になし	女	1973	愛知県	豊橋市	400万円以上 500万円未満	景品が当たる	満足	7	
金沢エリア	西茶屋資料館	2026/10/07	同意する	4泊以上	2泊	金沢エリア  （湯涌温泉、深谷温泉、犀川温泉など）	新潟	親	名所、旧跡の観光, まちあるき、都市散策, 友人・親戚を訪ねる	在来線	路線バス	とても満足	頻繁に金沢駅からバスが出ていて便利でした。	10,000円以上 20,000円未満	5,000円以上 10,000円未満	20,000円以上 30,000円未満	2～5回目	TV・ラジオ番組やCM, インターネット・アプリ, 友人・知人	選択なし/該当施設なし	忍者寺	選択なし/該当施設なし	片町	使わない	満足		満足		感じなかった		5	島田清次郎のことがわかって面白い。毎回来てしまう	また行きたい（1年以内）	10年前金沢に住んでいたが、その頃に比べてお土産や交通機関も充実していて、観光誘致が成功していると思った	女	1994	三重県	伊賀市	900万円以上 1,000万円未満	景品が当たる, 石川県のおすすめ観光スポットが見たい	とても満足	10	海鮮、忍者寺
金沢エリア	西茶屋資料館	2026/10/07	同意する	2泊	2泊	金沢エリア  （湯涌温泉、深谷温泉、犀川温泉など）	石川県外には泊まらない	中学生以上連れの家族	帰省	飛行機	路線バス	満足		10,000円以上 20,000円未満	1,000円未満	40,000円以上 50,000円未満	初めて	友人・知人	選択なし/該当施設なし	忍者寺	選択なし/該当施設なし	武家屋敷	使わない	とても満足	初めて島田清次郎のことを知れた	とても満足	綺麗で、かつ、こじんまりとしていてまわりやすかった	感じなかった		8		また行きたい（1年以内）	漁火類　能登牛	男	1955	千葉県	千葉市	300万円以上 400万円未満	景品が当たる	満足	10	
加賀エリア	山代温泉　古総湯	2026/10/07	同意する	日帰り	石川県内には宿泊しない	石川県内には宿泊しない	石川県外には泊まらない	自分ひとり	出張など仕事関係	在来線	路線バス, 徒歩	とても満足	すぐに着いたから	使わない	5,000円以上 10,000円未満	1,000円以上 3,000円未満	初めて	インターネット・アプリ	選択なし/該当施設なし		選択なし／該当施設なし		1,000円以上 3,000円未満	とても満足	親切な方だったから	とても満足	気持ちいい温泉だったから	感じなかった		9		また行きたい（1年以内）	海鮮、芸術など	男	1997	京都府	京都市上京区	500万円以上 600万円未満	景品が当たる	とても満足	9	
加賀エリア	いしかわ動物園	2026/10/07	同意する	1泊	1泊	金沢エリア  （湯涌温泉、深谷温泉、犀川温泉など）	兵庫県	小学生以下連れの家族	地元の美味しいものを食べる, 名所、旧跡の観光, テーマパーク（遊園地、動物園、博物館など）	自家用車	自家用車	とても満足		10,000円以上 20,000円未満	10,000円以上 20,000円未満	10,000円以上 20,000円未満	6～10回目	Instagram	選択なし/該当施設なし	21世紀美術館	選択なし／該当施設なし		5,000円以上 10,000円未満	とても満足	子供が楽しめた	とても満足	子供が楽しそうだった	感じなかった		10		また行きたい（1年以内）	また来たい	男	2000	兵庫県	豊岡市	400万円以上 500万円未満	景品が当たる, ひゃくまんさんが好き	とても満足	10	居心地がよかった
加賀エリア	月うさぎの里	2026/10/07	同意する	1泊	1泊	加賀エリア （山代温泉、山中温泉、片山津温泉、粟津温泉、辰口温泉、加賀市、小松市など）	石川県外には泊まらない	小学生以下連れの家族	テーマパーク（遊園地、動物園、博物館など）	自家用車	自家用車			5,000円以上 10,000円未満	20,000円以上 30,000円未満	5,000円以上 10,000円未満	初めて	インターネット・アプリ	那谷寺		選択なし／該当施設なし		3,000円以上 5,000円未満	どちらでもない	接客の質が今ひとつ。うさぎのふれあいで来たが子供に親切な感じもなく、人に勧めたいとは思えなかった。	どちらでもない		感じなかった		2		また行きたい（1年以内）	カニなどが食べたいが冬は陸路出来にくい…というので、旬のカニが食べられていないです。カニではない時期にお目当てになるような美味しい海の幸が知りたいしお金を使って食べたいと思います。	女	1992	愛知県	日進市	900万円以上 1,000万円未満	景品が当たる	とても満足	10	手取フィッシュランド（ウルトラマンスタジアム）
加賀エリア	大江戸温泉物語Premium 山下家	2026/10/07	同意する	2泊	2泊	加賀エリア （山代温泉、山中温泉、片山津温泉、粟津温泉、辰口温泉、加賀市、小松市など）	石川県外には泊まらない	夫婦2人	宿でのんびり過ごす, 温泉や露天風呂, 地元の美味しいものを食べる	自家用車	自家用車			20,000円以上 30,000円未満	10,000円以上 20,000円未満	10,000円以上 20,000円未満	2～5回目	観光パンフレット・ポスター, インターネット・アプリ	選択なし/該当施設なし	今、着いた所です。	選択なし／該当施設なし	兼六園に明日行く予定です。	3,000円以上 5,000円未満	満足		どちらでもない	まだ、着いた所なのでよくわかりません。	感じた	ロビーに行くまでの少しの階段でしたが、両膝を手術しているのでちょっと難儀でした。	7		機会があれば行きたい	特になし	女	1959	大阪府	羽曳野市	300万円以上 400万円未満	景品が当たる	満足	7	兼六園が楽しみです
加賀エリア	大江戸温泉物語Premium 山下家	2026/10/07	同意する	2泊	2泊	加賀エリア （山代温泉、山中温泉、片山津温泉、粟津温泉、辰口温泉、加賀市、小松市など）	石川県外には泊まらない	夫婦2人	温泉や露天風呂, 地元の美味しいものを食べる, 名所、旧跡の観光	自家用車	自家用車			50,000円以上 100,000円未満	10,000円以上 20,000円未満	10,000円以上 20,000円未満	6～10回目	新聞・雑誌・ガイドブック, TV・ラジオ番組やCM	選択なし/該当施設なし	兼六園	選択なし／該当施設なし	千里浜なぎさドライブウェイ	5,000円以上 10,000円未満	満足	わからない	満足	景色が良い	感じなかった		7	特に無し	機会があれば行きたい	特に無し	男	1959	大阪府	羽曳野市	300万円以上 400万円未満	景品が当たる	満足	7	特に無し
加賀エリア	月うさぎの里	2026/10/07	同意する	日帰り	石川県内には宿泊しない	石川県内には宿泊しない	石川県外には泊まらない	夫婦2人	まちあるき、都市散策	自家用車	自家用車	満足	動物と触れ合えた。	使わない	3,000円以上 5,000円未満	1,000円以上 3,000円未満	2～5回目	友人・知人	月うさぎの里		選択なし／該当施設なし		1,000円未満	満足	上記と同じ。	満足		感じなかった		7		また行きたい（1年以内）	特になし。	男	1980	福井県	大野市	700万円以上 800万円未満	景品が当たる	満足	6	
能登エリア	のと里山空港	2026/10/07	同意する	日帰り	石川県内には宿泊しない	石川県内には宿泊しない	石川県外には泊まらない	夫婦2人	地元の美味しいものを食べる, スマホゲームのため	自家用車	自家用車			使わない	5,000円以上 10,000円未満	10,000円以上 20,000円未満	初めて	インターネット・アプリ, X(旧：Twitter), Instagram, スマホゲーム内の情報	選択なし/該当施設なし	道の駅とぎ海街道	選択なし／該当施設なし	やなぎだ植物園	3,000円以上 5,000円未満	とても満足	ポケモングッズがいっぱいで可愛かったから	とても満足	ポケモンがいっぱいだから	感じなかった		10	お土産も充実してると思います。	機会があれば行きたい	海鮮と温泉。今回は温泉に泊まらなかったので、次回は泊まってのんびりしたい。道路がまだ復興途中で長距離ドライブは少し疲れました。	女	1963	岐阜県	岐阜市	300万円以上 400万円未満	景品が当たる	とても満足	8	ポケモンGOのスタンプラリーポイントがとても良かった
能登エリア	日本の宿 のと楽	2026/10/07	同意する	1泊	4泊以上	白山エリア （一里野温泉、白峰温泉、白山市など）	石川県外には泊まらない	自分ひとり	地元の美味しいものを食べる, お祭りやイベントへの参加・見物, 出張など仕事関係	新幹線	在来線	満足	景色を楽しむ事が出来る。	40,000円以上 50,000円未満	3,000円以上 5,000円未満	5,000円以上 10,000円未満	11回目以上	新聞・雑誌・ガイドブック, インターネット・アプリ	能登食祭市場		選択なし／該当施設なし		1,000円以上 3,000円未満	満足	とても丁寧な接客	満足	興味が有る商品が陳列されている	感じなかった		8		また行きたい（1年以内）	色々なお菓子があり楽しめる。	男	1950	埼玉県	越谷市	500万円以上 600万円未満	景品が当たる	とても満足	10	色々なお祭り、文化、食べ物、等があって充実した時間を過ごす事が出来る。
能登エリア	禄光旅館	2026/10/07	同意する	4泊以上	2泊	能登エリア （和倉温泉、七尾市、輪島市、珠洲市など）	富山県	恋人	地元の美味しいものを食べる, 名所、旧跡の観光, まちあるき、都市散策	自家用車	自家用車			30,000円以上 40,000円未満	10,000円以上 20,000円未満	100,000円以上	初めて	観光パンフレット・ポスター, 観光連盟やDMOのHP, インターネット・アプリ	選択なし/該当施設なし	輪島塗会館	選択なし／該当施設なし	塩の販売店、道の駅塩田村	5,000円以上 10,000円未満	とても満足	どの店員さんも親切。	満足		感じなかった		7		また行きたい（1年以内）	海鮮、塩、輪島塗	女	1977	東京都	葛飾区	700万円以上 800万円未満	景品が当たる	満足	8	美味しい食べ物が豊富、自然が豊か…震災の影響や復興の進捗を自分の目で見られたこと。
能登エリア	道の駅とぎ海街道	2026/10/07	同意する	3泊	3泊	能登エリア （和倉温泉、七尾市、輪島市、珠洲市など）	石川県外には泊まらない	夫婦2人	四年前に訪れた所の現状を自分の眼で確認するため。	自家用車	自家用車			30,000円以上 40,000円未満	20,000円以上 30,000円未満	20,000円以上 30,000円未満	初めて	インターネット・アプリ	能登食祭市場		禄剛崎灯台	白米千枚田、すず塩田村、松波・数馬・鶴野酒造など	5,000円以上 10,000円未満	満足	不満と思えるところが無いから。	満足	同上	感じなかった		5	特にありません。	機会があれば行きたい	特に能登の日本酒、被害に遭われた蔵元さんが他の蔵元さんたちの協力を得て頑張っている姿に感動します。また、協力している蔵元さんには感謝しています。	男	1953	愛知県	岡崎市	300万円以上 400万円未満	このアンケートが早い能登復興に繋がればとの思いで！	とても満足	5	今回の旅行の宿泊施設や工程・立ち寄り場所は価値観の違いで受け入れられない人もいると思うから。
能登エリア	のとじま水族館	2026/10/07	同意する	3泊	3泊	能登エリア （和倉温泉、七尾市、輪島市、珠洲市など）	石川県外には泊まらない	中学生以上連れの家族	宿でのんびり過ごす	自家用車	自家用車			50,000円以上 100,000円未満	10,000円以上 20,000円未満	30,000円以上 40,000円未満	初めて	新聞・雑誌・ガイドブック	選択なし/該当施設なし		選択なし／該当施設なし	和倉温泉	20,000円以上 30,000円未満	とても満足	温泉が良かった	とても満足	きれいだった	感じなかった		10		また行きたい（1年以内）	美味しい魚	男	1984	滋賀県	栗東市	1,000万円以上 1,200万円未満	景品が当たる	とても満足	8	
能登エリア	のと里山里海ミュージアム	2026/10/07	同意する	日帰り	石川県内には宿泊しない	石川県内には宿泊しない	富山県	友人	温泉や露天風呂	自家用車	自家用車			20,000円以上 30,000円未満	1,000円以上 3,000円未満	1,000円以上 3,000円未満	初めて	新聞・雑誌・ガイドブック	能登食祭市場		選択なし／該当施設なし	織姫	3,000円以上 5,000円未満	満足	綺麗	満足		感じなかった		8	天井が高く良い	また行きたい（1年以内）	特にナシ	女	1975	石川県	金沢市	200万円以上 300万円未満	景品が当たる, ひゃくまんさんが好き	とても満足	8	ご飯がおいしい
金沢エリア	金沢中央観光案内所	2026/10/07	同意する	3泊	3泊	金沢エリア  （湯涌温泉、深谷温泉、犀川温泉など）	石川県外には泊まらない	自分ひとり	宿でのんびり過ごす, 地元の美味しいものを食べる, 名所、旧跡の観光	新幹線	徒歩			10,000円以上 20,000円未満	1,000円以上 3,000円未満	10,000円以上 20,000円未満	2～5回目	観光パンフレット・ポスター, インターネット・アプリ	兼六園		ひがし茶屋街		使わない	満足	情報がたくさん入手できる点がよいが、ゴミ箱が欲しかったです	満足	同上	感じた	ゴミ箱がなかった点	9	利用していません	機会があれば行きたい	観光地を周遊するにあたり、主要な場所間の距離や行き方が分かりやすく表示されているといいなと思いました。また、駅の周辺にスーパーがないのは不便でした。	女	1978	神奈川県	横浜市	800万円以上 900万円未満	景品が当たる	満足	10	海鮮がおいしい 新幹線の駅から便利
金沢エリア	北陸自動車道　不動寺ＰＡ（上り）	2026/10/07	同意する	日帰り	石川県内には宿泊しない	石川県内には宿泊しない	石川県外には泊まらない	自分ひとり	出張など仕事関係	自家用車	自家用車			使わない	3,000円以上 5,000円未満	3,000円以上 5,000円未満	11回目以上	観光展・物産展, 新聞・雑誌・ガイドブック, インターネット・アプリ	兼六園		選択なし/該当施設なし		1,000円未満	満足	綺麗だった	満足	落ち着く	感じた	駐車場	7		機会があれば行きたい	回転寿司が美味しい	男	1980	富山県	富山市	100万円以上 200万円未満	景品が当たる	満足	8	兼六園
金沢エリア	トリフィートホテル&ポッド金沢百万石通	2026/10/07	同意する	1泊	1泊	金沢エリア  （湯涌温泉、深谷温泉、犀川温泉など）	石川県外には泊まらない	自分ひとり	地元の美味しいものを食べる, 名所、旧跡の観光, お祭りやイベントへの参加・見物, まちあるき、都市散策	夜行バス	徒歩			3,000円以上 5,000円未満	10,000円以上 20,000円未満	30,000円以上 40,000円未満	6～10回目	観光パンフレット・ポスター, インターネット・アプリ, X(旧：Twitter), Instagram, 友人・知人, 観光協会等の案内所	ひがし茶屋街		尾山神社		3,000円以上 5,000円未満	とても満足	スタッフの対応が丁寧	とても満足	清潔感がある	感じなかった		10	飲食のフリースペースが広くて便利	また行きたい（1年以内）	海鮮と甘味を一緒に味わえる店がもっと増えて欲しい	男	1994	東京都	町田市	800万円以上 900万円未満	景品が当たる, 石川県のおすすめ観光スポットが見たい	とても満足	10	卯辰山山麓の寺町。落ち着いた雰囲気でよかった
金沢エリア	ガーデンホテル金沢	2026/10/07	同意する	3泊	3泊	金沢エリア  （湯涌温泉、深谷温泉、犀川温泉など）	石川県外には泊まらない	学校関係（修学旅行・社会科見学等）	名所、旧跡の観光, 各種体験（手作り、果物狩りなど）	新幹線	新幹線	満足	駅近	40,000円以上 50,000円未満	40,000円以上 50,000円未満	30,000円以上 40,000円未満	初めて	観光連盟やDMOのHP, 観光協会等の案内所	金沢21世紀美術館		兼六園		10,000円以上 20,000円未満	満足		満足		感じた	スイカが使えず、移動が不便	5		機会があれば行きたい	特になし	男	1967	千葉県	船橋市	600万円以上 700万円未満	景品が当たる	満足	5	
加賀エリア	大江戸温泉物語Premium よしのや依緑園	2026/10/07	同意する	1泊	1泊	加賀エリア （山代温泉、山中温泉、片山津温泉、粟津温泉、辰口温泉、加賀市、小松市など）	石川県外には泊まらない	夫婦2人	宿でのんびり過ごす, 温泉や露天風呂, 地元の美味しいものを食べる	自家用車	自家用車			30,000円以上 40,000円未満	10,000円以上 20,000円未満	使わない	初めて	インターネット・アプリ	選択なし/該当施設なし		選択なし／該当施設なし		使わない	どちらでもない		満足		感じなかった		8		また行きたい（1年以内）	海鮮料理	男	1969	北海道	千歳市	600万円以上 700万円未満	景品が当たる	満足	8	温泉がとても良い
加賀エリア	山代温泉　古総湯	2026/10/07	同意する	日帰り	石川県内には宿泊しない	石川県内には宿泊しない	日帰り	親	地元の美味しいものを食べる	県外から訪れていない（石川県内在住）	自家用車			使わない	1,000円以上 3,000円未満	1,000円以上 3,000円未満	2～5回目	インターネット・アプリ	選択なし/該当施設なし	三国ボートレース場	選択なし／該当施設なし	帰宅	使わない	どちらでもない		どちらでもない		感じた	駐車場が遠い	5		石川県在住	特になし	女	1969	石川県	金沢市	300万円以上 400万円未満	景品が当たる	満足	8	
加賀エリア	小松空港	2026/10/07	同意する	2泊	2泊	金沢エリア  （湯涌温泉、深谷温泉、犀川温泉など）	石川県外には泊まらない	中学生以上連れの家族	地元の美味しいものを食べる, 名所、旧跡の観光, 出張など仕事関係	飛行機	リムジンバス	満足	直通便があるから	5,000円以上 10,000円未満	10,000円以上 20,000円未満	20,000円以上 30,000円未満	初めて	インターネット・アプリ, ブログ	選択なし/該当施設なし	最寄り空港なだけ	選択なし／該当施設なし	最寄り空港なだけ	10,000円以上 20,000円未満	どちらでもない	地方空港だな〜と思う	どちらでもない	地方空港だな〜と思う	感じなかった		5	特になし	機会があれば行きたい	特になし	男	1978	福岡県	糟屋郡	900万円以上 1,000万円未満	景品が当たる	満足	8	金沢市 交通の便よし 食い物よし
加賀エリア	大江戸温泉物語Premium 山下家	2026/10/07	同意する	1泊	1泊	加賀エリア （山代温泉、山中温泉、片山津温泉、粟津温泉、辰口温泉、加賀市、小松市など）	石川県外には泊まらない	中学生以上連れの家族	地元の美味しいものを食べる, まちあるき、都市散策	自家用車	自家用車			10,000円以上 20,000円未満	5,000円以上 10,000円未満	5,000円以上 10,000円未満	2～5回目	インターネット・アプリ	選択なし/該当施設なし		選択なし／該当施設なし	金沢市内	10,000円以上 20,000円未満	満足		満足		感じなかった		8		また行きたい（1年以内）	温泉がたくさんあって良い	女	1964	岐阜県	岐阜市	500万円以上 600万円未満	景品が当たる	満足	8	速旅のサービスが良かった
加賀エリア	大江戸温泉物語 わんわんリゾート　粟津	2026/10/07	同意する	1泊	1泊	加賀エリア （山代温泉、山中温泉、片山津温泉、粟津温泉、辰口温泉、加賀市、小松市など）	石川県外には泊まらない	恋人	宿でのんびり過ごす, 温泉や露天風呂	自家用車	自家用車			20,000円以上 30,000円未満	10,000円以上 20,000円未満	3,000円以上 5,000円未満	2～5回目	インターネット・アプリ	木場潟公園		選択なし／該当施設なし		使わない	満足	良い散歩コースだった	満足		感じなかった		6		また行きたい（1年以内）	特になし	女	1973	富山県	高岡市	200万円以上 300万円未満	景品が当たる, なんとなく	とても満足	8	
加賀エリア	ゆのくに天祥	2026/10/07	同意する	1泊	1泊	金沢エリア  （湯涌温泉、深谷温泉、犀川温泉など）	石川県外には泊まらない	団体旅行	温泉や露天風呂	新幹線, 旅行会社ツアーバス	旅行会社ツアーバス	とても満足	ツアーで対応が非常に良かった	20,000円以上 30,000円未満	5,000円以上 10,000円未満	20,000円以上 30,000円未満	初めて	友人・知人	選択なし/該当施設なし		選択なし／該当施設なし	兼六園	3,000円以上 5,000円未満	とても満足	無料サービス(特にフリードリンク)	とても満足	温泉が源泉かけ流しで楽しめる	感じなかった		10	団体宴会の食事が美味しかった	また行きたい（1年以内）	特になし	男	1969	神奈川県	茅ヶ崎市	100万円未満	景品が当たる	とても満足	10	石川県復活
加賀エリア	北陸自動車道　尼御前ＳＡ（下り）	2026/10/07	同意する	3泊	石川県内には宿泊しない	石川県内には宿泊しない	宮城県	自分ひとり	出張など仕事関係	自家用車	自家用車			使わない	1,000円以上 3,000円未満	30,000円以上 40,000円未満	初めて	カーナビ	選択なし/該当施設なし		選択なし／該当施設なし		1,000円以上 3,000円未満	満足	加賀梨をはじめて知りました	満足	深夜まで開いている	感じなかった		6		機会があれば行きたい	特になし	男	1984	岡山県	岡山市	1,200万円以上 1,500万円未満	景品が当たる	満足	9	今回のじゃないけれど、以前に能登水族館に行ったことがあり、とても良かった
能登エリア	のと里山海道　西山パーキング	2026/10/07	同意する	4泊以上	4泊以上	能登エリア （和倉温泉、七尾市、輪島市、珠洲市など）	石川県外には泊まらない	自分ひとり	温泉や露天風呂, 地元の美味しいものを食べる, 友人・親戚を訪ねる	在来線	在来線, 路線バス	とても満足	乗っていたら着いたから	30,000円以上 40,000円未満	10,000円以上 20,000円未満	30,000円以上 40,000円未満	2～5回目	インターネット・アプリ, Instagram, 友人・知人	選択なし/該当施設なし	千枚田	選択なし／該当施設なし		1,000円未満	とても満足	美味しいソフトクリームを食べた！	とても満足		感じなかった		10		また行きたい（1年以内）	魚	女	2003	静岡県	菊川市	300万円以上 400万円未満	景品が当たる	とても満足	10	石川の寿司！
能登エリア	いこいの村 能登半島	2026/10/07	同意する	1泊	1泊	能登エリア （和倉温泉、七尾市、輪島市、珠洲市など）	石川県外には泊まらない	団体旅行	アウトドア（海水浴、釣り、登山など）	旅行会社ツアーバス	旅行会社ツアーバス	満足	乗っていれば目的地に着く	50,000円以上 100,000円未満	使わない	10,000円以上 20,000円未満	初めて	インターネット・アプリ	千里浜なぎさドライブウェイ	宝達山登山	輪島朝市		3,000円以上 5,000円未満	満足	お料理が美味しかった。お風呂も良かった	満足	部屋が広かった	感じなかった		8		機会があれば行きたい	特にない	女	1963	埼玉県	久喜市	200万円以上 300万円未満	景品が当たる	満足	8	
能登エリア	おくだや	2026/10/07	同意する	4泊以上	2泊	能登エリア （和倉温泉、七尾市、輪島市、珠洲市など）	富山県	恋人	宿でのんびり過ごす, 温泉や露天風呂, 地元の美味しいものを食べる, 名所、旧跡の観光, 買い物、アウトレット, まちあるき、都市散策	自家用車	自家用車			30,000円以上 40,000円未満	10,000円以上 20,000円未満	100,000円以上	初めて	観光パンフレット・ポスター, 観光連盟やDMOのHP, インターネット・アプリ	選択なし/該当施設なし	輪島塗会館、のと里山空港、道の駅塩田村	選択なし／該当施設なし	五箇山、氷見	10,000円以上 20,000円未満	とても満足	受付の方の対応、インクルーシブのドリンクのラインナップ	とても満足	プライベート感、露天風呂、室内インテリアのセンス、清潔感	感じなかった		10		また行きたい（1年以内）	海鮮、塩、輪島塗	女	1977	東京都	葛飾区	700万円以上 800万円未満	景品が当たる	とても満足	8	ある程度日数が必要なこと、同居から向かうにはやや不便な点を除いた以外はぜひ薦めたいと思ったから。
金沢エリア	スーパーホテルPremier金沢駅東口	2026/10/08	同意する	1泊	1泊	金沢エリア  （湯涌温泉、深谷温泉、犀川温泉など）	石川県外には泊まらない	職場の同僚	地元の美味しいものを食べる, 名所、旧跡の観光, 出張など仕事関係	新幹線	徒歩			5,000円以上 10,000円未満	10,000円以上 20,000円未満	20,000円以上 30,000円未満	初めて	インターネット・アプリ	選択なし/該当施設なし		兼六園		5,000円以上 10,000円未満	とても満足		とても満足	ご飯がおいしかった	感じなかった		10		また行きたい（1年以内）	お土産屋が限定されていると感じる	男	1994	栃木県	下野市	300万円以上 400万円未満	景品が当たる	とても満足	10	
金沢エリア	スーパーホテルPremier金沢駅東口	2026/10/08	同意する	4泊以上	4泊以上	金沢エリア  （湯涌温泉、深谷温泉、犀川温泉など）	石川県外には泊まらない	友人	地元の美味しいものを食べる	新幹線, 在来線	徒歩			40,000円以上 50,000円未満	20,000円以上 30,000円未満	20,000円以上 30,000円未満	11回目以上	観光展・物産展, 観光パンフレット・ポスター, X(旧：Twitter)	尾山神社		ひがし茶屋街		5,000円以上 10,000円未満	どちらでもない	あまり特産品が買えない	満足		感じなかった		7	あまり買うものがない	また行きたい（1年以内）	まだまだ隠れた魅力があると思うので催しや体験などもっとやってもらえたらよい。あとアクセスが悪いので改善してほしい。	女	1970	愛知県	刈谷市	1,000万円以上 1,200万円未満	景品が当たる, ひゃくまんさんが好き, なんとなく	満足	7	歴史を感じられ食べ物が美味しい
金沢エリア	石川県観光物産館	2026/10/08	同意する	4泊以上	2泊	金沢エリア  （湯涌温泉、深谷温泉、犀川温泉など）	富山県	親	地元の美味しいものを食べる, 名所、旧跡の観光	飛行機	路線バス	とても満足	バスの本数が多い	20,000円以上 30,000円未満	5,000円以上 10,000円未満	10,000円以上 20,000円未満	初めて	観光協会等の案内所	兼六園		選択なし/該当施設なし	石川県立図書館	1,000円以上 3,000円未満	とても満足	手頃な価格で体験ができた	とても満足		感じなかった		9		機会があれば行きたい	特になし	女	1991	北海道	釧路町	500万円以上 600万円未満	景品が当たる	とても満足	9	
金沢エリア	香林坊地下駐車場	2026/10/08	同意する	日帰り	石川県内には宿泊しない	石川県内には宿泊しない	石川県外には泊まらない	夫婦2人	地元の美味しいものを食べる, 買い物、アウトレット	自家用車	自家用車			使わない	1,000円未満	5,000円以上 10,000円未満	11回目以上	観光展・物産展, インターネット・アプリ, X(旧：Twitter), Instagram	尾山神社		近江町市場		5,000円以上 10,000円未満	とても満足	物産がたくさんあるから	どちらでもない	駐車場が狭くて混みすぎている。	感じた	駐車場が混みすぎて車の出入りが大変だった	10	フロアが広くて楽しかった	また行きたい（1年以内）	特になし	女	1996	石川県	能美市	600万円以上 700万円未満	景品が当たる, ひゃくまんさんが好き	とても満足	4	空気とご飯が美味しいから
加賀エリア	道の駅めぐみ白山	2026/10/08	同意する	4泊以上	2泊	金沢エリア  （湯涌温泉、深谷温泉、犀川温泉など）	岐阜県	夫婦2人	地元の美味しいものを食べる, 名所、旧跡の観光, ドライブ・ツーリング	自家用車	自家用車			5,000円以上 10,000円未満	3,000円以上 5,000円未満	5,000円以上 10,000円未満	初めて	新聞・雑誌・ガイドブック, インターネット・アプリ	選択なし/該当施設なし	東尋坊	選択なし／該当施設なし	石川県立美術館	1,000円以上 3,000円未満	とても満足	地元の商品がある。	とても満足	とてもきれいで、充実している。	感じなかった		10	レストランの営業時間がもう少し長いとよい。	また行きたい（1年以内）	石川県ならではのものをたくさん紹介してほしい。	男	1962	栃木県	宇都宮市	100万円未満	景品が当たる	とても満足	10	綺麗な景色と美味しい食べ物がある。
加賀エリア	小松空港	2026/10/08	同意する	1泊	1泊	金沢エリア  （湯涌温泉、深谷温泉、犀川温泉など）	福井県	自分ひとり	地元の美味しいものを食べる, 名所、旧跡の観光, スポーツ観戦や芸術鑑賞（コンサート等）	飛行機	路線バス	とても満足	時間通りに発着しました	5,000円以上 10,000円未満	20,000円以上 30,000円未満	5,000円以上 10,000円未満	11回目以上	インターネット・アプリ	選択なし/該当施設なし	直通バスだったので	選択なし／該当施設なし		1,000円未満	満足	無料で使える充電コーナーがある	満足	コンパクトなので動きやすい。迷わない。	感じなかった		10	国際線でも淹れたての珈琲を飲みたい	また行きたい（1年以内）	ライブ参戦のために来ました。ライブ会場周辺の情報が分からず、金沢駅からの交通の便で迷いました。駅の案内の看板を分かりやすくしてほしい。	女	1975	福井県	福井市	800万円以上 900万円未満	景品が当たる, なんとなく	満足	7	徒歩で回っても行けるから
加賀エリア	小松空港	2026/10/08	同意する	4泊以上	3泊	金沢エリア  （湯涌温泉、深谷温泉、犀川温泉など）	東京	友人	まちあるき、都市散策	自家用車	自家用車			10,000円以上 20,000円未満	5,000円以上 10,000円未満	5,000円以上 10,000円未満	2～5回目	友人・知人	那谷寺		石川県立航空プラザ		3,000円以上 5,000円未満	満足	対応が丁寧	どちらでもない	笑顔がなかったので	感じなかった		8	地元のカレーと地ビールを楽しみました	また行きたい（1年以内）	お手頃な値段での体験	女	1964	福井県	福井市	200万円以上 300万円未満	景品が当たる	満足	10	友人　魅力的な街
加賀エリア	こまつ町屋文庫	2026/10/08	同意する	4泊以上	4泊以上	金沢エリア  （湯涌温泉、深谷温泉、犀川温泉など）	石川県外には泊まらない	友人	地元の美味しいものを食べる	県外から訪れていない（石川県内在住）	自家用車			使わない	3,000円以上 5,000円未満	使わない	初めて	友人・知人	選択なし/該当施設なし		選択なし／該当施設なし	stugiカフェ、kokoカフェ	1,000円以上 3,000円未満	とても満足	コーヒーもスイーツも美味しかった！	とても満足	町家でおしゃれ、映えました。	感じなかった		10	たくさんの種類の自家製ジャムが販売してます。	石川県在住	美川辺りにIKEAがほしい	女	1984	石川県	金沢市	300万円以上 400万円未満	景品が当たる, ひゃくまんさんが好き	どちらでもない	10	
加賀エリア	小松空港	2026/10/08	同意する	4泊以上	4泊以上	金沢エリア  （湯涌温泉、深谷温泉、犀川温泉など）	石川県外には泊まらない	恋人	地元の美味しいものを食べる, 花見や紅葉などの自然鑑賞, 名所、旧跡の観光, 買い物、アウトレット, お祭りやイベントへの参加・見物, スポーツ観戦や芸術鑑賞（コンサート等）, まちあるき、都市散策, 友人・親戚を訪ねる	在来線, 飛行機	自家用車			10,000円以上 20,000円未満	20,000円以上 30,000円未満	50,000円以上 100,000円未満	2～5回目	インターネット・アプリ, X(旧：Twitter), Instagram, 友人・知人, タクシードライバーや地元の人	選択なし/該当施設なし	金沢駅	選択なし／該当施設なし	自宅	1,000円未満	満足	お土産たくさんある！	満足	快適に飛行機にのれる！	感じなかった		8	恐竜がおもしろい。	機会があれば行きたい	駅前や観光地は、ごはんが全部高い！	女	2001	北海道	恵庭市	100万円以上 200万円未満	景品が当たる	とても満足	8	ハニべ巌窟院  地獄に行ける！
加賀エリア	いしかわ動物園	2026/10/08	同意する	4泊以上	4泊以上	金沢エリア  （湯涌温泉、深谷温泉、犀川温泉など）	石川県外には泊まらない	小学生以下連れの家族	友人・親戚を訪ねる	新幹線	レンタカー	満足	駅からすぐレンタカーに乗れた	100,000円以上	100,000円以上	50,000円以上 100,000円未満	11回目以上	友人・知人	石川県立航空プラザ		日本自動車博物館		5,000円以上 10,000円未満	満足	個性的な施設	満足	個性的で良い	感じなかった		9		また行きたい（1年以内）	より個性的なもの	男	1986	宮城県	仙台市	700万円以上 800万円未満	なんとなく	満足	8	全体的に快適
能登エリア	ホテルアリヴィオ	2026/10/08	同意する	2泊	1泊	能登エリア （和倉温泉、七尾市、輪島市、珠洲市など）	富山県	職場の同僚	出張など仕事関係	自家用車	自家用車			10,000円以上 20,000円未満	5,000円以上 10,000円未満	1,000円以上 3,000円未満	2～5回目	友人・知人	選択なし/該当施設なし	仕事	選択なし／該当施設なし	仕事	10,000円以上 20,000円未満	とても満足	飯がうまい	満足		感じなかった		10		機会があれば行きたい	地のものが食べたい	男	1985	新潟県	加茂市	500万円以上 600万円未満	なんとなく	どちらでもない	8	
能登エリア	料理旅館 大社庵	2026/10/08	同意する	2泊	2泊	能登エリア （和倉温泉、七尾市、輪島市、珠洲市など）	石川県外には泊まらない	夫婦2人	温泉や露天風呂, 地元の美味しいものを食べる	飛行機	レンタカー	満足	燃費が良い	40,000円以上 50,000円未満	30,000円以上 40,000円未満	30,000円以上 40,000円未満	初めて	インターネット・アプリ	千里浜なぎさドライブウェイ	白山神社	選択なし／該当施設なし	能登空港、青の洞窟	10,000円以上 20,000円未満	満足	丁寧な接客、食事がおいしかった	満足	特に不満はありません	感じなかった		7	おいしかったです	機会があれば行きたい	情緒ある観光地と食事	男	1985	茨城県	つくば市	1,000万円以上 1,200万円未満	景品が当たる	満足	8	
能登エリア	いこいの村 能登半島	2026/10/08	同意する	1泊	1泊	能登エリア （和倉温泉、七尾市、輪島市、珠洲市など）	石川県外には泊まらない	職場の同僚	出張など仕事関係	レンタカー, 飛行機	レンタカー	満足		10,000円以上 20,000円未満	5,000円以上 10,000円未満	10,000円以上 20,000円未満	初めて	インターネット・アプリ	選択なし/該当施設なし		選択なし／該当施設なし	垂水の滝	使わない	どちらでもない	施設がない	満足	ただで見れる	感じなかった		8		また行きたい（1年以内）	みそまんじゅう	男	1965	神奈川県	横浜市	1,000万円以上 1,200万円未満	景品が当たる	満足	8	
能登エリア	のと鉄道（通常）	2026/10/08	同意する	4泊以上	4泊以上	能登エリア （和倉温泉、七尾市、輪島市、珠洲市など）	石川県外には泊まらない	自分ひとり	出張など仕事関係	在来線, 飛行機	在来線	満足	割引チケット	40,000円以上 50,000円未満	3,000円以上 5,000円未満	10,000円以上 20,000円未満	11回目以上	タクシードライバーや地元の人	能登食祭市場		能登食祭市場		50,000円以上 100,000円未満	満足	食事が美味しい	満足	ジム	感じた	交通機関が限られている	7	特になし	機会があれば行きたい	特になし	男	1956	千葉県	柏市	900万円以上 1,000万円未満	景品が当たる	満足	7	
能登エリア	ホテルウェルネス能登路	2026/10/08	同意する	1泊	1泊	加賀エリア （山代温泉、山中温泉、片山津温泉、粟津温泉、辰口温泉、加賀市、小松市など）	石川県外には泊まらない	夫婦2人	地元の美味しいものを食べる, 千里浜	自家用車	自家用車			5,000円以上 10,000円未満	10,000円以上 20,000円未満	20,000円以上 30,000円未満	初めて	インターネット・アプリ, Instagram	千里浜なぎさドライブウェイ		道の駅のとじま		1,000円以上 3,000円未満	とても満足	砂浜を走った後の軽い洗車が無料ってとっても便利で嬉しかった	とても満足	お土産も購入できたりトイレもキレイでよかった	感じなかった		10	フードコートを充実してもらえると嬉しい　　無料洗車は最高！	また行きたい（1年以内）	海鮮　ご当地食　地酒　千里浜をバイクで走行　着物ではんなり金沢散歩	女	1976	長野県	長野市	200万円以上 300万円未満	景品が当たる	とても満足	10	海辺近くを走行できたこと最高！ バイクレンタルとかあれば利用したいと思った また、翌日は金沢市内へ行ったけど食べ物も最高大満足でしたので勧めたい 
能登エリア	味な宿　宝仙閣	2026/10/08	同意する	1泊	2泊	能登エリア （和倉温泉、七尾市、輪島市、珠洲市など）	石川県外には泊まらない	職場の同僚	出張など仕事関係	レンタカー	レンタカー	とても満足		10,000円以上 20,000円未満	50,000円以上 100,000円未満	50,000円以上 100,000円未満	初めて	友人・知人	千里浜なぎさドライブウェイ		輪島朝市		10,000円以上 20,000円未満	とても満足	朝食がおいしかったです	とても満足	過ごしやすかったです。	感じなかった		10		機会があれば行きたい	海鮮	男	1990	福岡県	直方市	1,000万円以上 1,200万円未満	景品が当たる, 石川県のおすすめ観光スポットが見たい	とても不満	10	
能登エリア	石黒旅館	2026/10/08	同意する	2泊	2泊	能登エリア （和倉温泉、七尾市、輪島市、珠洲市など）	石川県外には泊まらない	自分ひとり	お祭りやイベントへの参加・見物	自家用車	自家用車			10,000円以上 20,000円未満	10,000円以上 20,000円未満	5,000円以上 10,000円未満	初めて	友人・知人	選択なし/該当施設なし		選択なし／該当施設なし	春木会館	使わない	どちらでもない	トキ放鳥モニタリングで駐車場として使用しただけだったため	どちらでもない	トキ放鳥モニタリングで駐車場として使用しただけだったため	感じなかった		5		また行きたい（1年以内）	地域を守るハンドタオルにトキのデザインのものが販売され、休暇村能登千里浜でしか買えないものがあり、それが買えて嬉しかった。砂浜にいる絶滅危惧種シロチドリなどのために砂浜を車で走り回れるのは繁殖期を避けるなど自然との共生を考えて欲しい。トキは自然との共生のシンボルなので、つじつまの合う政策を行政も行なってほしい。命を大切に扱ってください。	女	1982	愛知県	蒲郡市	700万円以上 800万円未満	景品が当たる, 石川県のおすすめ観光スポットが見たい, 世界農業遺産であり、トキ放鳥地でもある割に行政が生物多様性や自然保護に疎そうな印象を受けたため	とても満足	10	海と田んぼの美しさ、食べ物のおいしさ
能登エリア	味の宿 宝仙閣	2026/10/08	同意する	2泊	2泊	能登エリア （和倉温泉、七尾市、輪島市、珠洲市など）	石川県外には泊まらない	親	ポケモンスタンプラリー	飛行機	レンタカー	とても満足	楽だった	50,000円以上 100,000円未満	5,000円以上 10,000円未満	10,000円以上 20,000円未満	初めて	インターネット・アプリ, X(旧：Twitter), Instagram	選択なし/該当施設なし	世界一長いベンチ	選択なし／該当施設なし	道の駅 あなみず	1,000円以上 3,000円未満	とても満足	ポケモンのタオルがあった	とても満足	ゆったりできて朝食も美味しかった	感じなかった		8		機会があれば行きたい	特になし	女	1998	東京都	目黒区	800万円以上 900万円未満	景品が当たる	とても満足	10	こばやんというお店が美味しかった
能登エリア	道の駅すずなり	2026/10/08	同意する	3泊	3泊	金沢エリア  （湯涌温泉、深谷温泉、犀川温泉など）	石川県外には泊まらない	親	地元の美味しいものを食べる, 買い物、アウトレット	旅行会社ツアーバス	旅行会社ツアーバス	満足	自分で来るには足がなく、乗ってきたからこそ、この場に足を運べたから。	50,000円以上 100,000円未満	使わない	20,000円以上 30,000円未満	2～5回目	インターネット・アプリ	選択なし/該当施設なし	穴水駅	選択なし／該当施設なし	見附島	5,000円以上 10,000円未満	満足	ソフトクリームが美味しかった	満足	震災数日前に来ていただけに、どうなっていたのか気になっていた。再び来て、自分の目で確かめられたのがうれしい。	感じなかった		8	少し手狭なので、もう少しスペースに余裕があるとよい。また、塩以外の特産の押しがあるとなおよい。	また行きたい（1年以内）	日持ちしない美味しいものも多く、行程を考えないとお土産を買いづらい	女	1974	神奈川県	横須賀市	500万円以上 600万円未満	景品が当たる	満足	8	まだ、傷跡は多いが、食を含めて魅力も多い。足の確保ができるならば、是非おすすめしたい。
能登エリア	能登食祭市場	2026/10/08	同意する	1泊	1泊	能登エリア （和倉温泉、七尾市、輪島市、珠洲市など）	石川県外には泊まらない	サークル	名所、旧跡の観光, アウトドア（海水浴、釣り、登山など）	旅行会社ツアーバス	旅行会社ツアーバス	とても満足	きめ細かいガイド	20,000円以上 30,000円未満	20,000円以上 30,000円未満	10,000円以上 20,000円未満	2～5回目	観光展・物産展, 観光パンフレット・ポスター	輪島朝市		選択なし／該当施設なし		5,000円以上 10,000円未満	どちらでもない	特別な感動はない	どちらでもない		感じた	閉まっているところがあった	6		また行きたい（1年以内）	特に無し	男	1950	埼玉県	加須市	900万円以上 1,000万円未満	ガイドさんに勧められた	とても満足	9	
金沢エリア	石川県観光物産館	2026/10/08	同意する	日帰り	石川県内には宿泊しない	石川県内には宿泊しない	石川県外には泊まらない	夫婦2人	地元の美味しいものを食べる, 買い物、アウトレット	県外から訪れていない（石川県内在住）	自家用車			5,000円以上 10,000円未満	1,000円以上 3,000円未満	5,000円以上 10,000円未満	2～5回目	観光展・物産展, インターネット・アプリ	兼六園		近江町市場		3,000円以上 5,000円未満	とても満足	商品がいっぱいあるから	とても満足	店員さんが親切	感じなかった		8		また行きたい（1年以内）	特になし	男	1965	石川県	小松市	800万円以上 900万円未満	なんとなく	とても満足	8	きれいです
金沢エリア	石川県観光物産館	2026/10/08	同意する	2泊	2泊	金沢エリア  （湯涌温泉、深谷温泉、犀川温泉など）	石川県外には泊まらない	夫婦2人	地元の美味しいものを食べる, 名所、旧跡の観光, まちあるき、都市散策, 各種体験（手作り、果物狩りなど）	新幹線	徒歩			10,000円以上 20,000円未満	10,000円以上 20,000円未満	40,000円以上 50,000円未満	初めて	新聞・雑誌・ガイドブック, 観光パンフレット・ポスター, 観光協会等の案内所	兼六園		ひがし茶屋街		1,000円以上 3,000円未満	とても満足	金箔貼り体験とても楽しかったです	とても満足	スタッフの方々とても親切でした	感じなかった		10	金箔貼りをしたくて訪れました。とても楽しい時間でした。	機会があれば行きたい	特になし	女	1974	千葉県	千葉市	400万円以上 500万円未満	景品が当たる	とても満足	10	観光客が多いですが、それなりにゆっくり過ごせている
金沢エリア	石川県観光物産館	2026/10/08	同意する	2泊	2泊	金沢エリア  （湯涌温泉、深谷温泉、犀川温泉など）	石川県外には泊まらない	夫婦2人	地元の美味しいものを食べる, 各種体験（手作り、果物狩りなど）	新幹線	徒歩	とても満足	移動しやすく、丁度店舗などが途切れた部分にあり負担には思わなかった。	30,000円以上 40,000円未満	20,000円以上 30,000円未満	50,000円以上 100,000円未満	初めて	新聞・雑誌・ガイドブック	兼六園		ひがし茶屋街		3,000円以上 5,000円未満	とても満足	にぎやかで活気があった事と金箔はりが楽しかった	とても満足	金箔はりが楽しかった	感じなかった	とくに感じなかった	10	飲食はしてませんが、体験場所があつまってるのは助かります	また行きたい（1年以内）	海鮮と能登牛料理	男	1971	千葉県	千葉市	600万円以上 700万円未満	景品が当たる	とても満足	10	季節に関わらず風景や雰囲気か楽しめるところ
金沢エリア	石川県立歴史博物館	2026/10/08	同意する	2泊	2泊	金沢エリア  （湯涌温泉、深谷温泉、犀川温泉など）	石川県外には泊まらない	中学生以上連れの家族	地元の美味しいものを食べる, 名所、旧跡の観光	レンタカー, 新幹線	路線バス	満足	本数が多い	50,000円以上 100,000円未満	50,000円以上 100,000円未満	30,000円以上 40,000円未満	2～5回目	観光パンフレット・ポスター	兼六園		金沢21世紀美術館		30,000円以上 40,000円未満	満足		満足		感じなかった		8		また行きたい（1年以内）	店が閉まるのが早いかな	男	1962	群馬県	藤岡市	400万円以上 500万円未満	景品が当たる, アンケート長すぎます！。	満足	8	自然と歴史
金沢エリア	KKRホテル金沢	2026/10/08	同意する	2泊	2泊	金沢エリア  （湯涌温泉、深谷温泉、犀川温泉など）	石川県外には泊まらない	夫婦2人	地元の美味しいものを食べる, 名所、旧跡の観光, まちあるき、都市散策	新幹線	無料シャトルバス	とても満足	駅から宿泊施設までゆったりと座れたから	20,000円以上 30,000円未満	40,000円以上 50,000円未満	20,000円以上 30,000円未満	初めて	観光展・物産展, インターネット・アプリ	選択なし/該当施設なし		兼六園		3,000円以上 5,000円未満	とても満足	とても綺麗に清掃整備れされていました	とても満足	立地がよく、いろいろな観光地が近い	感じなかった		10	特にありません	機会があれば行きたい	特になし	男	1961	茨城県	土浦市	100万円未満	景品が当たる, 石川県のおすすめ観光スポットが見たい	とても満足	10	有名な観光地がコンパクトに回れるところ
加賀エリア	九谷満月	2026/10/08	同意する	日帰り	石川県内には宿泊しない	石川県内には宿泊しない	石川県外には泊まらない	中学生以上連れの家族	地元の美味しいものを食べる, 買い物、アウトレット	自家用車	自家用車			使わない	30,000円以上 40,000円未満	1,000円未満	初めて	友人・知人	選択なし/該当施設なし	酒屋いろいろ	選択なし／該当施設なし	寺院いろいろ	3,000円以上 5,000円未満	満足	品揃えが良い	満足	清潔で食事が美味しかった	感じなかった		9	値段設定がやや高めだと思った	また行きたい（1年以内）	とても満足している	女	1964	石川県	能美市	600万円以上 700万円未満	景品が当たる	満足	9	九谷萬月の品揃え、体験教室、食事が素晴らしいので
加賀エリア	九谷満月	2026/10/08	同意する	日帰り	1泊	加賀エリア （山代温泉、山中温泉、片山津温泉、粟津温泉、辰口温泉、加賀市、小松市など）	石川県外には泊まらない	姉妹	宿でのんびり過ごす	自家用車	自家用車			20,000円以上 30,000円未満	10,000円以上 20,000円未満	3,000円以上 5,000円未満	初めて	友人・知人	那谷寺		選択なし／該当施設なし	安宅、道の駅、山中	3,000円以上 5,000円未満	満足	食事は九谷焼の器が使われていて見た目でも楽しめて良かったが、オーダーが難しい。九谷焼のカップ等は価格が高くて中々買えない。時間があれば九谷焼体験もしたかった、面白そう。	満足	上記と同じ	感じなかった	レストランのオーダーがタブレットでなければもっと良かった。	6	上記と同じ	また行きたい（1年以内）	観光客に合わせず、地元の人々の生活に沿った素朴な土地であってほしい。	女	1966	東京都	西東京市	400万円以上 500万円未満	景品が当たる	満足	5	食べ物が美味しい。人に勧めるというより、ぶらっとまた来たい。
加賀エリア	小松空港	2026/10/08	同意する	2泊	2泊	金沢エリア  （湯涌温泉、深谷温泉、犀川温泉など）	石川県外には泊まらない	夫婦2人	地元の美味しいものを食べる, 名所、旧跡の観光, まちあるき、都市散策	在来線, 飛行機	路線バス	満足	時間に正確	10,000円以上 20,000円未満	40,000円以上 50,000円未満	40,000円以上 50,000円未満	2～5回目	新聞・雑誌・ガイドブック, TV・ラジオ番組やCM	選択なし/該当施設なし		選択なし／該当施設なし	金沢21世紀美術館	3,000円以上 5,000円未満	とても満足	展示物全て良かった	とても満足	施設自体、スタッフ、雰囲気	感じなかった		10	お土産がおしゃれ	また行きたい（1年以内）	海鮮も、和菓子も美味しかった	女	1970	福岡県	筑紫野市	300万円以上 400万円未満	景品が当たる	とても満足	10	金沢の町全体が落ち着いていて、食べ物も美味しく観光するところもたくさんで素晴らしく2泊３日では足りなかった。
加賀エリア	山代温泉　古総湯	2026/10/08	同意する	1泊	1泊	加賀エリア （山代温泉、山中温泉、片山津温泉、粟津温泉、辰口温泉、加賀市、小松市など）	石川県外には泊まらない	夫婦2人	温泉や露天風呂, 名所、旧跡の観光, テーマパーク（遊園地、動物園、博物館など）	自家用車	自家用車			5,000円以上 10,000円未満	3,000円以上 5,000円未満	3,000円以上 5,000円未満	初めて	インターネット・アプリ	那谷寺		選択なし／該当施設なし	福井に行くから	1,000円未満	満足	古びた感じがよき	満足	すいててよかった	感じなかった		7		機会があれば行きたい	海鮮	女	1971	和歌山県	和歌山市	200万円以上 300万円未満	景品が当たる	満足	8	山代温泉　楽しい
加賀エリア	山代温泉　古総湯	2026/10/08	同意する	1泊	1泊	加賀エリア （山代温泉、山中温泉、片山津温泉、粟津温泉、辰口温泉、加賀市、小松市など）	石川県外には泊まらない	夫婦2人	温泉や露天風呂, 名所、旧跡の観光, テーマパーク（遊園地、動物園、博物館など）	自家用車	徒歩			5,000円以上 10,000円未満	3,000円以上 5,000円未満	3,000円以上 5,000円未満	初めて	友人・知人	那谷寺		選択なし／該当施設なし		1,000円以上 3,000円未満	どちらでもない	かもなく負荷もなく	どちらでもない	普通	感じなかった		6	ない	機会があれば行きたい	早く輪島まで行きやすくなって欲しい	男	1965	和歌山県	和歌山市	300万円以上 400万円未満	景品が当たる	満足	7	色々あって決められない
加賀エリア	山代温泉　古総湯	2026/10/08	同意する	1泊	2泊	金沢エリア  （湯涌温泉、深谷温泉、犀川温泉など）	新潟を	友人	宿でのんびり過ごす, 温泉や露天風呂, 地元の美味しいものを食べる, 名所、旧跡の観光	高速バス	路線バス, 高速バス	満足	時間を有効に使えた	30,000円以上 40,000円未満	20,000円以上 30,000円未満	10,000円以上 20,000円未満	初めて	観光パンフレット・ポスター, 友人・知人	選択なし/該当施設なし	薬王院	選択なし／該当施設なし	薬王院	1,000円未満	満足	歴史と自然がマッチしていた	満足	歴史と自然のマッチ	感じなかった		6	金継ぎを実際できたこと、その思いに触れたこと	また行きたい（1年以内）	海産が新鮮で美味しい	女	1956	東京都	町田市	300万円以上 400万円未満	景品が当たる, 石川県のおすすめ観光スポットが見たい	満足	8	文化が根付いている街並みや人々
加賀エリア	星野リゾート界加賀	2026/10/08	同意する	1泊	2泊	加賀エリア （山代温泉、山中温泉、片山津温泉、粟津温泉、辰口温泉、加賀市、小松市など）	長野県	友人	宿でのんびり過ごす, 温泉や露天風呂, 地元の美味しいものを食べる, 名所、旧跡の観光, まちあるき、都市散策	夜行バス	路線バス	とても満足	時間、経済共に納得	30,000円以上 40,000円未満	50,000円以上 100,000円未満	20,000円以上 30,000円未満	初めて	友人・知人	選択なし/該当施設なし	あまり来ないので	選択なし／該当施設なし	金沢	30,000円以上 40,000円未満	とても満足	施設、食事、温泉全て良かった	とても満足	上記同様	感じなかった		8	金継ぎ体験は貴重だった	また行きたい（1年以内）	焼き物や体験できる文化的な事を体験したい	女	1963	東京都	町田市	500万円以上 600万円未満	景品が当たる, 石川県のおすすめ観光スポットが見たい, 石川県の雑学を知りたい	とても満足	8	全体的にスタッフの郷土愛が強く魅力的
加賀エリア	ゆのくに天祥	2026/10/08	同意する	1泊	1泊	加賀エリア （山代温泉、山中温泉、片山津温泉、粟津温泉、辰口温泉、加賀市、小松市など）	石川県外には泊まらない	家族旅行	お祝い旅行	県外から訪れていない（石川県内在住）	自家用車			100,000円以上	使わない	使わない	初めて	旅館以外へは行かない	選択なし/該当施設なし		選択なし／該当施設なし		使わない	とても満足	おもてなしが素晴らしかったです。	とても満足		感じなかった		10		石川県在住	加賀市に観光地が少ない	女	1988	石川県	加賀市	300万円以上 400万円未満	なんとなく	とても満足	10	
能登エリア	おくだや	2026/10/08	同意する	2泊	2泊	能登エリア （和倉温泉、七尾市、輪島市、珠洲市など）	石川県外には泊まらない	夫婦2人	温泉や露天風呂, 地元の美味しいものを食べる, 名所、旧跡の観光, まちあるき、都市散策	レンタカー	レンタカー	とても満足	レンタカーの方があちこち行けるから	20,000円以上 30,000円未満	20,000円以上 30,000円未満	20,000円以上 30,000円未満	初めて	Instagram	のとじま水族館	世界一長いベンチ	選択なし／該当施設なし	のと里山空港	20,000円以上 30,000円未満	とても満足	温泉も最高やし、きた時の説明もすごく丁寧でわかりやすかったし、無理いってサプライズ用のお花まで用意していただいたし、ろうそくもメッセージカードも用意していただけたし、何もかも親切で素敵な接客をしていただけてとてもとても満足です！	とても満足	桜のお部屋に泊まったのですが、綺麗すぎて居心地も良くて設備も充実してて最高でした！	感じなかった		10	タオルや飲み物もいただけて旅行がさらに楽しいものになりました！	機会があれば行きたい	特になし	女	2000	大阪府	東大阪市	600万円以上 700万円未満	景品が当たる	とても満足	10	食べ物もホテルも最高
能登エリア	和倉温泉観光案内所	2026/10/08	同意する	4泊以上	2泊	金沢エリア  （湯涌温泉、深谷温泉、犀川温泉など）	富山県、福井県	自分ひとり	名所、旧跡の観光, テーマパーク（遊園地、動物園、博物館など）, まちあるき、都市散策	新幹線, 在来線	在来線	どちらでもない	列車の本数が限られており、金沢観光とあわせて能登へと足を伸ばしづらかったため。	10,000円以上 20,000円未満	50,000円以上 100,000円未満	10,000円以上 20,000円未満	初めて	観光連盟やDMOのHP, インターネット・アプリ	選択なし/該当施設なし	能登エリアと加賀エリア間の移動に制約が多く、他の施設まで旅程に組み込めなかった為。	選択なし／該当施設なし	先述のとおり、エリア間の移動に制約が多かった為。	使わない	どちらでもない	案内所を直接利用しなかったため。	満足	乗り継ぎ待ちの時間を過ごせる場所が整備されていたため。	感じなかった		7	和倉温泉へ日帰り入浴しましたが、復興途上ということもあってか入浴後に飲食をはじめとした買い物や体験できる場所が限られていたため、今後は拡充されると嬉しいなと思いました。	機会があれば行きたい	金沢エリア以外にも積極的に行きたくなる場所のPRや利便性の改善があると良いと感じました。また、七尾から穴水にかけて通過した際に潜在的な観光資源があるものの、それが活かせていない(金沢への訪問者に波及していない)点が気になりました。	男	2004	宮城県	角田市	200万円以上 300万円未満	初めて訪問した立場から、へ能登エリアの賑わい作りに貢献したいと思ったため	満足	8	独自の街並みや文化が残っており、非日常を体験できる点が良かったです。
金沢エリア	金沢城公園	2026/10/09	同意する	2泊	2泊	能登エリア （和倉温泉、七尾市、輪島市、珠洲市など）	石川県外には泊まらない	恋人	名所、旧跡の観光, まちあるき、都市散策, 御朱印巡り	自家用車	自家用車, 徒歩			10,000円以上 20,000円未満	5,000円以上 10,000円未満	10,000円以上 20,000円未満	初めて	インターネット・アプリ	兼六園		近江町市場		使わない	満足	VRがとても綺麗タイムスリップした感じを味わえました。また兼六園を歩き回ったあとだったので椅子に座れてちょっとひと休みも出来ました。ありがとうございました。	満足	カフェ？が時間的に閉まっていたので利用したかったです	感じなかった		8	キャラのパネルがありましたが私の勉強不足で誰かわからなかったのでもっと施設を楽しむために次回はよく学んでから行きたいなと思いました	また行きたい（1年以内）	リサーチ不足で夜の近江町市場は静かだということを知りました！地元のお友達に夜は木倉町？だよ！と言われそちらに行ったら眠らない街で楽しかったです！次回は木倉町寄りに宿泊し朝ごはんは近江町市場に行こう！と次の石川旅の楽しみが出来ました！	女	1975	埼玉県	深谷市	500万円以上 600万円未満	景品が当たる	とても満足	10	遠出なのもあり出発前からワクワク！御朱印ガールなので今回も素敵な御朱印をお書入れ頂き大満足の旅でした！輪島市にも宿泊することができ、現地のかたと笑って話せたことがとても印象に残っております。
金沢エリア	香林坊地下駐車場	2026/10/09	同意する	日帰り	石川県内には宿泊しない	金沢エリア  （湯涌温泉、深谷温泉、犀川温泉など）	石川県外には泊まらない	夫婦2人	買い物、アウトレット	自家用車	自家用車			使わない	1,000円以上 3,000円未満	5,000円以上 10,000円未満	11回目以上	TV・ラジオ番組やCM	選択なし/該当施設なし	香林坊大和	選択なし/該当施設なし		5,000円以上 10,000円未満	とても満足		とても満足		感じた	駐車場に入るまでが長かった	8		機会があれば行きたい	特になし	女	1986	石川県	金沢市	300万円以上 400万円未満	景品が当たる	とても満足	8	
加賀エリア	山代温泉　古総湯	2026/10/09	同意する	2泊	2泊	加賀エリア （山代温泉、山中温泉、片山津温泉、粟津温泉、辰口温泉、加賀市、小松市など）	石川県外には泊まらない	自分ひとり	宿でのんびり過ごす, 温泉や露天風呂, 地元の美味しいものを食べる, 名所、旧跡の観光	自家用車	自家用車			10,000円以上 20,000円未満	30,000円以上 40,000円未満	30,000円以上 40,000円未満	6～10回目	観光展・物産展, 新聞・雑誌・ガイドブック, 観光パンフレット・ポスター, インターネット・アプリ	石川県立航空プラザ		ゆのくにの森		50,000円以上 100,000円未満	満足	二階に休憩所がありのんびり過ごせた	満足	古き時代の温泉を感じることができた	感じた	風呂場に時計がなく不便だった。古総湯なので昔の作りの再現だから仕方ないが、脱衣場のところとか目立たないところに小さい時計で良いから置いて欲しい	8		また行きたい（1年以内）	海鮮	男	1965	群馬県	前橋市	300万円以上 400万円未満	景品が当たる	満足	7	山中山代温泉が良いので進めたい 
加賀エリア	小松空港	2026/10/09	同意する	4泊以上	石川県内には宿泊しない	加賀エリア （山代温泉、山中温泉、片山津温泉、粟津温泉、辰口温泉、加賀市、小松市など）	沖縄県	夫婦2人と母親	友人・親戚を訪ねる	自家用車	自家用車			使わない	5,000円以上 10,000円未満	5,000円以上 10,000円未満	6～10回目	空港利用の為	ゆのくにの森		石川県立航空プラザ		5,000円以上 10,000円未満	とても満足	いつも問題なく、使わせてもらってます。	とても満足	いつも行きの昼食は、小松うどん	感じなかった		8		また行きたい（1年以内）	いろいろな道の駅にも、行ってみたい。	男	1963	富山県	中新川郡上市町	700万円以上 800万円未満	石川県のおすすめ観光スポットが見たい	とても満足	10	
加賀エリア	白山比咩神社	2026/10/09	同意する	日帰り	石川県内には宿泊しない	石川県内には宿泊しない	石川県外には泊まらない	友人	災難除をしていただくために訪問	自家用車	自家用車			使わない	5,000円以上 10,000円未満	1,000円以上 3,000円未満	11回目以上	友人・知人	選択なし/該当施設なし	もく遊りん	選択なし／該当施設なし	白山比咩神社	5,000円以上 10,000円未満	とても満足	雰囲気が良かった	とても満足	皆さんご丁寧でとても良かった	感じなかった		10		また行きたい（1年以内）	自然が感じられる場所	女	1995	富山県	氷見市	400万円以上 500万円未満	景品が当たる	とても満足	8	白山比咩神社近くは自然豊かで緩やかで年代問わず良いと思う
能登エリア	出張輪島朝市 inワイプラザ輪島店	2026/10/09	同意する	2泊	2泊	能登エリア （和倉温泉、七尾市、輪島市、珠洲市など）	石川県外には泊まらない	団体旅行	温泉や露天風呂	旅行会社ツアーバス	旅行会社ツアーバス	満足	観光地に連れていって貰える	100,000円以上	使わない	30,000円以上 40,000円未満	2～5回目	観光パンフレット・ポスター, インターネット・アプリ	千里浜なぎさドライブウェイ		選択なし／該当施設なし	総持寺	1,000円以上 3,000円未満	どちらでもない	旅行中のため生物が買えない	どちらでもない	もう少しお土産物が充実して欲しい	感じなかった		5		機会があれば行きたい	特になし	女	1961	京都府	城陽市	500万円以上 600万円未満	景品が当たる	満足	7	能登ワイン
能登エリア	TOMORU HOTEL	2026/10/09	同意する	1泊	1泊	能登エリア （和倉温泉、七尾市、輪島市、珠洲市など）	石川県外には泊まらない	職場の同僚	出張など仕事関係	飛行機	路線バス	満足	安価に移動できたから	5,000円以上 10,000円未満	10,000円以上 20,000円未満	3,000円以上 5,000円未満	初めて	インターネット・アプリ	選択なし/該当施設なし		選択なし／該当施設なし		5,000円以上 10,000円未満	満足	新しい施設の為清潔感があり、必要な物が揃っていちめ	満足	前設問と同じ	感じなかった		8	飲食はないため周辺の飲食店を利用する必要がある。ただ、朝食を提供する店がなく、実質的にコンビニしか選択肢がない。	機会があれば行きたい	旅行、出張にかかわらず、宿泊施設か近隣で朝食を食べられる環境が欲しい。	男	1974	東京都	江東区	900万円以上 1,000万円未満	景品が当たる	満足	8	
能登エリア	のとじま水族館	2026/10/09	同意する	4泊以上	1泊	金沢エリア  （湯涌温泉、深谷温泉、犀川温泉など）	富山県	中学生以上連れの家族	地元の美味しいものを食べる, まちあるき、都市散策	自家用車	自家用車			30,000円以上 40,000円未満	1,000円以上 3,000円未満	10,000円以上 20,000円未満	初めて	Google	道の駅のとじま		千里浜なぎさドライブウェイ		1,000円以上 3,000円未満	満足	復興に向けて頑張っている姿勢を感じた	満足	施設がやや古いのが残念	感じた	トイレが古い	8	ローカル感がよかった	機会があれば行きたい	新鮮な魚介	男	1976	山口県	山口市	1,200万円以上 1,500万円未満	景品が当たる, ひゃくまんさんが好き, なんとなく	満足	8	
金沢エリア	石川県立歴史博物館	2026/10/09	同意する	日帰り	石川県内には宿泊しない	石川県内には宿泊しない	石川県外には泊まらない	自分ひとり	テーマパーク（遊園地、動物園、博物館など）	県外から訪れていない（石川県内在住）	在来線, 工芸館シャトルバス	とても満足	シャトルバスの乗り心地、運転手さんの対応がとても良かった	使わない	1,000円以上 3,000円未満	5,000円以上 10,000円未満	2～5回目	観光パンフレット・ポスター	選択なし/該当施設なし	国立工芸館	選択なし/該当施設なし	香林坊大和	使わない	とても満足	メイン窓口、展示窓口の職員さんの対応が良かった	とても満足	企画展がとても良かったです。展示規模も、小さすぎず、疲れるほどの大きさでもなく良いです	感じなかった	なし	10	企画展とグッズが地続きになっていると嬉しいです。また、ミュージアムショップのアイテムがもっと充実したら、ショップ好きとしてはとても嬉しいです	また行きたい（1年以内）	無料シャトルバスが便利だったので、ぜひ利用期間が延びると嬉しいです	女	1987	石川県	白山市湊町	300万円以上 400万円未満	景品が当たる	とても満足	10	金沢駅から工芸館のシャトルバスが便利であること
金沢エリア	石川県観光物産館	2026/10/09	同意する	2泊	2泊	金沢エリア  （湯涌温泉、深谷温泉、犀川温泉など）	石川県外には泊まらない	夫婦2人	温泉や露天風呂, 地元の美味しいものを食べる, 花見や紅葉などの自然鑑賞, 各種体験（手作り、果物狩りなど）	新幹線	路線バス, 徒歩			10,000円以上 20,000円未満	3,000円以上 5,000円未満	10,000円以上 20,000円未満	初めて	新聞・雑誌・ガイドブック, インターネット・アプリ	兼六園		ひがし茶屋街		1,000円以上 3,000円未満	とても満足	金箔貼り楽しかったです	とても満足	スタッフの皆さんがとても親切でした。	感じなかった		10		機会があれば行きたい	特になし	女	1974	千葉県	千葉市	500万円以上 600万円未満	景品が当たる	とても満足	9	観光客が多いが街全体が広々していて歩きやすく色々な体験がしやすかった。
金沢エリア	兼六駐車場	2026/10/09	同意する	1泊	1泊	加賀エリア （山代温泉、山中温泉、片山津温泉、粟津温泉、辰口温泉、加賀市、小松市など）	石川県外には泊まらない	中学生以上連れの家族	温泉や露天風呂, 名所、旧跡の観光, まちあるき、都市散策	旅行会社ツアーバス	旅行会社ツアーバス	とても満足	楽だから	20,000円以上 30,000円未満	1,000円以上 3,000円未満	20,000円以上 30,000円未満	2～5回目	新聞・雑誌・ガイドブック, 観光パンフレット・ポスター	ひがし茶屋街		兼六園		3,000円以上 5,000円未満	とても満足	のんびりしている	とても満足		感じなかった		9		また行きたい（1年以内）	海鮮	女	1958	愛知県	一宮市	200万円以上 300万円未満	景品が当たる	満足	9	
金沢エリア	兼六駐車場	2026/10/09	同意する	1泊	1泊	加賀エリア （山代温泉、山中温泉、片山津温泉、粟津温泉、辰口温泉、加賀市、小松市など）	石川県外には泊まらない	親	宿でのんびり過ごす, 温泉や露天風呂, 地元の美味しいものを食べる, 名所、旧跡の観光	旅行会社ツアーバス	旅行会社ツアーバス	とても満足	道が舗装されていないところが多いので、バスだと行きやすかったから	10,000円以上 20,000円未満	使わない	10,000円以上 20,000円未満	2～5回目	観光連盟やDMOのHP	兼六園		兼六園		1,000円以上 3,000円未満	とても満足	親切だから	とても満足	歴史的建造物が素晴らしいから	感じなかった		10	ご飯が美味しい	また行きたい（1年以内）	ラブライブとのコラボして欲しい	女	1986	愛知県	一宮市	300万円以上 400万円未満	景品が当たる, 石川県の雑学を知りたい	とても満足	10	風情ある街並み
金沢エリア	金沢中央観光案内所	2026/10/09	同意する	1泊	1泊	金沢エリア  （湯涌温泉、深谷温泉、犀川温泉など）	石川県外には泊まらない	恋人	地元の美味しいものを食べる, 名所、旧跡の観光	新幹線, 在来線	徒歩			3,000円以上 5,000円未満	1,000円以上 3,000円未満	10,000円以上 20,000円未満	初めて	マンホールカードの情報	近江町市場		選択なし/該当施設なし	魚吟	使わない	とても満足	対応してくれたお姉さんがとても丁寧だった。施設も綺麗。	とても満足	施設が綺麗でリーフレットがたくさんあってよかった。分けられていたのもみやすくてよかった。	感じなかった		10		また行きたい（1年以内）	特に無し	女	2002	大阪府	大阪市東成区	300万円以上 400万円未満	景品が当たる	とても満足	10	
金沢エリア	兼六園	2026/10/09	同意する	1泊	石川県内には宿泊しない	石川県内には宿泊しない	福井県	夫婦2人	地元の美味しいものを食べる, 名所、旧跡の観光	新幹線, 在来線	路線バス	とても満足	どのバスに乗っても良いのが明確、観光案内所の男性の説明もわかりやすく親切でした！	20,000円以上 30,000円未満	1,000円以上 3,000円未満	10,000円以上 20,000円未満	2～5回目	観光パンフレット・ポスター, インターネット・アプリ, X(旧：Twitter), Instagram, 観光協会等の案内所	金沢21世紀美術館		尾山神社		1,000円以上 3,000円未満	とても満足	広くて安くて気持ちが良い	とても満足	お茶を飲めるお店があり、居心地が良い	感じなかった	暑いと坂道がちょっと大変	9		また行きたい（1年以内）	出張で2回来て、絶対観光で来たいと思って来ました。旅程の都合で今回は福井県に向かいますが、次回はまた金沢市内に宿泊したいです。兼六園のお茶屋さん、蚊取り線香があると嬉しいかもです	女	1972	愛知県	名古屋市中区	600万円以上 700万円未満	景品が当たる	とても満足	10	金沢駅のどのお店の方も観光客（出張者含む）にとても親切です
金沢エリア	ガーデンホテル金沢	2026/10/09	同意する	1泊	1泊	金沢エリア  （湯涌温泉、深谷温泉、犀川温泉など）	石川県外には泊まらない	職場の同僚	地元の美味しいものを食べる, 出張など仕事関係	新幹線	徒歩			5,000円以上 10,000円未満	20,000円以上 30,000円未満	10,000円以上 20,000円未満	2～5回目	観光パンフレット・ポスター	選択なし/該当施設なし	金沢到着が遅かったため	選択なし/該当施設なし	仕事が終わって帰宅するため	使わない	どちらでもない	今回は仕事のため、観光地を訪れていない	どちらでもない	今回は仕事のため、観光地を訪れていない	感じなかった		10		機会があれば行きたい	お刺身が美味しいので、訪れた際には必ずお鮨屋さんに立ち寄ります	女	1963	茨城県	取手市	1,200万円以上 1,500万円未満	景品が当たる, 石川県のおすすめ観光スポットが見たい	満足	10	
金沢エリア	金沢マンテンホテル駅前	2026/10/09	同意する	4泊以上	2泊	金沢エリア  （湯涌温泉、深谷温泉、犀川温泉など）	東京	自分ひとり	地元の美味しいものを食べる, 名所、旧跡の観光	新幹線, 飛行機	徒歩			10,000円以上 20,000円未満	1,000円以上 3,000円未満	30,000円以上 40,000円未満	初めて	新聞・雑誌・ガイドブック, Instagram	選択なし/該当施設なし		ひがし茶屋街		5,000円以上 10,000円未満	満足	お店の接客かいまいちだった	とても満足		感じなかった		10	食べ物はおいしかった。接客も一店舗だけいまいちだっただけで他は良かった。	機会があれば行きたい	なし	女	1979	熊本県	熊本市	300万円以上 400万円未満	景品が当たる	満足	9	食べ物が美味しい。
金沢エリア	金沢駅	2026/10/09	同意する	2泊	1泊	加賀エリア （山代温泉、山中温泉、片山津温泉、粟津温泉、辰口温泉、加賀市、小松市など）	富山県	自分ひとり	出張など仕事関係	新幹線, 在来線	在来線	満足	主要駅の案内がわかりやすくて迷うことなく移動できた	10,000円以上 20,000円未満	3,000円以上 5,000円未満	5,000円以上 10,000円未満	11回目以上	インターネット・アプリ	選択なし/該当施設なし	小松の企業	選択なし/該当施設なし		3,000円以上 5,000円未満	満足	土産店のレジが多く、時間が掛からずに会計できた	とても満足	人が多いながらも、立ち止まったり座れる場所が割とある	感じなかった		9	Robotの土産店が利用しやすく、店員さんの対応も大変良く、癒された	また行きたい（1年以内）	特になし	男	1980	神奈川県	横浜市	600万円以上 700万円未満	なんとなく	とても満足	10	小松駅周辺など、気軽に見て回れるスポットがあり、仕事で来てもリフレッシュできる
金沢エリア	金沢中央観光案内所	2026/10/10	同意する	2泊	1泊	金沢エリア  （湯涌温泉、深谷温泉、犀川温泉など）	富山県	夫婦2人	名所、旧跡の観光, まちあるき、都市散策	新幹線, 在来線	路線バス, 徒歩	満足	尾山神社近くだから	10,000円以上 20,000円未満	10,000円以上 20,000円未満	10,000円以上 20,000円未満	初めて	ネット検索	尾山神社		ひがし茶屋街		使わない	満足	きれいだから	満足	心地よい空間	感じなかった		5	マンホールカードを頂いて良かった。	機会があれば行きたい	古くておしゃれな街でした。	男	1960	鳥取県	倉吉市	100万円以上 200万円未満	ひゃくまんさんが好き	満足	7	兼六園　
加賀エリア	山代温泉　古総湯	2026/10/09	同意する	2泊	1泊	加賀エリア （山代温泉、山中温泉、片山津温泉、粟津温泉、辰口温泉、加賀市、小松市など）	広島県	自分ひとり	宿でのんびり過ごす, 温泉や露天風呂, 地元の美味しいものを食べる	県外から訪れていない（石川県内在住）	在来線, 路線バス	とても満足		5,000円以上 10,000円未満	5,000円以上 10,000円未満	1,000円未満	初めて	インターネット・アプリ, 友人・知人	選択なし/該当施設なし		選択なし／該当施設なし		1,000円未満	とても満足	温泉が綺麗で気持ちよかったことや受付の方が親切だったこと	とても満足		感じなかった		10		石川県在住	特になし	女	2001	石川県	金沢市	300万円以上 400万円未満	景品が当たる	とても満足	10	
加賀エリア	小松空港	2026/10/09	同意する	3泊	石川県内には宿泊しない	石川県内には宿泊しない	東京	自分ひとり	東京への移動	自家用車	自家用車			1,000円未満	1,000円未満	1,000円未満	11回目以上	Instagram	選択なし/該当施設なし	小松空港のみ	選択なし／該当施設なし	東京行くため	1,000円未満	とても満足	ファミマができていた	とても満足	コンパクト	感じなかった		10	空港利用したら特典があってうれしい。	また行きたい（1年以内）	特になし	女	1971	福井県	福井市	400万円以上 500万円未満	景品が当たる	とても満足	10	獅子吼
加賀エリア	山代温泉　古総湯	2026/10/09	同意する	1泊	1泊	加賀エリア （山代温泉、山中温泉、片山津温泉、粟津温泉、辰口温泉、加賀市、小松市など）	大阪	夫婦2人	宿でのんびり過ごす, 温泉や露天風呂, 地元の美味しいものを食べる	新幹線	徒歩			10,000円以上 20,000円未満	10,000円以上 20,000円未満	10,000円以上 20,000円未満	初めて	友人・知人	選択なし/該当施設なし	温泉寺	選択なし／該当施設なし	大阪	1,000円未満	満足	雰囲気	満足	心地よさ	感じなかった		10	入浴料以外使えるものはなかった	機会があれば行きたい	お寿司が目的です	男	1965	埼玉県	さいたま市	1,500万円以上	景品が当たる	満足	9	食事
加賀エリア	山代温泉　古総湯	2026/10/09	同意する	2泊	2泊	加賀エリア （山代温泉、山中温泉、片山津温泉、粟津温泉、辰口温泉、加賀市、小松市など）	石川県外には泊まらない	自分ひとり	温泉や露天風呂, 地元の美味しいものを食べる, 名所、旧跡の観光, まちあるき、都市散策	新幹線	徒歩			20,000円以上 30,000円未満	10,000円以上 20,000円未満	30,000円以上 40,000円未満	初めて	インターネット・アプリ	選択なし/該当施設なし		選択なし／該当施設なし	居酒屋、翌日は金沢駅へ移動	1,000円未満	満足	雰囲気がある	満足	雰囲気がある	感じなかった		8	このままでいて	機会があれば行きたい	海産物と日本酒	男	1977	東京都	西東京市	900万円以上 1,000万円未満	なんとなく	満足	8	古い街の雰囲気
加賀エリア	小松空港	2026/10/09	同意する	3泊	石川県内には宿泊しない	石川県内には宿泊しない	千葉県	夫婦2人	友人・親戚を訪ねる	県外から訪れていない（石川県内在住）	自家用車	とても満足	駐車場に余裕あり	5,000円以上 10,000円未満	10,000円以上 20,000円未満	1,000円以上 3,000円未満	11回目以上	インターネット・アプリ	那谷寺		木場潟公園		3,000円以上 5,000円未満	とても満足	自然	とても満足		感じなかった		7		石川県在住	食べ物が美味しい	男	1962	石川県	加賀市	900万円以上 1,000万円未満	景品が当たる	とても満足	10	伝統工芸
加賀エリア	昭和湯治の宿 緑華苑	2026/10/09	同意する	2泊	2泊	加賀エリア （山代温泉、山中温泉、片山津温泉、粟津温泉、辰口温泉、加賀市、小松市など）	富山県	自分ひとり	出張など仕事関係	レンタカー, 飛行機	レンタカー	とても満足	わかりやすかったです	10,000円以上 20,000円未満	10,000円以上 20,000円未満	50,000円以上 100,000円未満	初めて	インターネット・アプリ	選択なし/該当施設なし	仕事で富山県にいたため	選択なし／該当施設なし	仕事で時間がないため	10,000円以上 20,000円未満	とても満足	高いホスピタリティ	満足	施設は古いもののお湯がよい	感じなかった		10		また行きたい（1年以内）	特になし	男	1975	北海道	札幌市清田区	600万円以上 700万円未満	なんとなく	満足	9	
加賀エリア	法師旅館	2026/10/09	同意する	1泊	1泊	加賀エリア （山代温泉、山中温泉、片山津温泉、粟津温泉、辰口温泉、加賀市、小松市など）	石川県外には泊まらない	夫婦2人	宿でのんびり過ごす, 温泉や露天風呂, 地元の美味しいものを食べる, 名所、旧跡の観光	自家用車	自家用車			10,000円以上 20,000円未満	40,000円以上 50,000円未満	10,000円以上 20,000円未満	初めて	観光パンフレット・ポスター	那谷寺		選択なし／該当施設なし	永平寺	5,000円以上 10,000円未満	どちらでもない	何度か訪れているため。	どちらでもない	何度か訪れているため。	感じなかった		6	とくに求めていません	また行きたい（1年以内）	能登半島もぐるっと回りました。ドライブ楽しいです。	女	1970	京都府	京都市左京区	600万円以上 700万円未満	なんとなく	満足	6	粟津温泉を始めとする温泉地ほか地域性の違い
能登エリア	海舟	2026/10/09	同意する	1泊	1泊	能登エリア （和倉温泉、七尾市、輪島市、珠洲市など）	福井県	恋人	宿でのんびり過ごす, 温泉や露天風呂, 地元の美味しいものを食べる	自家用車	自家用車	とても満足		30,000円以上 40,000円未満	10,000円以上 20,000円未満	10,000円以上 20,000円未満	2～5回目	観光展・物産展	千里浜なぎさドライブウェイ		千里浜なぎさドライブウェイ		10,000円以上 20,000円未満	とても満足	きれい	どちらでもない		感じなかった		8		機会があれば行きたい	おいしいさかな	女	1962	福井県	越前市	300万円以上 400万円未満	景品が当たる	どちらでもない	5	景色がよい
能登エリア	道の駅織姫の里なかのと	2026/10/09	同意する	日帰り	石川県内には宿泊しない	石川県内には宿泊しない	県内在住	親	買い物、アウトレット, ドライブ・ツーリング	自家用車	自家用車			使わない	使わない	10,000円以上 20,000円未満	初めて	TV・ラジオ番組やCM, X(旧：Twitter), Instagram	選択なし/該当施設なし	なし	選択なし／該当施設なし	なかじま峠すしべん、富来海街道	5,000円以上 10,000円未満	とても満足	どぶろく、筍梅酢漬け、野菜が豊富	とても満足	M!LKサインみれた！	感じなかった		10	どぶろくに目がなく、購入できたのが嬉しかった。	石川県在住	魚も肉も野菜も美味しい。お土産も豊富。	女	1973	石川県	白山市	300万円以上 400万円未満	景品が当たる, ひゃくまんさんが好き, ARでひゃくまんさんと写真が撮りたかった, 石川県のおすすめ観光スポットが見たい	とても満足	10	豊かな自然を感じるドライブ。海と山。
能登エリア	いこいの村 能登半島	2026/10/09	同意する	2泊	1泊	能登エリア （和倉温泉、七尾市、輪島市、珠洲市など）	富山県	自分ひとり	地元の美味しいものを食べる, 名所、旧跡の観光	自家用車	自家用車			10,000円以上 20,000円未満	3,000円以上 5,000円未満	10,000円以上 20,000円未満	初めて	インターネット・アプリ	道の駅のとじま		選択なし／該当施設なし	長いベンチ　大本山總持寺祖院	1,000円以上 3,000円未満	とても満足	地元のものがあるので食べてみたくて買いました。宿泊すると生物が買えないので残念でした	とても満足	地元の方が地震後の大変さを話してくれて能登の復興がすごいことがわかりました	感じなかった		10	修繕された後がまたみたいなと思います。能登の景色が素敵なのでみんなが訪れるために何かできるといいな。	機会があれば行きたい	ご飯が美味しいお店がありましたが地元の方も名前がわからないなど地元に愛されるお店が増えるといいです	女	1974	愛知県	春日井市	700万円以上 800万円未満	石川県のおすすめ観光スポットが見たい	満足	10	観光地が離れているから公共の交通機関では回れません。 レンタカーやレンタルとかタクシーなどで気軽に移動できる方法や料金などが分かるといいですね。工事車両が多くトラックもスピードが出てるので女性は少し怖く感じるかもしれません。新しく道ができているとこがありカーナビが迷子になることもあり表示があるといいなー
能登エリア	休暇村能登千里浜	2026/10/09	同意する	1泊	1泊	能登エリア （和倉温泉、七尾市、輪島市、珠洲市など）	石川県外には泊まらない	友人	宿でのんびり過ごす, 地元の美味しいものを食べる, 名所、旧跡の観光	新幹線, 在来線	在来線, 送迎バス			10,000円以上 20,000円未満	10,000円以上 20,000円未満	10,000円以上 20,000円未満	2～5回目	観光パンフレット・ポスター, X(旧：Twitter), 休暇村発行のパンフレット	千里浜なぎさドライブウェイ	近江町市場・茶屋街	千里浜なぎさドライブウェイ		10,000円以上 20,000円未満	とても満足	フロントの方の親切さや施設の清潔さ、ご飯お風呂は大変良く、受付でのアクティビティの案内等全てに大満足	とても満足	清潔感もあり、とてもくつろげた。とても良かったです。	感じた	ドライヤーが少し風量が弱くて、髪の毛がなかなか乾かなかった	10	ご飯は質・量ともに素晴らしかったです。天体望遠鏡でのアクティビティもとても楽しかった！！	機会があれば行きたい	全体的にとても満足しています！！	女	1991	東京都	江東区	600万円以上 700万円未満	景品が当たる, とても良い旅だったので感想を伝えたかった	とても満足	10	石川県は町が整理されていて、目的の場所までのアクセスも工夫されているので年配の方でも迷わずに目的地まで行けそう。ご飯もお酒もとても美味しくて満足。アクティビティもあるので若者も楽しめると思います。また、羽咋駅のレンタル自転車はとてもいいアイデアだと思う反面、もう少し台数があると嬉しいな…と。
能登エリア	のとじま水族館	2026/10/09	同意する	3泊	2泊	能登エリア （和倉温泉、七尾市、輪島市、珠洲市など）	富山県	自分ひとり	温泉や露天風呂, 地元の美味しいものを食べる, 名所、旧跡の観光, テーマパーク（遊園地、動物園、博物館など）, まちあるき、都市散策	在来線, 高速バス	路線バス	満足	駅から水族館まで直結している	10,000円以上 20,000円未満	10,000円以上 20,000円未満	10,000円以上 20,000円未満	初めて	観光連盟やDMOのHP, インターネット・アプリ, 観光協会等の案内所	選択なし/該当施設なし	花嫁のれん館	選択なし／該当施設なし	石川県輪島漆芸美術館	3,000円以上 5,000円未満	満足	見せ物を順番にすべて見ることができる	満足		感じた	再入場口まで坂を登らないといけない	8	平日であれば飲食店が複数あるだけでも満足	機会があれば行きたい	乗車券と施設入場券をセットにした商品が他にもあると回遊性が高まると思います	男	1992	愛知県	名古屋市	500万円以上 600万円未満	なんとなく	満足	7	復興が進む様子を見るのは街づくりの参考になる